bodyId,superclass,type,instance,somaSide,subclass_DN_target,somaNeuromere_AN_origin,dimorphism,predicted_neurotransmitter,neurons_in_cell_type,neck_area_um2,neck_diameter_um,diameter_cv_across_slabs,n_slabs,output_synapses_total,output_synapses_VNC,output_synapses_brain,postsynaptic_partners,postsynaptic_partners_ge5,input_synapses_total,input_synapses_VNC,input_synapses_brain,presynaptic_partners,presynaptic_partners_ge5,path_neck_to_brain_arbor_um,path_neck_to_vnc_arbor_um,walk_end_brain,walk_end_vnc,model_velocity_m_per_s,model_arbor_to_arbor_delay_ms
10001,descending_neuron,DNp01,DNp01(GF)_R,R,lt,,,acetylcholine,2.0,78.29286400000001,9.984266148063764,0.359648815351613,3,4491,3062,1429,2859,85,18582,2447,16135,2394,477,0.0,244.8694754399259,end,branch,2.211852258301002,0.11070788047481
10010,descending_neuron,DNp01,DNp01(GF)_L,L,lt,,,acetylcholine,2.0,83.234048,10.29450734042114,0.0190145659676511,3,4382,3141,1241,2722,87,24896,3601,21295,3407,556,16.73499330349924,30.33676300789137,branch,branch,2.245953827843831,0.02095847017326292
10026,descending_neuron,DNp18,DNp18_R,R,xn,,,acetylcholine,2.0,11.072512,3.754725041591545,0.6074918868684115,3,18016,17671,345,9640,317,12103,862,11241,1768,304,223.7716817537931,164.5287921501766,branch,branch,1.356397902674527,0.2862732780243349
10030,descending_neuron,pIP1,pIP1_L,L,xl,,male-specific,acetylcholine,2.0,8.067584,3.204990948391693,0.02277509622205834,3,44161,29047,15114,20435,692,23050,1506,21544,2869,689,54.72119859114326,146.9045928991699,branch,branch,1.253174195677492,0.1608920708595584
10033,descending_neuron,DNg56,DNg56_R,R,xn,LB,,gaba,2.0,0.847232,1.038618932027075,0.0354093740836439,3,9775,6187,3588,3968,267,4622,84,4538,576,167,181.1685627449891,181.2607462264007,branch,branch,0.7133885874425429,0.5080391183025201
10038,descending_neuron,pIP1,pIP1_R,R,xl,,male-specific,acetylcholine,2.0,6.593664,2.897466781431088,0.03457000542099187,3,43795,27738,16057,20093,690,21379,1771,19608,2984,637,179.342580954845,155.5548251037609,branch,branch,1.19153628685879,0.2810635393584911
10045,descending_neuron,DNg100,DNg100_L,L,xl,,,acetylcholine,2.0,3.095116770381766,1.985151144780429,0.1531167647116064,3,51033,36182,14851,26759,741,21592,517,21075,1870,408,166.9620929963173,114.1241695948628,branch,branch,0.9862677430304664,0.2849999552124632
10048,descending_neuron,DNp18,DNp18_L,L,xn,,,acetylcholine,2.0,9.498880000000002,3.477693150163474,0.4466965696436936,3,20349,19931,418,10404,371,12707,921,11786,1918,329,225.4840497190018,153.7931158143872,branch,branch,1.305400185222946,0.2905447462217214
10054,descending_neuron,DNpe013,DNpe013(PS168)_R,R,xn,,,acetylcholine,2.0,1.482319102805901,1.373807591917012,0.2784789853417534,3,11673,5239,6434,5979,158,7915,196,7719,837,240,151.7899173606034,196.6944625081401,branch,branch,0.820466769613088,0.4247391762533907
10056,descending_neuron,DNg100,DNg100_R,R,xl,,,acetylcholine,2.0,2.355140853737274,1.731663497449672,0.1297455425798351,3,55262,37013,18249,27118,849,21477,550,20927,2023,414,178.0524976542037,108.5024831473556,branch,branch,0.9211488010904314,0.3110843551686147
10059,descending_neuron,DNp20,DNp20_R,R,xn,,,acetylcholine,2.0,26.479104,5.806396672804488,0.02579221082558081,3,953,821,132,604,14,5315,260,5055,587,82,92.68285495005117,134.8521500885517,branch,branch,1.686752610691384,0.1348953033161979
10063,descending_neuron,DNp27,DNp27_R,R,xn,,,acetylcholine,2.0,0.2832985737905374,0.600588833660088,0.2089267308433974,3,19176,1431,17745,14219,233,8155,153,8002,3019,220,182.7564612747661,213.3655599550988,branch,branch,0.5424836665683521,0.7302008256500273
10065,descending_neuron,DNb05,DNb05_R,R,xn,,potentially sexually dimorphic,acetylcholine,2.0,4.993536,2.521501041692952,0.03741888965293229,3,22647,14604,8043,11525,403,18613,463,18150,1960,570,187.3614582564902,122.9442202462936,branch,branch,1.111546449964889,0.2791657321316492
10068,descending_neuron,DNp30,DNp30_R,R,xn,,,glutamate,2.0,0.363904,0.6806885949443436,0.2573775048656421,3,4630,320,4310,3503,56,6800,120,6680,1756,284,174.1403065868961,252.3755028510407,branch,branch,0.5775269790431684,0.7385210127232099
10069,ascending_neuron,AN07B004,AN07B004(PS299)_R,R,BA,T1,,acetylcholine,2.0,3.071079917962038,1.97742772221674,0.1259789109141197,3,77450,175,77275,34745,1409,4788,2958,1830,1659,163,175.8116904514952,165.7681162582038,branch,branch,0.9843472882505455,0.3470114773382266
10071,ascending_neuron,AN12B011,AN12B011_L,L,CA,T1,,gaba,2.0,0.2306267001806619,0.5418883969433179,0.1091706338258609,3,6787,3965,2822,4184,129,1566,1097,469,713,63,247.0453960214873,121.9447876890533,branch,branch,0.5152914849890553,0.7160804990177122
10087,ascending_neuron,ANXXX033,ANXXX033_L,L,BA,A1,,acetylcholine,2.0,0.2355488680281637,0.5476405148371165,0.1525661051488525,3,8930,3443,5487,3525,265,3598,3287,311,710,153,177.8418810130445,146.4592939948862,branch,branch,0.5180191620685349,0.6260408856555485
10090,descending_neuron,aSP22,aSP22(DNa12)_L,L,xn,,sexually dimorphic,acetylcholine,2.0,1.947809145971872,1.574810347390508,0.1403334102091615,3,35434,18776,16658,16557,632,10259,892,9367,1779,413,174.313369263741,145.5743629393581,branch,branch,0.8784401346826937,0.3641542770796185
10091,descending_neuron,DNpe042,DNpe042(CL262)_L,L,lt,,,acetylcholine,2.0,0.2515242279827229,0.5659068770801301,0.3487060112330145,3,15485,4508,10977,6696,341,15908,440,15468,2201,713,230.9185810782625,147.5839224084474,branch,branch,0.5265874758948068,0.7187837174508135
10104,descending_neuron,aSP22,aSP22(DNa12)_R,R,xn,,sexually dimorphic,acetylcholine,2.0,1.946043555170587,1.57409644247746,0.189413811168115,3,33359,17102,16257,15460,594,9465,714,8751,1699,408,163.7199697391976,152.6547179916013,branch,branch,0.8782410015559257,0.360236754114528
10106,descending_neuron,DNp11,DNp11_R,R,xn,,,acetylcholine,2.0,8.881536,3.362784984679954,0.05532107756886137,3,21902,17745,4157,10624,458,11406,1514,9892,2318,533,183.0802381191775,68.84247002423331,branch,branch,1.283652851238674,0.1962545464689424
10117,descending_neuron,DNp02,DNp02_R,R,lt,CG,,acetylcholine,2.0,8.942592000000001,3.374323897736005,0.1588699315256142,3,15573,10632,4941,7244,309,8921,1007,7914,1256,278,186.6791799271101,192.4681743002599,branch,branch,1.285853300299316,0.294860505579535
10118,descending_neuron,DNb05,DNb05_L,L,xn,,potentially sexually dimorphic,acetylcholine,2.0,6.73216,2.927738433242333,0.1065213868254671,3,22662,15960,6702,11300,396,17938,491,17447,2065,620,153.2115914795666,140.9487097339125,branch,branch,1.197744477043724,0.2455952056982358
10123,descending_neuron,DNg30,DNg30_L,L,xn,,,serotonin,2.0,0.7065592748970289,0.9484825826014412,0.3511914534975879,3,12969,4844,8125,5211,348,3306,434,2872,800,92,207.0181192681275,157.676620720853,branch,branch,0.681730493285071,0.5349544190573275
10124,descending_neuron,DNg105,DNg105_L,L,xl,MX,,gaba,2.0,3.189443130713995,2.015173719486481,0.03486783596252971,3,22265,21689,576,11806,317,15435,1124,14311,1207,327,216.5446903253526,112.9991899090109,branch,branch,0.9936977017928418,0.3316339361958837
10131,descending_neuron,DNg74_a,DNg74_a_R,R,xl,MX,,gaba,2.0,3.761664,2.188492485435271,0.1579881783244391,3,42894,27387,15507,23174,715,20868,787,20081,1989,488,171.5433599685527,3.367154288119303,branch,branch,1.035548800329218,0.1689061048605967
10141,descending_neuron,DNg15,DNg15_L,L,xn,,,acetylcholine,2.0,11.27168,3.788343795328037,0.04065321471563131,3,18689,18144,545,8935,367,14820,676,14144,4216,344,197.0653575462507,164.8099304691567,branch,branch,1.362456773520077,0.2656049682078775
10143,descending_neuron,DNp30,DNp30_L,L,xn,,,glutamate,2.0,0.4654373093739531,0.7698137358413729,0.1265130235110166,3,3897,312,3585,2885,55,6673,152,6521,1752,270,179.3189192681791,261.8234858478583,branch,branch,0.6141732089258475,0.7182703489909129
10150,ascending_neuron,AN27X013,AN27X013_R,R,XA,T2,,unclear,4.0,1.247746016765324,1.260428328121593,0.1655079074916819,3,962,86,876,763,11,907,153,754,280,21,221.3038485256616,439.1095999852231,branch,branch,0.7858815946308837,0.8403472648078373
10151,descending_neuron,DNge103,DNge103_R,R,xl,LB,sexually dimorphic,gaba,2.0,2.110377671013952,1.639212098863676,0.1848785026450456,3,12352,12114,238,6157,240,4733,155,4578,776,178,172.9723547179142,167.6190639331324,branch,branch,0.896222030773179,0.3800301788578164
10160,descending_neuron,DNg90,DNg90_L,L,xl,MX,,gaba,2.0,1.237398555227275,1.255191130112671,0.08082888988425219,3,13699,7997,5702,6319,227,5328,245,5083,802,181,178.8231624125343,153.7926974139158,branch,branch,0.7842471891917807,0.4241212010835933
10162,descending_neuron,DNp20,DNp20_L,L,xn,,,acetylcholine,2.0,28.341632,6.007136308153123,0.07062485721610377,3,1081,954,127,659,24,5339,339,5000,585,85,,,,,,
10163,descending_neuron,DNge036,DNge036_L,L,fl,,,acetylcholine,2.0,0.8783972927773858,1.057549133209648,0.01237643172535246,3,16029,5338,10691,7705,235,10525,175,10350,1258,259,162.4916305845586,118.7753050869928,branch,branch,0.7198604554166922,0.3907242487833836
10165,ascending_neuron,AN05B101,AN05B101_L,L,BA,T1,,gaba,4.0,2.688601613895836,1.850198339327694,0.06767401226564736,3,24897,77,24820,9690,663,9354,1192,8162,1535,324,180.2558884630623,128.1788146997198,branch,branch,0.9521539719344608,0.3239336412535729
10177,descending_neuron,DNg16,DNg16_L,L,xl,LB,,acetylcholine,2.0,4.00256,2.257480381348899,0.04260719196564824,3,21033,15731,5302,10736,318,21914,701,21213,1522,396,185.08550587825,149.5762652052196,branch,branch,1.051743974007439,0.3181969940919315
10180,ascending_neuron,AN02A002,AN02A002_R,R,BA,T2,,glutamate,2.0,2.104653615297618,1.636987541481838,0.05616313798909772,3,78866,22098,56768,23480,2339,5956,4871,1085,1437,187,155.6269057322781,140.4691674546175,branch,branch,0.8956136975985242,0.3306069056121408
10192,descending_neuron,DNg75,DNg75(hb1874217622)_L,L,xl,,,acetylcholine,2.0,1.92,1.563528038089344,0.06552861171166031,3,24735,13558,11177,13304,393,19276,110,19166,1370,407,161.8593817650047,121.0938820139446,branch,branch,0.8752878033331541,0.3232688296368856
10195,descending_neuron,DNp29,DNp29(NPFP1)_R,R,xn,,,unclear,2.0,0.588392446751726,0.8655429111417735,0.193536274076903,3,8791,1421,7370,4434,180,3395,149,3246,1242,178,217.0696397059152,163.6791888995326,branch,branch,0.6512419108591438,0.5846503768517431
10197,descending_neuron,DNp02,DNp02_L,L,lt,CG,,acetylcholine,2.0,9.751296,3.523596980305468,0.0005560886041475336,3,14679,9442,5237,6945,275,9375,943,8432,1402,306,67.65713696733562,169.1615793572285,branch,branch,1.313987260345274,0.1802290809595335
10199,ascending_neuron,AN10B022,AN10B022(10199)_R,R,BA,T2,,acetylcholine,6.0,0.4970292884930023,0.795510744742566,0.3056083417597016,3,6073,3303,2770,2628,139,1976,1871,105,524,89,380.2945131324092,207.0220843269068,branch,branch,0.6243398633147312,0.9407001410115763
10213,descending_neuron,DNge083,DNge083_R,R,xl,,,glutamate,2.0,0.5668162106205819,0.8495250519902634,0.1709267099216491,3,18903,15535,3368,7442,528,2465,193,2272,488,93,195.4400429933948,134.1205531826921,branch,branch,0.6451877831106453,0.5107979487571443
10216,descending_neuron,DNge037,DNge037_R,R,xl,LB,,acetylcholine,2.0,3.44,2.092831582781796,0.09201125655375311,3,17982,13519,4463,9866,252,20972,594,20378,1651,443,65.29589745874168,127.6510566753183,branch,branch,1.01266355496931,0.1905341148965389
10218,descending_neuron,DNg35,DNg35_R,R,xl,,,acetylcholine,2.0,3.30668183327397,2.051876719489206,0.04292961370841602,3,20706,15551,5155,9608,352,18104,368,17736,3487,470,170.5062888636649,176.4134770743717,branch,branch,1.002706134692369,0.3459834880181241
10221,descending_neuron,DNge037,DNge037_L,L,xl,LB,,acetylcholine,2.0,3.223167569648323,2.025799696165485,0.04124923876236981,3,17771,12216,5555,9519,250,18215,450,17765,1848,403,170.1185098734047,121.5492110263153,branch,branch,0.9963141327518582,0.2927467465448096
10223,descending_neuron,DNpe056,DNpe056(PVLP146)_L,L,xn,,,acetylcholine,2.0,1.218833126605241,1.245739352845126,0.1294596802693702,3,24520,18326,6194,10696,432,7562,488,7074,1489,363,182.5883328284574,143.0003429625641,branch,branch,0.7812888600857634,0.4167327763450781
10228,descending_neuron,DNp06,DNp06_L,L,lt,CG,,acetylcholine,2.0,4.284411140642645,2.335611630851778,0.0328436783290624,3,20935,15142,5793,9841,399,23365,468,22897,2100,738,202.0505613834678,141.929213675037,branch,branch,1.069789558332559,0.3215396639266636
10234,descending_neuron,DNp35,DNp35(PVLP136)_L,L,xn,CG,,acetylcholine,2.0,0.8206627704723342,1.022203645198594,0.09645990347202188,3,14174,3281,10893,5472,280,17658,91,17567,1813,673,244.300630964976,137.3067090720267,branch,branch,0.7077286105191106,0.5392001034931995
10236,descending_neuron,DNg99,DNg99_R,R,xn,MD,,gaba,2.0,3.856768,2.215985002762686,0.04611178056435698,3,9418,7479,1939,4504,157,7449,394,7055,1357,266,184.2422318986407,169.4904638587306,branch,branch,1.042032941587605,0.3394640242547771
10237,descending_neuron,DNg30,DNg30_R,R,xn,,,serotonin,2.0,0.539008,0.8284239859689063,0.09733263919988763,3,15584,4748,10836,6337,410,3714,395,3319,917,111,240.0340479591398,170.0817136158346,branch,branch,0.6371245978023169,0.643697893613931
10244,descending_neuron,DNp55,DNp55(WED180)_L,L,xn,,,acetylcholine,2.0,1.737630231786267,1.487420426522912,0.06450801582362999,3,19854,14985,4869,8968,417,9125,367,8758,1310,303,203.3044555317741,149.023139998004,branch,branch,0.8537189285685465,0.4126974156711452
10245,descending_neuron,DNp36,DNp36(CL342)_R,R,xn,,sexually dimorphic,glutamate,2.0,1.145010129772232,1.207423776620432,0.2216252015135734,3,22299,13109,9190,9971,547,7400,621,6779,1170,312,162.8577960711907,147.4574192770434,branch,branch,0.7691798557840758,0.4034364823970974
10247,descending_neuron,DNg74_a,DNg74_a_L,L,xl,MX,,gaba,2.0,4.046089194702137,2.269722618343574,0.1985503897300734,3,41345,28945,12400,21226,703,15965,808,15157,1274,284,168.3092388345602,119.9839148948457,branch,branch,1.054591903528731,0.2733693979299091
10249,descending_neuron,DNp31,DNp31_L,L,ut,CG,,acetylcholine,2.0,4.921344,2.503207900683666,0.09899680227334415,3,16228,12378,3850,8284,277,17757,319,17438,1945,572,153.8222658027079,169.5529078569591,branch,branch,1.107507052498988,0.2919847534424279
10253,ascending_neuron,AN07B004,AN07B004(PS299)_L,L,BA,T1,,acetylcholine,2.0,3.13491647382314,1.997873775770966,0.06038558218523947,3,78041,91,77950,33687,1481,5279,3545,1734,1662,181,188.810114501831,217.4010796223911,branch,branch,0.9894231400810136,0.410553561634875
10259,descending_neuron,DNp11,DNp11_L,L,xn,,,acetylcholine,2.0,6.84416,2.951991728053216,0.01246715536858647,3,20984,15613,5371,10109,449,12792,542,12250,2403,554,182.4978793078106,210.2154263729869,branch,branch,1.20269528424538,0.3265276839654375
10264,descending_neuron,DNp31,DNp31_R,R,ut,CG,,acetylcholine,2.0,4.709504,2.448739824662561,0.03724878921398084,3,17143,12874,4269,8472,300,18369,260,18109,2066,613,162.0811365797744,169.0956829103458,branch,branch,1.095391488959383,0.3023364914079592
10274,descending_neuron,DNg108,DNg108_L,L,xl,GNG,,gaba,2.0,6.340992,2.841408412609724,0.07638214912942547,3,35334,24214,11120,18962,656,16786,651,16135,1560,493,150.7789089919308,114.6020173794273,branch,branch,1.179953440682625,0.2249079643497038
10280,descending_neuron,DNp47,DNp47(PS293)_R,R,xn,,,acetylcholine,2.0,0.6509659820657228,0.9104041029364043,0.3715968972626154,3,17514,9458,8056,8755,331,3752,152,3600,709,162,190.9945286274782,206.4070916741765,branch,branch,0.6679056897787576,0.5949966086279235
10281,descending_neuron,DNg108,DNg108_R,R,xl,GNG,,gaba,2.0,6.756377088012427,2.932999571701303,0.05837696778351302,3,36669,26897,9772,19926,683,17352,750,16602,1556,510,157.3010995608889,103.921451656897,branch,branch,1.198820165885458,0.217899697261803
10283,descending_neuron,DNp103,DNp103(PVLP119)_R,R,lt,,,acetylcholine,2.0,1.111764231744936,1.189765600561623,0.06075850321064286,3,18700,9171,9529,8542,394,29105,818,28287,2877,1072,240.0666478508186,200.0910784985625,branch,branch,0.7635346385562316,0.57647381549274
10286,descending_neuron,DNpe053,DNpe053(SMP454)_L,L,xn,,,acetylcholine,2.0,0.298751428221256,0.6167512727651331,0.03469926844395108,3,65550,11018,54532,32163,1200,17906,148,17758,2844,732,174.3878422935179,159.0138286878258,branch,branch,0.5497345938313462,0.6064775161004847
10291,ascending_neuron,AN06B007,AN06B007_R,R,CA,T1,,gaba,4.0,1.544949492397392,1.402530138121415,0.1069052543391084,3,11139,1493,9646,5367,224,3236,2852,384,807,169,154.9800088320991,149.814641936648,branch,branch,0.8289992567424251,0.3676657708553877
10295,descending_neuron,DNg34,DNg34_L,L,xl,TC,,unclear,2.0,1.28685125189894,1.280027305220354,0.077562395574708,3,24527,16786,7741,13942,654,4438,1610,2828,1684,183,209.4871393914666,130.6389674136978,branch,branch,0.7919680420054671,0.4294694845815715
10296,descending_neuron,DNge054,DNge054_R,R,xl,,,gaba,2.0,0.9963005819169939,1.126290060037543,0.2000123565126191,3,13332,4349,8983,6153,217,9026,150,8876,1830,251,198.3955824792269,137.1223603656118,branch,branch,0.7428876963703166,0.4516401933753239
10301,descending_neuron,DNge050,DNge050_L,L,xl,,,acetylcholine,2.0,3.016245919783283,1.959694767486549,0.01447781943866074,3,25641,20015,5626,13234,419,18123,161,17962,1611,417,167.8790275083024,109.6146818909894,branch,branch,0.979923688900523,0.2831788970329317
10304,descending_neuron,DNge041,DNge041_R,R,xl,LB,,acetylcholine,2.0,0.2423929285923661,0.5555396133922107,0.06879884193570066,3,13604,6570,7034,6682,267,6468,102,6366,1200,252,209.0593418209857,147.7676089151412,branch,branch,0.5217417086664465,0.6839149426028522
10336,descending_neuron,DNg22,DNg22_R,R,xn,,,acetylcholine,2.0,0.6421987694092323,0.9042526576085318,0.1725561132756972,3,7641,3520,4121,3283,168,4582,585,3997,796,160,169.3221029554964,149.7865714678105,branch,branch,0.665645402769508,0.4793973985182081
10341,descending_neuron,DNp19,DNp19_L,L,xn,,,acetylcholine,2.0,2.401354742905382,1.748570793420865,0.01651621297129957,3,11769,10091,1678,5927,233,7912,661,7251,1036,248,151.5472446582569,203.464720065646,branch,branch,0.9256347491187998,0.3835335320566484
10342,descending_neuron,DNc02,DNc02(SIFa)_R,R,xn,,,unclear,2.0,0.451342375387639,0.7580679128931949,0.1478671678807797,3,7118,974,6144,5040,96,1995,171,1824,1109,48,233.3454262505613,123.4511622222773,branch,branch,0.6094696689070469,0.5854214026969984
10354,descending_neuron,DNp73,DNp73_R,R,xn,,,acetylcholine,2.0,4.922496,2.503500861993193,0.02713825819142605,3,14815,11929,2886,6926,289,7192,660,6532,1360,251,194.6986264656958,164.1447888622387,branch,branch,1.107571858786898,0.3239910913960641
10360,descending_neuron,DNa02,DNa02_R,R,xl,,,acetylcholine,2.0,5.093888,2.546711534126295,0.04284800506446507,3,23488,17153,6335,11784,344,24830,756,24074,1741,584,101.2734914061729,170.1060858583938,branch,branch,1.117089366041001,0.2429345274553497
10361,descending_neuron,DNg40,DNg40(hb5813056435)_L,L,lt,MX,,glutamate,2.0,0.3897297123737223,0.7044283367046531,0.2574662756096741,3,7905,2182,5723,3847,158,9198,149,9049,1173,346,215.6569642359867,249.8859430457355,branch,branch,0.5875116041281908,0.7923978079931577
10366,descending_neuron,DNp59,DNp59(CL247)_R,R,lt,,,gaba,2.0,0.5843200000000001,0.862542364628921,0.1803098611731159,3,19162,12635,6527,7764,437,6966,368,6598,1244,290,228.5170420092802,154.1823851796914,branch,branch,0.6501121123838344,0.5886668159214684
10377,descending_neuron,DNge054,DNge054_L,L,xl,,,gaba,2.0,1.627883085682539,1.439682297903432,0.2292317469053927,3,14323,4924,9399,6608,221,10123,182,9941,1936,307,180.4598097852757,137.2394676775369,branch,branch,0.8399073317769538,0.3782551543997962
10379,descending_neuron,DNa10,DNa10_R,R,xn,,,acetylcholine,2.0,3.716577714579048,2.175337609954712,0.0568581238419705,3,14514,10966,3548,7379,304,15985,366,15619,2049,684,83.9228891667885,224.7259255645715,branch,branch,1.03243180349978,0.2989532225616157
10384,descending_neuron,DNp63,DNp63(PS113)_R,R,xn,CG,,acetylcholine,2.0,0.489227876975976,0.7892428519490322,0.2367652953290963,3,12614,6557,6057,5928,247,6647,781,5866,1169,258,185.7967905898087,204.4156640983643,branch,branch,0.6218753874009051,0.6274769231807757
10388,descending_neuron,DNp13,DNp13_R,R,xn,,sexually dimorphic,acetylcholine,2.0,1.217613570537432,1.245115957738249,0.2068161423272886,3,35184,18626,16558,16760,655,10666,854,9812,1639,403,163.0087739966705,158.2541085853181,branch,branch,0.78109334864134,0.4112989607974565
10394,descending_neuron,DNg98,DNg98_L,L,xn,MX,,gaba,2.0,1.255403190666177,1.264289914118939,0.04540983943796863,3,60379,46241,14138,24175,1340,7418,1458,5960,1731,289,220.3951700353117,143.1951101435596,branch,branch,0.7870845303512704,0.4619456566076879
10411,descending_neuron,DNb09,DNb09(DNb01)_R,R,xn,,,glutamate,2.0,1.116250805538032,1.192163859313602,0.1673416684375847,3,18968,12027,6941,9396,277,9527,102,9425,990,303,169.3810217861647,204.8219522292706,branch,branch,0.7643037950080224,0.489599785398825
10416,descending_neuron,DNde002,DNde002(VES029)_L,L,xl,,potentially sexually dimorphic,acetylcholine,2.0,2.139003864729663,1.650292188345794,0.1798634301049714,3,15284,11069,4215,8209,238,10359,487,9872,1195,345,191.8163799700711,133.9080818970614,branch,branch,0.8992458908938304,0.3622195721610355
10417,descending_neuron,DNp103,DNp103(PVLP119)_L,L,lt,,,acetylcholine,2.0,1.349862339174799,1.310991270064779,0.07481731722620279,3,16992,8617,8375,7832,369,27113,799,26314,2903,1030,225.581741603181,188.5644614007705,branch,branch,0.8014896894731347,0.5167205622772186
10425,descending_neuron,DNp10,DNp10_L,L,xl,CG,,acetylcholine,2.0,2.084904265056966,1.629288972913501,0.1464709173566603,3,20251,13372,6879,11507,338,11460,682,10778,1969,494,157.7450771359139,144.6908318921347,branch,branch,0.8935052303862667,0.3384825278496736
10433,descending_neuron,DNp10,DNp10_R,R,xl,CG,,acetylcholine,2.0,2.470868584179477,1.773698844567784,0.05357374704360606,3,21195,14871,6324,11803,368,11268,726,10542,1901,459,164.5480436611901,145.1308282922164,branch,branch,0.9322619984951732,0.332180087200036
10434,ascending_neuron,AN19B019,AN19B019(hb706176085)_R,R,BA,T1,,acetylcholine,2.0,1.205915399083165,1.239120322534406,0.07765237847649896,3,47783,36,47747,26349,679,3675,2795,880,935,148,174.4676258551461,325.8932308009588,branch,branch,0.7792104709523986,0.6421382608533652
10440,descending_neuron,DNg16,DNg16_R,R,xl,LB,,acetylcholine,2.0,4.043648,2.269037800167562,0.09548090826237732,3,20023,15101,4922,10641,285,21121,530,20591,1401,380,185.8980452117295,152.5276453081013,branch,branch,1.05443279638017,0.3209552013951329
10442,descending_neuron,DNa01,DNa01(VES006)_L,L,xl,,,acetylcholine,2.0,1.654213900137064,1.451278937043149,0.07726738085407708,3,20635,19527,1108,11164,267,13087,692,12395,1242,299,115.0858485913675,154.2849329199161,branch,branch,0.8432832733732736,0.3194309551922636
10444,descending_neuron,DNge035,DNge035_L,L,xl,,,acetylcholine,2.0,2.567168025659385,1.807932478896605,0.06681440043148315,3,26583,24398,2185,12329,438,9306,162,9144,869,179,193.9780695187849,114.5779034446172,branch,branch,0.9412156578910787,0.3278270716987046
10446,descending_neuron,DNp73,DNp73_L,L,xn,,,acetylcholine,2.0,4.271714567687383,2.332148346782607,0.07821349172787467,3,14571,11862,2709,6972,271,8304,463,7841,1206,283,83.54816504216319,220.6180070236694,branch,branch,1.068996113147039,0.2845344041246247
10447,descending_neuron,DNge138,DNge138_M,M,xn,LB,,unclear,2.0,0.06937471026646393,0.2972046845455272,0.5089996324240996,3,17659,3281,14378,12405,398,6904,1021,5883,2120,274,158.4485063241006,153.8732785308242,branch,branch,0.38161537629832,0.8184203369488279
10449,descending_neuron,DNpe025,DNpe025(PVLP145)_L,L,xl,,sexually dimorphic,acetylcholine,2.0,1.162400683948886,1.216558472754566,0.05829766239852452,3,17832,13234,4598,8000,337,8385,179,8206,1348,365,207.2896076764769,159.4454367016289,branch,branch,0.7720839667094099,0.4749937314993283
10458,descending_neuron,DNp13,DNp13_L,L,xn,,sexually dimorphic,acetylcholine,2.0,1.349571168169693,1.31084986926348,0.1776303420847073,3,34086,18166,15920,16296,617,10114,727,9387,1531,385,160.9515144908816,152.3073928700881,branch,branch,0.801446464799181,0.390866915158785
10460,descending_neuron,DNa09,DNa09_R,R,xn,,potentially sexually dimorphic,acetylcholine,2.0,1.22327817812459,1.248008874407475,0.109501829761229,3,13120,9247,3873,6712,234,7731,529,7202,1127,363,178.335574485992,185.4066785531114,branch,branch,0.782000222800264,0.4651434135614169
10464,descending_neuron,DNp08,DNp08(PS271)_R,R,xn,,,glutamate,2.0,0.3770064190936785,0.6928343823808611,0.04786545407295371,3,19878,15550,4328,6010,636,4558,223,4335,894,188,192.7760247703102,153.2205111255182,branch,branch,0.5826567148558591,0.593825707443229
10469,descending_neuron,DNbe001,DNbe001(PS103)_L,L,ut,,,acetylcholine,2.0,4.21888,2.31768092076806,0.02275205428070653,3,14899,11529,3370,7833,307,16554,651,15903,2004,632,55.71732705540165,168.0877639363216,branch,branch,1.065675209046522,0.2100124776215498
10482,descending_neuron,DNg35,DNg35_L,L,xl,,,acetylcholine,2.0,3.734451971109724,2.180562296182128,0.1169575930431044,3,19695,14926,4769,9557,320,18133,324,17809,3444,591,85.61646545551059,180.377929036234,branch,branch,1.033670897882514,0.2573298668237995
10499,descending_neuron,DNge039,DNge039_R,R,fl,,,acetylcholine,2.0,0.4587541252423047,0.7642668994329729,0.02718428032473364,3,6864,4258,2606,3424,121,3129,252,2877,517,93,252.9299965548862,174.5289386522553,branch,branch,0.6119565186532101,0.6985119402729629
10504,descending_neuron,DNp62,DNp62(DSKMP1B)_R,R,xn,,,unclear,2.0,0.9029734197587163,1.072241328191346,0.1146515956734428,3,4028,906,3122,3271,28,4415,202,4213,1174,202,167.9282278563516,139.4608753201295,branch,branch,0.7248436043821862,0.4240764508620883
10506,descending_neuron,DNg37,DNg37_R,R,xl,,potentially sexually dimorphic,acetylcholine,2.0,5.330304,2.605139888424423,0.04424270698923481,3,21351,18263,3088,11120,366,10734,686,10048,2602,312,210.3631303928958,131.5025859191667,branch,branch,1.129831202139491,0.3025812313066701
10512,ascending_neuron,ANXXX109,ANXXX109_R,R,BA,T1,,gaba,2.0,1.136606700380399,1.20298487011902,0.2185104653984723,3,4644,521,4123,2424,99,1616,1262,354,545,82,229.0380326417075,124.0621873994357,branch,branch,0.7677646686051133,0.4599068366647571
10520,descending_neuron,DNg74_b,DNg74_b_L,L,xl,MX,,gaba,2.0,2.590848,1.816251669785332,0.1202934993416432,3,30294,22671,7623,15835,602,12447,702,11745,1151,298,107.357749091989,117.3819945803186,branch,branch,0.9433786716874685,0.2382285612524019
10527,descending_neuron,DNpe017,DNpe017(hb1406000196)_L,L,xn,,potentially sexually dimorphic,acetylcholine,2.0,3.79911676947283,2.19936029471283,0.05071628166988949,3,14637,14592,45,7295,278,10374,746,9628,1215,296,223.3125894751542,165.3421538625074,branch,branch,1.038116825992762,0.3743843983705658
10535,descending_neuron,DNg37,DNg37_L,L,xl,,potentially sexually dimorphic,acetylcholine,2.0,4.748544,2.458868439082272,0.05382061910082198,3,19201,16817,2384,10844,276,10886,530,10356,2355,279,238.4489253553782,128.7349465313597,branch,branch,1.097654560939056,0.334516782376969
10536,descending_neuron,DNg29,DNg29_L,L,xn,MX,,acetylcholine,2.0,3.1296,1.996178969732715,0.02217992683797973,3,19198,8619,10579,9225,391,10637,265,10372,2393,398,248.3902493719638,174.2864757783016,branch,branch,0.9890033848117156,0.4273764191724518
10543,descending_neuron,DNa16,DNa16(PS014)_R,R,ut,,,acetylcholine,2.0,2.623940880704474,1.82781434843918,0.06744172470985711,3,16257,11873,4384,7911,229,11083,444,10639,826,244,81.79493882697261,138.3485260191161,branch,branch,0.9463767911013025,0.2326171424701855
10544,descending_neuron,DNg88,DNg88_R,R,xl,LB,,acetylcholine,2.0,1.119450934965201,1.193871516867893,0.1496921011896558,3,24414,16594,7820,13047,335,12724,704,12020,955,292,156.4451242525646,122.6143948136607,branch,branch,0.7648509941585142,0.3648547510528445
10545,ascending_neuron,AN06B009,AN06B009(hb1687321237)_R,R,BA,T1,,gaba,2.0,2.02540590205269,1.605872625283051,0.09354574330533942,3,59491,437,59054,22423,1780,3047,1707,1340,1232,116,136.7612113106268,215.5066753599376,branch,branch,0.8870612078028747,0.3971179029946335
10548,descending_neuron,DNg80,DNg80_R,R,xn,LB,,glutamate,2.0,0.6385643248706897,0.9016902740312072,0.1254306356716697,3,10040,5776,4264,4260,203,2387,317,2070,659,87,196.1726435905161,26.43333951026,branch,end,0.6647016129627574,0.3348961079070654
10550,ascending_neuron,AN02A001,AN02A001_R,R,BA,T2,,glutamate,2.0,1.082339257958503,1.173915305314688,0.1643299380654074,3,55218,33929,21289,15103,1491,7665,7288,377,1219,293,163.9456361366592,126.4639623720633,branch,branch,0.7584316050931669,0.3829080915912624
10552,descending_neuron,DNp29,DNp29(NPFP1)_L,L,xn,,,unclear,2.0,0.1464458886579734,0.4318109500733098,0.1709231547928138,3,8098,893,7205,4060,184,3344,98,3246,1185,174,217.4208323374177,169.6761714643275,branch,branch,0.4599862666818671,0.8415403498762865
10558,descending_neuron,DNp35,DNp35(PVLP136)_R,R,xn,CG,,acetylcholine,2.0,1.318887155433042,1.295862369752521,0.2109311165079276,3,13964,3606,10358,5286,290,18447,60,18387,1849,727,240.3125529697651,141.8264332118491,branch,branch,0.7968516556917827,0.4795610117040695
10562,descending_neuron,DNp26,DNp26_L,L,xn,CG,,acetylcholine,2.0,3.184582546061052,2.013637611666588,0.02430145309332429,3,9123,4597,4526,4763,172,10268,486,9782,1177,362,174.1500371279418,28.95473625622172,branch,branch,0.9933188962848878,0.2044708644361802
10575,descending_neuron,DNde002,DNde002(VES029)_R,R,xl,,potentially sexually dimorphic,acetylcholine,2.0,1.597627832553879,1.426240840172909,0.0297890800988128,3,16057,10244,5813,8667,258,9868,445,9423,1177,347,192.3776981861273,150.5895786659931,branch,branch,0.8359772794069977,0.4102590887343314
10576,ascending_neuron,AN12B004,AN12B004(10576)_L,L,BA,T2,,gaba,6.0,1.714029192877659,1.477284586395705,0.09853398843075044,3,18574,9197,9377,7775,494,2228,2068,160,726,88,227.0290819604466,196.0357840434406,branch,branch,0.8508051758974526,0.4972523416511033
10577,descending_neuron,DNg96,DNg96_R,R,xl,MX,potentially sexually dimorphic,glutamate,2.0,1.396260130769166,1.333331771627899,0.09281873099290229,3,12915,10596,2319,7038,212,10330,242,10088,864,244,0.0,1.024000000000001,end,branch,0.8082899034985346,0.00126687218975247
10578,descending_neuron,DNpe034,DNpe034(SMP486_b)_R,R,ad,CG,sexually dimorphic,acetylcholine,2.0,0.2707856597632881,0.587175450915499,0.3388365523142965,3,10292,8907,1385,3149,271,3150,196,2954,713,122,306.0402798135793,156.8454226714519,branch,branch,0.5363916208784347,0.8629622172825429
10580,descending_neuron,DNp70,DNp70(CL305)_L,L,xn,CG,,acetylcholine,2.0,0.5586119368606131,0.8433544973331407,0.320652446264653,3,13626,5218,8408,4948,346,10985,332,10653,1914,531,186.4808600302978,146.4778376488611,branch,branch,0.6428403407481821,0.5179492893859748
10582,descending_neuron,DNge040,DNge040_L,L,xl,MD,,glutamate,2.0,0.8689411224364102,1.051841337432883,0.2766744689555483,3,11661,6947,4714,5461,201,3515,122,3393,589,123,176.8249439261389,188.8160755075877,branch,branch,0.7179152145916068,0.509309472765144
10584,descending_neuron,DNp06,DNp06_R,R,lt,CG,,acetylcholine,2.0,4.072192,2.27703225452653,0.04150459085223172,3,19197,13310,5887,9364,369,20242,470,19772,1913,699,207.3788457895625,160.5238828197745,branch,branch,1.056288693832325,0.3482975163490084
10587,descending_neuron,DNge011,DNge011_L,L,fl,,,acetylcholine,2.0,0.5542991388066244,0.8400926039081877,0.2933249102980919,3,10762,5882,4880,4754,210,3449,113,3336,966,122,154.3694380105356,122.3526237221593,branch,branch,0.6415959600208,0.4313026873232241
10589,descending_neuron,DNp43,DNp43(CL332)_L,L,xl,,,acetylcholine,2.0,0.6060018390281423,0.878399399836352,0.2114557455874062,3,20133,14096,6037,8639,433,8655,159,8496,1200,284,179.0421297926116,150.0924158598882,branch,branch,0.6560607486504679,0.5016830321422784
10590,descending_neuron,DNpe052,DNpe052(AVLP564)_L,L,xl,CG,potentially sexually dimorphic,acetylcholine,2.0,0.2121178831970147,0.5196892119641829,0.02870398897873185,3,17999,4158,13841,7568,425,4452,109,4343,1114,228,218.8902715016524,182.0393135761777,branch,branch,0.5046263111079818,0.7945078888128717
10592,ascending_neuron,AN08B012,AN08B012_L,L,BA,T3,,acetylcholine,4.0,1.053751922290726,1.158308515811416,0.07935837295036204,3,13796,6554,7242,5990,387,21916,15080,6836,6195,1172,184.7050825693189,180.6600232502639,branch,branch,0.7533731961966751,0.4849722656235845
10601,descending_neuron,DNpe025,DNpe025(PVLP145)_R,R,xl,,sexually dimorphic,acetylcholine,2.0,0.718004500728607,0.9561337373116218,0.2076854665609415,3,19539,11959,7580,9653,351,8427,212,8215,1391,356,181.7002696134733,158.9838515980006,branch,branch,0.6844746388893416,0.4977308169726826
10620,ascending_neuron,AN08B007,AN08B007_L,L,CA,T3,,gaba,2.0,2.675169741701849,1.845570888374041,0.2110510206268736,3,11216,2441,8775,6903,180,4973,3000,1973,949,183,229.6096795206669,167.8135034823314,branch,branch,0.9509625309670616,0.4179167633438166
10643,descending_neuron,DNge059,DNge059_R,R,xl,,,acetylcholine,2.0,0.6447711960301483,0.9060619096351928,0.02257558779912454,3,17079,9053,8026,8528,239,8889,484,8405,768,193,188.9553816038949,119.4991215054045,branch,branch,0.666310990244979,0.4629287339173134
10649,descending_neuron,DNp38,DNp38_L,L,xn,,,acetylcholine,2.0,0.3135134278572829,0.6318051077297232,0.3879642558886471,3,20085,14794,5291,7846,564,2314,419,1895,728,115,158.2080450506862,217.4031532461262,branch,branch,0.5564031836605218,0.6750701817083491
10654,descending_neuron,DNb01,DNb01_L,L,xn,,,glutamate,2.0,1.663688377248042,1.455429088629356,0.1468667550405643,3,18445,8905,9540,9904,322,8170,145,8025,941,298,107.5174401387417,168.6180205729231,branch,branch,0.8444881606206119,0.3269855914957217
10662,descending_neuron,DNge003,DNge003_L,L,xl,,,acetylcholine,2.0,1.291326520998224,1.282251142210534,0.2325609389438866,3,13870,7171,6699,7344,265,5214,244,4970,733,148,152.3409060834318,119.3803249101634,branch,branch,0.7926557005933673,0.3427985577977798
10664,descending_neuron,DNp33,DNp33(SAD095)_R,R,ut,,,acetylcholine,2.0,1.240164003030598,1.256592953432263,0.1266195494047536,3,5885,5827,58,2885,141,2712,102,2610,595,101,12.33807212559654,248.8998168059895,branch,branch,0.7846849986980817,0.3329207125980764
10668,descending_neuron,DNge006,DNge006_R,R,xn,LB,,acetylcholine,2.0,1.06432,1.164102363305104,0.1165801640808121,3,11571,8102,3469,5304,216,3294,238,3056,458,96,181.0732615689869,119.8635101771579,branch,branch,0.7552550284635654,0.3984571573900649
10671,ascending_neuron,AN02A002,AN02A002_L,L,BA,T2,,glutamate,2.0,2.401664,1.748683384139859,0.2860450592718646,3,77161,26647,50514,22746,2298,6428,5514,914,1483,180,155.2131427330221,159.2357337758074,branch,branch,0.9256645495148504,0.3397006795535543
10672,descending_neuron,DNae009,DNae009(PS009)_R,R,xn,,,acetylcholine,2.0,1.492994979743658,1.378745896929778,0.1147300042600269,3,28114,20421,7693,14254,538,7782,176,7606,1566,352,161.366105729931,187.3979560823573,branch,branch,0.8219400765844134,0.4243181124122619
10674,descending_neuron,DNp59,DNp59(CL247)_L,L,lt,,,gaba,2.0,0.7776301828203351,0.9950424613786514,0.2932319557122148,3,19677,13192,6485,7688,485,6958,326,6632,1242,298,164.2347571541682,145.728492232772,branch,branch,0.6982627056312969,0.4439063505571352
10676,descending_neuron,DNg49,DNg49_L,L,nt,GNG,,gaba,2.0,1.293509992130289,1.283334747246545,0.100901971894934,3,8953,4442,4511,3986,131,7945,92,7853,788,252,170.9924224135134,146.2983943151356,branch,branch,0.7929905586769662,0.4001192867390757
10680,descending_neuron,DNp48,DNp48(SMP462)_L,L,xn,CG,potentially sexually dimorphic,acetylcholine,2.0,0.6204807219204397,0.8888310255019937,0.1938952991431008,3,24514,11372,13142,10866,480,4664,436,4228,1168,208,166.8446882630782,154.1911311067271,branch,branch,0.6599448480713952,0.4864585583295203
10686,descending_neuron,DNge132,DNge132_L,L,xn,LB,,acetylcholine,2.0,0.8059843627388655,1.013020810781937,0.05244029463491839,3,17746,8952,8794,8891,350,7977,212,7765,2333,308,210.6460088524856,143.9959031620841,branch,branch,0.7045425446934692,0.5033647927803515
10689,ascending_neuron,AN12B001,AN12B001_L,L,BA,T1,,gaba,2.0,5.385088,2.618493267793291,0.05454087380206889,3,19648,8368,11280,9536,469,5056,4792,264,1545,228,222.659919670526,170.3385242367936,branch,branch,1.132723135288899,0.3469501342948082
10692,ascending_neuron,AN05B101,AN05B101_R,R,BA,T1,,gaba,4.0,1.437188423850999,1.352732469663788,0.1107120167155034,3,23400,48,23352,8821,616,8349,1252,7097,1392,296,200.0946384260994,133.4410507545929,branch,branch,0.8141491940272718,0.4096739168048845
10700,descending_neuron,DNpe001,DNpe001(IB111)_L,L,xn,,,acetylcholine,2.0,0.162816,0.4553062372904639,0.009448418713566643,3,10804,2666,8138,4141,265,4943,23,4920,800,262,335.0352269996105,155.5494372693039,branch,branch,0.4723346867130629,1.038637809310283
10703,descending_neuron,DNge036,DNge036_R,R,fl,,,acetylcholine,2.0,0.6082594710112941,0.880034097039013,0.02733439659098722,3,16509,6116,10393,7759,270,11554,176,11378,1327,270,172.0320644315272,116.2275366036859,branch,branch,0.6566709279000528,0.4389711631623915
10705,descending_neuron,DNc02,DNc02(SIFa)_L,L,xn,,,unclear,2.0,0.6238050091874557,0.8912088452777779,0.1433680249831926,3,6245,1768,4477,4614,89,1767,176,1591,1117,23,225.2869484068111,132.2953671751564,branch,branch,0.6608270077608142,0.5411133494583111
10706,sensory_descending,DNx01,DNx01_L,,,,,acetylcholine,,7.03488,2.992839355606395,0.1222203852445745,3,11193,6847,4346,5254,252,2193,1390,803,558,76,107.46752610047,136.9749736688165,branch,branch,1.210987730840876,0.2018538202691389
10710,descending_neuron,DNg102,DNg102_R,R,xn,,,gaba,4.0,0.6114763589062178,0.882358136376646,0.1649862766032366,3,21047,16221,4826,10320,541,5079,252,4827,945,223,167.8524194633506,142.237082412184,branch,branch,0.6575374413860829,0.4715921594090045
10711,descending_neuron,DNb07,DNb07(PS067)_L,L,xn,,,glutamate,2.0,0.2310749360324003,0.5424147364827031,0.4304642234271504,3,13392,9182,4210,5131,332,2891,118,2773,659,161,193.9103841040429,176.7779537885973,branch,branch,0.5155416771479533,0.7190269076660079
10712,descending_neuron,DNp36,DNp36(CL342)_L,L,xn,,sexually dimorphic,glutamate,2.0,0.7709276515247765,0.9907449581255282,0.2320719595490467,3,22568,12417,10151,10376,508,7924,385,7539,1197,310,164.5421911590392,143.7167125882247,branch,branch,0.6967532055767729,0.4424219383276277
10713,descending_neuron,DNp42,DNp42_L,L,xn,,,acetylcholine,2.0,1.689856,1.466830421046681,0.08207090002797421,3,25315,17981,7334,11938,504,8820,374,8446,1374,289,182.6646257900761,139.7277974269471,branch,branch,0.8477894233315685,0.3802741746294896
10717,descending_neuron,DNg93,DNg93_R,R,xl,,,gaba,2.0,1.58853441154302,1.422176089993491,0.07581993027690719,3,25655,18196,7459,12057,441,6352,624,5728,897,204,173.903605315644,111.7912589221076,branch,branch,0.8347851724227081,0.3422375883948799
10724,descending_neuron,DNp62,DNp62(DSKMP1B)_L,L,xn,,,unclear,2.0,0.8657500279489497,1.049908172860929,0.3218683266523068,3,3684,563,3121,2887,42,4174,150,4024,1086,171,159.2441565963039,149.6697341081031,branch,branch,0.71725518799229,0.4306889596283095
10727,descending_neuron,DNpe002,DNpe002(VES068)_L,L,xl,,sexually dimorphic,acetylcholine,2.0,1.386323989130711,1.328579137566228,0.2323368972248951,3,18382,12341,6041,9453,269,7405,160,7245,1236,230,197.4261971156879,159.6454914747645,branch,branch,0.8068480510030692,0.4425513430274049
10732,descending_neuron,DNpe056,DNpe056(PVLP146)_R,R,xn,,,acetylcholine,2.0,0.9362034174358994,1.091792660259075,0.1100780590697,3,23997,17627,6370,10885,420,7879,447,7432,1514,398,175.6159725360667,149.1980222205627,branch,branch,0.7314221787223482,0.4440855147761803
10734,descending_neuron,DNg93,DNg93_L,L,xl,,,gaba,2.0,1.649114113678135,1.449040131713363,0.05890203977460554,3,22786,15565,7221,10933,358,7335,545,6790,929,212,159.6550496463744,121.281003474728,branch,branch,0.8426325797994922,0.3334027900843239
10739,descending_neuron,DNg24,DNg24_L,L,xn,MD,,gaba,2.0,1.123155449229178,1.195845279642553,0.0801932592901585,3,16172,5977,10195,7822,328,4344,121,4223,863,120,172.3070198506354,140.7959567664038,branch,branch,0.7654829763128969,0.4090267011882653
10740,descending_neuron,DNge143,DNge143_L,L,nt,GNG,,gaba,2.0,0.2156358633141436,0.5239810191549633,0.284558195422888,3,13148,2742,10406,4702,204,5824,395,5429,830,231,156.726551389853,140.7704930255079,branch,branch,0.5067057325370732,0.5871199501252822
10752,descending_neuron,DNp03,DNp03_L,L,ut,,,acetylcholine,2.0,2.095949557415394,1.633599051258124,0.1607033821075697,3,10203,5456,4747,4929,225,11492,353,11139,1342,387,169.7968214432545,187.0764839537779,branch,branch,0.894686277483052,0.3988809422683837
10759,descending_neuron,DNb01,DNb01_R,R,xn,,,glutamate,2.0,1.80326115627196,1.515250280861321,0.05510706881432247,3,19394,8774,10620,10435,308,7889,216,7673,1012,298,195.6041879842747,160.8459207298821,branch,branch,0.8616685195723744,0.4136742849687192
10760,descending_neuron,DNa01,DNa01(VES006)_R,R,xl,,,acetylcholine,2.0,2.006150175509003,1.59822080331081,0.1688303387102924,3,19688,18255,1433,11296,266,13804,688,13116,1121,309,207.8812284392197,156.2207278243058,branch,branch,0.884945305441131,0.4114400675666917
10763,descending_neuron,MDN,MDN_R,R,xn,,,acetylcholine,4.0,0.3615333444604738,0.6784677965146426,0.04907173302743405,3,9968,7543,2425,4729,175,5156,261,4895,849,240,218.5130667367962,156.6790191057854,branch,branch,0.5765840964613703,0.650715287059116
10765,descending_neuron,pMP2,pMP2_R,R,xn,,male-specific,acetylcholine,2.0,1.373838406830306,1.322582847179072,0.1671752417744598,3,13310,11349,1961,4952,253,8542,795,7747,900,257,208.9197067615762,151.629953938912,branch,branch,0.805025213963976,0.4478737491029969
10770,descending_neuron,DNp23,DNp23_L,L,xn,CG,,acetylcholine,2.0,0.1202249712879964,0.3912482430740444,0.3948239207725201,3,15903,3160,12743,6031,327,5504,103,5401,854,230,175.0759014969439,149.5657789340745,branch,branch,0.4378488770184089,0.741446872358586
10775,ascending_neuron,AN01A089,AN01A089_R,R,XA,T1,,acetylcholine,2.0,0.4718808251439564,0.7751240719881843,0.2853569775784924,3,28053,64,27989,14440,464,8852,87,8765,2027,279,269.7066362073065,93.42884496978321,branch,branch,0.616287915891761,0.5892302474430918
10783,descending_neuron,DNp09,DNp09_L,L,xl,CG,,acetylcholine,2.0,0.9183771883788036,1.081348303381749,0.185348828895901,3,21303,11963,9340,10087,406,8640,151,8489,1177,366,169.2875646453847,148.6614870320918,branch,branch,0.7279152894788354,0.4367940284715246
10797,ascending_neuron,AN12B001,AN12B001_R,R,BA,T1,,gaba,2.0,4.032384,2.265875276434552,0.1029690470886355,3,18731,7210,11521,9280,428,5452,5135,317,1662,238,203.0016406472837,176.4816638100649,branch,branch,1.053697720151719,0.3601443727169761
10800,descending_neuron,DNbe007,DNbe007(VES042)_L,L,xl,,,acetylcholine,2.0,0.2454477364380432,0.5590293053129239,0.4520645281206432,3,15541,5009,10532,7966,268,8102,348,7754,943,257,209.4837049036682,160.735720585528,branch,branch,0.5233778363699906,0.707365501101345
10805,descending_neuron,DNb02,DNb02_R,R,ut,,,glutamate,4.0,0.2823889646377205,0.5996238794223969,0.1661977365433288,3,8737,4997,3740,4050,150,2442,104,2338,401,100,156.9680201481407,166.1254096784081,branch,branch,0.5420476924745409,0.5960608896821823
10810,descending_neuron,DNp66,DNp66(AVLP499)_L,L,xn,,,acetylcholine,2.0,1.33056,1.301584268744371,0.2391209037573447,3,14839,10939,3900,6288,317,5772,150,5622,1111,259,214.6728330964092,159.2839921168272,branch,branch,0.7986089729553141,0.4682602348297946
10813,descending_neuron,DNp43,DNp43(CL332)_R,R,xl,,,acetylcholine,2.0,0.8020316708280815,1.010533739876274,0.3715806453851463,3,20265,13996,6269,8772,471,9091,179,8912,1193,269,187.0704539632665,153.6189969333646,branch,branch,0.7036771507867611,0.4841559094475585
10822,descending_neuron,DNge047,DNge047_R,R,xn,,potentially sexually dimorphic,unclear,2.0,1.23658659795975,1.254779246326571,0.03944824302815864,3,10591,3848,6743,7493,187,6121,1441,4680,1668,268,164.3964106454462,134.0882113773649,branch,branch,0.7841185055207023,0.3806626420895386
10823,descending_neuron,DNp48,DNp48(SMP462)_R,R,xn,CG,potentially sexually dimorphic,acetylcholine,2.0,0.3494287987513276,0.6670131667662155,0.1982410669546194,3,25127,11134,13993,11164,533,3669,416,3253,1083,165,173.3046266682543,154.1164226917308,branch,branch,0.5716961183316234,0.5727186854364089
10833,descending_neuron,DNge062,DNge062_R,R,xl,,,acetylcholine,2.0,0.1795169861639878,0.4780879895329564,0.4114900082070934,3,12405,3200,9205,5509,280,2923,53,2870,482,113,174.0611618755282,121.1288120570255,branch,branch,0.484007350017692,0.609887378614733
10834,descending_neuron,DNpe013,DNpe013(PS168)_L,L,xn,,,acetylcholine,2.0,0.5249663579784524,0.8175621851784494,0.2685613513395549,3,11658,5007,6651,6171,178,7454,252,7202,827,230,153.303876318624,174.3723349453214,branch,branch,0.6329340176807059,0.5177099067366719
10837,descending_neuron,DNa15,DNa15(PS017)_R,R,ut,,,acetylcholine,2.0,4.599552,2.419985845922597,0.0392723141662463,3,12783,9374,3409,6719,210,12140,474,11666,797,232,179.9697696099467,174.1658263618724,branch,branch,1.088941258517682,0.3252109268537453
10838,descending_neuron,DNde005,DNde005(VES028)_R,R,xl,,,acetylcholine,2.0,0.5444536508452168,0.8325982936155712,0.2117537002271481,3,13990,6193,7797,6098,293,4431,528,3903,736,170,186.6527827519694,136.1230554320304,branch,branch,0.6387277697670815,0.5053417957727175
10840,ascending_neuron,AN19B017,AN19B017_R,R,BA,T1,,acetylcholine,2.0,1.772294823376437,1.502183695175893,0.06421139074761349,3,38024,1270,36754,21893,535,4160,3420,740,1073,193,179.3935913716826,296.23897961561,branch,branch,0.8579452258950961,0.5543857074221307
10841,ascending_neuron,AN09B004,AN09B004_a_L,L,CA,T3,,acetylcholine,10.0,0.5913882425593422,0.8677435662210263,0.1292789885508825,3,18752,5333,13419,8380,392,6863,5713,1150,1198,253,280.3875607768444,226.7327096669897,branch,branch,0.6520692811721028,0.7777091868708782
10842,descending_neuron,CB0429,CB0429_L,L,xn,,potentially sexually dimorphic,acetylcholine,2.0,0.1318576902938982,0.4097394605839582,0.08508859960323033,3,11321,2877,8444,5495,264,4890,50,4840,1237,236,172.0335540284697,195.1579751684102,branch,branch,0.448076261016068,0.8194844519641097
10844,descending_neuron,DNge053,DNge053_L,L,xn,,,acetylcholine,2.0,0.5359826483589727,0.8260958196132729,0.05495014769972483,3,21815,12241,9574,10316,444,13411,422,12989,1420,424,175.0278105488713,124.8858838890989,branch,branch,0.6362286944256001,0.4713929080308744
10846,descending_neuron,DNge107,DNge107_R,R,xn,MD,,gaba,2.0,3.262464,2.038111424352177,0.1064449181267255,3,8999,8825,174,4188,183,8994,340,8654,1139,315,180.5594422686267,203.309513019886,branch,branch,0.9993370792343125,0.384123598798747
10853,descending_neuron,DNge049,DNge049_L,L,xl,,potentially sexually dimorphic,acetylcholine,2.0,1.757665272167269,1.495970899092312,0.1522492342447384,3,21941,19754,2187,11251,429,8073,323,7750,1230,332,162.4672696526921,121.3799257952778,branch,branch,0.8561692242513933,0.3315316498279375
10856,descending_neuron,DNge129,DNge129_R,R,xl,MD,,gaba,2.0,1.246499345884222,1.259798499628534,0.2064086946069531,3,24641,15891,8750,10549,542,8506,277,8229,1220,277,165.8748887893512,137.5717629630436,branch,branch,0.7856852199309731,0.3862191168354348
10873,descending_neuron,DNg39,DNg39_R,R,xl,LB,,acetylcholine,2.0,1.33672177941316,1.304594584481167,0.03017397634710481,3,9274,9145,129,4417,176,5140,342,4798,939,191,292.3407537908952,165.3505241366852,branch,branch,0.7995319545807857,0.5724490125820664
10884,descending_neuron,DNa15,DNa15(PS017)_L,L,ut,,,acetylcholine,2.0,5.196672,2.57227686912159,0.006499783750048379,3,14230,10796,3434,6792,259,12330,754,11576,920,245,195.9645966558524,167.7836439650891,branch,branch,1.122682353058771,0.3239992502152563
10885,descending_neuron,DNg88,DNg88_L,L,xl,LB,,acetylcholine,2.0,1.292455902168015,1.282811741631124,0.1605292425528726,3,25315,18393,6922,13673,354,12109,892,11217,1217,301,148.0096915949984,119.9233890964183,branch,branch,0.7928289559540889,0.3379456296080742
10888,descending_neuron,DNb06,DNb06_L,L,xl,,,acetylcholine,2.0,2.698585654508371,1.853630483719741,0.0494095703711585,3,10285,7053,3232,5556,178,7367,349,7018,554,147,196.649557014461,152.1681639036877,branch,branch,0.9530366923800325,0.3660066015370732
10895,descending_neuron,DNg90,DNg90(hb1467707486)_R,R,xl,MX,,gaba,2.0,0.8883200000000001,1.063505595838188,0.07078591864529825,3,12905,7236,5669,6335,187,5871,199,5672,793,192,180.6570932529374,161.3222885431186,branch,branch,0.7218848536717697,0.4737312052699598
10922,ascending_neuron,AN08B010,AN08B010_L,L,BA,T2,,acetylcholine,4.0,1.48336071469091,1.374290188079315,0.0643069066949473,3,10667,7042,3625,5861,240,3700,3449,251,976,195,180.1178176561451,210.4201814123703,branch,branch,0.8206108652454369,0.4759113187609442
10923,descending_neuron,DNg40,DNg40(hb5813056435)_R,R,lt,MX,,glutamate,2.0,0.822140228631422,1.023123379857549,0.07286892602856153,3,7692,2035,5657,3751,140,10614,158,10456,1135,387,92.44931379389254,242.3833920741168,branch,branch,0.7080469307399043,0.4728962040949904
10924,descending_neuron,DNa04,DNa04(PS015)_R,R,ut,,,acetylcholine,2.0,2.882711049116536,1.915824027352242,0.1492142846989936,3,13435,10566,2869,6721,251,8712,366,8346,1049,272,186.9604201778816,4.096000000000004,branch,branch,0.9688930660308176,0.1971904092167428
10930,descending_neuron,pMP2,pMP2_L,L,xn,,male-specific,acetylcholine,2.0,1.744199004009759,1.490229225922277,0.05583259565280552,3,13277,11940,1337,5284,222,8856,874,7982,896,258,172.1763660497729,151.1043867173664,branch,branch,0.8545246167910646,0.3783164889750426
10931,descending_neuron,DNpe045,DNpe045(DNp23)_L,L,xn,CG,,acetylcholine,2.0,0.884688299871371,1.061329415478884,0.1628163392244457,3,25586,15203,10383,12875,508,7994,162,7832,1368,349,171.824406230189,162.9642412373785,branch,branch,0.7211459031185389,0.4642453711791195
10952,descending_neuron,DNge107,DNge107_L,L,xn,MD,,gaba,2.0,4.863744,2.488515862169333,0.08982435603474008,3,8811,8660,151,4129,177,8744,437,8307,1221,311,10.02921166104809,186.7911959510846,branch,branch,1.104252132650407,0.1782386483961119
10957,descending_neuron,DNp69,DNp69(CL304)_R,R,xn,CG,,acetylcholine,2.0,1.530068591614075,1.395759233177512,0.1057594445434945,3,20785,16134,4651,10075,437,11920,298,11622,1527,414,217.9384888364997,152.1568042433479,branch,branch,0.8269957824904435,0.4475177514996871
10959,descending_neuron,DNg98,DNg98_R,R,xn,MX,,gaba,2.0,1.103547420866066,1.185360795596502,0.06832902260773165,3,58894,45262,13632,23245,1359,8588,1578,7010,1888,347,214.2526689226292,134.0092460502472,branch,branch,0.7621199314033756,0.4569647120126923
10967,descending_neuron,DNg70,DNg70_R,R,xn,MX,,gaba,2.0,0.5372980298018917,0.8271088796839631,0.1482938604607766,3,34060,17171,16889,12559,808,5223,1257,3966,1460,216,220.7024367455595,133.64780522348,branch,branch,0.636618685749281,0.5566130085421227
10968,descending_neuron,DNp34,DNp34_L,L,xl,,,acetylcholine,2.0,1.105793144041954,1.186566289463526,0.09464665313792725,3,16686,9965,6721,8383,288,4613,408,4205,910,139,155.8804575588381,135.5409239906218,branch,branch,0.7625073651035299,0.3821882841877756
10971,descending_neuron,DNa11,DNa11(VES008)_L,L,xl,,,acetylcholine,2.0,0.3798462779391257,0.6954389275792364,0.07160797659219889,3,18053,8940,9113,8565,333,13027,711,12316,1309,403,209.9345544935736,166.6462955332627,branch,branch,0.5837508668206205,0.6451054232739237
10975,descending_neuron,DNa03,DNa03_R,R,it,,,acetylcholine,2.0,0.1383433089928691,0.4196953320674852,0.370041567399048,3,16406,1553,14853,8816,199,16796,32,16764,919,342,215.5647591326946,179.9193167181473,branch,branch,0.4534872795493471,0.8720951913885084
10976,descending_neuron,DNge146,DNge146_R,R,fl,,,gaba,2.0,0.3219274570546208,0.6402271228696689,0.08507740585732593,3,8170,2410,5760,4004,143,5305,114,5191,523,151,202.9298579975799,173.612831927004,branch,branch,0.5600993574412827,0.6722783822583803
10979,descending_neuron,DNge103,DNge103_L,L,xl,LB,sexually dimorphic,gaba,2.0,1.435175333190314,1.351784741682776,0.1955890594326417,3,12324,12136,188,5731,268,4402,134,4268,699,169,199.6635778448947,181.5756071589801,branch,branch,0.8138639465073757,0.468431101586363
10985,descending_neuron,DNbe004,DNbe004(PS066)_R,R,xn,,,glutamate,2.0,2.687171425321088,1.849706171855725,0.1171478706408035,3,15923,11310,4613,7626,307,9913,391,9522,1321,442,173.3232205869205,185.8075683919673,branch,branch,0.9520273232472402,0.3772273969553099
10989,descending_neuron,DNp03,DNp03_R,R,ut,,,acetylcholine,2.0,2.358727053155912,1.732981407665629,0.07677559272491398,3,9548,5210,4338,4659,214,8831,399,8432,1220,346,190.3461521919653,162.4706096773864,branch,branch,0.9214992619401049,0.3828725387435892
10997,ascending_neuron,AN06B009,AN06B009_L,L,BA,T1,,gaba,2.0,1.832441210586172,1.527460838359101,0.09906128839895476,3,59731,138,59593,22960,1664,3799,2262,1537,1333,148,137.5366127990008,233.3334417941899,branch,branch,0.8651334063576319,0.428685393336758
11002,descending_neuron,DNae002,DNae002(DNa04)_L,L,ut,,,acetylcholine,2.0,4.597650425364783,2.419485551608623,0.05485872274024545,3,12561,8655,3906,6680,210,12130,393,11737,1136,379,29.09592756867929,168.7357107833741,branch,branch,1.088828691892451,0.1816921613336713
11006,descending_neuron,DNge129,DNge129_L,L,xl,MD,,gaba,2.0,2.187053234912303,1.668724862022288,0.2524332369257986,3,23462,14292,9170,10044,474,7960,227,7733,1178,292,168.7254379441891,144.3548741225402,branch,branch,0.9042539368954504,0.3462305214192586
11011,ascending_neuron,AN07B018,AN07B018_R,R,BA,T1,,acetylcholine,2.0,1.129263151115071,1.199092365254632,0.1147258325120302,3,15126,1681,13445,7732,261,3999,3632,367,909,210,393.1338379732576,199.8520745228966,branch,branch,0.7665215319707397,0.7736063342820619
11014,ascending_neuron,AN01A089,AN01A089_L,L,XA,T1,,acetylcholine,2.0,0.0140852407879079,0.1339174580414406,0.9302846223916471,3,28481,41,28440,14323,515,8337,36,8301,1967,257,230.2762207296022,126.3590469693818,branch,branch,0.2561631402842842,1.392219299401147
11020,descending_neuron,DNp05,DNp05_R,R,xn,CG,,acetylcholine,2.0,1.979058768704504,1.587392795016235,0.1344486722211909,3,9739,8116,1623,4655,213,5778,318,5460,834,235,183.3344982342449,166.5107320392669,branch,branch,0.8819424411819373,0.3966758077824964
11028,descending_neuron,DNb09,DNb09(DNb01)_L,L,xn,,,glutamate,2.0,1.128537002267542,1.198706777733366,0.08788155171440792,3,20129,11539,8590,9819,307,9758,97,9661,1086,326,173.7537775101063,209.1350100350862,branch,branch,0.7663982783705542,0.4995950517520152
11036,descending_neuron,DNg80,DNg80_L,L,xn,LB,,glutamate,2.0,0.4754613360626909,0.7780592362202461,0.1792894856178026,3,9811,5564,4247,4120,216,2393,253,2140,692,101,201.172491267078,152.9661075675031,branch,branch,0.6174536628346459,0.5735468427035948
11048,descending_neuron,DNge068,DNge068_R,R,fl,,,glutamate,2.0,0.7593946671375567,0.9833063206654034,0.09209304557337052,3,6106,5275,831,2736,131,2172,205,1967,328,95,230.0395659063919,146.8932788584162,branch,branch,0.6941326221451111,0.5430271287350745
11057,descending_neuron,DNbe004,DNbe004(PS066)_L,L,xn,,,glutamate,2.0,1.095932204993456,1.181263823938781,0.1280955564839843,3,14571,10028,4543,7058,296,9653,358,9295,1344,438,197.2540982577119,168.7254444370676,branch,branch,0.7608017308931431,0.481044571579954
11063,descending_neuron,DNge032,DNge032_L,L,xl,MD,,acetylcholine,2.0,0.9286743143143329,1.087393609124507,0.2858774130897918,3,17799,13797,4002,6614,518,2853,244,2609,795,139,159.4437376625077,121.6423310273243,branch,branch,0.7299471682738473,0.3850772780645674
11064,ascending_neuron,AN19B017,AN19B017_L,L,BA,T1,,acetylcholine,2.0,2.135783754310759,1.649049524723678,0.08616875030638557,3,35405,952,34453,20617,517,3986,3302,684,997,176,170.0761158381735,327.5973289918957,branch,branch,0.8989072628000077,0.5536427008942674
11065,descending_neuron,DNp14,DNp14(SMP585)_R,R,xn,,,acetylcholine,2.0,0.3908379940648617,0.7054292236846648,0.09945355835036147,3,14143,10517,3626,6925,309,4258,138,4120,915,139,208.1244861485364,150.6658010358366,branch,branch,0.5879288388959039,0.6102614184705759
11066,descending_neuron,DNa13,DNa13(LAL041)_R,R,xl,,,acetylcholine,4.0,1.982964971546083,1.588958595306092,0.2037719346567776,3,16982,15529,1453,9696,266,12748,691,12057,1099,375,236.7685137434448,156.1762407529933,branch,branch,0.8823773068818038,0.445325091014692
11067,descending_neuron,DNb06,DNb06_R,R,xl,,,acetylcholine,2.0,2.591488010541367,1.816475987930565,0.02346238164710205,3,13518,8114,5404,6888,276,876,406,470,265,28,170.7154867783535,138.2469965344282,branch,branch,0.9434369263951761,0.3274861039129678
11072,descending_neuron,DNp12,DNp12(WED105)_L,L,xn,,,acetylcholine,2.0,1.2922779934381,1.282723447995084,0.1189890350316122,3,20736,17016,3720,9644,411,7594,574,7020,1209,311,168.5421824056106,138.4661656263622,branch,branch,0.7928016709856198,0.3872448296561947
11074,descending_neuron,DNg13,DNg13_L,L,xl,,sexually dimorphic,acetylcholine,2.0,1.661458571119054,1.454453421285109,0.06572916431810248,3,15479,15177,302,8249,228,6500,405,6095,866,247,338.9136995875917,125.039551918598,branch,branch,0.8442050559133742,0.5495741209512454
11075,descending_neuron,DNg99,DNg99_L,L,xn,MD,,gaba,2.0,3.959680000000001,2.245355464174198,0.04543481869886531,3,9666,7958,1708,4600,165,7891,356,7535,1286,292,194.589720658518,166.8366444046574,branch,branch,1.04891571512937,0.344571408217102
11078,descending_neuron,DNg96,DNg96_L,L,xl,MX,potentially sexually dimorphic,glutamate,2.0,1.513931915662901,1.388379624979661,0.1321854153557199,3,13745,11206,2539,7583,218,9839,229,9610,983,230,169.762496304447,22.70958108758995,branch,branch,0.82480665385291,0.2333541763914541
11088,descending_neuron,DNp55,DNp55(WED180)_R,R,xn,,,acetylcholine,2.0,2.472621456742236,1.77432787778496,0.1437844958774242,3,18591,13627,4964,8380,416,8097,365,7732,1046,264,195.6193952100528,174.6913241094499,branch,branch,0.9324272948142553,0.3971470176591846
11097,descending_neuron,DNge067,DNge067_L,L,xl,,,gaba,2.0,1.36773892937984,1.319643623013481,0.08167215256049164,3,9750,6663,3087,5497,151,2644,168,2476,794,111,199.1542473101896,122.418125962291,branch,branch,0.8041301979633682,0.399900879343832
11098,descending_neuron,DNg78,DNg78_L,L,xn,,,acetylcholine,2.0,0.4161152042619009,0.727883461298443,0.3761555324526137,3,4789,2487,2302,2101,84,3708,281,3427,568,147,162.5589351096615,120.8866270649405,branch,branch,0.5972126053896024,0.4746141652346591
11103,descending_neuron,DNge141,DNge141_R,R,xn,MX,,gaba,2.0,0.8332988393281342,1.030043219876959,0.365093144636403,3,16085,7552,8533,7902,343,3423,124,3299,738,127,173.3741527940795,153.0497709210668,branch,branch,0.710437314433659,0.4594690018152586
11111,descending_neuron,DNbe003,DNbe003(hb5813024933)_L,L,xl,,,acetylcholine,2.0,0.5569200796338022,0.8420764030934561,0.04472161723279002,3,14031,6272,7759,7137,214,6905,273,6632,848,241,71.15148139797907,157.6682201878021,branch,branch,0.642353047409128,0.3562210882453262
11116,descending_neuron,pIP10,pIP10_R,R,xn,,male-specific,acetylcholine,2.0,0.7553923601641857,0.980711692982126,0.1746752823118227,3,15065,11676,3389,4689,305,11115,894,10221,1219,369,211.2061559606507,150.2296699864769,branch,branch,0.6932162213633216,0.5213897407598248
11127,descending_neuron,DNge059,DNge059_L,L,xl,,,acetylcholine,2.0,1.018064908867592,1.138525582091776,0.1852162332214189,3,18385,11561,6824,9106,243,9291,590,8701,759,190,193.0358830190732,113.6589866614779,branch,branch,0.7469119996525496,0.4106171407384271
11131,descending_neuron,DNg70,DNg70_L,L,xn,MX,,gaba,2.0,0.7413281333778451,0.9715391371640031,0.1004046447045969,3,25653,15708,9945,10497,634,5295,1216,4079,1448,223,222.3694075454494,146.8149791152957,branch,branch,0.6899667942809722,0.535075585841025
11133,descending_neuron,DNp70,DNp70(CL305)_R,R,xn,CG,,acetylcholine,2.0,0.2341429876438393,0.5460037646304033,0.2571627213283726,3,12093,4819,7274,4492,313,11695,353,11342,1942,558,230.688367924247,142.5261866542259,branch,branch,0.517244472825856,0.7215438234448286
11137,descending_neuron,DNp04,DNp04_R,R,lt,CG,,acetylcholine,2.0,2.3994438009655,1.747874919082862,0.05850799595579301,3,16839,4455,12384,7569,342,9326,261,9065,877,253,220.752811460332,162.5942417902637,branch,branch,0.925450544519048,0.4142274868397416
11158,descending_neuron,DNge026,DNge026_R,R,xn,,,glutamate,2.0,0.732672,0.9658503837138551,0.1599302011567534,3,11924,3113,8811,5241,185,7401,333,7068,652,196,92.00196633802878,132.1437672713431,branch,branch,0.6879438116734454,0.3258198268607579
11159,descending_neuron,DNp71,DNp71(DNp09)_R,R,xl,CG,,acetylcholine,2.0,0.4661275402078252,0.7703843307614275,0.1694676183070094,3,19784,9859,9925,9910,347,5779,178,5601,968,289,187.6310306477077,141.551014184516,branch,branch,0.6144007829365938,0.5357773850138391
11160,descending_neuron,DNd02,DNd02(SAD039)_L,L,xl,,,unclear,2.0,0.01462812647834844,0.1364738403417327,0.5440854734046103,3,23049,18031,5018,11736,576,4802,2055,2747,1746,156,191.8463145294592,130.1510209775441,branch,branch,0.2585965617858231,1.245172531619699
11172,descending_neuron,DNg32,DNg32_R,R,ut,MX,,acetylcholine,2.0,0.6239619871153341,0.8913209727178956,0.197074359151293,3,19148,10454,8694,7737,575,1787,135,1652,504,92,181.1586682795313,126.0285867834633,branch,branch,0.6608685774280456,0.4648235149241011
11173,descending_neuron,DNg103,DNg103_R,R,xl,,,gaba,2.0,0.4312758969584076,0.7410246464852379,0.1356277793196789,3,7527,4483,3044,3696,150,4001,732,3269,1094,181,288.343695905018,189.9423639509969,branch,branch,0.602579519049367,0.7937310259242825
11177,descending_neuron,DNp09,DNp09_R,R,xl,CG,,acetylcholine,2.0,0.6083569373216976,0.8801046016877517,0.1005323009619627,3,17931,11848,6083,8695,377,7300,95,7205,1229,382,181.9263065772384,135.7849344867504,branch,branch,0.656697232236438,0.4838017056688304
11179,descending_neuron,DNge051,DNge051_R,R,fl,,,gaba,2.0,0.2015942705827877,0.506633790126602,0.1047386528086505,3,7955,1268,6687,4729,120,4419,40,4379,538,141,183.8311473916428,121.2865703547573,branch,branch,0.4982474858562108,0.6123818512040702
11182,descending_neuron,DNp101,DNp101(CL334)_R,R,xn,,,acetylcholine,2.0,0.07010560911919836,0.2987661859018008,0.2607333794189302,3,13370,1163,12207,5910,247,5472,40,5432,796,186,170.5834055880959,149.8221200615763,branch,branch,0.3826165588312695,0.8374063229996487
11198,descending_neuron,DNg19,DNg19_R,R,xl,,,acetylcholine,2.0,0.8267992828305647,1.026018295381982,0.1924319097582754,3,10320,8617,1703,5089,171,2304,126,2178,549,110,212.9979479238268,141.9330514851269,branch,branch,0.7090479283780264,0.5005740588240228
11201,descending_neuron,DNpe007,DNpe007(hb1343489608)_L,L,xl,CG,,acetylcholine,2.0,0.2295066909817006,0.540570989546437,0.2511619227829617,3,11519,5092,6427,5231,234,3280,644,2636,891,175,209.6795584512689,173.4777799232191,branch,branch,0.514664730555489,0.7444794943709042
11204,descending_neuron,DNp49,DNp49_L,L,xn,,,glutamate,2.0,1.787576004880123,1.508645902335292,0.3550753481367664,3,16183,14624,1559,5643,490,4202,451,3751,875,181,165.9287979998434,136.2725941405143,branch,branch,0.859788632248818,0.3514833539377412
11215,descending_neuron,DNp15,DNp15_R,R,ut,,,acetylcholine,2.0,4.209167385270694,2.315011525961837,0.03764831962422015,3,6008,5962,46,3127,107,4192,151,4041,332,91,204.9041342126059,141.7247130526297,branch,branch,1.065061335192157,0.3254543525445858
11222,descending_neuron,DNg111,DNg111(hb1573072464)_L,L,xn,,sexually dimorphic,glutamate,2.0,0.6361724883254131,0.8999999830047135,0.1311900097169978,3,13917,7268,6649,6439,243,7159,175,6984,1212,284,205.9492376923369,165.9004344894008,branch,branch,0.6640783023652479,0.5599485344684815
11223,descending_neuron,DNg79,DNg79_L,L,xn,MD,,acetylcholine,4.0,0.5838155386651652,0.862169954625739,0.1217764654065735,3,8042,7890,152,4193,176,1925,95,1830,510,104,320.2346954909676,177.1794399877287,branch,branch,0.6499717515143347,0.7652857748352869
11232,descending_neuron,DNde003,DNde003(LAL106)_L,L,xl,,,acetylcholine,4.0,0.07871096282711453,0.3165721252347743,0.167444403753979,3,6534,1652,4882,3321,120,3950,164,3786,524,143,206.7521784475217,162.5465955668072,branch,branch,0.3938531977336726,0.9376558985412945
11233,descending_neuron,DNa11,DNa11(VES008)_R,R,xl,,,acetylcholine,2.0,0.2750697222468015,0.5918020344033511,0.2138663430870706,3,18412,8895,9517,8426,352,12903,678,12225,1377,417,207.8401886177988,163.1073950044489,branch,branch,0.5385006934606881,0.6888525644012524
11239,sensory_descending,DNx01,DNx01_R,,,,,acetylcholine,,7.310720000000001,3.05095031170392,0.03013805132140333,3,10530,7100,3430,5072,252,1950,1509,441,523,77,211.3372089668457,130.1033749609657,branch,branch,1.222687880341881,0.2792540839059758
11241,descending_neuron,DNge143,DNge143_R,R,nt,GNG,,gaba,2.0,0.7755048392409226,0.9936817541119631,0.205470170768094,3,13382,2872,10510,4900,205,5872,403,5469,847,253,161.3180009401623,127.8893366857407,branch,branch,0.6977851098403159,0.4144647593470236
11246,descending_neuron,DNbe006,DNbe006_L,L,xn,,,acetylcholine,2.0,0.3616434886783691,0.678571139145545,0.3605962754855223,3,11529,6946,4583,5696,228,3351,190,3161,632,148,169.4546369172918,165.7964272506959,branch,branch,0.5766280067611328,0.5813992040571573
11251,descending_neuron,DNpe043,DNpe043(CL207)_L,L,xn,CG,,acetylcholine,2.0,0.339072,0.657053939119492,0.2046349662353297,3,13413,8356,5057,6659,268,2463,100,2363,738,109,171.5026720001048,158.4417994992175,branch,branch,0.5674120461961933,0.5814900718291021
11256,descending_neuron,DNge040,DNge040_R,R,xl,MD,,glutamate,2.0,0.7852772831838052,0.9999230423046633,0.2966900654847058,3,13010,8400,4610,5648,261,5773,113,5660,631,159,190.1025499421243,174.6851026593958,branch,branch,0.6999730642883946,0.5211452714575094
11257,descending_neuron,DNp45,DNp45(PVLP117)_R,R,xn,,,acetylcholine,2.0,0.3004693145840132,0.6185219586302779,0.2496752470179308,3,16924,6657,10267,6961,376,6727,210,6517,1057,284,216.5885623679183,167.6469910044879,branch,branch,0.5505231691117424,0.6979461990534606
11258,descending_neuron,DNd05,DNd05(CL124)_L,L,xl,,,acetylcholine,2.0,0.5064007214265384,0.8029753570332552,0.2310498641363251,3,15057,12162,2895,7815,268,5006,314,4692,898,242,72.08438869060757,148.4928994811315,branch,branch,0.6272622457523608,0.3516508281271907
11259,descending_neuron,DNp68,DNp68(CL138)_R,R,xn,CG,sexually dimorphic,acetylcholine,2.0,0.4198595791572108,0.7311510236735117,0.3535704257392203,3,17357,8918,8439,8321,293,5938,220,5718,1146,286,172.8312763695768,157.7602424220633,branch,branch,0.5985515864150898,0.552319175648092
11261,descending_neuron,DNp54,DNp54(PS163)_L,L,xn,,,gaba,2.0,0.4919526875780998,0.7914376892486101,0.3892497068437817,3,16177,7612,8565,7740,329,5004,146,4858,1075,236,176.0643730749455,142.8716674235872,branch,branch,0.622739486247515,0.5121500202602665
11288,descending_neuron,MDN,MDN_L,L,xn,,,acetylcholine,4.0,1.192605788129024,1.232263304138332,0.2754352189938037,3,9920,7989,1931,4923,177,5635,250,5385,864,251,220.0903589193679,168.9997688402035,branch,branch,0.7770514905897694,0.5007263128267836
11290,descending_neuron,DNp66,DNp66(AVLP499)_R,R,xn,,,acetylcholine,2.0,0.4944860412689955,0.7934728615795431,0.2916683780237758,3,14955,11083,3872,6359,304,6139,140,5999,1045,254,240.7885760778063,154.7334289104563,branch,branch,0.6235396556546954,0.6343173227258143
11297,descending_neuron,DNbe003,DNbe003(hb5813024933)_R,R,xl,,,acetylcholine,2.0,0.5743601839922801,0.8551596922097854,0.3360197606047309,3,14440,5700,8740,7398,214,7182,312,6870,867,257,197.0089775725752,156.340754238634,branch,branch,0.6473239136497235,0.5458623177057722
11298,descending_neuron,DNp49,DNp49_R,R,xn,,,glutamate,2.0,0.7808267561582757,0.9970855046223452,0.117179398639208,3,16880,14564,2316,6012,476,4233,465,3768,887,193,166.0058114598022,145.6270058698698,branch,branch,0.6989791822829555,0.4458399123015929
11302,descending_neuron,DNg104,DNg104_R,R,xn,,,unclear,2.0,0.3555722124522809,0.6728510993549885,0.1614822615504858,3,13926,2346,11580,9206,315,4833,539,4294,1285,156,205.8663388404385,151.8473297142872,branch,branch,0.5741925101252578,0.6229856054316903
11304,descending_neuron,DNge042,DNge042_L,L,xl,,,acetylcholine,2.0,0.5756349889054642,0.8561081889618997,0.3508440705440536,3,10780,2802,7978,4625,162,5538,196,5342,596,132,187.1838779453865,160.6452081581302,branch,branch,0.6476828024514243,0.5370361615084007
11310,descending_neuron,DNge048,DNge048_R,R,xl,,,acetylcholine,2.0,0.8394342780150607,1.033828282634493,0.1663420827785456,3,23915,16144,7771,11908,476,5294,330,4964,1194,254,164.0651806400601,114.9175607485366,branch,branch,0.71174142670699,0.391972043385706
11314,descending_neuron,DNae003,DNae003(PS040)_R,R,xn,,,acetylcholine,2.0,1.347993623610299,1.310083504068149,0.216128569160139,3,10736,8285,2451,5806,174,8146,355,7791,806,277,171.6065090677919,185.0264103897377,branch,branch,0.801212154796339,0.4451167113761305
11332,descending_neuron,MDN,MDN_R,R,xn,,,acetylcholine,4.0,0.6247559903673556,0.8918879036885171,0.06581499353731025,3,10232,8340,1892,4751,199,5507,316,5191,882,252,222.3684573966563,161.77506086476,branch,branch,0.661078719070107,0.5810858936765715
11334,descending_neuron,DNpe045,DNpe045(DNp23)_R,R,xn,CG,,acetylcholine,2.0,0.4888823430879142,0.7889640878660547,0.4296767808960574,3,22781,15673,7108,11461,465,7380,160,7220,1335,345,175.0154245746226,154.6215367984158,branch,branch,0.6217655531262299,0.5301627916111267
11352,descending_neuron,DNge027,DNge027_L,L,fl,,,acetylcholine,2.0,0.2257252298138605,0.5360991408717606,0.08981042890240738,3,19681,4168,15513,6543,457,4895,190,4705,667,145,163.1571001675656,125.8697673650852,branch,branch,0.5125315395438242,0.5639201595084227
11365,descending_neuron,DNbe007,DNbe007(VES042)_R,R,xl,,,acetylcholine,2.0,0.2607829444345843,0.5762283900039856,0.09737817651078601,3,14714,4602,10112,7311,241,8470,280,8190,1022,276,196.2245762484404,158.8137230475936,branch,branch,0.5313679620582642,0.6681590247194923
11369,descending_neuron,DNc01,DNc01_L,L,xn,,,unclear,2.0,0.00252351286424105,0.05668365170311102,0.4786217120766099,3,5296,931,4365,4017,62,2170,244,1926,1218,68,232.8161141286483,304.8155887491706,branch,end,0.1666583011269598,3.225952138251144
11373,descending_neuron,DNp102,DNp102(PS212)_R,R,xn,,,acetylcholine,2.0,1.987494059656409,1.590772149517575,0.08063497583344416,3,12169,10182,1987,6418,252,9779,338,9441,1065,335,176.9764808489331,172.9219282703484,branch,branch,0.8828807129299017,0.3963144782697983
11374,descending_neuron,DNg60,DNg60_L,L,xn,MD,,gaba,2.0,0.1959886736689998,0.4995403183283263,0.2287651561083879,3,8489,2069,6420,3628,146,3757,43,3714,509,134,212.1651707179651,163.1287846166713,branch,branch,0.494747163691597,0.7585570628325576
11380,descending_neuron,DNp14,DNp14(SMP585)_L,L,xn,,,acetylcholine,2.0,0.5565482009745998,0.8417952114570819,0.1527238615190018,3,12877,10300,2577,6419,272,4483,158,4325,973,151,171.2129230929445,126.2341939896792,branch,branch,0.642245789097889,0.4631359553177045
11392,descending_neuron,DNa08,DNa08_R,R,wt,,sexually dimorphic,acetylcholine,2.0,0.227584,0.5383019120800216,0.469046857842972,3,8157,6995,1162,2726,269,1515,305,1210,675,65,193.4030699951065,201.5338506752566,branch,branch,0.5135834274187696,0.7689829920238769
11410,descending_neuron,DNpe023,DNpe023(LAL201)_L,L,it,,,acetylcholine,2.0,0.04605609425326971,0.2421578833722183,0.06855291608662377,3,14216,1193,13023,6806,269,7446,26,7420,756,216,223.9951935559019,94.84099843447359,branch,end,0.3444667804772863,0.9255934390788058
11411,descending_neuron,DNg31,DNg31_R,R,xl,MD,,gaba,2.0,1.515762568097693,1.38921878843158,0.08635859553740849,3,13146,12236,910,6508,211,7110,530,6580,648,166,418.4609656662274,147.5826555732091,branch,branch,0.8250558807326169,0.6860670100755021
11420,descending_neuron,DNge141,DNge141_L,L,xn,MX,,gaba,2.0,0.4836517878521949,0.7847321722570549,0.2348274216374687,3,14605,6542,8063,7061,311,3078,84,2994,683,122,177.8456992724878,147.6677636032641,branch,branch,0.6200957703499975,0.5249406276259939
11421,descending_neuron,DNge048,DNge048_L,L,xl,,,acetylcholine,2.0,0.9314811276995416,1.08903563163083,0.06296814229751922,3,22058,14567,7491,11555,424,5000,278,4722,1172,234,159.8073362732765,124.0264259649765,branch,branch,0.7304980900037361,0.3885482605940849
11422,ascending_neuron,ANXXX127,ANXXX127_R,R,BA,T3,,acetylcholine,2.0,1.233717579379387,1.253322787274203,0.3359212065195762,3,8851,375,8476,5445,147,1267,940,327,426,57,296.8493704988244,234.9192693109478,branch,branch,0.7836632987223271,0.6785677480070328
11424,descending_neuron,DNge026,DNge026_L,L,xn,,,glutamate,2.0,0.895658236132047,1.067889266174666,0.1591310343703004,3,11803,3302,8501,5623,158,6717,340,6377,727,185,150.2452254410164,124.3597573924877,branch,branch,0.7233710945466278,0.3796184073481848
11425,descending_neuron,CB0429,CB0429_R,R,xn,,potentially sexually dimorphic,acetylcholine,2.0,0.6167657851140368,0.8861662301435445,0.4673407670920266,3,11698,3113,8585,5674,269,4997,71,4926,1274,247,217.5131200536273,201.4296985108501,branch,branch,0.6589548184590023,0.6357686548892615
11427,descending_neuron,DNge101,DNge101_R,R,xl,MD,,gaba,2.0,0.5973274219863601,0.8720899579904252,0.409965854970735,3,8294,6272,2022,3876,182,4427,159,4268,411,99,198.102827157083,158.9140231398059,branch,branch,0.6537002978546884,0.546147602301155
11431,ascending_neuron,AN05B102a,AN05B102a_L,L,BA,A1,,acetylcholine,2.0,1.119593140186258,1.193947343939155,0.0575685587299876,3,24370,4929,19441,10604,511,20035,18946,1089,3080,540,228.8875632008059,164.2599115342988,branch,branch,0.7648752829907539,0.5140020647521134
11438,descending_neuron,DNp33,DNp33(SAD095)_L,L,ut,,,acetylcholine,2.0,1.833711282506507,1.527990091104755,0.06470876797435203,3,6730,6579,151,3103,160,3302,97,3205,561,115,242.66979605008,239.1879553419592,branch,branch,0.8652832742179463,0.5568786150726746
11443,ascending_neuron,AN04B003,AN04B003(11443)_R,R,IA,T2,,acetylcholine,6.0,0.5984030834432839,0.8728748303917603,0.2521420292157351,3,18547,5573,12974,9056,266,2380,2234,146,487,73,161.817896154693,157.409803199153,branch,branch,0.6539943936242592,0.488119932626292
11458,descending_neuron,DNge043,DNge043(hb1499778528)_L,L,xl,LB,,acetylcholine,2.0,1.755779627625811,1.495168235929844,0.05967193755472157,3,8212,6029,2183,4564,129,5368,84,5284,642,179,177.0534997612848,143.6050211127968,branch,branch,0.8559395046413171,0.3746275515212422
11459,descending_neuron,DNpe006,DNpe006(CL330)_L,L,xl,,,acetylcholine,2.0,0.4007448536440227,0.7143137930970358,0.0549923875361155,3,12423,9549,2874,4938,361,1162,76,1086,418,62,166.6411220853939,143.4342654406011,branch,branch,0.5916196063498467,0.5241127646852121
11466,descending_neuron,DNge149,DNge149_M,M,xl,LB,,unclear,1.0,0.015469848869063,0.1403453716057909,0.149235693899401,3,23437,17024,6413,14166,569,7007,2509,4498,2206,277,163.1554529376961,122.2719247507179,branch,branch,0.2622388836287204,1.08842507922099
11475,descending_neuron,DNg27,DNg27_L,L,ut,,,glutamate,2.0,0.3208561678392316,0.6391609821203827,0.1976553412206066,3,21528,10737,10791,8092,588,3370,211,3159,822,102,174.2482124926067,164.6729058850445,branch,branch,0.5596328092946191,0.605613382111816
11479,descending_neuron,DNb04,DNb04_R,R,xn,,,glutamate,2.0,0.3262887185636456,0.6445492219188506,0.1593281496310524,3,12330,5283,7047,6647,253,5234,65,5169,956,220,173.7952626234948,223.7107378860453,branch,branch,0.5619867602890986,0.7073227139818278
11482,descending_neuron,DNge065,DNge065_R,R,fl,,,gaba,2.0,0.8090410328583673,1.0149399176053,0.2991191967333717,3,9498,5026,4472,4083,159,6212,287,5925,1402,237,197.5206415383783,142.8839455683801,branch,branch,0.7052095856031716,0.4826998867515499
11486,descending_neuron,DNd03,DNd03_L,L,xn,,,glutamate,2.0,0.8462798140373207,1.038035127124047,0.03834122953862169,3,34304,22475,11829,15579,868,4577,2084,2493,1568,156,182.063525690946,116.3793672647862,branch,branch,0.7131880623585781,0.4184631077092826
11491,descending_neuron,DNde005,DNde005(VES028)_L,L,xl,,,acetylcholine,2.0,0.5362679449247305,0.8263156503734062,0.1100982678642349,3,12770,6121,6649,5663,278,4483,605,3878,706,171,200.726574685817,168.5109701168412,branch,branch,0.6363133415880646,0.5802762894789255
11500,descending_neuron,DNge043,DNge043(hb1499778528)_R,R,xl,LB,,acetylcholine,2.0,1.720064,1.479882936003839,0.06720269634963456,3,7813,5185,2628,4327,118,5304,89,5215,649,188,171.9781561071477,151.0719625729506,branch,branch,0.85155307447151,0.3793658062717808
11502,descending_neuron,DNge132,DNge132_R,R,xn,LB,,acetylcholine,2.0,1.068831491024476,1.166566980944776,0.2593252944167249,3,17396,9027,8369,8771,320,8039,188,7851,2400,266,177.0433438517448,149.4119613698335,branch,branch,0.756054112258468,0.4317882806647242
11505,descending_neuron,DNp54,DNp54(PS163)_R,R,xn,,,gaba,2.0,0.2162499645706202,0.5247266016116311,0.6218720244838284,3,18467,5934,12533,9131,369,4564,76,4488,1071,218,174.4945383278281,156.1668082913633,branch,branch,0.5070661049505273,0.6521069805118463
11508,ascending_neuron,AN02A001,AN02A001_L,L,BA,T2,,glutamate,2.0,0.8491981083052093,1.039823356541142,0.2842773592917348,3,57189,31761,25428,15508,1627,7576,7020,556,1287,289,172.7429536598737,113.5053423762565,branch,branch,0.7138021047217215,0.4010191258090017
11513,descending_neuron,DNp07,DNp07_R,R,xn,CG,,acetylcholine,2.0,1.547232604431825,1.403566078553545,0.06220715251949563,3,17498,16876,622,8463,345,6083,365,5718,1045,229,352.3151693052122,177.407358455851,branch,branch,0.8293053590151441,0.6387544973664999
11527,descending_neuron,DNg101,DNg101_L,L,xl,,sexually dimorphic,acetylcholine,2.0,1.088207091651169,1.177093157720114,0.2946507066583401,3,17356,14933,2423,8371,315,4895,597,4298,1050,249,259.1021147715798,108.6226812676788,branch,branch,0.7594574690414572,0.4841940609306
11540,descending_neuron,DNge152,DNge152_M,M,ut,LB,,unclear,1.0,0.002280543092945295,0.05388578337011152,0.4166916462545893,3,8946,4250,4696,6404,181,4156,1096,3060,1139,163,159.1617514320033,117.3945793683449,branch,branch,0.1624931809380155,1.701956532599624
11554,descending_neuron,DNp63,DNp63(PS113)_L,L,xn,CG,,acetylcholine,2.0,0.7225171877976578,0.9591337004061634,0.2699838676888265,3,13020,7098,5922,5850,282,6177,764,5413,1083,265,178.6828724881898,184.0845936724926,branch,branch,0.6855476009724051,0.5291645184756246
11563,descending_neuron,DNae001,DNae001(DNa01)_R,R,xl,,,acetylcholine,2.0,0.5536305855806303,0.8395858233296601,0.1022743045654812,3,13979,9020,4959,6701,257,5917,203,5714,811,209,196.1419049084969,164.5227368304045,branch,branch,0.6414024114637654,0.5623063388798566
11568,ascending_neuron,ANXXX470,ANXXX470_M,M,XA,T1,,acetylcholine,2.0,0.2544194403307771,0.5691545417358396,0.2579820590546324,3,7478,13,7465,2257,240,1909,21,1888,326,58,151.5318726681983,96.1953929448863,branch,end,0.5280963221331515,0.4690948511294951
11573,descending_neuron,DNpe021,DNpe021(CL307)_L,L,xn,CG,,acetylcholine,2.0,1.115472885821927,1.191748374997142,0.1900161159050485,3,19794,15281,4513,8895,455,5797,201,5596,1370,278,167.2064662851913,135.2984570671521,branch,branch,0.764170598589477,0.3958604582677137
11575,descending_neuron,DNge049,DNge049_R,R,xl,,potentially sexually dimorphic,acetylcholine,2.0,1.623259774013881,1.437636440708268,0.04443788021598016,3,24331,22391,1940,11676,491,8974,424,8550,1294,336,174.7478455601996,112.8103407968378,branch,branch,0.8393103454307299,0.3426124650107393
11596,descending_neuron,DNpe022,DNpe022(PS271)_R,R,xl,,,acetylcholine,2.0,1.54048968000909,1.400504330176808,0.3136091787696415,3,16239,10562,5677,8106,352,5460,207,5253,968,209,184.3471774718813,142.3525568314667,branch,branch,0.8284003390792618,0.3943742160541162
11598,descending_neuron,DNg31,DNg31_L,L,xl,MD,,gaba,2.0,1.685085503239866,1.464758512173576,0.1574278616776662,3,11512,10862,650,6045,191,5546,437,5109,715,145,414.4443652155836,161.7173076919736,branch,branch,0.8471904573146775,0.6800851779348475
11600,descending_neuron,DNge084,DNge084_R,R,xn,LB,,gaba,2.0,0.3064194874397749,0.6246162091122843,0.171120729993651,3,13229,5502,7727,5602,307,2869,51,2818,695,146,160.1472426600583,227.5822091527344,branch,branch,0.5532286529682092,0.7008484642516757
11604,ascending_neuron,AN05B004,AN05B004_R,R,BA,A8,,gaba,2.0,0.9348806419228874,1.091021082703544,0.3724112937563292,3,16839,11611,5228,3201,296,14793,11968,2825,1169,296,225.8851026499886,148.341323505922,branch,branch,0.7311636824437716,0.5118230502165152
11610,descending_neuron,DNae007,DNae007(VES009)_R,R,xn,,,acetylcholine,2.0,0.2046227818731771,0.5104251342113224,0.1426683033691765,3,14578,2642,11936,7058,242,10366,207,10159,1189,326,220.809562366965,169.6366044236955,branch,branch,0.5001083040337843,0.7807232226327607
11613,descending_neuron,DNp45,DNp45(PVLP117)_L,L,xn,,,acetylcholine,2.0,0.216394245742624,0.5249016202419721,0.2724626898927038,3,16374,6903,9471,6526,428,6043,274,5769,1031,263,230.8618855668815,162.4847879952923,branch,branch,0.5071506619522115,0.7756012228161867
11614,descending_neuron,DNpe032,DNpe032(PS216)_L,L,xn,,,acetylcholine,2.0,0.9107013919273454,1.076819866852043,0.2397495300618376,3,11995,9894,2101,5943,248,2596,209,2387,554,112,163.7452459185827,120.1584759611096,branch,branch,0.7263895199942667,0.390842260337034
11616,ascending_neuron,ANXXX106,ANXXX106_L,L,BA,T1,,gaba,2.0,0.6946985267320466,0.9404879775438383,0.2086463564917149,3,6409,4012,2397,2002,173,1487,1233,254,443,70,196.2093134354909,135.6942618422127,branch,branch,0.6788513158243716,0.4889193959573493
11625,descending_neuron,DNae005,DNae005(VES009)_R,R,xl,,potentially sexually dimorphic,acetylcholine,2.0,0.2896267183538306,0.6072595746630681,0.08700565934188866,3,15402,7733,7669,8094,281,7855,223,7632,925,258,224.5052932491488,168.7224857973453,branch,branch,0.5454880306522805,0.7208733408435789
11632,descending_neuron,DNpe052,DNpe052(AVLP564)_R,R,xl,CG,potentially sexually dimorphic,acetylcholine,2.0,0.203311218572138,0.508786677669866,0.08620394390681313,3,16529,3463,13066,6539,471,4125,96,4029,1011,182,220.9775762595604,169.7944736142528,branch,branch,0.4993049890179691,0.7826319753831861
11647,descending_neuron,DNpe006,DNpe006(CL330)_R,R,xl,,,acetylcholine,2.0,0.6567749557070514,0.9144571316348857,0.1308580254027768,3,12142,9264,2878,4984,330,1445,141,1304,499,64,186.461875124637,147.8451568606551,branch,branch,0.6693907636807472,0.4994198458118152
11653,descending_neuron,DNg27,DNg27_R,R,ut,,,glutamate,2.0,0.6462720000000001,0.9071157958359468,0.2046945287529241,3,21919,11795,10124,8242,642,3599,460,3139,847,127,164.3856345323436,166.4284082388682,branch,branch,0.6666983875483831,0.496197454425678
11657,descending_neuron,DNpe005,DNpe005(WED123)_L,L,xn,,,acetylcholine,2.0,0.9540944527944014,1.102175479091368,0.2242936433548154,3,29231,11305,17926,13643,599,3410,133,3277,843,150,180.0828030160318,202.0836869193897,branch,branch,0.7348918184023895,0.5200309492711844
11662,descending_neuron,DNp24,DNp24_L,L,xn,,,gaba,2.0,0.2511381749699369,0.5654724180402985,0.2215354996598448,3,6349,4720,1629,2888,99,833,179,654,325,35,178.5539734800347,155.3400920314767,branch,branch,0.5263853007443751,0.6343149495993583
11674,descending_neuron,DNp68,DNp68(CL138)_L,L,xn,CG,sexually dimorphic,acetylcholine,2.0,0.3524032186708683,0.6698460373128308,0.2041541077182759,3,18360,10206,8154,8298,306,6998,412,6586,1198,292,174.9755795838919,153.6446706435565,branch,branch,0.57290885687279,0.5735995285903147
11676,descending_neuron,DNg26,DNg26_L,L,xn,MX,,unclear,4.0,0.32448,0.6427602721665875,0.2173112807957321,3,2555,1576,979,1644,54,926,197,729,333,55,100.6922839207496,243.9902862568248,branch,branch,0.561206319780549,0.6141815550337301
11687,descending_neuron,DNpe031,DNpe031(PVLP116)_R,R,xn,,,glutamate,4.0,0.58489346004057,0.8629655165651925,0.1262802416501676,3,16380,10790,5590,8023,423,6272,173,6099,1034,300,179.448885062224,134.6090958740384,branch,branch,0.6502715610550289,0.4829643486587679
11693,descending_neuron,DNd03,DNd03_R,R,xn,,,glutamate,2.0,0.3971028749993319,0.7110605345377943,0.4720025360819681,3,31238,20084,11154,15276,758,4984,1757,3227,1629,177,81.01688418036267,132.4705703188815,branch,branch,0.5902708377715429,0.3616771163983403
11704,descending_neuron,DNp07,DNp07_L,L,xn,CG,,acetylcholine,2.0,1.533538647196197,1.397341063946044,0.03134623876415513,3,16751,16118,633,8194,328,6319,333,5986,980,220,373.5882691451581,184.3188035693974,branch,branch,0.8274642719378049,0.6742370536531028
11706,descending_neuron,DNg111,DNg111(hb1573072464)_R,R,xn,,sexually dimorphic,glutamate,2.0,0.2277450854295463,0.5384923851717741,0.04910826050569983,3,13806,6748,7058,6439,279,7304,131,7173,1202,301,213.6990466113511,163.4594047911335,branch,branch,0.513674282726096,0.7342365854893206
11713,descending_neuron,DNg101,DNg101_R,R,xl,,sexually dimorphic,acetylcholine,2.0,0.8010507452200124,1.009915583677018,0.1393072014701629,3,17266,14509,2757,9010,293,5040,464,4576,1100,220,267.0004721412375,114.4374767632012,branch,branch,0.7034618937808491,0.5422297245616958
11724,descending_neuron,DNp64,DNp64(CL137)_R,R,xn,CG,,acetylcholine,2.0,0.3070081392288064,0.6252158854521171,0.478766639243644,3,17711,9311,8400,9247,362,5059,83,4976,1058,272,173.675370502502,153.665895914358,branch,branch,0.5534941588413895,0.591408709898714
11733,ascending_neuron,AN08B018,AN08B018_a_L,L,BA,T1,,acetylcholine,14.0,1.433235214008068,1.350870738221106,0.2221182031268174,3,12264,1365,10899,4031,206,4480,3997,483,760,167,315.5335017678984,216.4831934256637,branch,branch,0.813588754671758,0.6539135308085766
11737,descending_neuron,DNge073,DNge073_R,R,xl,LB,,acetylcholine,2.0,0.646498432525036,0.9072746937395384,0.0443802625682761,3,23872,21177,2695,11853,530,7729,236,7493,1277,306,157.9479893171579,113.0865171632796,branch,branch,0.6667567771926834,0.4064968152578857
11739,descending_neuron,DNde007,DNde007_R,R,xl,,sexually dimorphic,glutamate,2.0,0.3666689779487783,0.6832696704464569,0.1009498304064123,3,7723,5563,2160,2654,259,1451,194,1257,371,55,250.1520186203081,23.01071886323552,branch,end,0.5786208936071734,0.4720927648855249
11742,descending_neuron,DNp104,DNp104(CL324)_L,L,xn,,,acetylcholine,2.0,0.1398733587931087,0.4220098241395759,0.3398220824373149,3,13897,2029,11868,6929,220,7494,95,7399,1066,283,174.5196863651429,210.0057780056419,branch,branch,0.4547359825529448,0.8456015778914409
11765,descending_neuron,DNge142,DNge142_R,R,xl,MD,,gaba,2.0,0.6109784520850421,0.8819988243618885,0.02772010611632422,3,24410,16327,8083,11424,485,4422,452,3970,1110,215,182.3602771428724,152.9525578734091,branch,branch,0.6574035472503363,0.5100563214463396
11770,descending_neuron,DNae010,DNae010(PS016)_R,R,xn,,,acetylcholine,2.0,0.9693389129526448,1.110945829562316,0.1231287004674193,3,8180,5652,2528,4615,148,6202,353,5849,631,194,195.0392146744848,175.5116303777126,branch,branch,0.7378099053858893,0.5022307810551715
11796,ascending_neuron,AN10B005,AN10B005(IB113)_R,R,BA,T1,,acetylcholine,2.0,1.359749710063237,1.315783835512006,0.08457825731495855,3,26558,271,26287,14147,375,4744,3621,1123,1111,207,204.7323689326716,153.3080430044872,branch,branch,0.8029533482095226,0.4459043763072171
11797,descending_neuron,DNge041,DNge041_L,L,xl,LB,,acetylcholine,2.0,0.290489386554371,0.608163279298318,0.3531331013956718,3,12358,5715,6643,6178,208,5935,121,5814,1072,238,169.9488078622291,156.1306980193352,branch,branch,0.5458937688380183,0.5973314305742168
11814,descending_neuron,DNa04,DNa04(PS015)_L,L,ut,,,acetylcholine,2.0,3.02671477907453,1.963092699632914,0.04148936570743674,3,13456,10560,2896,6516,257,9484,341,9143,1023,282,185.9212217606043,173.1534520631612,branch,branch,0.9807728701489086,0.3661139951487932
11820,descending_neuron,DNge123,DNge123_L,L,fl,,,glutamate,2.0,0.1757154871968332,0.4729988445243954,0.2366180008274374,3,8298,3003,5295,3702,134,3813,87,3726,627,129,213.7840386552622,189.7796354738864,branch,branch,0.4814243801646876,0.8382701224875563
11821,descending_neuron,DNge075,DNge075_R,R,xl,,,acetylcholine,2.0,0.4671387017370955,0.7712194680685353,0.07139644124012588,3,14555,9784,4771,5509,356,4212,2706,1506,908,211,196.7890121208882,136.9788467495143,branch,branch,0.6147337141832895,0.5429470536097618
11822,ascending_neuron,AN08B018,AN08B018_d_R,R,BA,T3,,acetylcholine,14.0,0.842112,1.035475880692553,0.130820528120293,3,7050,117,6933,3046,122,3524,3226,298,553,122,360.5972092781705,250.4367241856324,branch,branch,0.7123083472340829,0.8578222280231139
11830,descending_neuron,DNa05,DNa05(PS028)_R,R,ut,,,acetylcholine,2.0,1.175143473130398,1.223208543432822,0.2714738867654716,3,12256,9052,3204,6195,258,4912,342,4570,614,173,183.8467206278777,178.551694959514,branch,branch,0.7741913111641611,0.468099306155282
11846,descending_neuron,DNp102,DNp102(PS212)_L,L,xn,,,acetylcholine,2.0,1.887195131785188,1.550113373408729,0.140863525102604,3,13021,11141,1880,6949,252,8779,331,8448,1030,330,173.0139361030785,185.0191172065867,branch,branch,0.8715248435760605,0.4108122171716596
11851,descending_neuron,,,L,xn,,,unclear,,0.3842275662446389,0.6994381541780686,0.1452691716976182,3,8823,4829,3994,4146,249,2787,520,2267,828,122,170.6842259370073,154.3613281388189,branch,branch,0.5854269344224381,0.5552282188664668
11859,descending_neuron,DNpe050,DNpe050(CL341)_L,L,xn,,,acetylcholine,2.0,0.2820446009230861,0.5992581574532972,0.3305275554668441,3,15326,10682,4644,5665,366,4761,61,4700,774,191,257.9971862488257,155.7063318799681,branch,branch,0.5418823646808554,0.7634563239061061
11867,ascending_neuron,AN08B018,AN08B018_a_R,R,BA,T1,,acetylcholine,14.0,1.42060392970582,1.344904866787098,0.4665325479158298,3,11173,1094,10079,5141,173,4468,4047,421,726,186,288.0012037441861,210.8987344278383,branch,branch,0.8117902344360137,0.6145675533022789
11869,ascending_neuron,AN19A038,AN19A038_L,L,IA,T1,,acetylcholine,2.0,0.8526669199487732,1.041944931830041,0.1266474467654579,3,10988,78,10910,3357,248,230,57,173,158,4,331.7755410022513,270.3629864423724,branch,branch,0.714529927012662,0.8427058191419228
11872,descending_neuron,DNp22,DNp22(hb1560471374)_R,R,ut,,,acetylcholine,2.0,4.507392,2.395618863263294,0.04482431330684755,3,6580,6126,454,3771,119,4326,106,4220,391,99,223.4140097107617,196.866245439084,branch,branch,1.083445080748911,0.387910991168408
11876,descending_neuron,DNae003,DNae003(PS040)_L,L,xn,,,acetylcholine,2.0,1.45155428999657,1.359476488709387,0.3120772144885521,3,11674,9422,2252,6103,198,8551,436,8115,902,299,193.6922177080812,175.0630290979534,branch,branch,0.8161761326255502,0.4518084174059205
11881,descending_neuron,DNge023,DNge023_R,R,xl,LB,,acetylcholine,2.0,0.9572494115049521,1.103996288446011,0.1842383019302323,3,14178,14064,114,7652,197,6987,455,6532,565,187,187.303829520834,174.298061300144,branch,branch,0.7354985937026293,0.4916418520946593
11889,descending_neuron,DNge065,DNge065_L,L,fl,,,gaba,2.0,0.4678908176750662,0.771840068720434,0.1147605034920192,3,9818,5070,4748,4097,168,6422,249,6173,1647,221,209.4116670001828,149.60153472459,branch,branch,0.6149810026927764,0.5837793365206169
11916,descending_neuron,DNbe005,DNbe005(PS069)_R,R,xn,,sexually dimorphic,glutamate,2.0,0.7361792229682098,0.9681593353862418,0.4014930340959903,3,12291,9751,2540,6235,238,6460,281,6179,889,230,182.7602832360296,183.5628788075296,branch,branch,0.6887656164031842,0.5318546009258449
11931,descending_neuron,DNd04,DNd04_R,R,xl,,,glutamate,2.0,0.5654934428090106,0.8485332130640877,0.08602207663053542,3,19548,12259,7289,8284,573,5582,458,5124,1191,239,193.4086420201497,157.3133411990933,branch,branch,0.6448110377478063,0.5439143604679031
11944,descending_neuron,DNpe026,DNpe026(CL202)_L,L,xn,,,acetylcholine,2.0,0.1960515697626433,0.4996204673841955,0.1393059418636591,3,13651,5789,7862,7070,277,4153,184,3969,835,191,225.5131321245531,201.5646890046627,branch,branch,0.4947868521073046,0.8631551531943199
11948,descending_neuron,DNge142,DNge142_L,L,xl,MD,,gaba,2.0,0.4483003682721705,0.7555089389302182,0.02301760909588507,3,23380,16024,7356,11222,453,4660,416,4244,1152,228,204.9296559678179,152.3015079259761,branch,branch,0.6084401203699563,0.5871262461728902
11951,descending_neuron,DNg38,DNg38_R,R,xl,,,gaba,2.0,0.4345946109739066,0.743870314383342,0.3228257794782368,3,11085,9218,1867,5439,209,5806,63,5743,550,161,176.9519691051739,133.6001762540967,branch,branch,0.6037354172548083,0.5143845076562755
11955,descending_neuron,DNae010,DNae010(PS016)_L,L,xn,,,acetylcholine,2.0,2.057818366824214,1.61867097352208,0.1669137392862773,3,8276,6096,2180,4607,154,6421,423,5998,697,219,198.7518961471889,170.5582629706589,branch,branch,0.8905890056731103,0.414680797500663
11961,descending_neuron,DNp57,DNp57(PS195)_L,L,xn,,,acetylcholine,2.0,0.862943469486782,1.048205013449913,0.4325896812836403,3,13756,6016,7740,6726,246,8307,208,8099,927,265,172.3795634265678,175.8372906942188,branch,branch,0.7166731867388771,0.4858795620711018
11965,descending_neuron,DNge053,DNge053_R,R,xn,,,acetylcholine,2.0,0.5414479375419544,0.8302968899699137,0.4372337458732223,3,23793,12751,11042,10654,529,10560,573,9987,1183,357,184.1467776810876,106.1003213044822,branch,branch,0.6378443980198131,0.4550437377621274
11970,descending_neuron,DNge042,DNge042_R,R,xl,,,acetylcholine,2.0,0.2224721943053887,0.532222129748121,0.06567204017665099,3,10751,2480,8271,4080,183,5845,181,5664,489,140,196.1334255992923,187.2525836527355,branch,branch,0.5106748902937948,0.7507438030318334
11976,ascending_neuron,AN27X017,AN27X017_L,L,BA,T3,,acetylcholine,2.0,1.550433969948608,1.405017381401133,0.1266704551258142,3,9797,10,9787,4401,196,2619,1692,927,524,96,172.0258046749762,365.9258360322801,branch,branch,0.8297340036942894,0.6483422859760987
11986,descending_neuron,DNge018,DNge018_L,L,nt,LB,,acetylcholine,2.0,0.4845495976137717,0.7854601893586746,0.1441592177194354,3,9032,4166,4866,3982,158,2915,133,2782,341,87,166.9152527553677,168.9297199918973,branch,branch,0.6203833434141752,0.5413507250194673
11998,ascending_neuron,AN09B017f,AN09B017f_R,R,BA,A10,male-specific,glutamate,2.0,0.45854332258219,0.76409128465511,0.04507012455579268,3,16825,1330,15495,8403,197,1896,1138,758,520,58,270.535835709409,212.3895002198875,branch,branch,0.6118862063169948,0.7892404354660536
12000,descending_neuron,DNge099,DNge099_L,L,xn,MX,,glutamate,2.0,0.3209082474277142,0.6392128525433619,0.3446904696199695,3,15079,5638,9441,7790,322,5458,222,5236,921,236,197.4933361226544,140.6461237898639,branch,branch,0.5596555170336904,0.6041921318041126
12027,descending_neuron,DNp101,DNp101(CL334)_L,L,xn,,,acetylcholine,2.0,0.1009562898976095,0.3585269035754269,0.2150163428801078,3,12168,1508,10660,5571,229,5383,33,5350,835,198,168.1050497844647,175.4734643999201,branch,branch,0.4191398128929762,0.8197229268509374
12030,descending_neuron,DNg91,DNg91(hb1626948732)_R,R,ut,LB,,acetylcholine,2.0,0.6766494046116069,0.9281900559007306,0.3630437681299869,3,12299,5820,6479,6237,218,4502,213,4289,530,132,141.8908763737656,175.4923676183558,branch,branch,0.6743983447424511,0.4706168786836633
12035,ascending_neuron,AN17A008,AN17A008_R,R,BA,T3,,acetylcholine,2.0,2.406523276279258,1.750451541941214,0.1272338150377408,3,13994,854,13140,5838,165,3124,2303,821,903,128,174.6545697280093,145.9276721548108,branch,branch,0.9261324179355752,0.3461516254850728
12038,descending_neuron,DNg38,DNg38_L,L,xl,,,gaba,2.0,0.9948154413595548,1.125450291950804,0.05615186527617869,3,10896,8719,2177,4988,228,5206,87,5119,607,141,172.0453698675903,130.6373157542003,branch,branch,0.7426106941432326,0.4075926835002056
12039,descending_neuron,DNge135,DNge135_R,R,xn,MD,,gaba,2.0,0.2174261535676523,0.5261516670903887,0.1656950302546155,3,16330,4545,11785,7176,383,5391,79,5312,818,179,169.3834774372091,151.8532878522485,branch,branch,0.507754189420718,0.6326619690837946
12043,descending_neuron,DNg102,DNg102_R,R,xn,,,gaba,4.0,1.131132838498074,1.200084605485914,0.2457320284137148,3,21756,16415,5341,10647,566,5255,250,5005,933,228,167.876684642715,143.7221679912903,branch,branch,0.7668386118917706,0.406342153096985
12044,descending_neuron,DNb08,DNb08(VES082)_R,R,xl,,,acetylcholine,4.0,1.01274706296297,1.135548153703244,0.2823445464299729,3,10436,7005,3431,5976,173,9291,227,9064,905,289,195.1609173886044,155.232491930027,branch,branch,0.7459347125014288,0.4697373690300814
12069,descending_neuron,DNp15,DNp15_L,L,ut,,,acetylcholine,2.0,4.276352,2.333413909619831,0.2975758960032893,3,6503,6453,50,3189,128,4058,217,3841,457,105,226.4247818287869,128.1038943079337,branch,branch,1.069286124343581,0.3315564170014461
12075,descending_neuron,DNb08,DNb08(VES083)_R,R,xl,,,acetylcholine,4.0,1.090467902076347,1.178315261374475,0.2796919320577755,3,10144,6627,3517,5697,161,8944,199,8745,824,258,185.908629719424,154.9157049424778,branch,branch,0.759851615826072,0.4485406460462349
12085,descending_neuron,DNge136,DNge136_L,L,xn,MX,,gaba,4.0,0.5364236990269499,0.826435639559564,0.2429251698501891,3,12462,10728,1734,6629,331,4190,320,3870,1068,196,187.4663976757655,184.7346351203888,branch,branch,0.636359539399062,0.5848911028310153
12089,descending_neuron,DNde006,DNde006_R,R,xn,,,glutamate,2.0,0.6762478313556434,0.9279145870840702,0.158795165108892,3,15270,6566,8704,5625,325,5457,488,4969,1100,208,189.298264652486,175.9619959123602,branch,branch,0.6742982631382008,0.5416894578148784
12092,descending_neuron,DNge027,DNge027_R,R,fl,,,acetylcholine,2.0,0.6228274531683392,0.8905102710921514,0.4171047102858684,3,17430,3805,13625,5761,452,4807,166,4641,509,129,173.1276789225982,124.0444903360424,branch,branch,0.6605679623136095,0.4498737241476388
12102,descending_neuron,DNp38,DNp38_R,R,xn,,,acetylcholine,2.0,0.3939993234736282,0.7082764426730036,0.3520949187278937,3,20008,15003,5005,7877,566,2144,400,1744,667,102,171.8157235563203,153.3106544394803,branch,branch,0.5891141289340901,0.5518903078832379
12133,descending_neuron,DNbe005,DNbe005(PS069)_L,L,xn,,sexually dimorphic,glutamate,2.0,1.144610650182134,1.20721313078384,0.2581386657196835,3,12532,10018,2514,6414,230,5783,287,5496,894,227,196.4813241847781,177.7649540742519,branch,branch,0.7691127577176713,0.4865948126638794
12134,descending_neuron,DNp58,DNp58(hb1791391565)_R,R,ad,CG,,acetylcholine,2.0,0.0003476001922756459,0.02103754525991325,1.05322285377795,3,7902,4971,2931,2533,228,2600,190,2410,588,72,363.9909614489088,24.65599080706061,branch,end,0.1015302771460685,3.827892163603915
12136,descending_neuron,DNg102,DNg102_L,L,xn,,,gaba,4.0,0.583202945267635,0.8617175015750635,0.2729754442915562,3,20119,15284,4835,10382,484,4658,261,4397,936,187,165.1345129802259,139.7816542108594,branch,branch,0.6498011817254421,0.4692453257493771
12143,ascending_neuron,AN01A055,AN01A055_L,L,XA,T1,,acetylcholine,2.0,0.04629839766669913,0.2427940501064957,0.680726312613726,3,20190,42,20148,8973,337,5614,21,5593,987,207,246.7755883339468,123.0131198349962,branch,branch,0.3449189535995128,1.072103183399735
12151,descending_neuron,DNge138,DNge138_M,M,xn,LB,,unclear,2.0,0.186543054307677,0.4873540740983022,0.2666238562019632,3,15449,3593,11856,10785,328,5972,885,5087,1793,248,166.7756734801168,152.3074072217063,branch,branch,0.4886752462609171,0.6529552768290945
12154,ascending_neuron,AN12B004,AN12B004(10576)_R,R,BA,T2,,gaba,6.0,1.815533070186719,1.520397480837222,0.01758358405131479,3,19153,9563,9590,8222,517,2214,2040,174,817,78,231.3743393267529,185.5555469793036,branch,branch,0.8631307928757023,0.4830436936642784
12169,descending_neuron,DNg87,DNg87_L,L,xl,LB,,acetylcholine,2.0,0.567168,0.8497886361374531,0.2170551301719802,3,12231,8460,3771,6358,226,7566,97,7469,1831,264,178.8795471256967,150.4550162546496,branch,branch,0.645287867317643,0.5103684418387359
12170,descending_neuron,DNge044,DNge044_R,R,fl,,,acetylcholine,2.0,0.265856,0.5818061295699035,0.1105872618472786,3,8049,3980,4069,3348,182,3957,313,3644,557,131,158.9215449492633,130.4855413061414,branch,branch,0.5339335197281143,0.5420283154404212
12175,descending_neuron,DNge099,DNge099_R,R,xn,MX,,glutamate,2.0,0.281472,0.5986495478455619,0.1146357388400738,3,16189,6283,9906,8111,365,5078,222,4856,938,198,183.9009468834827,148.1821328154548,branch,branch,0.5416071255479614,0.6131438528674422
12177,descending_neuron,DNpe050,DNpe050(CL341)_R,R,xn,,,acetylcholine,2.0,0.2567948121429811,0.5718053075158369,0.08381174135642531,3,15710,11212,4498,5797,409,4559,73,4486,715,183,234.2459009557354,151.5928275020455,branch,branch,0.5293246647217188,0.7289264116581973
12179,descending_neuron,DNpe031,DNpe031(PVLP116)_R,R,xn,,,glutamate,4.0,0.7677075480211325,0.9886736614941124,0.3756613628827454,3,16657,10658,5999,8082,383,6090,228,5862,1083,299,186.2901446732628,135.1846268328333,branch,branch,0.6960244924800527,0.4618727860576102
12188,descending_neuron,DNg84,DNg84_R,R,xn,LB,,acetylcholine,2.0,0.4141215599120364,0.7261376910802914,0.04125759334853533,3,8398,3188,5210,3355,206,10933,198,10735,3872,291,180.8267475834373,154.4595159844961,branch,branch,0.5964959921318355,0.5620930701808128
12189,descending_neuron,DNb08,DNb08(VES083)_L,L,xl,,,acetylcholine,4.0,1.186445008244336,1.229076361399212,0.2256122323528666,3,10879,7482,3397,5932,179,9372,191,9181,817,244,174.0555071364542,157.7063910241081,branch,branch,0.7760460147991314,0.4275028694612061
12198,ascending_neuron,AN17B013,AN17B013_L,L,BA,T3,,gaba,4.0,0.2694591144059451,0.5857354352870976,0.03083108308194603,3,3053,613,2440,1474,44,1447,1008,439,450,73,242.4658384562945,254.5846036988721,branch,branch,0.5357334815845262,0.9277942470294228
12210,descending_neuron,DNg68,DNg68_R,R,xn,,,acetylcholine,2.0,0.543782383564732,0.8320848721644691,0.2714705610773537,3,20779,15544,5235,8547,552,4133,422,3711,815,145,174.0763256245324,131.2563224172388,branch,branch,0.6385308037679857,0.4781799816704155
12214,descending_neuron,DNg109,DNg109_R,R,xl,LB,,acetylcholine,2.0,0.3513302919752181,0.6688255534937332,0.2013452836711704,3,15494,9147,6347,6983,347,3688,181,3507,772,173,170.457348083175,110.6969799703345,branch,branch,0.5724722885973864,0.4911230353915738
12218,descending_neuron,DNpe031,DNpe031(PVLP116)_L,L,xn,,,glutamate,4.0,0.4418683222477115,0.7500694777496059,0.3941419095637942,3,18173,12083,6090,8585,471,6074,230,5844,1081,294,178.3834224365019,150.8680411030402,branch,branch,0.6062458610970526,0.5430989053578591
12219,descending_neuron,DNg48,DNg48_L,L,fl,,,acetylcholine,2.0,1.181942656595161,1.226742079650931,0.07255240474831555,3,6583,5949,634,3598,106,6322,246,6076,1876,196,266.6561163518197,126.3770114170011,branch,branch,0.7753087249792537,0.5069375786778846
12222,descending_neuron,DNpe031,DNpe031(PVLP116)_L,L,xn,,,glutamate,4.0,0.4889282287928146,0.7890011124430261,0.1988091053112284,3,17321,11321,6000,8222,437,5660,274,5386,1075,287,178.1154874481932,145.2713287127855,branch,branch,0.6217801420896961,0.5200983342345598
12223,descending_neuron,DNpe027,DNpe027(PS166)_R,R,xn,,,acetylcholine,2.0,0.1128346920597336,0.3790324418152983,0.269801088229429,3,12295,1337,10958,5224,227,4383,32,4351,727,181,253.2656620384118,158.1933949722364,branch,branch,0.4309592747458815,0.9547515997962182
12224,descending_neuron,DNg14,DNg14_R,R,hl,,,acetylcholine,2.0,0.4188219449532353,0.730246987338772,0.1921092193107916,3,4595,4529,66,2754,49,2676,722,1954,393,60,282.7405118008138,216.1539380180652,branch,branch,0.5981814305008124,0.8340186177314
12238,descending_neuron,DNg32,DNg32_L,L,ut,MX,,acetylcholine,2.0,0.5171045600321322,0.8114172629392282,0.07038052930853576,3,17500,9306,8194,7636,462,1609,112,1497,453,75,192.6611195927415,126.6629220304072,branch,branch,0.6305509169291738,0.5064207077491516
12239,descending_neuron,DNbe002,DNbe002_R,R,xl,,,acetylcholine,4.0,0.617066336689594,0.8863821194033944,0.09730193087122835,3,9380,9333,47,4865,248,2431,146,2285,683,118,396.3450172596861,198.5275323229989,branch,branch,0.6590350813937473,0.9026417050889469
12249,descending_neuron,DNg104,DNg104_L,L,xn,,,unclear,2.0,0.2983863901012114,0.6163743598557901,0.03235042741956876,3,13456,1907,11549,8343,388,3059,457,2602,948,110,192.1618483032732,174.408550438218,branch,branch,0.5495665895315481,0.6670172563691632
12256,descending_neuron,DNge056,DNge056_R,R,fl,,,acetylcholine,2.0,0.5137133666492091,0.8087522321927815,0.155659504407898,3,11196,5293,5903,5605,207,5416,248,5168,1472,241,197.6264198228379,119.0860322223563,branch,branch,0.6295145699461314,0.5031058329155047
12266,descending_neuron,DNg43,DNg43_R,R,xl,MX,,acetylcholine,2.0,0.9208099188588684,1.082779572154687,0.1900567349529138,3,13887,12942,945,6255,333,4119,197,3922,620,147,353.4715802169302,197.369354257546,branch,branch,0.7283968632248472,0.7562373786670719
12286,ascending_neuron,AN05B102a,AN05B102a_R,R,BA,A1,,acetylcholine,2.0,1.286863906808716,1.280033599106384,0.2283866143814215,3,25044,3938,21106,11603,497,18999,17962,1037,3126,530,224.9123395477029,166.4503534293126,branch,branch,0.791969989053959,0.4941635395105241
12299,descending_neuron,DNg68,DNg68_L,L,xn,,,acetylcholine,2.0,0.4525217641577994,0.7590577085960125,0.04921957850951702,3,21182,14630,6552,8975,553,3614,375,3239,716,130,183.2749785463851,133.4766590509819,branch,branch,0.6098674259312806,0.51937785841518
12306,descending_neuron,DNp22,DNp22_L,L,ut,,,acetylcholine,2.0,4.151424,2.299077467977673,0.04274176873341377,3,6788,6390,398,3659,141,4064,113,3951,412,90,213.0089893647854,177.6453254212544,branch,branch,1.061389635953291,0.3680592890236507
12307,descending_neuron,DNg59,DNg59_R,R,xn,MD,,gaba,2.0,0.3163228710243606,0.6346296465596108,0.2098618118834006,3,10079,4887,5192,4288,268,1962,92,1870,744,79,198.8850207323619,106.8966661161738,branch,branch,0.5576455207514979,0.5483441998000024
12325,descending_neuron,DNp67,DNp67(CL139)_L,L,xl,CG,sexually dimorphic,acetylcholine,2.0,0.3987278375801573,0.7125138948777038,0.3284302284949298,3,9555,7321,2234,3749,237,2614,61,2553,482,121,188.5596752596091,148.2231835647082,branch,branch,0.5908737669672557,0.569974295106895
12335,ascending_neuron,AN06B007,AN06B007_L,L,CA,T1,,gaba,4.0,1.240112669251694,1.256566946254092,0.2421303025785088,3,9862,2726,7136,4515,165,398,189,209,215,14,156.0589917850511,193.5180403558997,branch,branch,0.7846768785076471,0.4455044384712859
12348,descending_neuron,MDN,MDN_L,L,xn,,,acetylcholine,4.0,0.6547069579491487,0.9130163136954987,0.2978342857674495,3,8999,7053,1946,4393,156,5275,241,5034,843,247,219.5444535495454,191.2436466277189,branch,branch,0.6688632100144202,0.6141586112478933
12362,descending_neuron,DNpe055,DNpe055(PS167)_R,R,xn,,,acetylcholine,2.0,1.195446672773357,1.233730107194079,0.2609416407928196,3,13940,10047,3893,7246,253,4219,235,3984,804,200,178.3136426468468,182.1739967510652,branch,branch,0.7775138278674526,0.4636414510937373
12364,descending_neuron,DNge080,DNge080_R,R,xl,,,acetylcholine,2.0,0.324366670530281,0.6426480155678033,0.07106242313524322,3,14310,5315,8995,6542,248,4299,164,4135,513,142,205.3790442730585,182.6051544885268,branch,branch,0.5611573109460694,0.6914000605417987
12374,descending_neuron,DNge140,DNge140_R,R,xn,MX,,acetylcholine,2.0,0.5228664181900551,0.8159253643891768,0.1770286661331814,3,15999,10830,5169,6747,437,4578,848,3730,801,178,164.3918871655662,149.5823615462651,branch,branch,0.6323001095608767,0.4965589029074847
12378,descending_neuron,DNge007,DNge007_R,R,xl,LB,,acetylcholine,2.0,0.812521943534181,1.017120970913878,0.08582196016362086,3,9597,7823,1774,5191,129,6460,357,6103,684,200,195.3561591512315,183.3539201041108,branch,branch,0.705966908394296,0.5364416869293616
12386,descending_neuron,DNg84,DNg84_L,L,xn,LB,,acetylcholine,2.0,0.3660411048474529,0.6826844144187906,0.102022533576793,3,8234,2717,5517,3488,185,10912,182,10730,3240,375,183.5378242391045,170.7773236668388,branch,branch,0.5783730310666355,0.6126066204237001
12389,descending_neuron,DNp60,DNp60(CL139)_L,L,xn,CG,,acetylcholine,2.0,0.8987643289648144,1.06973935378454,0.3061048381476068,3,9947,8679,1268,3710,239,1587,91,1496,420,97,191.2792181129701,157.6289881399731,branch,branch,0.723997433251268,0.4819191204671749
12393,descending_neuron,DNge001,DNge001_L,L,fl,MX,,acetylcholine,3.0,0.1878159936609614,0.4890140593713689,0.1214125677462352,3,7158,3277,3881,3539,155,1808,118,1690,370,71,173.4161299938907,117.4010065387645,branch,branch,0.4895067814565706,0.5941023649709267
12394,descending_neuron,DNge148,DNge148_R,R,xn,,,acetylcholine,2.0,0.3793898287936066,0.695020958597885,0.1748913033013336,3,18116,5359,12757,8673,332,4020,241,3779,849,208,174.3594255945949,117.490989261166,branch,branch,0.5835754190444998,0.5001074502651492
12398,ascending_neuron,AN27X013,AN27X013_L,L,XA,T1,,unclear,4.0,1.429634269055607,1.349172667181687,0.06720143455543623,3,1203,32,1171,938,11,1067,59,1008,290,25,226.9294180396561,171.9443602456972,branch,branch,0.8130772453580453,0.4905730427982963
12405,descending_neuron,DNge150,DNge150_M,M,xn,LB,,unclear,1.0,0.3600806487939158,0.6771033313596289,0.4631507017243066,3,13924,8157,5767,8816,333,4668,2055,2613,1309,199,183.3068628303948,150.5876335126118,branch,branch,0.576004021137195,0.5796738982547454
12407,descending_neuron,DNge136,DNge136_R,R,xn,MX,,gaba,4.0,0.9670574270336024,1.109637669750366,0.3045379376919502,3,13455,11284,2171,7173,377,4004,279,3725,967,178,193.2614338726288,147.0303118591446,branch,branch,0.7373753848466053,0.4614905144990208
12421,descending_neuron,DNpe055,DNpe055(PS167)_L,L,xn,,,acetylcholine,2.0,0.8396483866611952,1.033960119912811,0.2446499538927779,3,14100,11142,2958,6899,275,3879,148,3731,713,180,174.3800063229609,169.3692528969421,branch,branch,0.7117868070969546,0.4829385088238645
12422,descending_neuron,DNge100,DNge100_L,L,fl,LB,,acetylcholine,2.0,0.07342492384162852,0.3057572838123879,0.09207720358436598,3,7771,1158,6613,2428,208,2791,31,2760,583,131,168.9125574603784,181.8668389152879,branch,branch,0.3870672668517322,0.9062491882322716
12435,descending_neuron,DNp67,DNp67(CL139)_R,R,xl,CG,sexually dimorphic,acetylcholine,2.0,0.3412355718244023,0.6591468911533642,0.3601776056050988,3,9929,7794,2135,3978,231,2572,99,2473,537,110,197.2176951578607,152.5661168601218,branch,branch,0.5683150329396086,0.6154752060819618
12443,descending_neuron,DNbe002,DNbe002_L,L,xl,,,acetylcholine,4.0,0.62272,0.8904334502350417,0.2156366668086594,3,8241,8210,31,4441,211,2314,238,2076,737,107,285.9120257028634,139.6743111388766,branch,branch,0.660539469384813,0.6443011456046764
12447,descending_neuron,DNge124,DNge124_R,R,xl,LB,,acetylcholine,2.0,0.430625945750012,0.7404660580458055,0.172403619863627,3,11726,7807,3919,5674,221,4621,100,4521,778,173,219.4949596102918,157.7223275301158,branch,branch,0.6023523623614707,0.6262402386230539
12451,descending_neuron,DNge128,DNge128_R,R,xl,,potentially sexually dimorphic,gaba,2.0,0.204928,0.5108056708998907,0.04803403613043892,3,5898,4033,1865,2486,132,1891,62,1829,576,83,169.5056144624728,255.4786074928117,branch,branch,0.5002946918976319,0.8494677813656336
12453,descending_neuron,DNg50,DNg50_R,R,xn,LB,,acetylcholine,2.0,0.4770525788937427,0.7793601275183407,0.1966659270399473,3,7314,7251,63,2558,271,828,150,678,308,45,221.667478977587,244.2843542490323,branch,branch,0.6179696290951416,0.7540044223676274
12457,ascending_neuron,AN01B002,AN01B002(12457)_L,L,BA,A4,,gaba,6.0,0.1550026751580237,0.4442471559289203,0.05139006718963674,3,11145,9524,1621,6253,272,10103,8785,1318,2956,457,242.9563220909375,154.6564264446672,branch,branch,0.4665630786990875,0.852216488377657
12465,descending_neuron,DNg48,DNg48_R,R,fl,,,acetylcholine,2.0,1.417425011103114,1.343399261512809,0.06852226307345538,3,7204,6781,423,3410,135,5503,310,5193,1678,193,283.4359043438432,168.480803603115,branch,branch,0.8113357123541873,0.557003347770392
12469,ascending_neuron,AN08B018,AN08B018_d_L,L,BA,T3,,acetylcholine,14.0,0.7959865877640739,1.006718232982807,0.1390070955407976,3,7039,111,6928,1996,143,3630,3414,216,486,126,341.3993570135603,221.9043973256699,branch,branch,0.7023474454723783,0.8020300464827184
12470,descending_neuron,DNge056,DNge056_L,L,fl,,,acetylcholine,2.0,0.5766120543406161,0.8568344469951316,0.03769821741022022,3,10471,4474,5997,5523,168,6080,261,5819,1573,231,200.5242623416601,125.5567542429965,branch,branch,0.6479574669896276,0.5032444769864446
12480,descending_neuron,DNg26,DNg26_R,R,xn,MX,,unclear,4.0,0.2994244186380448,0.6174455526354489,0.1513344402462205,3,2709,1834,875,1695,64,996,282,714,356,46,213.9855676245902,243.0669389563676,branch,branch,0.5500439262380504,0.8309381938037301
12484,descending_neuron,DNge067,DNge067_R,R,xl,,,gaba,2.0,1.052162227677619,1.157434471473779,0.01573831802472147,3,8854,5988,2866,4788,149,3398,155,3243,837,124,193.2464975655203,126.0732288013747,branch,branch,0.7530888998133963,0.424013322259852
12485,descending_neuron,DNge125,DNge125_R,R,nt,LB,,acetylcholine,2.0,0.8712088538906484,1.053212972051224,0.2415258927096881,3,5456,5353,103,2080,56,6678,327,6351,559,171,300.3612267269942,1.79200000000003,branch,branch,0.7183831542464645,0.4206017707137532
12490,descending_neuron,DNd04,DNd04_L,L,xl,,,glutamate,2.0,0.4268503225285956,0.7372127985367362,0.1412121856583527,3,17843,12606,5237,7202,519,5071,354,4717,1026,205,228.0154388933273,155.3967940498091,branch,branch,0.6010276792985499,0.6379277463404195
12492,descending_neuron,DNg78,DNg78_R,R,xn,,,acetylcholine,2.0,0.9631105987872954,1.107370985862256,0.06677383983944321,3,4865,2435,2430,2201,88,4094,256,3838,561,163,146.9676955612529,126.7885153001602,branch,branch,0.7366218725183943,0.3716373638560089
12493,descending_neuron,DNge060,DNge060_R,R,xl,,,glutamate,2.0,0.6223866969794534,0.8901951217072248,0.2162038394004484,3,6837,6063,774,3123,172,3319,90,3229,468,104,237.3009429288491,137.7307089567566,branch,branch,0.6604510652853398,0.5678416942572088
12512,descending_neuron,DNge010,DNge010_R,R,ml,LB,sexually dimorphic,acetylcholine,2.0,0.6448950730434123,0.9061489442711633,0.02861005096560966,3,12239,5847,6392,5120,244,3248,357,2891,704,132,202.4710531214419,283.2564405079275,branch,branch,0.6663429917789111,0.7289451523045823
12516,descending_neuron,DNge047,DNge047_L,L,xn,,potentially sexually dimorphic,unclear,2.0,1.025087923139157,1.142445832663944,0.09155862092932264,3,8894,4206,4688,6504,156,2987,1518,1469,1183,131,168.6106209031761,137.1961030589873,branch,branch,0.7481968043271321,0.4087249801035722
12520,descending_neuron,DNge028,DNge028_R,R,fl,MX,,acetylcholine,2.0,0.3009616349970298,0.619028476829918,0.1999541043831186,3,12609,2846,9763,5439,265,3230,78,3152,459,89,84.7740313529425,126.8937673650853,branch,branch,0.5507485393958479,0.3843274808322144
12536,ascending_neuron,AN08B018,AN08B018_g_L,L,BA,A2,,acetylcholine,14.0,1.222138978852465,1.247427623967503,0.1186102407518082,3,11912,1079,10833,3466,224,3388,3032,356,696,146,356.4621480015217,221.6291106706277,branch,branch,0.7818180963268094,0.7394191326450189
12539,ascending_neuron,AN12B004,AN12B004(12539)_R,R,BA,A1,,gaba,6.0,1.533796777119048,1.397458661361872,0.03736307772756257,3,10913,2483,8430,5046,223,2480,2394,86,511,140,236.4598802450563,187.2027994315247,branch,branch,0.8274990900703864,0.5119796320749364
12548,ascending_neuron,AN05B097,AN05B097_R,R,BA,T3,,acetylcholine,8.0,0.3817845895929333,0.6972110419666396,0.3472770709240114,3,19439,4958,14481,7891,433,4136,3839,297,871,174,177.0145118427044,137.6646845877168,branch,branch,0.5844941492980519,0.538378693453707
12550,descending_neuron,DNb08,DNb08(VES082)_L,L,xl,,,acetylcholine,4.0,0.5400693030973429,0.8292391655011825,0.3895613936583783,3,10282,7117,3165,5578,185,9378,198,9180,817,267,214.9318228004606,156.2120903798072,branch,branch,0.6374379900002661,0.5822431656138235
12559,ascending_neuron,AN06B014,AN06B014_L,L,CA,A1,,gaba,2.0,0.747267278819118,0.9754231132586195,0.1025995964806002,3,10330,7511,2819,5582,233,2334,1701,633,385,102,132.2650292291849,135.2859250196353,branch,branch,0.691344577975935,0.3870008715945022
12581,descending_neuron,DNge069,DNge069_L,L,xl,,,glutamate,2.0,0.5716634069451731,0.8531497266017404,0.3402471452012783,3,11028,5600,5428,4354,280,1851,63,1788,329,60,197.7933823422073,140.5510276644808,branch,branch,0.6465627317088828,0.5232971116544788
12583,descending_neuron,DNg87,DNg87_R,R,xl,LB,,acetylcholine,2.0,0.6300501302983875,0.8956588307282237,0.05782635611397015,3,12867,9040,3827,6750,235,7896,122,7774,2169,276,181.0778465293427,151.0360103640067,branch,branch,0.6624747746569899,0.5013230233035035
12587,descending_neuron,DNge004,DNge004_R,R,ut,,,glutamate,2.0,0.2118229151661123,0.5193277501449116,0.1865388081855019,3,9093,1840,7253,3620,168,4061,52,4009,429,112,159.540772286169,148.9854030771797,branch,branch,0.5044507880566812,0.6116080748964595
12590,descending_neuron,DNg22,DNg22_L,L,xn,,,acetylcholine,2.0,0.535112622019278,0.8254250730634881,0.04504763207139303,3,8145,3282,4863,3500,190,5048,460,4588,870,166,167.0530365394352,238.0975705526251,branch,branch,0.6359703497814259,0.6370589560209919
12597,ascending_neuron,AN27X021,AN27X021_R,R,XA,T1,,gaba,2.0,0.265088,0.5809651662834484,0.1404328843139941,3,5914,112,5802,2901,87,3387,28,3359,576,108,231.6101860530817,145.4199261085958,branch,branch,0.533547496928708,0.706647701155003
12601,descending_neuron,DNge122,DNge122_R,R,xn,MX,,gaba,2.0,0.4457918891384889,0.7533922364700327,0.08649614513565829,3,14751,8757,5994,5353,425,15242,9110,6132,2655,592,195.7023220715666,26.12458472829587,branch,end,0.6075871919900189,0.365094771127938
12610,descending_neuron,DNg102,DNg102_L,L,xn,,,gaba,4.0,0.7921985697241479,1.004319942177502,0.2510841457605369,3,21451,16819,4632,10938,539,5040,221,4819,963,213,170.6125392032383,143.9709431121024,branch,branch,0.701510350363397,0.4484374067358804
12619,descending_neuron,DNge007,DNge007_L,L,xl,LB,,acetylcholine,2.0,0.737024,0.9687146650169433,0.2150020070980382,3,9373,7630,1743,4920,149,5707,367,5340,729,171,205.377409315286,181.174194873322,branch,branch,0.6889631237289134,0.561062836130406
12620,descending_neuron,DNp44,DNp44_L,L,xn,,,acetylcholine,2.0,0.1981634827110187,0.5023042728368052,0.1480730181232865,3,10869,7159,3710,4228,318,1329,59,1270,339,33,210.3198551288575,170.2496351933719,branch,branch,0.4961139926368077,0.767100900136946
12621,descending_neuron,DNg56,DNg56_L,L,xn,LB,,gaba,2.0,0.6036257325211823,0.8766756257965083,0.07508468808878832,3,9656,5151,4505,3721,249,4166,67,4099,594,154,190.4943023636046,181.5475274716935,branch,branch,0.6554167045783079,0.5676416655792562
12622,descending_neuron,DNge022,DNge022_R,R,fl,,,acetylcholine,2.0,0.3656845836662274,0.6823518687772863,0.177564156217284,3,11333,6470,4863,5611,181,3322,147,3175,422,99,172.2288311672716,116.0140549099184,branch,branch,0.5782321468933306,0.4984899017217104
12628,descending_neuron,DNpe042,DNpe042(CL262)_R,R,lt,,,acetylcholine,2.0,0.202496,0.5077656101496945,0.3131401729321344,3,14066,4379,9687,6226,305,17140,483,16657,2281,744,241.2074311485059,154.4352257456949,branch,branch,0.4988037178824455,0.7931830551981631
12635,descending_neuron,DNg19,DNg19_L,L,xl,,,acetylcholine,2.0,0.4559957549614749,0.7619657652731617,0.1444184494845391,3,9499,7645,1854,5048,164,2228,99,2129,544,103,204.7285213293244,152.2222057393656,branch,branch,0.6110345530195892,0.5841743732898955
12647,descending_neuron,DNge125,DNge125_L,L,nt,LB,,acetylcholine,2.0,0.8175417287003522,1.020258035230517,0.1157888018972367,3,5621,5434,187,2335,41,5777,381,5396,568,164,294.2334184666967,151.8361737517768,branch,branch,0.7070547625629526,0.6308840783442962
12665,descending_neuron,DNg26,DNg26_L,L,xn,MX,,unclear,4.0,0.435420436369802,0.7445767375978601,0.06398515757321234,3,2351,1497,854,1426,57,886,243,643,275,54,322.1913079760417,249.1134941952855,branch,branch,0.6040220206440751,0.9458343945178338
12670,descending_neuron,DNg71,DNg71_R,R,xn,MD,,glutamate,2.0,0.4440549475535583,0.7519230806807895,0.1030511761578224,3,12019,7697,4322,6180,228,3489,54,3435,464,130,196.9153674324472,181.1482405385737,branch,branch,0.6069944888823842,0.6228452068273677
12673,ascending_neuron,AN06B011,AN06B011_L,L,BA,T2,,acetylcholine,2.0,0.6625318936346485,0.9184562083321692,0.0885834209627206,3,20155,89,20066,8319,392,1865,1700,165,459,69,236.0579049100187,398.9116546290904,branch,branch,0.6708528468172158,0.9465109413363143
12675,descending_neuron,DNg103,DNg103_L,L,xl,,,gaba,2.0,0.4031024308754994,0.7164118616895998,0.07488972962011176,3,7329,3661,3668,3628,134,4119,602,3517,1143,209,55.8487473270266,39.36105925871141,branch,branch,0.5924878161008071,0.1606949611425238
12687,descending_neuron,DNge113,DNge113_R,R,nt,LB,,acetylcholine,4.0,0.2119291147146684,0.519457918926481,0.03421025104812633,3,2536,1031,1505,1219,62,1177,22,1155,250,60,173.1638045431502,152.1554221150564,branch,branch,0.504514004041489,0.644817039868439
12700,ascending_neuron,AN06B011,AN06B011_R,R,BA,T2,,acetylcholine,2.0,0.8237060230272287,1.024097203274572,0.06836311699016777,3,22355,190,22165,9076,400,1561,1402,159,426,59,242.9184823695193,393.677136392213,branch,branch,0.7083838151768717,0.8986591804088366
12705,descending_neuron,DNge123,DNge123_R,R,fl,,,glutamate,2.0,0.2928723711038956,0.610652670877506,0.3527910501152334,3,7857,2946,4911,3516,122,4427,67,4360,506,133,216.5848402975764,182.5195326811157,branch,branch,0.5470098799198949,0.7296109039879456
12707,descending_neuron,DNpe043,DNpe043(CL207)_R,R,xn,CG,,acetylcholine,2.0,1.032088849239297,1.146340410406822,0.247296132762288,3,13652,8412,5240,6737,264,2618,123,2495,841,117,178.4218898816453,205.4061203180745,branch,branch,0.7494710141822314,0.5121318942781597
12714,descending_neuron,DNb07,DNb07(PS067)_R,R,xn,,,glutamate,2.0,0.2148150694808491,0.5229828307583803,0.4108136942698717,3,14115,8695,5420,5231,369,3122,113,3009,691,168,181.3791957490474,181.708052151266,branch,branch,0.5062228630471033,0.7172478258188205
12743,descending_neuron,DNge101,DNge101_L,L,xl,MD,,gaba,2.0,0.6614370114430393,0.9176969866577541,0.2361784250105169,3,9661,5605,4056,4118,234,3865,112,3753,439,89,195.0833811212334,159.8407424747471,branch,branch,0.6705755165992116,0.5292828545186969
12750,descending_neuron,DNge136,DNge136_R,R,xn,MX,,gaba,4.0,0.558561792396926,0.8433166441248025,0.3028143482938038,3,12719,9975,2744,6921,338,4189,266,3923,1014,186,163.3807975690144,164.7262716479262,branch,branch,0.6428259139309438,0.5104135693760905
12752,descending_neuron,DNge080,DNge080_L,L,xl,,,acetylcholine,2.0,0.444253907319574,0.7520915121861113,0.2312740050861437,3,13924,4208,9716,6627,226,4146,125,4021,504,130,189.9555710486686,169.0792765369862,branch,branch,0.60706246875523,0.5914298215830223
12753,descending_neuron,DNpe003,DNpe003(VES081)_R,R,xl,,,acetylcholine,4.0,0.307072,0.625280907657443,0.1359617889497803,3,6853,3514,3339,3656,108,2446,182,2264,476,100,178.4030709754532,170.7206567283425,branch,branch,0.5535229396801429,0.6307303684749529
12762,descending_neuron,DNp41,DNp41(hb1344695030)_L,L,xn,,,acetylcholine,4.0,0.46514353857292,0.7695707552194841,0.2864726743068994,3,6118,4529,1589,3700,95,1378,58,1320,265,76,175.0213685008847,161.2836998105696,branch,branch,0.6140762738109552,0.5476600915133003
12767,descending_neuron,DNb02,DNb02_L,L,ut,,,glutamate,4.0,0.4122266333820276,0.7244744653989136,0.2167066546747976,3,7718,4126,3592,3558,131,2319,79,2240,368,90,184.9350821012181,185.5811915966983,branch,branch,0.5958124604650926,0.6218672791916612
12770,ascending_neuron,AN12B004,AN12B004(12539)(hb2102275909)_L,L,BA,A1,,gaba,6.0,1.451372821803137,1.359391507577421,0.05692819710592115,3,10452,2686,7766,4511,238,2049,2012,37,429,120,304.9558350881273,198.184022757018,branch,branch,0.8161506225648157,0.6164791693278256
12771,descending_neuron,DNge135,DNge135_L,L,xn,MD,,gaba,2.0,0.1508538904791115,0.4382614959532174,0.2261601359651174,3,18633,4219,14414,7535,509,4628,111,4517,842,165,184.7832072047067,156.2945274945176,branch,branch,0.4634092500340023,0.7360183998791522
12772,ascending_neuron,AN08B018,AN08B018_e_L,L,BA,T3,,acetylcholine,14.0,1.078858262597573,1.172026024925856,0.3200314198894844,3,8103,581,7522,2237,123,3708,3502,206,639,140,358.5057054919099,207.4045068363569,branch,branch,0.7578210555359816,0.7467596844851682
12775,descending_neuron,DNg26,DNg26_R,R,xn,MX,,unclear,4.0,0.4646628284315953,0.7691729897283168,0.1764683637986741,3,2591,1634,957,1668,50,1015,237,778,334,50,325.715758857549,238.895961803842,branch,branch,0.6139175555128515,0.9196865533348829
12781,descending_neuron,DNge104,DNge104_R,R,xl,MX,,gaba,2.0,0.7945142589738495,1.005786743490617,0.04492167570141437,3,19367,14782,4585,9163,560,13487,9909,3578,4251,572,198.8808191983927,24.95938394633146,branch,end,0.7020224386089109,0.3188504965571665
12787,descending_neuron,DNge033,DNge033_R,R,nt,LB,,gaba,2.0,0.4397596432230697,0.7482776008475991,0.1582237848699195,3,8676,3877,4799,3697,85,4894,39,4855,455,125,150.8943821870674,135.9689930171675,branch,branch,0.605521283205903,0.4737461475927826
12788,descending_neuron,DNae004,DNae004(DNa05)_R,R,ut,,,acetylcholine,2.0,2.177997257054024,1.665266415924461,0.03220306565379589,3,7440,4692,2748,3716,171,3673,423,3250,460,114,183.5243089710652,172.596243499719,branch,branch,0.9033164140006457,0.3942367778900225
12794,descending_neuron,DNg44,DNg44_R,R,xl,,,glutamate,2.0,0.4777539228332393,0.7799328094160622,0.2436136227155605,3,12772,7889,4883,5747,298,3129,62,3067,522,141,200.4290081559764,133.389937815944,branch,branch,0.618196632645205,0.5399882955420522
12801,descending_neuron,DNa05,DNa05(PS028)_L,L,ut,,,acetylcholine,2.0,1.630825901712817,1.440983007755171,0.06600237684629424,3,12709,9313,3396,6170,269,4611,459,4152,652,160,182.7134712362059,167.3132258330626,branch,branch,0.8402866616816155,0.4165562932639928
12818,descending_neuron,DNge002,DNge002_R,R,nt,,,acetylcholine,2.0,0.5068289990041438,0.8033148348876761,0.124152004729863,3,6003,4009,1994,2111,98,2986,235,2751,515,99,148.2570750512014,130.7556285631491,branch,branch,0.6273948271184273,0.4447162959500844
12821,descending_neuron,DNg54,DNg54_R,R,xl,LB,,acetylcholine,2.0,0.4064013317751617,0.7193373663651643,0.1189856611320358,3,7239,3877,3362,3923,135,3566,267,3299,617,140,247.4899950151831,131.832461624166,branch,branch,0.5936963108517102,0.6389166476294543
12831,descending_neuron,DNpe030,DNpe030_L,L,xn,DC,,acetylcholine,2.0,1.363185579324312,1.317445173966805,0.3991359574244823,3,15500,8376,7124,6301,360,2617,533,2084,769,117,228.0473709811925,170.6701008010394,branch,branch,0.8034601018368831,0.4962504931740577
12843,descending_neuron,DNpe049,DNpe049_R,R,xl,DC,,acetylcholine,2.0,0.1879045033236737,0.4891292715280095,0.09067022663407,3,17959,7944,10015,8608,343,4976,1349,3627,836,193,220.4669883185884,163.3720164136506,branch,branch,0.4895644421817465,0.7840418373149374
12850,descending_neuron,DNge070,DNge070(DNb06)_L,L,nt,LB,,gaba,2.0,0.4793251205949486,0.7812142461107832,0.1920206773752425,3,3082,1032,2050,1245,48,2859,22,2837,279,81,97.15142298021077,169.7185227256142,branch,branch,0.6187042755584317,0.4313368377242146
12860,descending_neuron,DNg44,DNg44_L,L,xl,,,glutamate,2.0,0.9958689382903833,1.126046053056773,0.2369798048394724,3,13916,9121,4795,5951,358,2834,73,2761,540,130,200.9445783792583,131.6693059627489,branch,branch,0.7428072199419031,0.4477795522343223
12868,ascending_neuron,ANXXX027,ANXXX027_L,L,CA,A5,,acetylcholine,14.0,1.610632667667779,1.432033939722416,0.04887727260371499,3,10057,5126,4931,4423,284,19438,15490,3948,4004,969,219.8963315088672,183.2975194466312,branch,branch,0.8376733435319424,0.4813258701243651
12869,descending_neuron,DNge098,DNge098_L,L,fl,MD,potentially sexually dimorphic,gaba,2.0,0.1724927562469912,0.4686412257089985,0.146793949691659,3,5186,2611,2575,2149,137,1599,28,1571,338,69,180.5267053429905,156.6089282641248,branch,branch,0.4792016283334284,0.7035360768276364
12874,descending_neuron,DNde001,DNde001(SAD041)_L,L,xl,,,glutamate,2.0,0.4199449921099101,0.7312253897177213,0.2969097508878629,3,16558,9577,6981,6140,535,2893,215,2678,804,123,200.9623383268886,25.26331739783611,branch,end,0.5985820252577615,0.3779359322179903
12885,descending_neuron,DNpe020,DNpe020(PS133)_M,M,xl,,,acetylcholine,2.0,0.001644738196242077,0.04576183685334096,0.7153098219523489,3,19232,9656,9576,8711,393,5645,240,5405,1048,234,189.094306203325,191.1609780215723,branch,branch,0.1497441152704742,2.539367129974116
12886,descending_neuron,DNg54,DNg54_L,L,xl,LB,,acetylcholine,2.0,0.3821035923977233,0.6975022609469789,0.1587174697710333,3,6435,3403,3032,3607,115,3397,248,3149,593,132,235.8210682620041,139.1447822052419,branch,branch,0.5846162056118694,0.6413880540222114
12894,descending_neuron,DNge011,DNge011_R,R,fl,,,acetylcholine,2.0,0.234554303555666,0.546483133019574,0.1090311844524103,3,10528,4622,5906,4947,218,3232,62,3170,958,107,150.2567914319887,128.2942020387405,branch,branch,0.5174714824795578,0.5382924526314028
12897,ascending_neuron,ANXXX120,ANXXX120_b(hb2135362321)_L,L,BA,A5,,acetylcholine,4.0,0.7922477994664225,1.004351147512692,0.1052524362491666,3,7167,399,6768,2225,153,2047,1904,143,523,121,213.6325595730802,197.6982350147523,branch,branch,0.7015212486313007,0.5863411769641436
12914,ascending_neuron,AN19A038,AN19A038_R,R,IA,T1,,acetylcholine,2.0,1.219132582938714,1.245892376922137,0.1436709349975077,3,10948,35,10913,3075,272,204,59,145,132,3,309.3925548851322,278.8264428328811,branch,branch,0.7813368445759146,0.7528366309632823
12933,ascending_neuron,AN08B014,AN08B014_L,L,IA,T1,,acetylcholine,2.0,0.6860905213523185,0.9346430243968744,0.2071154728586949,3,12466,497,11969,5286,275,2598,2322,276,667,112,192.7570044177079,243.9651668725711,branch,branch,0.6767385624851509,0.6453336568948095
12941,descending_neuron,DNge137,DNge137_R,R,xn,MX,,acetylcholine,3.0,0.1641688814299601,0.4571939543033824,0.2328845344377878,3,12052,6218,5834,5059,255,2088,182,1906,419,67,169.1874570045553,163.3517738313691,branch,branch,0.4733128327107319,0.7025781002628295
12944,descending_neuron,DNpe001,DNpe001(IB111)_R,R,xn,,,acetylcholine,2.0,0.1758035564685586,0.4731173640872315,0.4447506755769609,3,10121,2290,7831,3907,233,4881,25,4856,789,229,327.5140011733155,170.8736955502688,branch,branch,0.4814846917636567,1.035106007000997
12976,ascending_neuron,AN05B007,AN05B007_L,L,BA,T1,,gaba,1.0,0.7279829212667799,0.962754716035548,0.2350105137983414,3,28054,11115,16939,12851,551,5746,4909,837,1474,296,179.8637030295564,142.5157661436,branch,branch,0.68684045516948,0.4693658720111474
12982,descending_neuron,DNg91,DNg91_L,L,ut,LB,,acetylcholine,2.0,0.73342372903973,0.9663457429204679,0.2207667481522591,3,13015,6491,6524,6389,232,4290,189,4101,509,137,143.2107448640172,166.375789134595,branch,branch,0.6881202031847555,0.4499018232073187
12995,descending_neuron,DNde003,DNde003(LAL106)_R,R,xl,,,acetylcholine,4.0,0.06848161792670596,0.2952854619376417,0.2715984840000638,3,6676,1417,5259,3470,128,4384,151,4233,521,168,211.2594778491382,169.7372959057456,branch,branch,0.3803812250222721,1.001618241627398
12996,ascending_neuron,AN19B036,AN19B036(12996)_L,L,BA,T2,,acetylcholine,4.0,1.163261176016627,1.217008681217805,0.0607238498581904,3,8429,28,8401,3413,200,3953,3434,519,813,250,251.4764135275996,291.6089666264091,branch,branch,0.7722268149946131,0.7032718491623438
13006,descending_neuron,DNge076,DNge076_L,L,fl,,,gaba,2.0,0.62805853306906,0.8942421152640285,0.157386910889435,3,6834,5044,1790,3379,138,2928,48,2880,427,101,180.3271214467685,152.2004098471071,branch,branch,0.6619506299410658,0.5023449125253961
13008,descending_neuron,DNge140,DNge140_L,L,xn,MX,,acetylcholine,2.0,0.669568,0.9233203428329918,0.1336583421853478,3,16128,10065,6063,7072,400,4493,742,3751,770,179,168.5448643970873,145.5549991232771,branch,branch,0.6726269158962983,0.46697486540784
13022,descending_neuron,DNge139,DNge139_R,R,xn,MX,,acetylcholine,2.0,0.3496282791244143,0.6672035303705367,0.2252505373742405,3,11637,7621,4016,4513,255,4453,426,4027,647,161,166.8890395803598,148.5699215670331,branch,branch,0.5717776927106923,0.5517161042989635
13026,ascending_neuron,AN08B014,AN08B014_R,R,IA,T1,,acetylcholine,2.0,0.6472349426137223,0.9077913436854226,0.06324019151964175,3,12077,352,11725,5193,241,1957,1713,244,597,93,79.61088634486245,241.9733355534727,branch,branch,0.6669465933685073,0.4821738728345982
13030,descending_neuron,DNge006,DNge006_L,L,xn,LB,,acetylcholine,2.0,0.6570575544288262,0.9146538478931568,0.007123117269939367,3,11492,8085,3407,5122,195,2849,300,2549,408,84,186.5727434954145,118.5968343274523,branch,branch,0.669462758835506,0.4558425002664714
13034,descending_neuron,DNg95,DNg95_R,R,xl,MX,,acetylcholine,2.0,0.6659410402354992,0.9208161960401803,0.2193853123260743,3,5378,5188,190,2517,90,1718,218,1500,433,72,288.0186778784379,203.8607065722869,branch,branch,0.6717141773549881,0.7322748291358095
13041,ascending_neuron,ANXXX027,ANXXX027_L,L,,A9,,acetylcholine,14.0,0.7141566172072564,0.9535682703207836,0.202014767313853,3,12303,5458,6845,5404,358,9106,8177,929,2949,522,198.2656042014942,173.4815338414189,branch,branch,0.6835557420263426,0.5438431940325751
13045,descending_neuron,DNge086,DNge086_R,R,nt,LB,,gaba,2.0,0.2754493661287126,0.592210288265335,0.3809189059760119,3,3781,1527,2254,1713,49,4846,21,4825,457,156,174.4988704705154,179.339267440504,branch,branch,0.5386864034389712,0.6568536641209402
13047,descending_neuron,DNge133,DNge133_L,L,xn,LB,,acetylcholine,2.0,0.404072566686564,0.7172734282321975,0.2564081208365859,3,9513,4053,5460,5059,198,3190,143,3047,1115,115,182.8980657402512,166.9477275726752,branch,branch,0.592843975961447,0.5901144441006803
13061,ascending_neuron,AN08B032,AN08B032_L,L,BA,T1,,acetylcholine,2.0,0.4272461389835101,0.737554526451584,0.09538579314462756,3,10156,1740,8416,4273,292,2487,2153,334,722,116,179.9651993892685,139.3440852303764,branch,branch,0.6011669634646236,0.5311490883986926
13065,descending_neuron,DNge084,DNge084_L,L,xn,LB,,gaba,2.0,0.4565522306582133,0.7624305570418112,0.2132831973347145,3,13398,5216,8182,5710,325,2748,61,2687,661,139,158.7368777997668,201.557910877164,branch,branch,0.6112208872007627,0.5894674024099371
13092,descending_neuron,DNp60,DNp60(CL139)_R,R,xn,CG,,acetylcholine,2.0,0.8444051806016992,1.036884789994202,0.2503524946057385,3,10223,8910,1313,3563,247,1472,115,1357,447,81,186.4753210709406,136.4895020096467,branch,branch,0.7127927799137411,0.4530977756532144
13096,descending_neuron,DNge018,DNge018_R,R,nt,LB,,acetylcholine,2.0,0.6482971511782604,0.9085359484463513,0.2268649173324415,3,8945,4761,4184,3930,165,3375,159,3216,356,87,183.5425248132984,145.2952491665085,branch,branch,0.6672200647003297,0.4928475496723838
13104,descending_neuron,DNpe030,DNpe030_R,R,xn,DC,,acetylcholine,2.0,0.6729107429515732,0.9256222598895627,0.2714056416469358,3,17152,8991,8161,6861,434,2765,594,2171,862,111,208.4061343120377,154.5607358065395,branch,branch,0.6734648523463461,0.5389544366777324
13130,descending_neuron,DNg105,DNg105_R,R,xl,MX,,gaba,2.0,3.929984,2.236919989399816,0.0427056497370764,3,25737,23666,2071,13023,422,15276,1375,13901,1389,380,317.6626821127107,110.7863118163216,branch,branch,1.046943549006301,0.4092379138643066
13133,descending_neuron,DNge088,DNge088_L,L,ut,MX,,glutamate,2.0,0.5491677108022843,0.8361949809016747,0.2112575259492638,3,9158,8202,956,4266,177,1776,36,1740,244,52,184.1371802837756,197.6257639262762,branch,branch,0.6401058823677693,0.5964059302156388
13135,descending_neuron,DNge122,DNge122_L,L,xn,MX,,gaba,2.0,0.5043311654651761,0.8013328793408111,0.01713461144397435,3,13248,7746,5502,5148,394,13162,7775,5387,2514,565,202.1495946130974,136.2442500924746,branch,branch,0.626620388175327,0.5400300582158685
13137,ascending_neuron,AN03A008,AN03A008_R,R,BA,T1,male-specific,acetylcholine,2.0,0.9918695221936323,1.123782674218865,0.10531933915255,3,20682,152,20530,7790,492,1538,1129,409,667,60,247.1095997065768,158.8795955352429,branch,branch,0.7420603145076846,0.5471107769874078
13166,ascending_neuron,AN08B012,AN08B012_R,R,CA,T2,,acetylcholine,4.0,0.4980048812021533,0.79629109515159,0.2564480464075486,3,14166,3190,10976,6428,325,4756,3082,1674,1109,223,193.0876902684874,182.515417348552,branch,branch,0.6246460090517502,0.6013055429381952
13176,descending_neuron,DNg85,DNg85_R,R,fl,LB,,acetylcholine,2.0,0.4524581204095622,0.7590043288690773,0.1001633266615711,3,7951,3508,4443,3776,199,8138,229,7909,2637,192,216.1365828597355,184.3605906137423,branch,branch,0.6098459814952033,0.6567185578423423
13178,descending_neuron,DNge039,DNge039_L,L,fl,,,acetylcholine,2.0,0.4552151019161972,0.7613132529519959,0.0333260652816549,3,8108,5481,2627,3831,147,3147,384,2763,580,85,261.2128027966219,130.4661118789358,branch,branch,0.6107728660856488,0.6412840786228253
13181,ascending_neuron,ANXXX027,ANXXX027_R,R,CA,A4,,acetylcholine,14.0,0.9353127140869921,1.091273171240424,0.0638381133715001,3,12518,5622,6896,5768,330,20500,15235,5265,4615,1050,233.3538343221387,177.0568273190053,branch,branch,0.7312481479688051,0.561246770718183
13186,descending_neuron,DNge028,DNge028_L,L,fl,MX,,acetylcholine,2.0,0.5835691076358871,0.8619879726120441,0.3225507661075942,3,14799,4596,10203,5700,380,2633,131,2502,417,69,170.5081304276042,116.4192691150233,branch,branch,0.6499031516925438,0.4414925497674262
13188,descending_neuron,DNg81,DNg81_R,R,xn,GNG,,gaba,2.0,0.3933008806487063,0.7076483831827057,0.07338569019977163,3,8359,2045,6314,4124,153,3638,48,3590,1131,152,168.8337289338252,122.169697402269,branch,branch,0.5888528744597633,0.4941869844875464
13189,ascending_neuron,AN08B018,AN08B018_e_R,R,BA,T3,,acetylcholine,14.0,1.786852368412833,1.508340510649669,0.2248151640111579,3,8451,473,7978,3336,108,3784,3511,273,663,145,372.1157650119861,242.7841814861587,branch,branch,0.859701605336606,0.7152481078099044
13212,descending_neuron,DNp53,DNp53(PS126)_L,L,xn,,,acetylcholine,2.0,1.196580629624866,1.23431510405669,0.1516984986738079,3,7621,5735,1886,4226,143,3418,89,3329,438,144,137.706958027406,223.7173876581356,branch,branch,0.7776981425898986,0.4647360278911331
13218,descending_neuron,DNg95,DNg95_L,L,xl,MX,,acetylcholine,2.0,0.3290304430690978,0.6472515519775189,0.1693236998924649,3,6490,6478,12,2725,98,2145,240,1905,459,79,271.1392019867762,174.8907803071535,branch,branch,0.5631636178491862,0.7920078076019735
13229,descending_neuron,DNg41,DNg41(hb5813024629)_R,R,ut,,,glutamate,2.0,0.3110605906239243,0.6293287255409975,0.1156821061935864,3,9057,6453,2604,4054,149,2895,43,2852,256,68,174.4815612312688,202.3700501704636,branch,branch,0.5553116922189635,0.6786307882261139
13245,descending_neuron,DNp46,DNp46(CL206)_R,R,xn,CG,,acetylcholine,2.0,0.1997105310388607,0.5042611878964477,0.01915539843807463,3,12109,4617,7492,5876,249,2239,125,2114,645,101,178.0347818520626,164.2779076145243,branch,branch,0.4970794524713925,0.6886478364065701
13249,descending_neuron,DNpe034,DNpe034(SMP486_b)_L,L,ad,CG,sexually dimorphic,acetylcholine,2.0,0.343552,0.6613803686781569,0.1359043725851332,3,10744,9095,1649,3228,296,3267,195,3072,728,137,192.9764318864775,155.5977016179331,branch,branch,0.5692770684405765,0.6123101611299071
13254,descending_neuron,"DNp51,DNpe019","DNp51,DNpe019(PS296)_L",L,xn,,,acetylcholine,4.0,0.364796989431963,0.6815232591372876,0.08064543714664088,3,4651,2921,1730,2446,97,3228,96,3132,532,158,197.5046830633518,209.6362547626799,branch,branch,0.5778809539838382,0.7045411948936082
13257,descending_neuron,DNp25,DNp25_R,R,xn,,,gaba,2.0,0.07962021653969682,0.3183953646941466,0.07691223452143925,3,5592,982,4610,2480,101,1359,70,1289,478,61,184.0172666313644,156.8969813650911,branch,branch,0.3949857322741314,0.8631052216333002
13268,descending_neuron,DNg52,DNg52_R,R,xl,MX,,gaba,4.0,0.466558019916548,0.7707399826602255,0.25042846996182,3,6829,2338,4491,3532,116,4583,20,4563,645,192,187.2150975714575,128.3195811280792,branch,branch,0.6145425872171191,0.5134463994243212
13278,descending_neuron,DNge076,DNge076_R,R,fl,,,gaba,2.0,0.4039659943907667,0.7171788331975415,0.1655752961304654,3,7728,5780,1948,3228,162,3271,39,3232,433,119,192.9330408611759,131.4345029460468,branch,branch,0.5928048821212552,0.547174211262442
13295,descending_neuron,DNge033,DNge033_L,L,nt,LB,,gaba,2.0,0.4970646211778412,0.7955390197673717,0.06645945566128307,3,8735,3778,4957,3677,87,4492,47,4445,476,118,158.9667039668738,131.1167353999199,branch,branch,0.6243509587451693,0.464615990900067
13317,descending_neuron,DNg33,DNg33_L,L,xn,,,acetylcholine,2.0,0.5608886584177338,0.8450713698208641,0.2119943796845874,3,11130,7471,3659,3011,237,3729,891,2838,630,94,178.3754205442218,241.2483643875296,branch,branch,0.6434943443513884,0.6521017451283307
13337,ascending_neuron,AN08B020,AN08B020_L,L,BA,T1,potentially male-specific,acetylcholine,2.0,1.046781719967779,1.154471255843499,0.1364599392869108,3,16946,2091,14855,7216,460,2432,1677,755,862,111,204.3626723391583,219.2773304843069,branch,branch,0.7521242685642543,0.5632579887791155
13341,ascending_neuron,AN09B017e,AN09B017e_R,R,BA,A9,male-specific,glutamate,2.0,0.8208393528184903,1.022313613273011,0.1268382114437021,3,20574,1686,18888,9917,322,2605,1773,832,852,89,221.0736447877206,199.3103439969877,branch,branch,0.707766678011741,0.5939584355195295
13348,descending_neuron,DNg20,DNg20_R,R,xn,MX,,gaba,2.0,0.2039690393597978,0.5096091117852363,0.05643886222983589,3,3478,1396,2082,1547,83,1532,242,1290,692,53,194.4954300551645,160.3158705406352,branch,branch,0.4997083797323852,0.7100367233901822
13364,descending_neuron,DNge022,DNge022_L,L,fl,,,acetylcholine,2.0,0.5551670921614074,0.8407500792004331,0.1818500285318315,3,11616,6243,5373,5539,192,3238,151,3087,426,95,206.1434367761305,124.9069694410651,branch,branch,0.6418469746039255,0.5157777777506577
13366,descending_neuron,DNde001,DNde001(SAD041)_R,R,xl,,,glutamate,2.0,0.310016,0.6282711442527154,0.06812856206765913,3,15684,8636,7048,5883,487,2544,217,2327,714,122,198.532715662131,136.498907281326,branch,branch,0.554844897862304,0.603829330024049
13377,descending_neuron,DNg86,DNg86_L,L,,,,unclear,2.0,0.08395938117084935,0.3269562727005222,0.2347758619773751,3,5126,11,5115,3070,140,4529,0,4529,739,154,185.48098314186,44.81763352020186,branch,end,0.4002606321176939,0.575371640832127
13378,ascending_neuron,ANXXX057,ANXXX057_R,R,BA,A2,,acetylcholine,2.0,0.9757657995786844,1.11462262780894,0.1416556212545272,3,17909,3419,14490,8347,402,5454,4901,553,1457,236,194.4417606564464,177.9718248231362,branch,branch,0.7390298286445415,0.5039222654417458
13381,ascending_neuron,ANXXX027,ANXXX027_L,L,CA,A4,,acetylcholine,14.0,1.126838706886444,1.197804492455282,0.05304368381495786,3,11847,5859,5988,5188,336,17886,13102,4784,4493,933,218.1814337460367,174.0105265217113,branch,branch,0.7661097841060953,0.5119265781540195
13399,ascending_neuron,ANXXX093,ANXXX093_R,R,CA,A6,,acetylcholine,2.0,0.3817644425939893,0.6971926456041,0.2589789213168261,3,15603,5057,10546,7918,297,7849,7035,814,1398,238,227.4332880281775,205.4123574263695,branch,branch,0.5844864381198327,0.7405572092432435
13403,descending_neuron,DNp21,DNp21(PS236)_L,L,xn,,,acetylcholine,2.0,1.030938865754224,1.145701589456301,0.01298622411749036,3,10995,7395,3600,5325,241,4618,162,4456,598,145,155.8919097836976,193.0234012513666,branch,branch,0.7492621562801549,0.4656785453669731
13410,descending_neuron,DNa14,DNa14(CL052)_R,R,xl,,,acetylcholine,2.0,0.4586308539549792,0.7641642098993753,0.2471829839602907,3,9829,8469,1360,5428,198,2261,133,2128,627,112,162.47538994208,160.0501996558152,branch,branch,0.6119154049790656,0.5270754535243792
13432,descending_neuron,DNg66,DNg66_M,M,ad,LB,potentially sexually dimorphic,unclear,1.0,0.02087036031757393,0.1630121715369948,0.9495692422865686,3,13433,12786,647,6375,364,3686,2148,1538,897,134,205.6690886939993,456.4587123345378,branch,branch,0.2826233607703501,2.342792185415129
13442,descending_neuron,DNg33,DNg33_R,R,xn,,,acetylcholine,2.0,0.3717155344095185,0.6879556074359472,0.4048540418038971,3,10301,6221,4080,2730,224,4381,814,3567,632,99,187.8756445906209,166.3647336492813,branch,branch,0.5806016255950496,0.6101263975567528
13443,descending_neuron,DNge096,DNge096_L,L,it,MD,,gaba,2.0,0.161152,0.4529736185620096,0.3941444021121779,3,4211,1033,3178,1912,101,1964,24,1940,457,50,171.0339077241772,142.5931971088846,branch,branch,0.4711232037327229,0.665700823793405
13444,descending_neuron,DNg51,DNg51_L,L,xn,LB,,acetylcholine,4.0,0.2376907434247954,0.5501247621639558,0.2344897314491949,3,6894,1746,5148,3745,116,3418,83,3335,570,139,183.1783578170749,265.08605447758,branch,branch,0.5191927710016178,0.8633872375184866
13445,descending_neuron,DNge046,DNge046_L,L,fl,LB,,gaba,4.0,0.1212534595766196,0.3929181844467096,0.1290416925271139,3,6000,577,5423,2861,83,4999,32,4967,550,188,173.7720516459174,125.3551382093708,branch,branch,0.4387823040858504,0.6817211794319813
13465,ascending_neuron,ANXXX102,ANXXX102_R,R,CA,A2,,acetylcholine,2.0,1.536541493446208,1.398708472692626,0.2602259310382303,3,21275,1028,20247,9002,499,4091,2860,1231,793,169,219.1373741855737,167.7599398508333,branch,branch,0.8278690425540662,0.4673412027133985
13471,ascending_neuron,ANXXX068,ANXXX068_R,R,BA,A1,potentially male-specific,acetylcholine,2.0,0.5455145657663963,0.833409093640576,0.2802038456940699,3,15428,552,14876,5653,386,2990,2659,331,570,96,179.5223854214554,144.3286961153281,branch,branch,0.6390386967030105,0.5067785146777919
13489,ascending_neuron,AN08B018,AN08B018_c_L,L,BA,T2,,acetylcholine,14.0,0.6557077967304776,0.9137139030289568,0.08866400860314246,3,12033,652,11381,4390,226,2756,2626,130,549,123,225.5780316126837,347.3208035069032,branch,branch,0.6691186834069042,0.8561991307769177
13492,descending_neuron,DNge019,DNge019_L,L,fl,MX,,acetylcholine,11.0,0.07014262144034841,0.2988450424371134,0.1241217003461887,3,4310,932,3378,1543,108,1028,38,990,174,34,169.9345646368879,119.1490893762867,branch,branch,0.3826670495276351,0.7554443330566872
13499,descending_neuron,DNge106,DNge106_R,R,xl,MX,,acetylcholine,2.0,0.6441903801443584,0.9056537231954463,0.3709084030756485,3,7576,5992,1584,3782,140,3882,217,3665,373,100,201.5204196346624,200.3200673544559,branch,branch,0.6661608847461464,0.6032183759066663
13503,ascending_neuron,AN12B017,AN12B017_L,L,CA,T1,,gaba,6.0,0.898558215414551,1.069616685131858,0.2181385914323584,3,12077,67,12010,5859,197,827,656,171,308,32,206.4003031968771,185.8576837293719,branch,branch,0.7239559211130262,0.5418257872981862
13507,descending_neuron,DNg51,DNg51_R,R,xn,LB,,acetylcholine,4.0,0.2020588346187753,0.5072172104727194,0.2600587337133313,3,6687,1715,4972,3645,116,3020,62,2958,530,129,184.6598672068389,253.3244426166504,branch,branch,0.4985342848106161,0.8785440102477031
13508,descending_neuron,DNg17,DNg17_R,R,xn,,,acetylcholine,2.0,0.8041240500779903,1.011851046069477,0.2339424460151674,3,10818,10709,109,4159,385,967,203,764,374,39,355.2776204153657,147.3500567215206,branch,branch,0.7041356492708234,0.7138222268072761
13509,descending_neuron,DNa08,DNa08_L,L,wt,,sexually dimorphic,acetylcholine,2.0,1.200713166609923,1.23644469573529,0.3244223424540222,3,8113,6786,1327,2467,283,1486,335,1151,642,66,178.3149223388799,254.6371724992039,branch,branch,0.7783687435337393,0.5562300624669378
13514,descending_neuron,DNae008,DNae008(PS012)_R,R,xl,,,acetylcholine,2.0,0.2328823056898363,0.5445318731473872,0.1362151739125904,3,9548,6138,3410,4560,195,1903,138,1765,472,92,222.7166742143777,166.1964469440867,branch,branch,0.516546820571204,0.7529097182872974
13525,descending_neuron,DNge096,DNge096_R,R,it,MD,,gaba,2.0,0.196608,0.50032897218859,0.3891918097376992,3,4220,1231,2989,1990,94,2048,37,2011,438,59,177.8379549935995,146.7029791053726,branch,branch,0.4951375529814004,0.6554561094079715
13527,ascending_neuron,ANXXX027,ANXXX027_L,L,,A9,,acetylcholine,14.0,0.7854767583153565,1.000050033827056,0.06602034955432301,3,12324,6048,6276,5425,393,8949,8281,668,2962,513,220.672467246482,175.0294773537942,branch,branch,0.7000175116204289,0.5652743510434322
13538,ascending_neuron,AN03A008,AN03A008_L,L,BA,T1,male-specific,acetylcholine,2.0,0.8380127174557508,1.032952530785242,0.1217001673769025,3,21332,334,20998,7813,531,2261,1815,446,829,101,247.588520087517,158.7835743640905,branch,branch,0.7114399061654952,0.5711966547418794
13539,descending_neuron,,,L,xn,,,acetylcholine,,0.2046528182058673,0.5104625951832381,0.2577620617478546,3,3630,1708,1922,1875,82,2179,61,2118,658,95,154.9298141956463,183.510593425754,branch,branch,0.5001266555981461,0.67670939717586
13541,sensory_ascending,SAxx01,SAxx01_R,,abdomen,,,acetylcholine,13.0,0.1094159584289167,0.3732461990386444,0.1290476848473614,3,2747,1403,1344,1344,79,541,300,241,149,31,303.2693248342236,224.805580672772,branch,branch,0.4276571495122416,1.23480901958329
13552,ascending_neuron,AN07B018,AN07B018_L,L,BA,T1,,acetylcholine,2.0,1.171972795520856,1.221557247373602,0.1282579077657566,3,14528,1639,12889,6713,268,3832,3559,273,831,207,359.7230850639064,202.3202981814467,branch,branch,0.7736685667733082,0.7264653204012576
13568,descending_neuron,DNg41,DNg41_L,L,ut,,,glutamate,2.0,0.3852728109144081,0.7003888765303867,0.2483631775077347,3,8946,6351,2595,4098,146,2523,32,2491,247,60,99.77058146756995,164.1410450867965,branch,branch,0.5858246747106931,0.4504959213005119
13570,descending_neuron,DNge063,DNge063_L,L,xl,GNG,sexually dimorphic,gaba,2.0,0.8971196391641925,1.068760123199958,0.1767859659542323,3,12775,11703,1072,7191,217,3762,158,3604,697,153,196.4458465514307,127.7653387548018,branch,branch,0.7236659867424885,0.4480121924282187
13578,ascending_neuron,ANXXX109,ANXXX109_L,L,BA,T1,,gaba,2.0,1.149685226482612,1.209886231988555,0.05284213462329466,3,5471,151,5320,2775,115,2254,1800,454,617,112,182.0620716011679,212.9324766842351,branch,branch,0.7699638002363434,0.5130040505334897
13580,ascending_neuron,ANXXX027,ANXXX027_R,R,,A9,,acetylcholine,14.0,0.5862789687375703,0.8639870179830393,0.1345451346407622,3,13709,6230,7479,6028,438,10528,9565,963,3547,577,197.112952914208,181.7758926495397,branch,branch,0.6506563138952002,0.5823179418570501
13585,descending_neuron,DNg34,DNg34_R,R,xl,TC,,unclear,2.0,1.284006386727744,1.278611632699419,0.1207319884640634,3,22143,14188,7955,13193,557,3267,1701,1566,1406,147,193.9076825072357,135.2250561433992,branch,branch,0.7915299741783095,0.4158184141950012
13586,descending_neuron,DNpe049,DNpe049_L,L,xl,DC,,acetylcholine,2.0,0.2131407542431727,0.5209407230166273,0.1860055603656308,3,18593,7618,10975,8981,371,5322,1612,3710,845,184,209.9945809953624,163.2012243042783,branch,branch,0.5052335640851143,0.7386599621017461
13615,descending_neuron,DNbe006,DNbe006_R,R,xn,,,acetylcholine,2.0,0.2378698249677441,0.5503319613180424,0.3350579873300585,3,11269,6804,4465,5558,204,2909,167,2742,530,129,168.8997168774531,155.0020221708551,branch,branch,0.5192905362567671,0.6237389600494329
13622,descending_neuron,DNg73,DNg73_L,L,nt,,,acetylcholine,2.0,0.5471796460608308,0.8346800365642153,0.2060085510721814,3,4812,2066,2746,2212,68,3034,131,2903,369,88,158.5703268746652,133.5128088774558,branch,branch,0.6395257758030285,0.4567183166079009
13624,descending_neuron,DNg62,DNg62_L,L,fl,,,acetylcholine,2.0,0.2151337084727067,0.5233705618708187,0.3208076579862979,3,8224,2763,5461,3081,174,4017,232,3785,449,101,189.204215284509,131.1532483893096,branch,branch,0.5064104810494162,0.6326043311938437
13625,descending_neuron,DNge137,DNge137_R,R,xn,MX,,acetylcholine,3.0,0.2922733705583976,0.6100278790907722,0.2909775170335052,3,9506,5267,4239,3740,259,2067,241,1826,488,83,170.4249815888075,172.1938449375212,branch,branch,0.5467299706020133,0.6266691876230336
13627,descending_neuron,DNge082,DNge082_R,R,xl,LB,,acetylcholine,2.0,0.2334326389697376,0.5451748957611275,0.2128475745518372,3,10682,7913,2769,4892,229,3338,215,3123,591,146,179.989193099041,133.9238718063002,branch,branch,0.5168517185063357,0.6073561403888283
13633,descending_neuron,DNg43,DNg43_L,L,xl,MX,,acetylcholine,2.0,0.8553940535679325,1.043609857817566,0.04472953723106806,3,13784,12895,889,6054,328,3677,177,3500,576,142,338.9530844866225,213.4639766723217,branch,branch,0.7151005735773165,0.7725026123185131
13638,descending_neuron,DNge002,DNge002_L,L,nt,,,acetylcholine,2.0,0.8964807437597134,1.068379489717234,0.4034748270101696,3,5866,4083,1783,2104,84,2491,199,2292,462,104,150.3636743220078,137.0601297912237,branch,branch,0.7235371102862966,0.3972481853757309
13649,descending_neuron,DNg79,DNg79_R,R,xn,MD,,acetylcholine,4.0,0.5268133048433477,0.8189991040405175,0.04910259227874638,3,8263,8041,222,4323,165,2201,76,2125,577,115,334.9199044677325,178.2480439215069,branch,branch,0.6334899849088804,0.8100648165149004
13652,descending_neuron,DNge038,DNge038_R,R,xl,LB,,acetylcholine,2.0,0.479232,0.7811383574646181,0.2173060302840241,3,15375,7510,7865,6376,373,3803,474,3329,944,191,177.0290928369758,120.6114759827384,branch,branch,0.6186742237702026,0.4810941807238899
13656,ascending_neuron,AN04B003,AN04B003(11443)_L,L,IA,T2,,acetylcholine,6.0,0.9565302840258025,1.103581525469872,0.1473970129196273,3,18264,4911,13353,9218,262,2836,2681,155,610,84,166.5899599641031,144.7314535523687,branch,branch,0.7353604201207983,0.4233589475285205
13657,ascending_neuron,AN12B019,AN12B019(13657)_L,L,CA,T1,,gaba,6.0,1.149146568059195,1.209602766675764,0.2565421318291422,3,10088,247,9841,5578,103,765,678,87,230,34,192.7921607508039,178.7863264613006,branch,branch,0.769873597203544,0.4826486952686913
13685,descending_neuron,DNge008,DNge008_R,R,xn,LB,,acetylcholine,2.0,0.2463470546080654,0.5600525079454796,0.2847961649465748,3,7057,2775,4282,3339,158,2129,112,2017,470,94,140.8021497848401,129.7316153520295,branch,branch,0.523856591915464,0.5164271468794008
13693,ascending_neuron,AN09B017e,AN09B017e_L,L,BA,A9,male-specific,glutamate,2.0,0.7773273038136738,0.9948486630728985,0.0864386851818931,3,17029,1617,15412,7786,311,1818,1052,766,708,71,271.9972278335636,204.0344654081308,branch,branch,0.6981947041518721,0.6818036436124949
13700,descending_neuron,DNg51,DNg51_L,L,xn,LB,,acetylcholine,4.0,0.1946008893430787,0.4977685684655464,0.2925755022392835,3,6275,1842,4433,3378,115,3148,123,3025,517,143,181.9643528532268,323.2363986270879,branch,branch,0.4938690095036514,1.022944833060191
13714,ascending_neuron,ANXXX057,ANXXX057_L,L,BA,A2,,acetylcholine,2.0,1.073553694744712,1.169141145262414,0.05980286470955298,3,16522,3668,12854,7930,336,4747,4237,510,1311,206,183.1126390103205,215.7191490977265,branch,branch,0.7568878128088619,0.526936464504502
13734,ascending_neuron,ANXXX102,ANXXX102_L,L,CA,A2,,acetylcholine,2.0,0.9258777381985047,1.085755105843065,0.1135574359935618,3,17556,1255,16301,7470,416,3787,2694,1093,704,173,182.6438127314393,169.7133250765365,branch,branch,0.7293970125131456,0.4830800397631535
13743,descending_neuron,DNg51,DNg51_R,R,xn,LB,,acetylcholine,4.0,0.2345255570987357,0.5464496441111062,0.1455255893926935,3,6153,1527,4626,3275,109,3171,68,3103,534,129,163.5639077701479,251.4712113553253,branch,branch,0.5174556267105828,0.8020690039913427
13745,descending_neuron,DNpe035,DNpe035(SMP601)_L,L,xn,CG,,acetylcholine,2.0,0.2925118876634751,0.6102767426981518,0.4090061219969435,3,7015,1915,5100,3564,145,1912,351,1561,538,98,195.1037235306685,152.5363791155187,branch,branch,0.546841479701471,0.635723725339872
13758,ascending_neuron,AN06B040,AN06B040_L,L,BA,T1,,gaba,2.0,1.257822578503523,1.265507584809919,0.1236352213022712,3,18031,1869,16162,7827,360,2056,1800,256,686,107,154.8980085449469,137.4722988423158,branch,branch,0.7874634699824877,0.371281105133378
13759,descending_neuron,DNge010,DNge010_L,L,ml,LB,sexually dimorphic,acetylcholine,2.0,0.5868241629593164,0.864388645278218,0.2458434988107231,3,14515,7291,7224,5668,357,2914,429,2485,688,102,206.7000214260939,223.7244931333015,branch,branch,0.6508075262213298,0.6613699092548825
13771,ascending_neuron,AN06B004,AN06B004_L,L,BA,T1,potentially male-specific,gaba,2.0,1.393966702967776,1.332236289200481,0.1867497912951012,3,15556,8368,7188,6449,321,4474,3712,762,816,168,233.8789182521346,161.3119270595604,branch,branch,0.8079577846077328,0.4891231359365663
13780,ascending_neuron,AN19B036,AN19B036(12996)_R,R,BA,T2,,acetylcholine,4.0,0.747904,0.9758385873009978,0.1180091395542106,3,8131,29,8102,3527,152,3763,3258,505,864,229,263.1264559398329,272.5928545705712,branch,branch,0.6914917987781842,0.774729810905901
13785,ascending_neuron,AN09B004,AN09B004_b_L,L,CA,A8,,acetylcholine,10.0,0.5071129553488376,0.803539836223231,0.1790635922382196,3,12714,3941,8773,6206,240,4978,4612,366,968,184,240.0387872924765,229.0170518950609,branch,branch,0.6274826848203727,0.7475199723189372
13792,ascending_neuron,AN12B019,AN12B019(13657)_R,R,CA,T1,,gaba,6.0,0.6579739660949873,0.9152914688984984,0.407894180897127,3,9761,29,9732,5181,123,1118,1032,86,269,43,214.8819325018536,163.9989878495271,branch,branch,0.6696960652118722,0.5657505546661887
13795,descending_neuron,DNge100,DNge100_R,R,fl,LB,,acetylcholine,2.0,0.1062657818055566,0.3678339240024404,0.08677383589866533,3,7054,1380,5674,2465,166,3290,40,3250,688,151,204.4110235656527,168.970033612902,branch,branch,0.4245451951926859,0.8794848261304438
13803,descending_neuron,DNg61,DNg61_L,L,fl,,,acetylcholine,2.0,0.1998464339158171,0.5044327334104328,0.08868886453301819,3,8344,874,7470,3464,116,2564,39,2525,497,77,126.1232434042825,116.0781806959977,branch,branch,0.4971639964550048,0.4871660575328897
13805,descending_neuron,DNg97,DNg97_L,L,xl,MX,,acetylcholine,2.0,2.973245958302135,1.945675802988327,0.1358200359853736,3,24627,16493,8134,14400,346,18330,547,17783,1522,490,184.1469441355208,120.9678866786344,branch,branch,0.9764123839158741,0.3124856216903978
13815,descending_neuron,DNpe026,DNpe026(CL202)_R,R,xn,,,acetylcholine,2.0,0.2957345495449976,0.6136293044054619,0.02413281164172849,3,13582,6434,7148,6277,336,3289,214,3075,770,153,234.2367514057291,169.6140900085454,branch,branch,0.548341462191832,0.7364951754696805
13826,descending_neuron,DNge137,DNge137_L,L,xn,MX,,acetylcholine,3.0,0.182656,0.4822497716776503,0.1836277264698446,3,12499,7001,5498,5125,259,1824,181,1643,391,60,177.0243756878618,195.7936335363325,branch,branch,0.4861094404782206,0.7669425404646053
13827,ascending_neuron,AN08B018,AN08B018_b_R,R,BA,T1,,acetylcholine,14.0,0.8435276035850098,1.036345840904532,0.1301031084071605,3,17543,1619,15924,7862,304,3849,3634,215,835,216,222.1864727988243,222.6157424451216,branch,branch,0.7126075091122885,0.6241896269070278
13833,ascending_neuron,ANXXX120,ANXXX120_b_R,R,BA,A5,,acetylcholine,4.0,1.052544,1.15764443737001,0.1826517666657183,3,7508,774,6734,3389,140,2567,2383,184,618,145,223.6204274084789,189.7773103396813,branch,branch,0.7531572042484257,0.5488863884143405
13845,ascending_neuron,AN17A026,AN17A026_L,L,IA,T2,,acetylcholine,2.0,0.8150011491563538,1.018671532983263,0.3773972926351961,3,16191,1705,14486,7807,309,2596,2052,544,767,128,214.8236769265359,279.9470258181014,branch,branch,0.7065048132615932,0.7003076178073279
13852,descending_neuron,DNge069,DNge069_R,R,xl,,,glutamate,2.0,0.3896389495199272,0.7043463059446249,0.315305023551661,3,10067,5072,4995,3777,225,2677,43,2634,312,81,195.4121485812299,142.6556543688123,branch,branch,0.5874773952356517,0.5754566995968156
13854,descending_neuron,DNg89,DNg89_L,L,xn,LB,,gaba,2.0,0.1900896460100905,0.4919650946406217,0.07649705188674001,3,4955,2169,2786,1957,83,2972,56,2916,355,116,154.9595290472148,197.5693063818634,branch,branch,0.4909815641894353,0.7180082942850824
13857,descending_neuron,DNge139,DNge139_L,L,xn,MX,,acetylcholine,2.0,0.4734437679134331,0.776406676630102,0.1326225012233503,3,10689,6983,3706,4214,239,4267,451,3816,707,149,166.2514482521034,152.9926086251388,branch,branch,0.6167975936632292,0.5175831750270237
13873,descending_neuron,DNa14,DNa14(CL052)_L,L,xl,,,acetylcholine,2.0,0.319148338731141,0.637457673503913,0.2720663040006841,3,10642,9240,1402,6052,201,2311,181,2130,557,97,167.3482702744772,146.1508411678701,branch,branch,0.5588866253695085,0.5609350755800913
13878,ascending_neuron,AN17B008,AN17B008_L,L,BA,T2,,gaba,6.0,0.505216,0.8020355290340447,0.1557772623329308,3,3838,2189,1649,1761,101,2598,2419,179,693,122,257.6031881305286,182.5839369720116,branch,branch,0.6268950543964132,0.7021703585241407
13883,ascending_neuron,AN17B005,AN17B005_R,R,IA,T2,,gaba,2.0,1.220578434055013,1.246630951681275,0.0838277345330875,3,13622,5860,7762,5911,322,2904,2567,337,726,102,194.067117694602,173.0024100568145,branch,branch,0.781568401564332,0.4696575846934397
13888,descending_neuron,DNge172,DNge172_R,R,ad,LB,,acetylcholine,4.0,0.9631311505968444,1.107382800889638,0.1620787702293617,3,12324,12263,61,4017,266,2084,269,1815,365,59,206.7306547151737,158.2277502424605,branch,branch,0.7366258021790457,0.4954461327284959
13891,descending_neuron,DNg106,DNg106_R,R,lt,MX,,gaba,16.0,0.1218870587725326,0.3939434264214184,0.2584549334813393,3,2479,1168,1311,1482,56,878,21,857,322,48,195.3338052607233,218.5256875978343,branch,branch,0.4393543887871099,0.9419719101954711
13901,ascending_neuron,AN27X015,AN27X015_L,L,BA,T1,,glutamate,2.0,0.4080846001739609,0.720825534050317,0.1844844265694069,3,16137,298,15839,5610,471,2849,2309,540,809,141,183.6571950743844,182.4692548934929,branch,branch,0.5943101140689558,0.6160528675192577
13922,descending_neuron,DNb02,DNb02_R,R,ut,,,glutamate,4.0,0.2880644382651796,0.6056195457803089,0.1436792336157675,3,8467,4463,4004,3803,155,2882,77,2805,376,112,171.3072520610754,172.6024256175292,branch,branch,0.5447509315571212,0.631315446667654
13929,ascending_neuron,AN08B018,AN08B018_b_L,L,BA,T1,,acetylcholine,14.0,0.98688,1.120952560061414,0.1046506834797326,3,16511,1578,14933,6549,337,3932,3736,196,868,207,221.8698502496752,223.0091938606773,branch,branch,0.7411253297722947,0.600275049628972
13952,descending_neuron,DNg63,DNg63_L,L,xl,,,acetylcholine,2.0,0.3080127777811739,0.6262380130227762,0.2154398841164632,3,7599,4126,3473,3479,187,2951,324,2627,517,121,231.0091225219409,155.4193014416305,branch,branch,0.5539464111095588,0.6975917096196225
13964,descending_neuron,,,R,xl,,,acetylcholine,,0.4486637517173487,0.755815077235012,0.2428236274113583,3,19370,12780,6590,8845,412,2638,148,2490,678,105,181.0540551986016,118.4308412765975,branch,branch,0.6085633803024594,0.492117840423381
13978,descending_neuron,DNg79,DNg79_R,R,xn,MD,,acetylcholine,4.0,0.5878671525089284,0.8651564630893215,0.1641824473268942,3,8343,8121,222,4369,164,1747,79,1668,471,99,334.2403045016147,198.766853186377,branch,branch,0.6510965112130209,0.8186300318135271
13994,descending_neuron,DNge172,DNge172_R,R,ad,MX,,acetylcholine,4.0,0.3158701777557074,0.6341753711088849,0.1752105343594454,3,10361,9584,777,2972,260,1118,253,865,323,44,180.6774808041871,214.96801472582,branch,branch,0.557445900373618,0.7097468925053226
13996,descending_neuron,DNge131,DNge131_L,L,xl,MX,,gaba,2.0,0.6995776209512962,0.9437848757036408,0.2369317348121187,3,12288,10666,1622,5630,277,2043,347,1696,428,73,215.0104648374469,137.7527522666737,branch,branch,0.6800401378556886,0.5187388177063461
14010,ascending_neuron,AN17A026,AN17A026_R,R,IA,T2,,acetylcholine,2.0,0.7361271569015834,0.9681250983837583,0.1960879273650218,3,16737,1454,15283,7791,308,2063,1508,555,691,99,205.1130065164047,262.903146592728,branch,branch,0.6887534378919945,0.6795118940408449
14014,ascending_neuron,AN17A002,AN17A002_R,R,IA,T3,,acetylcholine,2.0,0.8872960000000001,1.062892447562467,0.1164779103967513,3,24962,14291,10671,11848,448,6509,5565,944,1127,265,274.9662658446717,168.8620958188198,branch,branch,0.721676727701267,0.6149960842955311
14016,ascending_neuron,AN08B020,AN08B020_R,R,BA,T1,potentially male-specific,acetylcholine,2.0,1.125064561913435,1.196861182680902,0.1397826050632629,3,16980,1378,15602,7256,476,2430,1646,784,860,106,198.9969418851533,202.385541941064,branch,branch,0.7658080565739968,0.5241293564106471
14024,ascending_neuron,AN17B008,AN17B008_R,R,BA,T2,,gaba,6.0,0.3287344543143614,0.6469603596434481,0.0738702603393191,3,3760,2100,1660,1739,111,1978,1905,73,559,93,245.5549690947216,195.0386348597784,branch,branch,0.5630369226127977,0.7825305699489581
14026,ascending_neuron,AN05B004,AN05B004_L,L,BA,A8,,gaba,2.0,0.5389289723046007,0.8283632532540895,0.2227698944841042,3,17781,12493,5288,3482,296,14610,12145,2465,1209,304,219.8974585695149,155.1675533840668,branch,branch,0.6371012432059004,0.588705509451293
14029,descending_neuron,DNp65,DNp65_R,R,xn,,,gaba,2.0,0.2051775490837954,0.5111165905987871,0.2701590707848331,3,6542,3276,3266,2840,110,1683,176,1507,438,55,295.5902545768867,156.9479868414543,branch,branch,0.500446929647296,0.9042681943063973
14034,ascending_neuron,AN06B004,AN06B004_R,R,BA,T1,potentially male-specific,gaba,2.0,0.8779224460497926,1.057263247976216,0.1910761785979422,3,15869,8389,7480,6810,335,4128,3450,678,828,155,241.4550417369415,157.2468404280184,branch,branch,0.7197631495904372,0.553934835913496
14046,descending_neuron,DNg42,DNg42_L,L,xn,MX,,glutamate,2.0,0.2898315816462235,0.607474304859975,0.2857579613013937,3,7104,5901,1203,3057,152,1453,90,1363,315,65,181.9645585575284,178.7250560742963,branch,branch,0.5455844658541771,0.6611068261760759
14048,descending_neuron,DNg52,DNg52_L,L,xl,MD,,gaba,4.0,0.2327371072595149,0.5443620931788725,0.3563949919101462,3,6677,2204,4473,3427,120,3967,13,3954,625,167,9.290887357410242,118.9481683164741,end,branch,0.5164662870484844,0.248300922809015
14063,ascending_neuron,AN27X003,AN27X003_L,L,BA,T1,,unclear,2.0,1.174016,1.222621608410303,0.07877635328007278,3,5608,2981,2627,4178,81,1999,1336,663,817,59,195.1032800296018,22.15063409348868,branch,end,0.7740055478619313,0.2806877996200677
14067,descending_neuron,DNpe003,DNpe003(VES081)_L,L,xl,,,acetylcholine,4.0,0.1559031453874825,0.4455356886445105,0.1072887078357488,3,8043,4039,4004,4183,129,2864,180,2684,493,95,209.1900658061789,165.5416519991002,branch,branch,0.4672392186405269,0.8020125512913779
14081,ascending_neuron,AN08B022,AN08B022_L,L,BA,T3,,acetylcholine,6.0,0.1673614854820778,0.4616180906132268,0.6065951494455246,3,12238,5975,6263,6563,217,2835,2673,162,523,96,176.785348110344,166.1905487433098,branch,branch,0.4755973763599639,0.7211475796579387
14085,ascending_neuron,AN09B012,AN09B012(14085)_L,L,CA,A5,,acetylcholine,4.0,0.598254062910429,0.8727661374595351,0.2332121755925312,3,12950,768,12182,5443,274,5048,4156,892,906,229,232.1426992075938,164.5557586096016,branch,branch,0.6539536737072223,0.6066155352692442
14095,ascending_neuron,ANXXX250,ANXXX250(hb1722993253)_R,R,BA,T1,,gaba,2.0,0.7969902377772536,1.007352712561931,0.268658898664576,3,14415,11,14404,3868,351,1126,282,844,262,52,375.8382548236222,147.0646207818777,branch,branch,0.70256873624959,0.7442729068714734
14096,descending_neuron,DNpe003,DNpe003(VES081)_R,R,xl,,,acetylcholine,4.0,0.2708849669486143,0.5872831105976515,0.3848319837998013,3,7220,3570,3650,3902,107,2882,178,2704,523,109,177.021948352821,162.6012576947466,branch,branch,0.5364407928120766,0.6331047351325177
14098,descending_neuron,DNge044,DNge044_L,L,fl,,,acetylcholine,2.0,0.2613760000000001,0.5768832284307613,0.05901209837328942,3,8597,4056,4541,3441,202,3948,306,3642,646,117,175.4018858893159,122.508808744167,branch,branch,0.5316698053595605,0.5603302870134034
14113,ascending_neuron,AN19A018,AN19A018(14113)_R,R,BA,T1,,acetylcholine,12.0,2.034055575253678,1.609297981916964,0.2360029516365012,3,17826,4934,12892,7531,309,4926,4436,490,1085,246,185.6884387470544,122.1457661102592,branch,branch,0.8880067630031386,0.3466575004634572
14114,descending_neuron,DNg69,DNg69_R,R,xl,LB,,acetylcholine,2.0,0.4951112566932244,0.7939743264522697,0.3913577073282267,3,2691,2667,24,1884,37,4097,114,3983,523,137,105.9878524077111,19.88015468787007,branch,branch,0.6237366591451974,0.2017967122023539
14115,ascending_neuron,AN10B018,AN10B018_L,L,BA,T3,,acetylcholine,2.0,0.3679778588553395,0.6844881017823411,0.1992488586061743,3,15828,784,15044,9058,216,2060,1889,171,505,77,165.9883745561348,521.2005936383775,branch,branch,0.5791365727299107,1.186574981709873
14119,ascending_neuron,AN09B023,AN09B023(14119)_R,R,BA,A1,,acetylcholine,8.0,0.7843428204092998,0.9993279219426576,0.1918298891477673,3,13334,3093,10241,6204,284,6131,3244,2887,1342,284,184.7413593542867,143.5406487856345,branch,branch,0.6997647331438633,0.4691319704910456
14121,ascending_neuron,AN08B010,AN08B010_R,R,BA,T2,,acetylcholine,4.0,1.740891667305687,1.488815674928744,0.05921820036723788,3,10502,6565,3937,5752,227,3490,3232,258,889,169,188.0301734489383,213.4474639153266,branch,branch,0.8541192426793137,0.4700486973046725
14141,descending_neuron,DNg42,DNg42_R,R,xn,MX,,glutamate,2.0,0.4879738638687218,0.7882306897570467,0.1512772222433518,3,8104,6426,1678,3343,167,1864,62,1802,366,87,201.2832802601125,178.0560757289932,branch,branch,0.6214764983335677,0.6103840724569141
14151,descending_neuron,DNp24,DNp24_R,R,xn,,,gaba,2.0,0.1485703138777251,0.4349317174026688,0.01685616743137312,3,6515,4173,2342,3186,81,874,157,717,327,35,169.4766715900194,157.6866277953254,branch,branch,0.461645471685045,0.7086895019053712
14152,descending_neuron,DNpe041,DNpe041(SMP290)_R,R,xl,,sexually dimorphic,gaba,2.0,0.1679298724549358,0.4624012914687377,0.5456952055461015,3,6750,2639,4111,3748,150,2198,276,1922,500,104,301.6812084943131,154.615855485956,branch,branch,0.4760006647260919,0.9586059385922054
14154,descending_neuron,DNg76,DNg76_R,R,xn,LB,,acetylcholine,2.0,0.9967685519860676,1.126554542548681,0.1538196538810081,3,8219,3381,4838,3030,163,3247,254,2993,551,113,179.5672496500767,162.5059850755088,branch,branch,0.7429749160293728,0.4604102067855841
14157,descending_neuron,DNge173,DNge173_R,R,fl,,,acetylcholine,2.0,0.08509096555818316,0.3291522174441128,0.07288442391198312,3,11319,2434,8885,5536,166,5994,120,5874,399,145,194.676432123695,163.7919123403798,branch,branch,0.4016025230842247,0.8925948515241181
14193,ascending_neuron,AN10B019,AN10B019_L,L,BA,T2,,acetylcholine,6.0,1.99694508366574,1.59454992056934,0.00456110827928412,3,4067,895,3172,1687,110,3396,3284,112,634,194,219.8457179731546,180.549048327629,branch,branch,0.8839284253145027,0.4529719317017355
14196,ascending_neuron,AN10B019,AN10B019_L,L,BA,T1,,acetylcholine,6.0,1.810816,1.518421067898871,0.08300771742751477,3,3889,1226,2663,1706,121,2797,2706,91,585,161,218.746640941454,189.4980244293149,branch,branch,0.8625696048844098,0.4732889532149425
14213,descending_neuron,DNge060,DNge060_L,L,xl,,,glutamate,2.0,0.9993306613829804,1.128001470007533,0.136251469490557,3,7874,7258,616,3475,200,2844,115,2729,514,98,206.5866304189343,21.37538394633146,branch,end,0.7434518950837983,0.3066264486952058
14214,descending_neuron,DNg106,DNg106_L,L,lt,MX,,gaba,16.0,0.1437880987616875,0.4278746234654091,0.1087486645436828,3,3300,1418,1882,1987,73,1051,28,1023,395,51,105.1048153324244,235.2835949727184,branch,branch,0.4578848823646074,0.7433929867859148
14234,descending_neuron,DNg64,DNg64_L,L,xl,MD,,gaba,2.0,0.05287962466165733,0.2594772229502522,0.1945111895771769,3,7809,763,7046,3212,119,2248,24,2224,428,105,204.5414762570685,209.1912980858279,branch,branch,0.3565723478420944,1.160305270015259
14239,descending_neuron,DNae004,DNae004(DNa05)_L,L,ut,,,acetylcholine,2.0,2.269284442101125,1.699806662516483,0.06465602655530733,3,7293,4876,2417,3560,154,3418,521,2897,469,104,186.7058431608779,172.8028963882025,branch,branch,0.9126364361743818,0.3939232812751599
14246,ascending_neuron,AN17B012,AN17B012_R,R,BA,T1,,gaba,2.0,0.5306662134881198,0.8219885693049183,0.1946305893039172,3,16377,3882,12495,7824,383,4414,3841,573,894,218,194.1674097386831,159.0762120500025,branch,branch,0.6346450968528866,0.5566002534965915
14247,descending_neuron,DNge127,DNge127_R,R,xl,MD,,gaba,2.0,0.4207463944588033,0.731922774430259,0.3827700195223293,3,8437,3677,4760,3877,185,1845,133,1712,343,69,164.6080809780485,144.5776132187694,branch,branch,0.5988673972348361,0.5162840649272743
14249,descending_neuron,DNge077,DNge077_L,L,fl,,,acetylcholine,2.0,0.1206094166470344,0.3918732942450195,0.02950532527536494,3,6995,2361,4634,3033,186,1769,49,1720,416,78,207.4904381654723,158.4879945521014,branch,branch,0.4381984871950833,0.8351887179259986
14264,descending_neuron,DNde003,DNde003(LAL107)_R,R,xl,,,acetylcholine,4.0,0.08571306224427536,0.3303532357186135,0.2394771478061735,3,6624,1492,5132,3412,134,3847,159,3688,509,136,211.0218092311656,172.5366550085827,branch,branch,0.4023345442565436,0.953332170242824
14265,descending_neuron,DNge133,DNge133_R,R,xn,LB,,acetylcholine,2.0,0.4945303258123486,0.7935083911938464,0.2766873996112273,3,8707,3944,4763,4671,184,3572,138,3434,1165,137,205.9778197886629,162.8750163172552,branch,branch,0.6235536157260133,0.5915334733108024
14271,descending_neuron,DNae006,DNae006(PS045)_L,L,xn,,,acetylcholine,2.0,0.3734792900368326,0.6895858186002004,0.3071750052878081,3,5522,4047,1475,2968,111,2277,76,2201,428,88,193.8055265495885,183.2685696378915,branch,branch,0.5812891286735872,0.6486859595119306
14278,descending_neuron,DNg73,DNg73_R,R,nt,,,acetylcholine,2.0,0.3367154840521992,0.6547667291638313,0.3248871598968103,3,5226,2505,2721,2195,77,3491,146,3345,347,94,183.8214607456031,122.7167946476694,branch,branch,0.5664236023421669,0.5411819954637022
14306,descending_neuron,DNg89,DNg89_R,R,xn,LB,,gaba,2.0,0.262016,0.577589068935111,0.2139928072528361,3,5115,2404,2711,2126,85,3355,65,3290,379,115,181.8578865090389,172.0225722286972,branch,branch,0.5319949659331414,0.665195126643755
14320,ascending_neuron,AN09B017g,AN09B017g_R,R,BA,A10,male-specific,glutamate,2.0,0.582016,0.8608401633686595,0.06523018522841868,3,26426,3344,23082,12532,434,2938,2447,491,676,70,222.7700076626352,211.8581415913827,branch,branch,0.6494703072894427,0.6692040334652615
14328,descending_neuron,DNpe040,DNpe040(CL320)_L,L,xn,,,acetylcholine,2.0,0.2725210653687757,0.5890539849630775,0.2597731010111475,3,11876,6134,5742,6076,221,3514,86,3428,867,172,171.3285592331077,152.344367778525,branch,branch,0.5372489670831466,0.6024635631575627
14332,descending_neuron,DNae006,DNae006(PS045)_R,R,xn,,,acetylcholine,2.0,0.3953107008665471,0.7094541682168486,0.2966049490366466,3,5291,3660,1631,2873,98,2281,86,2195,409,83,193.7335789524185,188.9433182811956,branch,branch,0.5896037164284633,0.649040849931692
14357,descending_neuron,DNg05_a,DNg05_a_R,R,ut,LB,,acetylcholine,2.0,0.2606019901931927,0.5760284362344085,0.1329982888612448,3,8284,5166,3118,4152,163,3156,266,2890,447,121,148.6193072479879,184.3993930005792,branch,branch,0.5312757605564742,0.6268283346858387
14364,ascending_neuron,AN10B019,AN10B019_L,L,BA,T3,,acetylcholine,6.0,1.454105472531011,1.360670639736998,0.08917980980524176,3,4059,1672,2387,1934,121,4329,4242,87,625,235,219.5620990336976,182.2236047028876,branch,branch,0.8165345145620785,0.4920621193239698
14375,descending_neuron,DNpe003,DNpe003(VES081)_L,L,xl,,,acetylcholine,4.0,0.178048,0.4761278761645933,0.09875843906408889,3,7130,3743,3387,3793,117,2427,161,2266,443,86,172.5483651890501,156.9619396024371,branch,branch,0.4830141398765161,0.6821959805891551
14379,ascending_neuron,AN04B003,AN04B003(14379)_R,R,IA,T1,,acetylcholine,6.0,0.8794172341861726,1.058162935888164,0.2956067525299902,3,13559,1656,11903,6812,205,735,636,99,255,28,156.4996361874169,327.1971521449069,branch,branch,0.720069329012978,0.6717364132080759
14387,descending_neuron,DNge151,DNge151_M,M,ad,LB,,unclear,1.0,0.02204807676139073,0.1675484503597662,0.1558065064317441,3,7079,4703,2376,4152,181,2422,688,1734,615,97,157.6734070238982,153.3628807181789,branch,branch,0.2865287780944271,1.085532454403492
14399,descending_neuron,DNpe028,DNpe028(IB046)_R,R,xn,,,acetylcholine,2.0,0.1498913977312114,0.4368611392731159,0.4068747093713062,3,6729,4158,2571,3330,144,2003,74,1929,505,106,165.469695647367,160.3304252306305,branch,branch,0.4626683026141155,0.7041764457111043
14421,descending_neuron,DNge131,DNge131_R,R,xl,MX,,gaba,2.0,0.5494073504528545,0.8363774056995708,0.1058803275850302,3,13101,11414,1687,5502,347,2060,340,1720,452,86,214.9250393705066,159.7944009551599,branch,branch,0.6401757015013845,0.5853384304447177
14432,descending_neuron,DNge113,DNge113_R,R,nt,LB,,acetylcholine,4.0,0.6096138669189293,0.8810133270161693,0.08460714536704209,3,2341,861,1480,1122,48,1241,31,1210,283,62,160.4636399734288,158.7482576969379,branch,branch,0.657036171179276,0.4858361102059751
14446,descending_neuron,DNpe014,DNpe014_R,R,xn,,,acetylcholine,4.0,0.2319360097163259,0.5434244192331672,0.3684490567324253,3,4765,2320,2445,2811,80,2208,18,2190,208,73,198.7372234532006,237.7923855998231,branch,branch,0.5160212838868683,0.8459527207190309
14469,ascending_neuron,AN10B018,AN10B018_R,R,BA,T3,,acetylcholine,2.0,0.3079705772890298,0.6261951114623217,0.4697025088602086,3,16408,962,15446,9080,217,2056,1896,160,482,77,208.44627551617,521.1172506951582,branch,branch,0.5539274362373988,1.317074184241447
14484,ascending_neuron,AN06B040,AN06B040_R,R,BA,T1,,gaba,2.0,0.9605656634100359,1.10590695267207,0.03242727777827192,3,16677,2382,14295,7232,328,1998,1757,241,657,107,155.2877948080724,136.7438704224683,branch,branch,0.7361347748947297,0.3967095091687556
14498,ascending_neuron,AN04B003,AN04B003(14379)_L,L,IA,T1,,acetylcholine,6.0,0.6489373783733814,0.9089844510230932,0.08400108348107785,3,14436,1526,12910,7312,199,1212,1090,122,364,44,157.9969225586104,287.3474111122429,branch,branch,0.6673847323705537,0.6672977550579979
14501,descending_neuron,DNp28,DNp28_R,R,xn,,,acetylcholine,2.0,1.978850046300996,1.587309085229287,0.1042575776123222,3,4939,2464,2475,2522,100,348,209,139,192,11,193.59551990531,216.7681637583937,branch,branch,0.8819191866392014,0.4653075813301089
14502,ascending_neuron,ANXXX098,ANXXX098(14502)(hb2034132170)_L,L,BA,A1,,acetylcholine,6.0,0.5281160380254973,0.820011112011857,0.1151818744407963,3,8292,592,7700,2390,150,3424,3045,379,507,176,463.2121326134214,551.2647156578126,branch,branch,0.6338812545625638,1.60042096365717
14521,ascending_neuron,AN07B037_b,AN07B037_b_L,L,BA,T1,,acetylcholine,2.0,0.7297954620698109,0.9639525101764889,0.2439472784971976,3,17177,1193,15984,9725,224,1249,1042,207,342,56,180.8918586645802,151.5812594215784,branch,branch,0.687267582522615,0.4837608037117309
14527,ascending_neuron,AN05B103,AN05B103_R,R,BA,T2,potentially sexually dimorphic,acetylcholine,2.0,0.5115981058542937,0.8070854597781405,0.2240110593252509,3,10849,172,10677,4211,286,2226,1192,1034,616,92,215.2117269427034,263.3676851481015,branch,branch,0.62886554627463,0.7610202449885939
14534,ascending_neuron,ANXXX098,ANXXX098(14502)_R,R,BA,A1,,acetylcholine,6.0,0.7702650005241815,0.9903190690847262,0.2552866958727082,3,9671,696,8975,3858,136,3708,3201,507,570,176,320.9167677427748,587.4826046017699,branch,branch,0.6966034337063778,1.304040905327263
14537,descending_neuron,DNge078,DNge078_L,L,fl,,,acetylcholine,2.0,0.2483524602209633,0.5623274609919,0.06097739818320748,3,14129,3430,10699,4124,472,2822,197,2625,443,73,191.6514862083399,131.2437105740807,branch,branch,0.5249194756208145,0.6151328189919745
14554,descending_neuron,DNg72,DNg72_L,L,xl,MX,,glutamate,4.0,0.2484251548704258,0.5624097537276388,0.3050504395452899,3,6404,2247,4157,3446,146,1245,16,1229,309,42,203.073291209229,139.2737237899136,branch,branch,0.5249578833835558,0.6521418685868364
14561,ascending_neuron,AN06B025,AN06B025_L,L,CA,T3,,gaba,2.0,1.19424,1.233107292130138,0.1001159722527433,3,16391,8301,8090,7922,265,1742,1044,698,220,30,147.5246333214704,172.7499347164876,branch,branch,0.7773175497464131,0.4120253918651937
14567,ascending_neuron,AN27X009,AN27X009_L,L,BA,T2,,acetylcholine,4.0,0.4351664928969162,0.744359581989825,0.1563356743506933,3,4471,1849,2622,2503,116,3026,2756,270,615,89,176.2832778230716,203.6572987818342,branch,branch,0.6039339327898493,0.629109503501128
14569,descending_neuron,DNg04,DNg04_R,R,ut,LB,,acetylcholine,4.0,0.5356715072188327,0.825856008017684,0.08620968221893904,3,4620,2576,2044,2446,80,4019,66,3953,348,98,169.8412013963226,226.1195093178665,branch,branch,0.6361363406760103,0.622446298687179
14579,ascending_neuron,AN27X022,AN27X022_R,R,XA,T1,,gaba,2.0,0.3102346149988559,0.6284926252250155,0.1450516522507382,3,8899,18,8881,5962,65,2049,3,2046,349,71,243.8556754712289,240.4851448334487,branch,branch,0.5549426874554322,0.8727762906932174
14587,ascending_neuron,AN08B018,AN08B018_f_L,L,BA,A1,,acetylcholine,14.0,0.7420606201132695,0.9720189947315391,0.112198920236275,3,8674,699,7975,3118,158,2570,2435,135,564,155,349.8248849918148,324.9037800500482,branch,branch,0.6901371656550993,0.9776732780379822
14600,ascending_neuron,AN12B004,AN12B004_R,R,BA,T3,,gaba,6.0,0.7081220211810049,0.9495309156975595,0.1052864748305224,3,9381,7310,2071,4066,234,1930,1863,67,510,79,330.0452772654579,187.8081816106459,branch,branch,0.6821071387192807,0.7591966561857446
14628,ascending_neuron,AN09B023,AN09B023(14119)_L,L,BA,A1,,acetylcholine,8.0,0.6059542121354641,0.8783648815781017,0.03735601978130264,3,12397,3297,9100,5417,293,5640,3427,2213,1210,253,183.7689291266873,140.8095563795691,branch,branch,0.656047857990002,0.4947481827022487
14642,ascending_neuron,AN09B002,AN09B002_L,L,BA,T2,,acetylcholine,2.0,0.0895477376578376,0.3376621399084134,0.6049602882394134,3,18491,104,18387,9417,359,4185,2672,1513,1029,202,225.996131453947,190.530183212111,branch,branch,0.4067609230925736,1.024007693510081
14656,ascending_neuron,AN06B025,AN06B025_R,R,CA,T3,,gaba,2.0,1.948691191774809,1.575166875554707,0.07649373818696042,3,17867,8760,9107,8508,278,1788,978,810,232,32,143.3102358843585,157.5560417204703,branch,branch,0.8785395659967777,0.3424618415033709
14686,descending_neuron,DNg11,DNg11_L,L,xn,LB,,gaba,6.0,0.707722908663544,0.9492632901494801,0.4650928008124139,3,2187,898,1289,1028,60,1969,20,1949,233,72,159.2744967162185,192.7053814709297,branch,branch,0.6820110059033103,0.5160911996148181
14700,ascending_neuron,AN01A086,AN01A086_R,R,XA,T1,,acetylcholine,2.0,0.01643393156820303,0.1446524508886996,0.4435905689294879,3,16071,12,16059,7247,351,2182,24,2158,589,107,258.2721558267216,200.5549773600633,branch,branch,0.2662324190166607,1.723408196798421
14707,sensory_descending,DNx02,DNx02_R,,,,,acetylcholine,,0.8480058098914459,1.039093129280989,0.09690259708865602,3,10048,4605,5443,5994,129,175,40,135,69,5,149.7242149770364,194.1447621353764,branch,branch,0.7135514230577109,0.4819119771899062
14716,ascending_neuron,AN27X018,AN27X018_R,R,BA,T2,,glutamate,6.0,0.3885061216023918,0.7033216599791685,0.5311455100282669,3,7058,36,7022,2777,129,2548,905,1643,515,107,234.1996658638949,1.536000000000001,branch,branch,0.5870499241033871,0.4015598268306373
14758,ascending_neuron,AN08B018,AN08B018_g_R,R,BA,A2,,acetylcholine,14.0,0.6569593098466068,0.9145854648848408,0.1844573406822734,3,14182,1300,12882,5162,261,4071,3816,255,776,164,356.8074640938368,193.689150070435,branch,branch,0.6694377325738159,0.822326838446578
14793,descending_neuron,DNge121,DNge121_R,R,xl,LB,,acetylcholine,2.0,0.8615400740406179,1.047352324503352,0.1701692338117808,3,7884,6344,1540,3749,198,2674,205,2469,1080,115,187.8618436045201,154.6208321084426,branch,branch,0.7163816294452576,0.4780729455306804
14794,ascending_neuron,AN09B012,AN09B012(14794)_R,R,CA,A4,potentially sexually dimorphic,acetylcholine,4.0,0.5535578632455528,0.8395306794771333,0.2849772598211956,3,11310,906,10404,5870,214,4235,3528,707,817,167,218.279861304037,177.8930304617982,branch,branch,0.6413813475178362,0.6176869553488503
14801,descending_neuron,DNge111,DNge111_L,L,xn,LB,,acetylcholine,6.0,0.05875140212580145,0.273504311657436,0.5385499385888014,3,2805,460,2345,1598,50,701,17,684,226,42,170.6317693198019,249.0406040520103,branch,branch,0.3660834777918059,1.146384359936841
14804,descending_neuron,DNg63,DNg63_R,R,xl,,,acetylcholine,2.0,0.3071597946992614,0.6253702880404806,0.2312598463308198,3,7256,4113,3143,3608,145,3441,328,3113,537,144,229.3094628821684,167.3593148895367,branch,branch,0.5535624997593637,0.7165745113589505
14826,ascending_neuron,AN27X021,AN27X021_L,L,XA,T1,,gaba,2.0,0.3066946551199515,0.6248966018931731,0.2642369185693912,3,6636,148,6488,3196,109,3408,64,3344,582,114,213.753367332512,120.6629084764702,branch,branch,0.5533528123427717,0.6043454887183798
14832,descending_neuron,"DNp51,DNpe019","DNp51,DNpe019(PS296)_R",R,xn,,,acetylcholine,4.0,0.6140883929093937,0.8842407058121132,0.3059437977142554,3,4357,2636,1721,2556,88,2875,73,2802,457,143,176.6315202459528,182.9161817438553,branch,branch,0.6582385174448054,0.5462270779679143
14842,descending_neuron,DNge184,DNge184_L,L,xn,LB,,acetylcholine,2.0,0.4165241226736824,0.7282410207645903,0.2446683375467798,3,3047,1057,1990,1399,58,1573,27,1546,434,88,139.9536296889606,181.0228437603166,branch,branch,0.5973592722764494,0.5373256737542259
14846,descending_neuron,DNp39,DNp39(PS297)_R,R,xn,,,acetylcholine,2.0,0.1922691788749702,0.4947774467145513,0.3066026895955107,3,5736,2608,3128,2488,121,2630,99,2531,473,105,187.1193854497511,169.7117532227299,branch,branch,0.4923829291213599,0.724702497930287
14854,descending_neuron,DNg72,DNg72_R,R,xl,MX,,glutamate,4.0,0.1755184104117246,0.4727335200356155,0.07939001461855658,3,5977,2202,3775,3068,141,1135,22,1113,298,38,225.7485910150468,127.0464018833389,branch,branch,0.4812893358650819,0.7330205899207446
14863,ascending_neuron,AN19A018,AN19A018(14863)_R,R,BA,A1,,acetylcholine,12.0,0.5907383591365901,0.8672666484102044,0.1849491705134382,3,21313,9214,12099,9280,420,7383,6908,475,1231,340,217.8190393579602,152.6448040383617,branch,branch,0.6518900656713524,0.5682918990563197
14885,descending_neuron,DNpe040,DNpe040(CL320)_R,R,xn,,,acetylcholine,2.0,0.2869721167963816,0.6044702203926269,0.1863186237224576,3,12183,6511,5672,5965,227,3470,111,3359,893,178,169.6827976184466,155.7624610802357,branch,branch,0.5442337806424616,0.5979879791998541
14887,descending_neuron,DNge072,DNge072_R,R,nt,LB,,gaba,2.0,0.08644103049622744,0.3317531285692042,0.2446872179626693,3,4244,1401,2843,1621,80,2403,15,2388,323,86,160.9512055197216,153.3646888793687,branch,branch,0.4031861021896836,0.7795801806958531
14899,ascending_neuron,AN05B006,AN05B006_L,L,BA,T1,,gaba,3.0,0.4954901744859236,0.7942780899554033,0.05896644813808512,3,20023,9563,10460,8106,496,7350,6762,588,1202,269,251.1830815427631,158.2999859004374,branch,branch,0.6238559642082038,0.6563743731502436
14936,descending_neuron,DNge052,DNge052_R,R,xl,LB,,gaba,2.0,0.1374049220815781,0.4182695069396275,0.4185748498471819,3,8268,3147,5121,3381,208,2145,141,2004,459,114,190.099777068647,125.2757907962225,branch,branch,0.4527163111711544,0.6966295670880704
14950,ascending_neuron,ANXXX094,ANXXX094_L,L,BA,A1,,acetylcholine,2.0,0.4986799169809835,0.7968305908193009,0.0983985729914838,3,20086,2899,17187,9357,324,2053,1770,283,485,90,170.8533949201855,160.6254380860487,branch,branch,0.6248575753733465,0.5304870198751751
14952,descending_neuron,DNg09_b,DNg09_b_L,L,nt,LB,,acetylcholine,2.0,0.1757546138707748,0.4730515030627528,0.6145455599159699,3,2692,559,2133,1332,61,939,12,927,276,52,160.9631214783822,215.7682765292316,branch,branch,0.4814511776917249,0.7824913832671866
14964,descending_neuron,DNge113,DNge113_L,L,nt,LB,,acetylcholine,4.0,0.3080393298525859,0.626265004692128,0.2067339448038915,3,2689,849,1840,1274,69,1537,24,1513,397,87,143.6060620060822,174.4238440185602,branch,branch,0.5539583488847719,0.5741043648225533
14968,ascending_neuron,AN06B037,AN06B037_R,R,BA,T1,,gaba,2.0,0.9758968252046468,1.114697460942679,0.1926726602558986,3,13165,1037,12128,4668,417,1004,638,366,427,35,166.2588127422527,188.2002877034207,branch,branch,0.7390546365877915,0.479611496765933
14970,descending_neuron,DNge052,DNge052_L,L,xl,LB,,gaba,2.0,0.387492913453355,0.7024039441186614,0.3580595075549508,3,8396,3177,5219,3237,221,2136,103,2033,418,98,179.7511533650797,131.0357487139913,branch,branch,0.5866667986328731,0.5297502821078452
14973,ascending_neuron,AN19A018,AN19A018(14113)_L,L,BA,T1,,acetylcholine,12.0,1.08016409049684,1.172735108549014,0.1889613246988203,3,18193,4976,13217,7773,326,5935,5457,478,1105,274,190.4751182605622,78.97346441878821,branch,branch,0.75805026428926,0.355449493750896
14976,ascending_neuron,ANXXX094,ANXXX094_R,R,BA,A1,,acetylcholine,2.0,0.339712,0.6576737429919729,0.03449828901966608,3,21989,3118,18871,10485,339,1960,1583,377,517,81,170.227704314065,166.2193879823386,branch,branch,0.5676796051172409,0.5926707411426528
14989,descending_neuron,DNge127,DNge127_L,L,xl,MD,,gaba,2.0,0.1550697033211686,0.4443431989564614,0.2400725803866274,3,8543,3333,5210,3689,197,1532,138,1394,321,61,166.0144983947718,148.7177566605814,branch,branch,0.466613509757986,0.6745030919027449
14994,ascending_neuron,ANXXX027,ANXXX027(14994)_R,R,CA,A3,,acetylcholine,14.0,0.6701000407471083,0.9236871065506231,0.1311560892762849,3,16544,8255,8289,7060,444,18305,14966,3339,4451,959,191.6150524204343,146.7452929986739,branch,branch,0.6727604939425362,0.5029432442387278
15014,descending_neuron,DNge121,DNge121_L,L,xl,LB,,acetylcholine,2.0,0.6611979105044651,0.9175311038599977,0.188057263696473,3,7671,5277,2394,3668,186,2951,223,2728,1195,140,182.7715322409735,140.5536254133235,branch,branch,0.6705149072849901,0.4822042793403155
15024,descending_neuron,DNp21,DNp21(PS236)_R,R,xn,,,acetylcholine,2.0,0.3101266346795249,0.6283832390743777,0.1473181481962393,3,9699,7595,2104,4454,229,1975,51,1924,399,111,155.6946233238288,203.8640443560599,branch,branch,0.5548943927869924,0.6479767544126412
15028,descending_neuron,DNp41,DNp41(PS295)_R,R,xn,,,acetylcholine,4.0,0.5484800000000001,0.8356712424729849,0.2236829852285118,3,5618,4226,1392,3440,88,1548,44,1504,256,82,179.7895850728816,233.2864480132151,branch,branch,0.6399053905162564,0.6455267281821759
15047,descending_neuron,DNge184,DNge184_R,R,xn,LB,,acetylcholine,2.0,0.1880686474946072,0.4893428645796232,0.5235103054797015,3,2955,848,2107,1336,66,1356,19,1337,379,77,140.9954151197572,186.0499345910094,branch,branch,0.4896713220559433,0.6678874889744977
15063,descending_neuron,DNg50,DNg50_L,L,xn,LB,,acetylcholine,2.0,0.7667200000000001,0.9880375619071089,0.2370364368784164,3,7217,7176,41,2633,225,1878,145,1733,527,96,205.6526756657505,203.5946101945316,branch,branch,0.6958005499670744,0.5881675228334439
15064,descending_neuron,DNg05_a,DNg05_a_L,L,ut,LB,,acetylcholine,2.0,0.2191313148083461,0.5282108059324384,0.2592971214065876,3,8585,5599,2986,4163,172,2668,271,2397,329,101,149.8192595219259,180.693279897048,branch,branch,0.5087467885961491,0.6496601980152051
15065,descending_neuron,DNge016,DNge016_R,R,ut,LB,,acetylcholine,2.0,0.9059437089607928,1.074003424367411,0.2247951301218262,3,3792,3726,66,1983,93,2246,97,2149,528,121,185.6910662687385,176.6432586836592,branch,branch,0.7254389553505045,0.4994690763157758
15070,ascending_neuron,AN08B012,AN08B012_L,L,CA,T2,,acetylcholine,4.0,0.3456,0.6633487669849641,0.160672563028496,3,12922,3367,9555,6051,288,4227,2740,1487,1029,206,189.8135404290097,170.527889320611,branch,branch,0.5701235794304884,0.6320409166545528
15072,descending_neuron,DNpe004,DNpe004_L,L,ut,,,acetylcholine,4.0,0.6246275553826486,0.8917962234975214,0.1745422386665293,3,6007,3435,2572,2915,146,1835,66,1769,340,86,144.9283953771062,207.4446442274539,branch,branch,0.6610447409319474,0.5330547507386278
15087,ascending_neuron,AN10B019,AN10B019_R,R,BA,T1,,acetylcholine,6.0,1.400241534248353,1.335231400763792,0.03772733764361951,3,3942,1404,2538,1909,98,3104,2964,140,699,163,231.5680363664069,182.2397352245877,branch,branch,0.8088654933759125,0.5115903385418388
15100,ascending_neuron,AN10B019,AN10B019_R,R,BA,T2,,acetylcholine,6.0,2.082888160364539,1.628501020275028,0.02530252934243257,3,4378,1343,3035,2066,97,3382,3231,151,632,187,234.14975896855,187.2750375433124,branch,branch,0.8932891468806522,0.4717675099753191
15105,descending_neuron,DNg55,DNg55_M,M,xn,MD,,gaba,1.0,0.7532983919416623,0.9793514699052288,0.1862774315270602,3,12061,5051,7010,3982,242,3542,331,3211,674,166,195.684867341837,154.5885448792543,branch,branch,0.6927353176023019,0.505638161243834
15144,ascending_neuron,AN09B011,AN09B011_L,L,CA,T3,,acetylcholine,2.0,0.4129706532593393,0.7251279656342761,0.04126450299180068,3,13252,3998,9254,6891,223,1949,1761,188,511,79,296.0447977492107,233.4698506808413,branch,branch,0.5960811212920564,0.8883264869759406
15148,descending_neuron,DNg62,DNg62_R,R,fl,,,acetylcholine,2.0,0.1827945398384721,0.4824326239839194,0.04198433826160632,3,9646,3654,5992,3489,217,3740,309,3431,475,104,179.8710349420481,142.207633634109,branch,branch,0.4862015896231937,0.6624385346534305
15156,descending_neuron,DNge147,DNge147_R,R,fl,MX,,acetylcholine,2.0,0.1365694745868454,0.4169959899659413,0.3828665097460144,3,6343,2836,3507,3398,112,1922,87,1835,436,100,192.3668060770725,123.0839038852707,branch,branch,0.4520265866996224,0.69785875265776
15171,ascending_neuron,AN09B004,AN09B004_c_R,R,BA,A3,,acetylcholine,10.0,0.5911963274038109,0.8676027563077059,0.2200698341582384,3,14134,1496,12638,7194,285,10270,8795,1475,1482,376,231.6758600995629,219.1018109689468,branch,branch,0.6520163729468578,0.691359434781019
15188,ascending_neuron,AN04B001,AN04B001_R,R,IA,T1,,acetylcholine,4.0,0.7958417217701973,1.006626619709579,0.1360424386615068,3,23265,13834,9431,12338,319,4980,4893,87,1046,187,193.9190314286699,139.367720754237,branch,branch,0.7023154872688583,0.4745541828772447
15190,ascending_neuron,AN17A012,AN17A012_L,L,BA,T3,,acetylcholine,4.0,0.8506362069451505,1.040703443285401,0.2589348153673455,3,16215,3426,12789,7559,315,6135,5316,819,1140,283,174.5130786201958,152.1277163657633,branch,branch,0.7141041151049659,0.4574134052398596
15192,ascending_neuron,AN05B097,AN05B097_R,R,BA,T1,,acetylcholine,8.0,0.9109792189926994,1.076984106685636,0.1090973801299303,3,10596,68,10528,4290,169,4528,3574,954,880,217,169.8249087688151,230.2930878134056,branch,branch,0.7264449134490253,0.550789177781609
15201,descending_neuron,DNg72,DNg72_R,R,xl,MX,,glutamate,4.0,0.149539756042122,0.4363484054088874,0.356567064403939,3,6422,2632,3790,3283,147,1132,21,1111,285,30,237.997019163685,143.8589116661752,branch,branch,0.462396711331682,0.8258188725653609
15207,ascending_neuron,AN09B002,AN09B002_R,R,BA,T2,,acetylcholine,2.0,0.2209140435681142,0.5303550662134469,0.3623054311936208,3,17404,96,17308,8684,348,3899,2657,1242,1109,190,214.2600014921115,200.4426622820949,branch,branch,0.5097783660029023,0.8134960042063563
15254,descending_neuron,DNge057,DNge057_R,R,fl,,,acetylcholine,2.0,0.1065669565370344,0.3683548061652319,0.3761999645221591,3,6703,1523,5180,3178,123,1891,31,1860,437,82,215.3672619620379,154.2759697556477,branch,branch,0.4248456837734892,0.8700646983970882
15286,descending_neuron,DNg47,DNg47_R,R,fl,,,acetylcholine,2.0,0.1650214484591049,0.4583795740514708,0.1403007826143363,3,6404,3845,2559,3147,131,2634,59,2575,469,105,192.8921845332908,146.7049147000379,branch,branch,0.4739261453910521,0.716561224857337
15291,ascending_neuron,AN05B099,AN05B099_L,L,BA,A7,,acetylcholine,6.0,0.714442964100247,0.9537594216311778,0.0848827308113281,3,15362,6075,9287,7260,353,5804,5215,589,1201,253,228.9932567730594,130.2153502992196,branch,branch,0.6836242510321566,0.5254474318749444
15303,sensory_descending,DNx02,DNx02_R,,,,,acetylcholine,,1.185054344657728,1.228355833738104,0.09670776920534774,3,7437,2650,4787,4376,111,153,30,123,98,4,161.7139070682135,189.3896855332657,branch,branch,0.7758185087581184,0.4525589279424435
15306,descending_neuron,DNpe020,DNpe020(PS133)_M,M,xl,,,acetylcholine,2.0,0.0007781128324801861,0.03147576891165107,0.9824511703667826,3,19416,9776,9640,8997,390,5620,249,5371,997,251,167.0103771593336,216.4080149073993,branch,branch,0.124189881901502,3.087356121095527
15326,descending_neuron,DNg109,DNg109_L,L,xl,LB,,acetylcholine,2.0,0.5830408683323391,0.8615977540345967,0.2516496818500669,3,14800,8388,6412,6623,360,3927,230,3697,818,192,163.449608000056,120.0969362096922,branch,branch,0.6497560307353464,0.4363892458048462
15344,ascending_neuron,AN07B037_b,AN07B037_b_R,R,BA,T1,,acetylcholine,2.0,1.154397795406787,1.212363362803006,0.2641680486870413,3,17760,1507,16253,9966,223,1106,892,214,293,46,200.6289261140318,154.1823025502493,branch,branch,0.7707516122418901,0.4603444521280201
15347,descending_neuron,DNge082,DNge082_L,L,xl,LB,,acetylcholine,2.0,0.3412701305290911,0.6591802679287128,0.3929707541158905,3,10011,6964,3047,4517,208,3140,158,2982,669,134,181.9194562697698,145.908030730609,branch,branch,0.5683294214494523,0.5768265281151488
15354,ascending_neuron,AN17B009,AN17B009_R,R,BA,T2,,gaba,2.0,0.3873825458991633,0.7023039059972535,0.1490499019939237,3,9732,3393,6339,4510,209,3287,2581,706,654,137,229.4134562724487,190.2221640471124,branch,branch,0.5866250198710026,0.7153387702621989
15394,descending_neuron,DNge147,DNge147_L,L,fl,MX,,acetylcholine,2.0,0.158742224316791,0.4495741067047324,0.1733188414960304,3,6572,3197,3375,3440,124,1615,100,1515,434,81,200.9536455623692,135.3638959646322,branch,branch,0.4693520131898007,0.7165571512974385
15430,sensory_descending,DNx02,DNx02_L,,,,,acetylcholine,,1.066565396533381,1.165329670055835,0.2144586232702999,3,7276,2716,4560,4438,102,147,33,114,78,4,168.735652203818,68.55618029653962,branch,branch,0.755653054203686,0.3140221973302522
15442,descending_neuron,DNg46,DNg46_L,L,xn,MX,,glutamate,2.0,0.1472,0.4329213103844808,0.5014493644195239,3,5562,1412,4150,1968,173,1591,27,1564,166,39,163.8101319516883,162.6361791012619,branch,branch,0.4605772921979497,0.7087763912439002
15443,ascending_neuron,ANXXX027,ANXXX027(15443)_R,R,BA,A6,,acetylcholine,14.0,1.058697100719073,1.161023261839309,0.208431176544189,3,14054,4557,9497,6420,368,11389,10810,579,1702,508,188.3164676949056,175.5914898509519,branch,branch,0.7542555258672365,0.4824730413840048
15448,descending_neuron,DNge097,DNge097_L,L,ut,MD,,glutamate,2.0,0.1450223294363265,0.4297070684872907,0.3987903245695378,3,5634,1924,3710,2121,140,1513,65,1448,248,50,173.1413250099964,204.0652729226995,branch,branch,0.4588643193349995,0.822043863596445
15450,descending_neuron,DNge057,DNge057_L,L,fl,,,acetylcholine,2.0,0.0964952274095025,0.3505161043604002,0.4716200817961574,3,7310,1604,5706,3667,125,2235,26,2209,545,99,200.0736516265417,164.5434008852873,branch,branch,0.4144308037979273,0.8798020059570982
15454,descending_neuron,DNg58,DNg58_R,R,xn,,,acetylcholine,2.0,0.146350256576975,0.4316699364745499,0.4054320752574793,3,8860,3123,5737,4123,221,2277,32,2245,480,73,147.1143309903791,121.0425794996175,branch,branch,0.4599111532378068,0.5830624210831877
15457,descending_neuron,DNpe004,DNpe004_R,R,ut,,,acetylcholine,4.0,0.348644501229344,0.6662641863552834,0.1717448457418208,3,5064,2977,2087,2816,117,1696,67,1629,297,75,149.9083075466766,226.133341717267,branch,branch,0.5713750531079291,0.6581345251573516
15483,descending_neuron,DNge175,DNge175_R,R,ut,LB,potentially sexually dimorphic,acetylcholine,2.0,0.3655786810127141,0.6822530567007445,0.2714770406666547,3,3973,3946,27,2135,90,2173,85,2088,491,96,187.7477198692775,218.7562209949403,branch,branch,0.5781902781812963,0.7030625664320752
15485,descending_neuron,DNge145,DNge145_L,L,xn,LB,,acetylcholine,4.0,0.1112605185631994,0.3763791864628093,0.1666580852265397,3,2259,575,1684,1053,49,1323,13,1310,438,70,144.7980185077749,176.4944459414328,branch,branch,0.4294482522572149,0.748151756959001
15491,descending_neuron,DNpe028,DNpe028(IB046)_L,L,xn,,,acetylcholine,2.0,0.1694193466062208,0.4644474262413706,0.08351984456302981,3,6349,4074,2275,3098,141,1980,93,1887,477,111,202.0799105741922,151.5441194194139,branch,branch,0.4770526583704062,0.7412683354528875
15492,ascending_neuron,AN10B020,AN10B020(15492)_R,R,BA,T2,,acetylcholine,6.0,0.7976624578668106,1.007777448004602,0.1148228550345092,3,6731,2186,4545,2548,143,3477,3303,174,583,165,370.300951441286,198.465646384483,branch,branch,0.7027168345231635,0.8093823427635856
15502,descending_neuron,DNp41,DNp41(hb1344695030)_L,L,xn,,,acetylcholine,4.0,0.3497260004059425,0.6672967657189053,0.3807631291937602,3,5903,4417,1486,3537,97,1472,37,1435,227,83,184.0761543486191,229.24897562111,branch,branch,0.5718176415626433,0.722826824370456
15503,descending_neuron,DNge019,DNge019_L,L,fl,MX,,acetylcholine,11.0,0.105555739614231,0.3666029757798031,0.1182062073032704,3,5814,1523,4291,2162,178,1480,88,1392,280,60,170.3392787918172,121.4802395992683,branch,branch,0.4238342342615843,0.6885227638571987
15509,descending_neuron,DNge091,DNge091_R,R,ut,LB,,acetylcholine,14.0,0.3248118458551457,0.6430888637981484,0.1230270813851684,3,2975,2243,732,1468,79,953,49,904,297,42,156.1757223783354,317.9468930561699,branch,branch,0.5613497512790868,0.8446117849953144
15514,ascending_neuron,AN27X013,AN27X013_R,R,XA,T1,,unclear,4.0,1.338263756558633,1.305346825995407,0.1328565393900428,3,1219,42,1177,985,9,1243,57,1186,355,32,134.6495021774035,267.24826554788,branch,branch,0.799762430186458,0.5025214395624764
15533,ascending_neuron,AN17A050,AN17A050_L,L,BA,T1,,acetylcholine,2.0,0.791552,1.003910009968128,0.0407150388566463,3,11411,1584,9827,4840,190,2299,1677,622,587,92,210.0436558529313,142.1276418434725,branch,branch,0.7013671683821412,0.5021211621706857
15537,ascending_neuron,AN12B017,AN12B017_R,R,CA,T1,,gaba,6.0,0.8604662047048017,1.046699383174718,0.1317395484317987,3,13342,193,13149,6442,230,1082,915,167,339,48,188.6499898622355,185.4624123886422,branch,branch,0.7161582909913226,0.5223878672590982
15550,ascending_neuron,ANXXX002,ANXXX002_L,L,BA,T1,,gaba,2.0,1.449213796779453,1.358380033287956,0.0129738423592494,3,37420,30960,6460,19794,710,11056,11007,49,1198,341,166.5978226829587,115.9968342469698,branch,branch,0.8158469319125361,0.3463819570510127
15559,ascending_neuron,ANXXX041,ANXXX041_R,R,IA,T1,,gaba,4.0,1.448735743152321,1.358155969707757,0.07945028651005487,3,7954,4509,3445,4569,146,2472,2056,416,1031,109,185.0592683260499,130.0366436712141,branch,branch,0.8157796425241324,0.3862512565554035
15568,descending_neuron,DNg11,DNg11_R,R,xn,LB,,gaba,6.0,0.1790981022568373,0.4775298798823244,0.5318674578916918,3,2400,1076,1324,1273,45,978,15,963,184,47,176.9952291879879,207.924808279126,branch,branch,0.4837247576280739,0.795741858147916
15569,sensory_descending,DNx02,DNx02_L,,,,,acetylcholine,,1.011876633600508,1.135060061976308,0.1469390990996328,3,10211,5082,5129,6082,131,120,32,88,70,2,89.75014593773102,185.6772099637525,branch,branch,0.7457743830196845,0.3693172656135786
15575,descending_neuron,DNge030,DNge030_L,L,ut,LB,,acetylcholine,2.0,0.1339151887284624,0.4129238597244665,0.238066809177136,3,6293,2256,4037,2881,158,1739,49,1690,423,68,170.4357894168824,181.7631992443189,branch,branch,0.449814062991575,0.7829879446605873
15590,ascending_neuron,AN10B017,AN10B017_R,R,BA,T2,,acetylcholine,2.0,0.4852939482581874,0.7860632581052139,0.1465776448950167,3,14693,1171,13522,4049,577,1594,1465,129,365,59,158.5653618335623,196.3210721553789,branch,branch,0.6206214598864228,0.5718243034230357
15639,ascending_neuron,ANXXX041,ANXXX041_R,R,IA,T1,,gaba,4.0,1.273216,1.273227772313157,0.05765250931668759,3,8039,4606,3433,4697,144,1864,1460,404,886,76,187.5832856508963,130.7837701480713,branch,branch,0.7898617653953425,0.4030668019987246
15643,ascending_neuron,ANXXX007,ANXXX007_R,R,BA,A4,,gaba,7.0,1.398290337112465,1.334300772776757,0.17367785275055,3,16107,10933,5174,6756,269,2027,1944,83,573,77,364.4373088739496,205.7948916612683,branch,branch,0.8085835631897367,0.7052235866454425
15645,ascending_neuron,AN09B017d,AN09B017d_R,R,BA,A7,male-specific,glutamate,2.0,0.5910121113661825,0.8674675738082925,0.0956298065640964,3,13417,712,12705,5793,280,2627,2070,557,707,89,284.3585414400773,204.8030649242848,branch,branch,0.6519655751387977,0.7502874768506357
15650,ascending_neuron,AN08B034,AN08B034_b_R,R,BA,T3,,acetylcholine,6.0,0.2893557445554871,0.6069754331637587,0.06953731377703705,3,8336,1062,7274,3957,159,2742,2389,353,455,142,246.0238920121798,424.9120612387748,branch,branch,0.5453603966646658,1.230261598301395
15653,descending_neuron,DNge012,DNge012_L,L,fl,LB,,acetylcholine,2.0,1.026766692115951,1.143380931981526,0.04589394558920604,3,8178,7890,288,3435,166,4208,632,3576,766,142,210.846982025977,116.9636131636211,branch,branch,0.7485029436621793,0.4379549846333647
15667,descending_neuron,DNpe014,DNpe014_R,R,xn,,,acetylcholine,4.0,0.4330992005318309,0.7425894080245902,0.2207102813315514,3,4580,2290,2290,2765,74,2028,22,2006,223,82,208.2193978090882,247.8493475187823,branch,branch,0.6032153926517867,0.7560628440248401
15672,ascending_neuron,AN12B004,AN12B004_L,L,BA,T3,,gaba,6.0,1.231977082450467,1.252438397520368,0.1937988623364343,3,8765,6834,1931,3855,233,1886,1856,30,438,75,226.0748059567034,202.4741675532136,branch,branch,0.7833867593883497,0.547046485499089
15673,descending_neuron,DNg20,DNg20_L,L,xn,MX,,gaba,2.0,0.290623235989641,0.6083033755297682,0.09781931460395446,3,5859,3284,2575,2521,170,2177,530,1647,1010,77,195.7851696712412,140.3430667966529,branch,branch,0.5459566411443186,0.6156683720585819
15681,descending_neuron,DNge113,DNge113_L,L,nt,LB,,acetylcholine,4.0,0.2211299334354137,0.5306141496178018,0.3335223365340529,3,1964,676,1288,980,52,1184,14,1170,315,66,155.7579896725598,172.7396567877087,branch,branch,0.5099028665468777,0.6442357319638018
15705,descending_neuron,DNge081,DNge081_L,L,xl,,,acetylcholine,2.0,0.363542098068146,0.6803500389037632,0.4429881425539889,3,6357,6254,103,2778,142,2482,260,2222,371,78,204.2092301853341,181.8497845308281,branch,branch,0.577383338054402,0.6686355308018727
15720,descending_neuron,DNge124,DNge124_L,L,xl,LB,,acetylcholine,2.0,0.9687281664727474,1.11059579039896,0.09331908720767809,3,10533,7106,3427,5024,199,3009,68,2941,617,122,207.6816814871213,158.8489188842543,branch,branch,0.737693660875224,0.4968601735529509
15740,ascending_neuron,ANXXX071,ANXXX071_L,L,BA,A2,potentially male-specific,acetylcholine,2.0,0.365486075186049,0.682166639448842,0.2369311425675922,3,10846,2325,8521,4880,186,2095,1856,239,605,101,171.4183424350184,169.8834149427582,branch,branch,0.5781536589263555,0.5903305325639238
15749,ascending_neuron,ANXXX071,ANXXX071_R,R,BA,A2,potentially male-specific,acetylcholine,2.0,0.6750871149556963,0.9271179056100498,0.1560322301151157,3,10570,1980,8590,4796,200,2329,2054,275,602,127,172.4445952218898,159.8521855076569,branch,branch,0.6740087341785151,0.4930155410145412
15751,ascending_neuron,AN17A003,AN17A003_L,L,IA,T1,,acetylcholine,6.0,1.500863936969269,1.382374520821393,0.2037683361790445,3,21210,11534,9676,9609,401,6019,5688,331,1196,296,181.9115192242702,148.114904833887,branch,branch,0.8230209688716822,0.4009939437030453
15758,ascending_neuron,AN05B099,AN05B099_R,R,BA,A7,,acetylcholine,6.0,0.7427680126895823,0.9724821881765883,0.05410346392366382,3,15554,5861,9693,7497,353,6247,5678,569,1197,274,220.0426609671631,117.1726544214472,branch,branch,0.6903015806200419,0.4885043361565494
15760,descending_neuron,DNg72,DNg72_L,L,xl,MX,,glutamate,4.0,0.3855327853739555,0.7006251409491485,0.2212168136906086,3,6397,2196,4201,3485,120,1091,12,1079,296,34,182.3218125206419,139.5334929131319,branch,branch,0.5859234754343631,0.5493128692192656
15796,descending_neuron,DNg106,DNg106_R,R,lt,MX,,gaba,16.0,0.3491763603216244,0.6667721875184853,0.2368055027955384,3,3984,1495,2489,2456,82,1150,11,1139,390,50,193.30762345542,227.7871116104239,branch,branch,0.5715928375024112,0.7367040092836494
15800,descending_neuron,DNge072,DNge072_L,L,nt,LB,,gaba,2.0,0.1153946891925846,0.3833080765290787,0.2594185285168145,3,4201,1207,2994,1473,91,1990,21,1969,279,82,164.6558269240984,152.1275312844665,branch,branch,0.4333831532250054,0.7309544818510657
15811,descending_neuron,DNg45,DNg45_R,R,xl,LB,,acetylcholine,2.0,0.3566859558412364,0.6739040466036111,0.0845245360554998,3,8024,7099,925,3806,177,1781,186,1595,433,73,295.5711140792698,148.9040870649312,branch,branch,0.5746416125166793,0.7734824479515044
15821,descending_neuron,DNge081,DNge081_R,R,xl,,,acetylcholine,2.0,0.4454193622712634,0.7530773838288399,0.132862650199122,3,5116,5075,41,2616,92,2405,198,2207,267,79,198.5409547696821,197.4144295784857,branch,branch,0.6074602193363213,0.6518210933726121
15825,descending_neuron,DNg21,DNg21_R,R,xl,,,acetylcholine,2.0,0.4379217040696057,0.7467122813502075,0.2976884942230152,3,10278,5236,5042,2933,402,1972,785,1187,416,62,176.1371936811157,146.8996783296749,branch,branch,0.6048876076277324,0.5340444537749531
15835,descending_neuron,DNp25,DNp25_L,L,xn,,,gaba,2.0,0.08572749397012719,0.3303810457544609,0.1034319038044306,3,3945,1051,2894,1962,69,954,63,891,352,37,182.3599173594315,161.6138026621358,branch,branch,0.402351478709456,0.854908551908059
15847,descending_neuron,DNg107,DNg107_R,R,xl,,,acetylcholine,2.0,0.1792945953734605,0.4777917632052484,0.522680868471328,3,7179,3145,4034,3206,126,1355,104,1251,304,60,211.6114320450151,184.4472956267488,branch,branch,0.4838573797831048,0.8185443567054868
15857,descending_neuron,DNge058,DNge058_R,R,xl,,,acetylcholine,2.0,0.3413355669525354,0.6592434617564021,0.451544561707502,3,7019,5020,1999,3187,166,1920,50,1870,260,59,203.6615405093937,152.4302975700614,branch,branch,0.5683566628980758,0.6265288353684936
15884,ascending_neuron,AN17A076,AN17A076_R,R,IA,T1,,acetylcholine,2.0,0.206208,0.5123984582731962,0.1685381268534234,3,7954,1030,6924,3049,185,8813,3008,5805,2873,376,186.6930384271448,171.8875938966536,branch,branch,0.501074090882642,0.7156239742752585
15906,ascending_neuron,AN23B001,AN23B001_R,R,BA,T2,,acetylcholine,2.0,1.04748253803609,1.15485764917028,0.09076111403564265,3,15743,11177,4566,8433,358,7491,7388,103,990,301,163.4757661141254,198.6251989176308,branch,branch,0.7522501233588712,0.4813571361277277
15931,ascending_neuron,AN06B037,AN06B037_L,L,BA,T1,,gaba,2.0,1.197147751149751,1.234607572330023,0.3029361131186316,3,12982,1124,11858,4712,362,1134,775,359,434,56,148.0744465596812,205.7459783480065,branch,branch,0.7777902740724593,0.4549046660806222
15939,descending_neuron,DNp41,DNp41(PS298)_R,R,xn,,,acetylcholine,4.0,0.3015828159979,0.6196669809995645,0.2818925683868029,3,5699,4254,1445,3426,82,1302,35,1267,240,64,180.3484158254638,230.9494572745401,branch,branch,0.5510325042044132,0.7464130880878621
15941,ascending_neuron,AN08B024,AN08B024_R,R,BA,T3,,acetylcholine,6.0,0.647424,0.9079239169724619,0.1816507801384233,3,8673,1461,7212,3826,191,2566,2475,91,466,128,366.7676486185346,226.5082862217862,branch,branch,0.6669952918248421,0.8894754462466573
15945,descending_neuron,DNpe035,DNpe035(SMP601)_R,R,xn,CG,,acetylcholine,2.0,0.439168,0.7477740730877555,0.3546335309795272,3,6628,2225,4403,3342,147,1659,369,1290,539,81,188.8719900033383,165.6321851527887,branch,branch,0.6053175165258314,0.585649953087057
15981,ascending_neuron,AN09B004,AN09B004_d_L,L,CA,A2,,acetylcholine,10.0,0.437648337220397,0.7464791823196406,0.06902957931584847,3,15740,3800,11940,7344,349,6916,5291,1625,1179,328,242.5523196512791,226.9139638628246,branch,branch,0.6047931872438908,0.7762426783501205
15988,descending_neuron,DNge064,DNge064_R,R,xl,,,glutamate,2.0,0.852438452461387,1.041805330724835,0.3407925653878253,3,12062,10358,1704,4829,279,1375,92,1283,407,52,223.7544270179499,130.276529278883,branch,branch,0.7144820585957139,0.4955071328070388
15995,descending_neuron,DNge013,DNge013_L,L,xn,LB,,acetylcholine,2.0,0.354944,0.6722564517849402,0.197290060535581,3,9153,9055,98,4373,194,2371,288,2083,409,91,199.4193917879081,180.5805265554625,branch,branch,0.5739387261499442,0.6620914411760634
16063,ascending_neuron,AN07B017,AN07B017_L,L,BA,T1,,glutamate,2.0,0.6959272464564693,0.9413193350011623,0.1619626908049885,3,9359,3288,6071,4458,114,4489,4417,72,521,164,185.6813476178475,156.1947976645644,branch,branch,0.6791512895891235,0.5033873166746718
16078,descending_neuron,DNge181,DNge181_R,R,ut,LB,,acetylcholine,4.0,0.214026795723392,0.5220223941058251,0.08463007031529003,3,2088,1652,436,1021,54,874,74,800,262,40,164.3537425049036,243.5850647207356,branch,branch,0.5057578206136355,0.8065892223489246
16079,descending_neuron,DNge068,DNge068_L,L,fl,,,glutamate,2.0,0.565606102761448,0.8486177330102262,0.2385673170568582,3,6541,5830,711,2660,146,2202,260,1942,382,90,231.9853996543871,162.7951201150149,branch,branch,0.6448431508320538,0.6122116971545855
16086,ascending_neuron,ANXXX041,ANXXX041_L,L,IA,T1,,gaba,4.0,1.369456872375151,1.320472129473915,0.08651770493132747,3,9273,5157,4116,5387,187,3459,2970,489,1288,137,194.2366336590032,127.079119333999,branch,branch,0.8043825852430039,0.3994563767139895
16098,descending_neuron,DNge029,DNge029_R,R,fl,LB,,glutamate,2.0,0.1754170331997661,0.4725969778681019,0.4036313547391908,3,2921,1161,1760,1169,68,1311,8,1303,235,55,174.725470159547,173.8579512213839,branch,branch,0.4812198241504291,0.7243746077924751
16118,descending_neuron,DNge145,DNge145_R,R,xn,LB,,acetylcholine,4.0,0.1318217581327888,0.4096836283172429,0.3337529365139873,3,2329,686,1643,1106,53,936,16,920,305,45,149.165988488062,188.9502152139074,branch,branch,0.4480457319018327,0.754646634545
16119,descending_neuron,DNpe014,DNpe014_L,L,xn,,,acetylcholine,4.0,0.185315874887476,0.4857483918387464,0.04220697351654656,3,4465,2461,2004,2691,71,1972,30,1942,218,67,211.1197120938318,231.8545299332938,branch,branch,0.4878695645364504,0.9079767918050349
16130,descending_neuron,DNge034,DNge034_L,L,xl,LB,,glutamate,2.0,0.1010612551331234,0.3587132371073894,0.1159940992692286,3,5891,3254,2637,2751,144,1666,34,1632,277,64,200.0082905746511,172.2799629273925,branch,branch,0.4192487163756388,0.8879890121559262
16173,ascending_neuron,AN27X018,AN27X018_L,L,BA,T3,,glutamate,6.0,0.3279652259662152,0.6462029828143697,0.4044975475937049,3,5259,5,5254,2033,115,2132,864,1268,356,94,362.3832892040537,487.9771316943408,branch,branch,0.5627072609972623,1.511195038413644
16174,ascending_neuron,AN17B009,AN17B009_L,L,BA,T2,,gaba,2.0,0.8917173467006132,1.065537323863194,0.2931749831379438,3,9237,4197,5040,4538,199,2976,2500,476,681,144,255.8639352910468,220.6662869307007,branch,branch,0.7225740714231067,0.6594897894457008
16176,ascending_neuron,AN08B034,AN08B034_a(hb1477136606)_L,L,BA,T1,,acetylcholine,6.0,0.8035345507076302,1.011480086567183,0.2534202313126674,3,10485,1144,9341,4598,233,4021,3780,241,798,201,212.3776584180497,211.8491053652707,branch,branch,0.70400656418667,0.6025892163000275
16189,ascending_neuron,AN08B024,AN08B024(16189)_L,L,BA,T1,,acetylcholine,6.0,0.5315816155671882,0.8226972311818905,0.09523677644267628,3,9840,347,9493,3818,214,2687,2547,140,542,156,367.8062309206347,211.3680356341981,branch,branch,0.6349186115394053,0.9122023768535994
16191,descending_neuron,DNb03,DNb03_L,L,ut,,,acetylcholine,4.0,0.3107142868448511,0.6289783121261407,0.1772079895144022,3,6338,4908,1430,2619,109,1485,107,1378,197,37,169.5477346707196,148.0358444958071,branch,branch,0.5551570705141105,0.5720607662844395
16200,ascending_neuron,AN08B024,AN08B024(16189)_R,R,BA,T1,,acetylcholine,6.0,0.4506654386379467,0.7574992131476123,0.1028107126029973,3,10298,316,9982,4711,181,2679,2526,153,564,168,380.3203414425359,219.0742931731774,branch,branch,0.6092410150690201,0.9838382836845098
16202,ascending_neuron,AN17A012,AN17A012_R,R,BA,T3,,acetylcholine,4.0,0.2832290592405714,0.6005151442247177,0.07191417365279446,3,16149,4050,12099,7443,306,4937,4184,753,1011,227,179.1977648903661,152.8785898921467,branch,branch,0.5424503854456292,0.612178299974307
16221,descending_neuron,DNg21,DNg21_L,L,xl,,,acetylcholine,2.0,0.5411369109803492,0.8300583799805964,0.2966403143164518,3,10739,5873,4866,3120,360,2049,937,1112,368,61,189.6908357607308,156.6258068729391,branch,branch,0.6377527782695205,0.5430264742607096
16230,ascending_neuron,AN10B020,AN10B020(15492)_L,L,BA,T2,,acetylcholine,6.0,0.5795842559660609,0.8590399258485577,0.03898150417424219,3,6207,2152,4055,2158,148,3412,3283,129,584,167,374.8819363126741,215.6405315570362,branch,branch,0.6487908473967502,0.9101892701463966
16245,descending_neuron,DNpe033,DNpe033(SMP289)_R,R,it,,,gaba,2.0,0.03763753994979085,0.2189100368430447,0.1928093791504501,3,3982,293,3689,1938,73,1550,39,1511,375,75,220.0221765434814,155.2637307909604,branch,branch,0.3275147600537904,1.145859524843416
16257,descending_neuron,DNge091,DNge091_R,R,ut,LB,,acetylcholine,14.0,0.206848,0.5131929981492138,0.3524706703483673,3,3241,1904,1337,1571,78,883,40,843,299,29,158.2304807269186,350.7308399866033,branch,branch,0.5014624303904678,1.014954042154694
16297,ascending_neuron,AN00A006,AN00A006(16297)_M,M,BA,A1,potentially sexually dimorphic,gaba,5.0,0.01989882005993939,0.1591727507894619,0.3220616175077983,3,18793,4108,14685,6167,690,2587,2022,565,728,120,208.9248842505895,168.7679432517814,branch,branch,0.2792752188913946,1.352403657587855
16302,ascending_neuron,AN09B017d,AN09B017d_L,L,BA,A7,male-specific,glutamate,2.0,0.5491550677901826,0.8361853553502235,0.04615931541402606,3,12648,619,12029,4910,258,2772,2248,524,716,94,277.0390020391987,215.8384280757643,branch,branch,0.6401021981852659,0.7699980276779312
16307,descending_neuron,DNge001,DNge001_R,R,fl,MX,,acetylcholine,3.0,0.136718220456441,0.4172230156294839,0.06125978589144216,3,4570,2044,2526,2344,94,1294,96,1198,286,52,169.561153054333,134.0252790652771,branch,branch,0.4521496186644937,0.6714291455476794
16326,ascending_neuron,AN08B025,AN08B025_L,L,BA,A1,,acetylcholine,2.0,0.3536804186008374,0.6710587866655737,0.2498068084636246,3,7701,905,6796,2390,149,2146,1728,418,327,102,311.5532320123442,207.7289396469266,branch,branch,0.5734272451376295,0.9055763849076209
16336,ascending_neuron,ANXXX098,ANXXX098(16336)_L,L,BA,T3,,acetylcholine,6.0,0.4283602787792107,0.7385155694604343,0.01524238539044209,3,8700,540,8160,3022,178,3374,3049,325,595,188,472.8635134535062,489.2672221674798,branch,branch,0.6015585000942243,1.599396792614989
16338,ascending_neuron,AN12B006,AN12B006_R,R,BA,T3,,unclear,2.0,0.5593369262708834,0.8439015898543532,0.03543099604625197,3,11471,6712,4759,5261,254,6289,5953,336,920,241,237.1409014552702,191.0550932742809,branch,branch,0.6430488154321047,0.6658841202309339
16369,descending_neuron,DNg01_b,DNg01_b_R,R,ut,LB,,acetylcholine,2.0,0.7986050147243678,1.008372691702265,0.2539101523219913,3,3452,2578,874,1763,97,2030,148,1882,387,100,184.9346289637182,226.2759253157495,branch,branch,0.7029243337188648,0.5849997425810155
16384,ascending_neuron,AN17A003,AN17A003_R,R,IA,T1,,acetylcholine,6.0,0.5805536414049489,0.8597580206527754,0.1779780117956292,3,20101,10278,9823,9010,375,4779,4491,288,1029,256,183.1706760525496,150.0724658175777,branch,branch,0.6490619616953838,0.5134226954229126
16399,descending_neuron,DNg11,DNg11_L,L,xn,LB,,gaba,6.0,0.2968861858642509,0.6148229274579452,0.05106090833823019,3,2446,1312,1134,1304,55,1060,15,1045,177,50,168.9893283257905,209.5295013534116,branch,branch,0.5488745161276785,0.6896272618915896
16458,ascending_neuron,ANXXX041,ANXXX041_L,L,IA,T1,,gaba,4.0,1.644763409391308,1.447127435497801,0.07002899273355667,3,8726,4951,3775,5154,164,3402,2944,458,1300,111,186.9722964227358,126.4372671308154,branch,branch,0.8420762693449583,0.3721866711638234
16462,ascending_neuron,ANXXX139,ANXXX139_L,L,BA,T2,,gaba,2.0,0.4507173233535355,0.7575428170017235,0.5568923798015787,3,15029,3861,11168,6107,403,1895,1172,723,578,82,219.6443553074968,165.6576231203357,branch,branch,0.609258549657569,0.6324112786671434
16466,ascending_neuron,AN05B102d,AN05B102d_L,L,BA,A10,potentially sexually dimorphic,acetylcholine,2.0,0.8879173277249627,1.063264526877011,0.02919326479911786,3,14383,6039,8344,6252,357,5190,4694,496,1348,263,225.1880247564631,201.3728533390016,branch,branch,0.7218030328072439,0.5909657603355858
16471,descending_neuron,DNg106,DNg106_L,L,it,MX,,gaba,16.0,0.1777285041517535,0.4757004937065339,0.4090968807599137,3,3872,1218,2654,2474,77,923,10,913,296,48,211.0317295001882,220.057970589771,branch,branch,0.4827973093506234,0.8928999638995245
16500,ascending_neuron,AN05B097,AN05B097_L,L,BA,T3,,acetylcholine,8.0,0.5066598722238096,0.8031807922540348,0.1496116827359442,3,20280,5721,14559,8338,456,4463,4190,273,898,183,179.5667447140905,153.0841758656774,branch,branch,0.6273424807905782,0.5302540968699594
16505,ascending_neuron,AN05B102d,AN05B102d_R,R,BA,A10,potentially sexually dimorphic,acetylcholine,2.0,0.8586933196078146,1.045620529314808,0.07200427806202633,3,14185,5855,8330,6409,341,4650,4189,461,1259,263,225.575574954458,179.7822678444519,branch,branch,0.7157891165449891,0.566309033525843
16506,ascending_neuron,AN04B023,AN04B023(16506)_R,R,IA,T1,,acetylcholine,6.0,0.223488,0.5334358062351758,0.2792999065006628,3,9496,545,8951,4808,149,734,353,381,202,23,296.1214770361883,291.8354231474798,branch,branch,0.5112568288592693,1.150022585508607
16510,ascending_neuron,AN09B009,AN09B009_R,R,CA,A3,,acetylcholine,6.0,0.4576575130192509,0.7633528957967329,0.1974536933730774,3,18087,10667,7420,7048,493,12781,9257,3524,3149,602,192.8249373984953,159.6809237026504,branch,branch,0.6115904830361564,0.5763756482134567
16535,ascending_neuron,AN09B017c,AN09B017c_R,R,CA,A6,male-specific,glutamate,2.0,0.4136337279360122,0.725709872775861,0.04698904860186446,3,13362,314,13048,5905,272,1519,1201,318,422,49,270.2298142587013,208.9145777454385,branch,branch,0.5963202475685123,0.8035017995076378
16536,descending_neuron,DNge075,DNge075_L,L,xl,,,acetylcholine,2.0,0.5066424967377358,0.8031670199216604,0.1355815243962001,3,12517,8892,3625,4753,340,3380,2417,963,724,161,192.7937831237955,134.7544781969194,branch,branch,0.6273371021720408,0.5221248036926853
16542,ascending_neuron,AN19A018,AN19A018_R,R,BA,T2,,acetylcholine,12.0,0.7618739136401619,0.9849101456218209,0.349614960093046,3,13441,5800,7641,6010,234,5961,5785,176,964,264,222.9820163640625,157.9714296825823,branch,branch,0.6946984751348546,0.5483723653959285
16544,ascending_neuron,AN18B022,AN18B022_L,L,BA,T2,,acetylcholine,2.0,0.4635701635828959,0.7682680938533706,0.2115350606129043,3,10548,724,9824,4383,228,1832,1506,326,436,75,177.3370758376267,175.1985092601385,branch,branch,0.6135563266629654,0.5745773774596209
16563,ascending_neuron,AN19B028,AN19B028_R,R,BA,T3,,acetylcholine,2.0,0.2720108550096427,0.5885023170689303,0.3610055842093735,3,18302,5628,12674,8956,345,1692,1544,148,451,78,179.9527299107461,121.2865112392936,branch,branch,0.5369973327343217,0.5609697158385649
16569,ascending_neuron,AN05B097,AN05B097_R,R,BA,T2,,acetylcholine,8.0,0.4505111998705235,0.7573695762448062,0.1037695034849486,3,9925,354,9571,4255,234,2978,2552,426,820,146,292.02657798787,222.4030525043263,branch,branch,0.6091888806929711,0.8444501316357198
16593,ascending_neuron,ANXXX002,ANXXX002_R,R,BA,T1,,gaba,2.0,1.272609565406294,1.272924516098077,0.02162189165186174,3,37644,32274,5370,19173,714,10668,10608,60,1182,327,175.1415408952747,116.7562386303789,branch,branch,0.7897676955206876,0.3695995432343022
16616,ascending_neuron,AN19B025,AN19B025_L,L,BA,T2,,acetylcholine,2.0,0.5073553681283967,0.8037318694283192,0.03652459291048474,3,16973,5681,11292,7648,320,2612,2440,172,579,92,168.682839661483,129.4255528098636,branch,branch,0.6275576595181326,0.4750294860559073
16623,descending_neuron,DNge034,DNge034_R,R,xl,LB,,glutamate,2.0,0.2255741872677349,0.5359197472577168,0.4985301581097848,3,5740,3030,2710,2777,131,1936,29,1907,278,71,183.931675308239,164.256968060061,branch,branch,0.5124457787476459,0.6794643605402115
16672,ascending_neuron,AN17B008,AN17B008_R,R,BA,A2,,gaba,6.0,0.3509965131644951,0.6685077715518283,0.1656885215783453,3,10491,4505,5986,3449,354,2046,1840,206,495,99,243.2170067492856,198.2116129027926,branch,branch,0.5723362718371043,0.7712749328907037
16675,ascending_neuron,AN08B112,AN08B112_L,L,BA,T1,,acetylcholine,4.0,0.07719394299680832,0.3135065881884595,0.1215437332037356,3,1508,18,1490,364,55,301,96,205,71,15,235.7686211608338,207.1587679436133,branch,branch,0.3919416132695597,1.130085130306951
16687,ascending_neuron,AN09B033,AN09B033_L,L,CA,A8,,acetylcholine,6.0,0.3159166990687038,0.6342220700168608,0.02986794976809968,3,5990,141,5849,2962,120,1909,183,1726,379,48,129.8628761998413,203.5601093112243,branch,branch,0.557466424377524,0.5981041564671289
16697,ascending_neuron,AN08B025,AN08B025_R,R,BA,A1,,acetylcholine,2.0,0.3065597173728654,0.6247591175660963,0.3390957448404272,3,9286,847,8439,3865,145,2296,1783,513,361,114,362.6907968160145,420.1837213733101,branch,branch,0.5532919370525718,1.414939321833889
16701,descending_neuron,DNpe012_a,DNpe012_a(DNp16)_R,R,xn,,,acetylcholine,4.0,0.05961002617756685,0.2754956308037867,0.8427323136523378,3,2363,1295,1068,1356,43,560,10,550,196,30,176.1036020988434,236.5251488980867,branch,branch,0.3674137437465499,1.12306291754173
16703,descending_neuron,DNpe033,DNpe033(SMP289)_L,L,it,,,gaba,2.0,0.0659902619559792,0.2898644702094154,0.6850856958511562,3,3924,346,3578,1857,78,1531,41,1490,375,74,335.7250606672288,160.2243633487452,branch,branch,0.3768734408294296,1.315957481441197
16712,descending_neuron,DNb03,DNb03_R,R,ut,,,acetylcholine,4.0,0.4468204503245393,0.7542608744655769,0.3790386845006555,3,7175,4807,2368,2954,120,1801,90,1711,208,52,202.2623091629554,228.4964809132506,branch,branch,0.6079373557268319,0.7085578571844848
16730,ascending_neuron,AN08B024,AN08B024(16730)_L,L,BA,T2,,acetylcholine,6.0,0.444292432101665,0.7521241213911453,0.08572670052953996,3,9957,489,9468,3654,200,2119,1999,120,451,116,385.6778268847024,362.211033055451,branch,branch,0.6070756291284152,1.231953358124267
16731,descending_neuron,DNg94,DNg94_R,R,xn,,,acetylcholine,2.0,0.00785350626999315,0.09999697369311146,0.2194894288388376,3,4049,2714,1335,1491,135,1361,45,1316,279,56,185.7298746709745,245.64172789483,branch,branch,0.2213560866785113,1.94876774810494
16741,descending_neuron,DNge019,DNge019_R,R,fl,MX,,acetylcholine,11.0,0.190038801403696,0.4918992955689792,0.4530881372226023,3,5927,1339,4588,2094,157,1410,74,1336,230,54,172.8998921418185,125.9609779045404,branch,branch,0.4909487293280224,0.6087415084166113
16746,descending_neuron,DNge064,DNge064_L,L,xl,,,glutamate,2.0,0.3536550225432277,0.6710346935116268,0.3178408098804488,3,11122,11052,70,4598,253,1082,118,964,318,46,193.7844773421541,240.1756410527787,branch,branch,0.5734169511103566,0.7567968082468062
16747,ascending_neuron,AN09B017b,AN09B017b_L,L,BA,A3,male-specific,glutamate,2.0,0.7393925917475077,0.9702700072130174,0.1166971766549965,3,14799,1404,13395,6151,230,2258,1316,942,355,52,280.2196629870305,205.4200009958374,branch,branch,0.6895159922252554,0.7043196524210799
16749,ascending_neuron,AN08B024,AN08B024(16730)_R,R,BA,T2,,acetylcholine,6.0,0.3254931508451116,0.64376296196383,0.01859148225554554,3,11710,471,11239,5056,201,1972,1839,133,454,103,371.635116624256,282.2558212174707,branch,branch,0.5616438830453659,1.164244742230923
16750,ascending_neuron,AN17B016,AN17B016(hb2159938376)_R,R,BA,T2,,gaba,2.0,0.8217600462728537,1.022886790997906,0.4847021398087138,3,7979,26,7953,2230,240,1026,620,406,390,59,236.4695119452346,349.5192930287345,branch,branch,0.7079650609945198,0.8277086501285761
16829,descending_neuron,DNb03,DNb03_R,R,ut,,,acetylcholine,4.0,0.2675858370508217,0.5836958705902977,0.2358577087312832,3,6049,4569,1480,2522,116,1643,92,1551,171,39,233.5745736458636,228.743757986287,branch,branch,0.5347999407154472,0.8644696762936588
16830,ascending_neuron,AN09B017c,AN09B017c_L,L,CA,A6,male-specific,glutamate,2.0,0.5651060405180542,0.8482425111701829,0.06797459679411348,3,11421,231,11190,4897,254,1370,1052,318,331,45,284.2493300884843,215.7256116735573,branch,branch,0.6447005742772295,0.7755149626205325
16850,descending_neuron,DNg23,DNg23_L,L,xn,LB,,gaba,2.0,0.3294048879783606,0.6476197415174317,0.2662890526871853,3,4073,3388,685,1941,115,1270,87,1183,395,51,188.5923816344529,192.1788856202453,branch,branch,0.5633237731034805,0.6759367976908582
16856,descending_neuron,DNge134,DNge134_R,R,xn,,,glutamate,2.0,0.106141413071093,0.3676186127716948,0.4164361148556158,3,4939,1215,3724,1537,148,690,33,657,214,32,196.0843449147189,27.38409083718636,branch,end,0.4244209234452637,0.5265254925178666
16864,descending_neuron,DNg59,DNg59_L,L,xn,MD,,gaba,2.0,0.203031110085031,0.5084360708798497,0.06882837971194834,3,9272,4155,5117,3972,245,1238,85,1153,562,50,191.1568572580299,132.7753309713717,branch,branch,0.4991329229084436,0.6489898248784137
16868,ascending_neuron,AN17A002,AN17A002_L,L,IA,T3,,acetylcholine,2.0,0.6006118434640196,0.8744842766652098,0.1974543983665068,3,26582,14808,11774,12292,491,6866,6150,716,1146,269,260.619830089821,182.1754826053185,branch,branch,0.6545970482410937,0.6764395193729229
16878,descending_neuron,DNge019,DNge019_R,R,fl,MX,,acetylcholine,11.0,0.09851350652938887,0.3541628046587382,0.03426792796598091,3,5275,1205,4070,1948,134,1347,52,1295,222,52,186.2216110411123,166.5721219525329,branch,branch,0.4165810536771706,0.8468789684012916
16885,ascending_neuron,AN27X009,AN27X009_R,R,BA,T2,,acetylcholine,4.0,0.9269980354996102,1.08641178044511,0.0757737756013575,3,5449,1810,3639,2824,143,2553,2223,330,598,85,258.1588935427513,218.0885941435475,branch,branch,0.7296175521587346,0.6527357877797971
16893,ascending_neuron,AN10B026,AN10B026_L,L,BA,T1,potentially male-specific,acetylcholine,2.0,0.5261585184917917,0.8184899709483413,0.03375230878401798,3,9651,707,8944,3904,229,567,415,152,334,21,184.7888664198455,142.7207500156606,branch,branch,0.6332930488839169,0.5171533415891619
16897,ascending_neuron,AN04B003,AN04B003(16897)_R,R,IA,T3,,acetylcholine,6.0,0.7620306788564946,0.9850114692842262,0.2739393829481042,3,13285,5391,7894,6542,225,2220,2117,103,475,72,166.5733030235918,159.0501563290872,branch,branch,0.6947342081323409,0.4687022109189858
16918,ascending_neuron,AN18B022,AN18B022_R,R,BA,T2,,acetylcholine,2.0,0.3625897580564372,0.679458327252975,0.08871181627028625,3,9782,636,9146,3849,238,1551,1274,277,390,71,64.38524654898224,166.9930773140863,branch,branch,0.5770048356417454,0.4009989337536995
16923,ascending_neuron,ANXXX007,ANXXX007(hb2163327535)_L,L,BA,A4,,gaba,7.0,1.237954719103181,1.255473178906535,0.1032452770836823,3,15362,11326,4036,5943,264,1883,1870,13,534,61,371.696133858585,203.5662495657193,branch,branch,0.7843352967093868,0.7334393668597722
16935,descending_neuron,DNge097,DNge097_R,R,ut,MD,,glutamate,2.0,0.203551242437545,0.5090869191517855,0.1695055729405992,3,6378,2280,4098,2316,172,1791,69,1722,250,54,159.8741285305789,181.930551480495,branch,branch,0.4994522903985673,0.6843590200343475
16942,descending_neuron,DNge098,DNge098_R,R,fl,MD,potentially sexually dimorphic,gaba,2.0,0.0955811141136399,0.3488519087224986,0.06258439000463874,3,5399,2697,2702,2119,154,1620,37,1583,369,76,177.041617693905,161.1935332094086,branch,branch,0.4134458069372869,0.8180882360589966
16957,ascending_neuron,AN09B004,AN09B004_b_R,R,CA,A8,,acetylcholine,10.0,0.847488,1.03877583495599,0.2377803157453234,3,13878,3689,10189,6723,275,5315,4858,457,1033,201,228.8603575572639,237.4453562792718,branch,branch,0.7134424707910477,0.6535996004267972
16966,ascending_neuron,ANXXX218,ANXXX218_L,L,CA,T1,,acetylcholine,2.0,0.639490493132044,0.9023439390486913,0.04415792581541987,3,14952,25,14927,6299,269,705,372,333,276,23,217.0137700916852,135.4271875230448,branch,branch,0.6649425013742607,0.5300322311873997
16977,ascending_neuron,ANXXX098,ANXXX098(16336)_R,R,BA,T3,,acetylcholine,6.0,0.4895821709739015,0.7895285811680682,0.1777492862212352,3,9749,455,9294,4244,169,3634,3237,397,584,185,466.2089590408511,451.9040528797157,branch,branch,0.6219879458416806,1.476094541797215
16983,ascending_neuron,AN17B016,AN17B016_L,L,BA,T2,,gaba,2.0,0.760894040307297,0.9842765777323778,0.2138096177257323,3,9610,28,9582,2829,300,1248,785,463,481,61,254.474770359233,340.7636341136111,branch,branch,0.6944749981740632,0.8571055920484753
16994,descending_neuron,DNg17,DNg17_L,L,xn,,,acetylcholine,2.0,0.5450558226574935,0.8330585978763299,0.1215069722231605,3,9705,9566,139,4088,311,972,158,814,367,40,333.3431493059185,170.0839794054104,branch,branch,0.6389043065744678,0.7879538821869744
17019,descending_neuron,DNpe004,DNpe004_R,R,ut,,,acetylcholine,4.0,0.5849843982948854,0.8630326001734541,0.1908138311961626,3,5342,3238,2104,2747,116,1498,61,1437,273,63,143.9045188735505,184.657735318479,branch,branch,0.6502968353644298,0.5052496588083524
17093,descending_neuron,DNg45,DNg45_L,L,xl,LB,,acetylcholine,2.0,0.38976,0.704455708299661,0.03269029696643093,3,7587,6809,778,3539,174,1627,162,1465,436,64,276.8308374617497,146.4691037504928,branch,branch,0.5875230183293535,0.7204823096393972
17094,ascending_neuron,AN09B023,AN09B023(17094)_R,R,CA,A2,,acetylcholine,8.0,0.3259627043410357,0.6442271379535504,0.04769933314954344,3,11721,4063,7658,5147,302,6038,3260,2778,1122,282,194.759796300735,153.9630368707974,branch,branch,0.5618463291659381,0.6206729759883135
17097,ascending_neuron,AN06B007,AN06B007_R,R,CA,T2,,gaba,4.0,0.9535059709601895,1.101835517837218,0.3065380001237453,3,11859,5929,5930,5515,182,5284,5106,178,847,228,208.8812252828921,154.6457493168205,branch,branch,0.7347784725617899,0.4947436379461191
17101,descending_neuron,DNg106,DNg106_L,L,it,MX,,gaba,16.0,0.1118265539000094,0.3773353820899255,0.07880050957955506,3,2533,793,1740,1671,43,978,6,972,299,46,206.9844326660765,220.6180400399038,branch,branch,0.4299934153264018,0.9944395831768572
17103,ascending_neuron,AN09B017a,AN09B017a_R,R,BA,T2,male-specific,glutamate,2.0,0.8477190674863055,1.038917436348809,0.2750056596941992,3,10302,949,9353,4934,142,1191,996,195,445,55,274.0592140259575,343.965222815005,branch,branch,0.7134910958175414,0.8661978270840366
17120,descending_neuron,DNg82,DNg82_R,R,ut,LB,,acetylcholine,4.0,0.6428847521726837,0.9047354802225486,0.2874013135219782,3,3319,2457,862,1562,82,2076,157,1919,447,107,172.1162054166038,233.6682885998474,branch,branch,0.6658230885971504,0.6094479163698195
17124,ascending_neuron,ANXXX082,ANXXX082_R,R,CA,A2,,acetylcholine,2.0,0.5336988355946706,0.8243339508101342,0.1460500123712925,3,14765,7887,6878,6916,415,2709,2559,150,997,122,198.8479445565849,175.8841089655222,branch,branch,0.6355498689300201,0.5896186465319978
17146,sensory_ascending,,,,abdomen,,,unclear,,0.5201782441389715,0.8138252335413547,0.2388206306521238,3,3,0,3,2,0,7,0,7,5,0,3.146887357410292,320.3953125833479,end,end,0.6314858386656536,0.5123506817261515
17158,ascending_neuron,AN05B099,AN05B099_R,R,BA,A5,,acetylcholine,6.0,0.3379957663459212,0.6560103472238019,0.2688475767639488,3,13719,4254,9465,6225,320,13080,11384,1696,2197,510,229.2110826103006,173.6638138328024,branch,branch,0.5669612598226292,0.7105862869169228
17179,descending_neuron,DNa07,DNa07_R,R,ut,,,acetylcholine,2.0,0.4580217330573551,0.7636565870054137,0.2893168441541312,3,4087,2726,1361,2164,96,1475,111,1364,388,77,189.1989326850808,186.9991470320728,branch,branch,0.6117121280738618,0.6149920239471355
17198,descending_neuron,DNge035,DNge035_R,R,xl,,,acetylcholine,2.0,2.594490590718802,1.817527996633469,0.1472385998858122,3,27470,24225,3245,11984,495,2691,219,2472,473,90,201.7877472334696,110.5685506410261,branch,branch,0.9437100817255263,0.3309875606111656
17199,descending_neuron,DNg82,DNg82_L,L,ut,LB,,acetylcholine,4.0,0.322176,0.6404742177204292,0.1953032997965395,3,3245,2236,1009,1488,94,2001,157,1844,458,108,181.801847683412,280.3600897524244,branch,branch,0.5602074318348609,0.8249835885291744
17206,ascending_neuron,AN08B026,AN08B026_L,L,BA,T2,,acetylcholine,6.0,0.30016,0.6182035115944478,0.0481478370029607,3,11240,1228,10012,5694,192,2013,1734,279,547,108,175.2399227044928,164.5387792659865,branch,branch,0.5503814319917409,0.617351317141778
17210,descending_neuron,DNpe036,DNpe036_L,L,xn,CG,potentially sexually dimorphic,acetylcholine,2.0,0.2743818033082544,0.591061555447328,0.388547453834549,3,8025,7057,968,2496,187,631,152,479,283,27,204.4240094149357,151.3256233150135,branch,branch,0.5381636945848267,0.6610435380714351
17211,descending_neuron,DNge174,DNge174_R,R,fl,,,acetylcholine,2.0,0.1112372262696822,0.3763397870717531,0.2941383564377443,3,5034,2024,3010,2624,91,2775,43,2732,228,84,200.5535118816732,166.715034760735,branch,branch,0.4294257743372643,0.8552550139991393
17231,ascending_neuron,AN08B027,AN08B027_R,R,BA,T1,,acetylcholine,2.0,0.6030638091737751,0.8762674761958648,0.01863500134758285,3,12158,2127,10031,5913,215,1339,847,492,485,61,173.3655238953507,141.6460457980417,branch,branch,0.6552641172351602,0.4807398442975346
17253,ascending_neuron,AN09B007,AN09B007_R,R,CA,T3,,acetylcholine,2.0,0.3140877856606157,0.6323835776025478,0.0874042522064135,3,10612,1681,8931,3354,375,2789,2510,279,802,134,196.6030484875859,183.3324504973812,branch,branch,0.5566578419686984,0.6825296804250023
17322,ascending_neuron,AN27X016,AN27X016_R,R,BA,T1,,glutamate,2.0,0.923137820904967,1.084147397182159,0.2719219632908725,3,9030,608,8422,3717,195,2022,1449,573,558,98,208.9219321382019,150.1246653050259,branch,branch,0.7288567929430705,0.4926161091171612
17331,descending_neuron,DNg02_d,DNg02_d_R,R,ut,LB,,acetylcholine,2.0,0.5112367493124924,0.8068003755245299,0.2720965791047389,3,3403,3061,342,1905,77,2603,136,2467,469,137,202.6262522683567,234.4235945218042,branch,branch,0.6287544703674237,0.6951041581219504
17333,descending_neuron,DNg106,DNg106_R,R,it,MX,,gaba,16.0,0.1293896349601528,0.4058866835831323,0.1553251048592388,3,3634,1189,2445,2235,86,913,13,900,308,43,168.0765378554374,218.8433183605123,branch,branch,0.445964656621727,0.8676020632373567
17335,ascending_neuron,AN09B017a,AN09B017a_L,L,BA,T2,male-specific,glutamate,2.0,0.2986733269059315,0.6166706501644493,0.2085008986239258,3,11112,1060,10052,5191,161,1453,1264,189,533,50,256.9717752843897,357.7883553400334,branch,branch,0.5496986616143249,1.118358427177227
17344,ascending_neuron,ANXXX218,ANXXX218_R,R,CA,T1,,acetylcholine,2.0,0.5243403944790717,0.8170746141894196,0.09738726072511462,3,13789,152,13637,6388,218,805,529,276,300,28,230.826644094961,26.43452207097293,branch,end,0.6327452575506319,0.4065793668083684
17361,ascending_neuron,AN10B021,AN10B021_L,L,BA,T2,,acetylcholine,2.0,0.7386674946245462,0.9697941351474655,0.2565862812617959,3,11999,1424,10575,6346,186,1753,1626,127,423,74,166.087905129982,150.4252208814258,branch,branch,0.6893468838126839,0.4591492809263411
17367,descending_neuron,DNp65,DNp65_L,L,xn,,,gaba,2.0,0.2211392172908541,0.5306252880767155,0.165457612137222,3,4854,3471,1383,1731,104,1613,185,1428,342,50,293.6654723011264,162.0771379758305,branch,branch,0.5099082183663944,0.8937738084258198
17373,descending_neuron,DNg58,DNg58_L,L,xn,,,acetylcholine,2.0,0.1355261898347467,0.4154001736216345,0.09308523664903427,3,8747,2990,5757,3861,225,2152,45,2107,421,70,214.0680718161802,126.6992468045894,branch,branch,0.4511608195251455,0.7553123052206374
17378,ascending_neuron,AN27X017,AN27X017_R,R,BA,T3,,acetylcholine,2.0,0.6980499193951718,0.94275381811644,0.129003730492773,3,9896,48,9848,4216,222,2250,1478,772,458,81,170.9692354821499,162.1539034490915,branch,branch,0.6796685742897457,0.4901258518232293
17382,ascending_neuron,AN06B034,AN06B034_L,L,BA,T2,,gaba,2.0,0.3634883205045115,0.6802997160926301,0.4774278631592147,3,10407,2162,8245,4022,236,1160,898,262,452,50,169.7129741297645,158.4067904631121,branch,branch,0.5773619842745006,0.5683085716237173
17386,descending_neuron,DNg12_d,DNg12_d_R,R,nt,MX,,acetylcholine,2.0,0.1656751205750443,0.4592865283185569,0.2694167189388145,3,3216,1620,1596,1426,68,1842,48,1794,220,64,98.96228923647385,189.0138829585534,branch,branch,0.4743947711306405,0.6070390942730759
17416,ascending_neuron,AN05B102c,AN05B102c_L,L,CA,A4,potentially sexually dimorphic,acetylcholine,2.0,0.4069092894330649,0.7197867728892107,0.03057493716402281,3,17635,3642,13993,7917,373,9333,8457,876,1494,279,222.0313086873164,196.5585928685027,branch,branch,0.5938817379880553,0.7048371330189616
17446,ascending_neuron,AN19B036,AN19B036(17446)_L,L,BA,T3,,acetylcholine,4.0,0.267264,0.5833447468556638,0.06903931222081956,3,9578,218,9360,3718,172,2022,1679,343,408,113,365.7026526264028,466.8711183404394,branch,branch,0.5346390613855998,1.557263266191397
17448,ascending_neuron,ANXXX098,ANXXX098(17448)_L,L,BA,A2,,acetylcholine,6.0,0.849190916054022,1.039818953159567,0.1903679090889563,3,6399,24,6375,1975,122,1771,1623,148,328,79,330.2150893618113,593.1042999896378,branch,branch,0.7138005933369542,1.293525668051091
17452,ascending_neuron,AN17A012,AN17A012_L,L,BA,A1,,acetylcholine,4.0,0.344448,0.6622422628501878,0.1503584680394114,3,13063,4487,8576,5339,274,5879,5252,627,1105,242,176.8415553551333,153.1030024212818,branch,branch,0.5696478814114838,0.5792079081534939
17456,ascending_neuron,AN02A009,AN02A009_R,R,BA,T2,,glutamate,2.0,0.4381406856758385,0.7468989537814714,0.1232378435017201,3,12393,389,12004,3946,441,903,819,84,213,35,163.3697334624956,185.1658694213214,branch,branch,0.6049632115698614,0.5761269383296507
17471,descending_neuron,DNg09_b,DNg09_b_R,R,nt,LB,,acetylcholine,2.0,0.132712405644208,0.4110653025288556,0.07547250726741632,3,2759,660,2099,1382,70,880,16,864,237,51,152.539803577081,212.1404075786188,branch,branch,0.4488006219237438,0.8125661893972664
17490,ascending_neuron,AN04B001,AN04B001_R,R,IA,T2,,acetylcholine,4.0,0.5399856013643937,0.829174903892263,0.1565842256054607,3,26214,19577,6637,13248,367,9959,9898,61,1725,387,191.8140104140215,145.6190989438856,branch,branch,0.6374132905009189,0.5293788416189614
17492,ascending_neuron,AN05B023d,AN05B023d_L,L,BA,A9,,gaba,2.0,0.5243223841200471,0.8170605813839411,0.08319830677214521,3,19551,5779,13772,9134,409,8344,8080,264,1608,297,234.5434445528271,166.5049799345991,branch,branch,0.6327398240020388,0.6338283276542017
17494,ascending_neuron,AN06B039,AN06B039_L,L,CA,T1,,gaba,7.0,0.22656,0.5370895188469037,0.1109245968698472,3,6488,1235,5253,3135,97,392,267,125,170,16,166.4888972704701,169.8608470412052,branch,branch,0.5130047409478617,0.655646463793323
17503,ascending_neuron,ANXXX093,ANXXX093_L,L,CA,A6,,acetylcholine,2.0,0.318848,0.6371576589508418,0.1156657200783344,3,13827,4608,9219,6903,279,7452,6756,696,1227,232,227.9898454846866,214.8169075899272,branch,branch,0.558755092044728,0.7924880853509383
17510,ascending_neuron,AN19A018,AN19A018_L,L,BA,T2,,acetylcholine,12.0,0.3771696837624746,0.6929843839810811,0.120468698882861,3,13070,6495,6575,6035,248,7399,7257,142,998,314,156.1989963142636,154.2225507942484,branch,branch,0.5827197852748177,0.5327115278265581
17513,ascending_neuron,AN05B009,AN05B009_R,R,CA,A2,,gaba,4.0,0.2033168454632582,0.5087937182735537,0.1259542330280747,3,22052,17209,4843,11584,339,16471,13072,3399,4222,825,228.7488193250103,216.0323807246288,branch,branch,0.4993084437039306,0.8907944691465624
17519,ascending_neuron,ANXXX120,ANXXX120_a(hb2225755564)_L,L,BA,A6,,acetylcholine,4.0,0.9448753533265174,1.096837574438864,0.178913690981844,3,6925,62,6863,1974,160,1280,1244,36,322,63,371.1358186266258,198.2106000952659,branch,branch,0.7331100950573818,0.7766178948570174
17522,ascending_neuron,AN18B001,AN18B001_L,L,BA,T1,,acetylcholine,2.0,0.8123831866613901,1.017034118766548,0.2676195336335297,3,31415,21130,10285,17513,565,6861,6699,162,906,222,167.0366327095168,160.0711105242496,branch,branch,0.7059367664285581,0.4633669172504705
17524,ascending_neuron,AN06B057,AN06B057_L,L,BA,T1,,gaba,2.0,0.7356275671409208,0.9677965223543332,0.2236442252056462,3,5541,24,5517,1472,231,532,479,53,177,16,206.5247949180471,173.2045115948583,branch,branch,0.6886365485171573,0.5514219472239418
17549,ascending_neuron,AN09B011,AN09B011_R,R,CA,T3,,acetylcholine,2.0,0.322176,0.6404742177204292,0.1366903666112494,3,13869,4129,9740,7017,256,2498,2319,179,608,82,300.7279581425018,228.7374201409356,branch,branch,0.5602074318348609,0.9451238027122677
17554,ascending_neuron,ANXXX470,ANXXX470_M,M,XA,T1,,acetylcholine,2.0,1.250787621044675,1.261963652875668,0.05799688908108817,3,6841,13,6828,2233,201,1887,30,1857,375,61,120.5970460140134,9.920991427134553,branch,branch,0.7863600892142716,0.1659774437071967
17555,descending_neuron,DNxl114,DNxl114_L,L,xl,GNG,,gaba,2.0,0.317824,0.6361337006211103,0.03911013038911651,3,10482,8098,2384,6246,217,3481,2873,608,983,123,252.3133363267671,26.60355098913468,branch,end,0.5583059316399424,0.4995771520761458
17585,ascending_neuron,AN02A017,AN02A017_R,R,IA,T1,,glutamate,2.0,1.063994634641909,1.163924415162823,0.2765289141198954,3,13008,57,12951,4378,488,666,607,59,224,27,152.4076411505851,253.8446152734485,branch,branch,0.7551973009947688,0.5379418807362073
17628,ascending_neuron,AN23B001,AN23B001_L,L,BA,T2,,acetylcholine,2.0,0.9612741414270162,1.106314715709874,0.03348683663904285,3,13475,9210,4265,7133,293,7491,7410,81,880,291,177.6988795862779,203.9469636579794,branch,branch,0.7362704738734522,0.5183500585545053
17637,ascending_neuron,AN08B027,AN08B027_L,L,BA,T1,,acetylcholine,2.0,0.3783719011761519,0.6940879390928081,0.0779032991490741,3,12379,2975,9404,6127,196,1888,1454,434,593,98,186.5971031918901,140.0318725677857,branch,branch,0.5831835818637866,0.560079168751301
17674,ascending_neuron,AN03B094,AN03B094_R,R,IA,T1,,gaba,2.0,0.2945293261889797,0.6123776491577814,0.3148354005507935,3,3612,862,2750,1388,86,922,663,259,295,34,212.5272459785057,174.8146566462497,branch,branch,0.5477819347945977,0.7071096690510564
17684,ascending_neuron,AN17A015,AN17A015_R,R,BA,A1,,acetylcholine,8.0,0.2657160822220354,0.5816530095832011,0.2139816825109632,3,15802,6321,9481,6881,286,3072,2399,673,613,127,222.2268548695347,172.4623067502646,branch,branch,0.5338632546783572,0.7393076001411493
17695,ascending_neuron,AN07B017,AN07B017_R,R,BA,T1,,glutamate,2.0,0.511015661886792,0.8066259038075067,0.03032183805410951,3,9323,3883,5440,5014,110,3666,3584,82,494,134,192.4120692835224,150.5660517868216,branch,branch,0.6286864821718996,0.5455471539414533
17713,ascending_neuron,AN04B003,AN04B003(16897)_L,L,IA,T3,,acetylcholine,6.0,0.3499069720594364,0.6674693954067229,0.1885231952718045,3,14286,6327,7959,7019,236,2069,1980,89,449,54,89.57813480350895,144.4537922550784,end,branch,0.5718916013977599,0.4092242769199443
17724,ascending_neuron,AN19B049,AN19B049_L,L,BA,T1,,acetylcholine,2.0,0.5346975742043717,0.8251048999678586,0.123445790263087,3,10234,14,10220,5434,198,745,568,177,275,43,116.6703416672014,382.0329139317838,branch,branch,0.6358469949478811,0.7843133010951205
17727,descending_neuron,DNg09_a,DNg09_a_L,L,xn,LB,,acetylcholine,6.0,0.05088388684713688,0.2545336459559013,0.3336385240610183,3,3745,408,3337,2087,75,1002,6,996,367,55,181.9546847084305,177.9249208821124,branch,branch,0.3531592934051029,1.01902912456485
17739,descending_neuron,DNge105,DNge105_L,L,fl,MX,,acetylcholine,2.0,0.2129977180194305,0.5207658951205314,0.2917065165440416,3,5900,2027,3873,2688,145,1606,133,1473,469,65,265.3046850978449,202.030363879882,branch,branch,0.5051487786870917,0.9251433809111749
17757,ascending_neuron,AN19B001,AN19B001(17757)_R,R,BA,T1,,acetylcholine,4.0,0.8401410833300833,1.034263433779084,0.01306183426465409,3,60654,53058,7596,27101,1279,13054,12933,121,1785,489,181.7486023090572,123.3500947622129,branch,branch,0.711891201344525,0.4285748952860218
17788,ascending_neuron,AN10B021,AN10B021_R,R,BA,T2,,acetylcholine,2.0,0.9317037001233366,1.089165733473608,0.2551406030863468,3,11980,1617,10363,6284,188,1600,1473,127,361,75,172.0670814744502,141.2529852032332,branch,branch,0.7305417232452012,0.4288872992576766
17792,ascending_neuron,AN08B026,AN08B026_R,R,BA,T2,,acetylcholine,6.0,0.6087600283901046,0.8803961275473566,0.2951594680146074,3,11454,1467,9987,5776,204,1777,1500,277,483,97,171.4667085056887,162.2213468734301,branch,branch,0.6568059854311658,0.508046611603374
17832,ascending_neuron,AN06B026,AN06B026_L,L,BA,T1,,gaba,2.0,0.5257952345153747,0.8182073606478212,0.3857121080865847,3,8130,2512,5618,4006,145,2569,2425,144,536,99,212.8618175230622,173.6082134461265,branch,branch,0.6331837069266962,0.6103600372868254
17873,ascending_neuron,AN02A009,AN02A009_L,L,BA,T2,,glutamate,2.0,0.3961269424933544,0.7101862346719842,0.07478175688528405,3,11862,771,11091,4214,391,774,686,88,205,32,165.6880611655988,184.350069249737,branch,branch,0.5899078360127726,0.593377658417402
17887,ascending_neuron,ANXXX131,ANXXX131_L,L,CA,T1,,acetylcholine,2.0,0.3904235937762465,0.7050551459237314,0.2124712356403168,3,7082,939,6143,3261,95,1915,1317,598,373,79,200.711218909104,148.8107763025492,branch,branch,0.5877729336254166,0.5946547981646276
17955,ascending_neuron,ANXXX120,ANXXX120_a_R,R,BA,A6,,acetylcholine,4.0,0.4172043610193009,0.7288354345706164,0.1074299996963473,3,7509,92,7417,2591,142,1389,1331,58,383,68,366.7954363522267,198.4888894835565,branch,branch,0.597603014500096,0.9459194684763297
17960,sensory_ascending,,,,abdomen,,,unclear,,0.7424808533737374,0.9722941857916011,0.1704166810518543,3,5,2,3,5,0,6,0,6,6,0,65.76123443388346,2.172232031805076,end,branch,0.6902348520886818,0.09842080019593157
17967,descending_neuron,DNde006,DNde006_L,L,xn,,,glutamate,2.0,0.4903884023584134,0.7901784014779384,0.2685324152895895,3,14725,7207,7518,5096,345,2462,558,1904,798,116,197.9571404121392,179.5287768548698,branch,branch,0.6222438563169506,0.6066527028508419
18050,ascending_neuron,AN09B009,AN09B009_L,L,CA,A3,,acetylcholine,6.0,0.5672125276426268,0.8498219933984875,0.249140808698198,3,17499,9834,7665,6809,444,11857,8140,3717,3483,469,188.4705339354198,153.9441664817241,branch,branch,0.6453005321284485,0.5306282629083366
18054,ascending_neuron,AN04B023,AN04B023(16506)_L,L,IA,T1,,acetylcholine,6.0,0.368549100968139,0.685019189168615,0.1991955328376769,3,9837,578,9259,4907,152,836,448,388,200,25,202.0879416688956,244.1807349234448,branch,branch,0.5793612022673086,0.770277117014195
18072,descending_neuron,DNp16_a,DNp16_a_R,R,ut,,potentially sexually dimorphic,acetylcholine,2.0,0.6047648668423408,0.877502446566483,0.334135940578318,3,4304,2366,1938,2368,83,1337,28,1309,295,82,173.6614582195389,206.3296325551213,branch,branch,0.6557257039476009,0.5794970190844086
18110,descending_neuron,DNge145,DNge145_L,L,xn,LB,,acetylcholine,4.0,0.109696,0.3737235410022607,0.1001302968457806,3,3136,981,2155,1446,84,1300,18,1282,371,73,144.9692022957508,243.6518376695457,branch,branch,0.4279305260098977,0.9081404955820048
18122,descending_neuron,DNg77,DNg77_L,L,it,,,acetylcholine,2.0,0.04126757113533495,0.2292236974762422,0.1367736580697897,3,2879,329,2550,1064,54,1499,28,1471,372,67,220.3110936257802,222.2844038284997,branch,branch,0.3351411818373843,1.320624027843389
18134,ascending_neuron,AN12A003,AN12A003_L,L,IA,A1,,acetylcholine,2.0,0.2684107031373562,0.5845948353044631,0.08132410312095716,3,15057,5454,9603,7363,276,5141,4699,442,677,196,179.4176581746556,156.8155434655517,branch,branch,0.5352116117006309,0.6282247886435588
18153,ascending_neuron,AN17A012,AN17A012_R,R,BA,A1,,acetylcholine,4.0,0.7375006394018621,0.9690278522075195,0.3555122357452062,3,13044,4705,8339,5248,272,4891,4358,533,986,217,180.809226004981,151.921929862762,branch,branch,0.689074486236201,0.4828667473746653
18159,descending_neuron,DNge174,DNge174_L,L,fl,,,acetylcholine,2.0,0.08704,0.3329005406630464,0.2200456554834902,3,5146,1858,3288,2822,95,2691,73,2618,263,83,209.7257501907094,161.9977917714419,branch,branch,0.403882736601718,0.9203749214186397
18164,ascending_neuron,AN05B102c,AN05B102c_R,R,CA,A4,potentially sexually dimorphic,acetylcholine,2.0,0.27776,0.5946890077558512,0.1839872843448375,3,19558,3601,15957,8765,444,9871,9079,792,1741,269,228.8610252301424,222.1183599684949,branch,branch,0.539812572843915,0.8354369792143326
18183,descending_neuron,DNg02_f,DNg02_f_R,R,ut,LB,,acetylcholine,2.0,0.2776043060196654,0.594522312628382,0.09677680442404617,3,2745,2442,303,1448,68,2033,153,1880,348,114,191.4907808883751,235.0582088736919,branch,branch,0.5397369110853056,0.7902905674995623
18229,descending_neuron,DNge021,DNge021_R,R,fl,MX,,acetylcholine,2.0,0.1206355617658989,0.3919157661305344,0.06445524245469351,3,3810,2325,1485,2246,77,1140,73,1067,300,47,182.2944618952332,123.9367798959197,branch,branch,0.4382222328955502,0.6988035266210304
18232,ascending_neuron,AN09B027,AN09B027_R,R,BA,A1,,acetylcholine,2.0,0.5626095441458482,0.8463667761980719,0.2820347474802711,3,13439,2789,10650,6737,296,2889,2444,445,707,117,185.8597111339206,197.3919252941441,branch,branch,0.6439873603860989,0.595122917006148
18265,descending_neuron,DNge019,DNge019_L,L,fl,MX,,acetylcholine,11.0,0.09243947064246709,0.3430708228870159,0.2344566219145194,3,5099,1137,3962,1889,136,1185,60,1125,228,46,176.5303759258335,123.6733601154773,branch,branch,0.4100057355874888,0.7321939914112542
18278,ascending_neuron,AN05B029,AN05B029_L,L,BA,T1,,gaba,1.0,0.4542973383019855,0.7605454202044848,0.226036885050276,3,7002,4650,2352,3344,279,5648,3539,2109,1647,245,217.770146151661,166.0907658013989,branch,branch,0.6104647867815125,0.6288010713555621
18279,ascending_neuron,AN09B007,AN09B007_L,L,CA,T3,,acetylcholine,2.0,0.3417222658238983,0.6596167843251781,0.1407778085622756,3,10053,1444,8609,2819,344,2516,2237,279,701,132,190.8093192708128,186.0037384348347,branch,branch,0.5685175672917567,0.6627993212253216
18281,ascending_neuron,ANXXX050,ANXXX050_R,R,CA,A6,potentially male-specific,acetylcholine,2.0,0.4321853323440217,0.7418055377219269,0.414513922798013,3,13609,6599,7010,5971,364,3659,3337,322,838,149,237.7964291025081,149.642876912765,branch,branch,0.6028969343791227,0.642629417935699
18324,ascending_neuron,AN05B025,AN05B025_R,R,CA,A7,,gaba,2.0,0.3907404411790299,0.7053411808737703,0.0717466724214991,3,17228,6770,10458,7064,494,2668,2358,310,912,129,206.4998999788814,206.5912767936076,branch,branch,0.5878921488063499,0.702664897994003
18325,ascending_neuron,AN09B018,AN09B018_R,R,BA,A8,,acetylcholine,8.0,0.2209073285367419,0.5303470056621252,0.1739909900544615,3,12877,7710,5167,5148,296,11412,8345,3067,681,154,36.55629973532375,153.4608391124914,end,branch,0.5097744920790381,0.3727474438214023
18338,ascending_neuron,AN09B003,AN09B003(18338)_R,R,CA,T3,,acetylcholine,2.0,0.3951067067894173,0.709271093076806,0.1665478228014765,3,13696,6773,6923,5399,275,8573,6593,1980,1439,353,196.5835426349659,218.0004401055941,branch,branch,0.589527637696177,0.7032477465530171
18366,ascending_neuron,AN12B019,AN12B019(18366)_L,L,CA,T2,,gaba,6.0,0.4251307785594176,0.7357263886431546,0.4153739287159153,3,7995,1611,6384,4073,160,1140,1062,78,227,38,190.9390890016277,152.127597499139,branch,branch,0.6004214606717067,0.5713764563261435
18373,ascending_neuron,AN17B007,AN17B007_L,L,BA,T3,,gaba,2.0,0.512043496917183,0.8074367027200552,0.2464415655435152,3,11947,7179,4768,5742,329,1992,1800,192,841,101,254.6592430283072,186.9927877193527,branch,branch,0.6290023722791727,0.7021468442914547
18430,ascending_neuron,AN05B023c,AN05B023c_L,L,BA,A6,,gaba,2.0,0.403072,0.7163848196154714,0.1043697398647333,3,13528,4472,9056,6748,308,5575,5404,171,1234,213,269.9235026372842,214.6847368251453,branch,branch,0.5924766338106346,0.8179364582626195
18436,ascending_neuron,AN07B037_a,AN07B037_a_L,L,BA,T1,,acetylcholine,4.0,0.4090385693312545,0.7216675701418547,0.2348289200587079,3,10976,249,10727,5924,152,881,774,107,241,46,199.3873111256228,201.706402089116,branch,branch,0.594657135977959,0.6744957538516874
18445,ascending_neuron,AN19B049,AN19B049_R,R,BA,T1,,acetylcholine,2.0,0.4089407740138423,0.7215812947471889,0.07158614664719787,3,10694,60,10634,5367,228,582,425,157,238,32,249.27975282576,372.7695935375913,branch,branch,0.5946215892701193,1.04612640642076
18455,ascending_neuron,AN17B008,AN17B008_L,L,BA,A2,,gaba,6.0,0.4558994218888194,0.7618852750714797,0.2971482501074737,3,11196,4464,6732,3459,382,2565,2121,444,615,124,253.9863935792234,191.3701938615366,branch,branch,0.6110022788705661,0.7288951331965552
18490,ascending_neuron,AN06B057,AN06B057_R,R,BA,T1,,gaba,2.0,0.8507354796112072,1.040764168652161,0.102749730248662,3,5141,54,5087,1461,219,486,415,71,148,13,207.0793326596034,184.1224948923107,branch,branch,0.7141249488986915,0.5478058540808822
18492,sensory_ascending,,,,abdomen,,,,,0.6632430048779475,0.9189489765920517,0.3599598065234567,3,0,0,0,0,0,2,0,2,2,0,38.09588848150359,1.236077343935026,end,end,0.6710327849890088,0.05861407475952588
18513,ascending_neuron,AN02A005,AN02A005_R,R,BA,T2,,glutamate,2.0,0.9366433334443929,1.092049143332828,0.1698817161152585,3,11925,3207,8718,4551,301,545,485,60,144,20,160.4816909989375,185.4492188708098,branch,branch,0.7315080862390284,0.4729010059865701
18532,descending_neuron,DNg09_a,DNg09_a_R,R,xn,LB,,acetylcholine,6.0,0.05432960680029055,0.2630106534497079,0.1106889275973588,3,3361,423,2938,1909,60,665,8,657,275,34,184.9934061456041,229.389339272491,branch,branch,0.3589919500355919,1.154295368954684
18556,descending_neuron,DNg03,DNg03_R,R,ut,LB,,acetylcholine,12.0,0.1663567752925565,0.4602304040772452,0.1205849660862133,3,1752,1659,93,694,66,292,61,231,157,8,185.9477383937915,262.7194422695197,branch,branch,0.4748819832314657,0.9447972264818961
18562,descending_neuron,DNg11,DNg11_R,R,xn,LB,,gaba,6.0,0.107136,0.369336962494612,0.05080133078839274,3,2202,1135,1067,1038,52,738,9,729,218,46,169.8771521219039,177.6594880683427,branch,branch,0.4254116966214726,0.8169419011049937
18568,ascending_neuron,AN27X003,AN27X003_R,R,BA,T1,,unclear,2.0,0.8576613879589657,1.044992055061569,0.07015415849187735,3,5762,3544,2218,4076,93,1890,1335,555,722,63,181.8238824259623,125.4979715641441,branch,branch,0.7155739703064727,0.4294760105073187
18572,ascending_neuron,AN06B090,AN06B090_L,L,BA,T2,,gaba,2.0,0.5025631819108641,0.7999270697612648,0.2055121014694081,3,8302,2076,6226,3672,183,1371,1180,191,321,47,212.9400973646152,208.0556517950628,branch,branch,0.6260704945794999,0.6724414467773948
18589,ascending_neuron,AN02A005,AN02A005_L,L,BA,T2,,glutamate,2.0,0.6626149306283559,0.9185137628843507,0.2083174174752812,3,12920,3060,9860,4875,356,419,368,51,131,19,163.7852977249959,158.3994213998477,branch,branch,0.670873865799922,0.4802463407047224
18607,descending_neuron,DNpe037,DNpe037(CL338)_R,R,xn,,,acetylcholine,2.0,0.002715761273266745,0.05880318568907246,0.2083154084163916,3,10148,2129,8019,4685,247,3187,14,3173,776,183,230.2845129073174,233.2450447506485,branch,branch,0.1697455772255805,2.730731281687336
18616,descending_neuron,DNg12_a,DNg12_a_R,R,nt,MX,,acetylcholine,8.0,0.1811872961008734,0.480307016812446,0.255297913470535,3,3096,1291,1805,1347,54,1471,59,1412,242,64,156.017367521692,189.5761808736309,branch,branch,0.4851293005355361,0.7123740990573459
18626,ascending_neuron,AN06B026,AN06B026_R,R,BA,T1,,gaba,2.0,0.6268083859544986,0.8933516798936957,0.1801660461383567,3,7824,2505,5319,3978,134,2103,1961,142,486,86,215.1283233615149,164.1429151021092,branch,branch,0.6616209814900906,0.5732454820423566
18627,ascending_neuron,AN05B025,AN05B025_L,L,CA,A7,,gaba,2.0,0.3122456234475602,0.6305263479379103,0.2555337350691124,3,16885,6802,10083,6756,497,2614,2387,227,820,133,230.9896005824777,215.3825334996156,branch,branch,0.5558398244904516,0.8030589288763013
18641,ascending_neuron,AN05B026,AN05B026_L,L,CA,T1,,gaba,1.0,0.4165437954842516,0.7282582183021523,0.0956749521633686,3,9589,3488,6101,4519,195,824,598,226,243,33,222.1907951005078,208.4029298485082,branch,branch,0.5973663256060343,0.7208202178322892
18643,ascending_neuron,AN09B027,AN09B027(hb1446765621)_L,L,BA,A1,,acetylcholine,2.0,0.6047840569840842,0.8775163687233989,0.3631711745668129,3,12013,2473,9540,5903,285,2537,2171,366,675,121,186.8138900628637,186.5777605040271,branch,branch,0.6557309056880463,0.5694281714159832
18679,ascending_neuron,AN08B026,AN08B026_R,R,BA,T1,,acetylcholine,6.0,0.5908108538737599,0.8673198617642852,0.1674403975001219,3,11146,1170,9976,4889,251,520,264,256,274,16,222.6799731030727,161.2404273787683,branch,branch,0.6519100645522354,0.5889162038716749
18696,ascending_neuron,AN05B023c,AN05B023c_R,R,BA,A6,,gaba,2.0,0.404149855955357,0.7173420234458457,0.04874061029521187,3,13984,4326,9658,7108,285,5349,5165,184,1214,218,271.4288007146346,202.1782339524785,branch,branch,0.5928723230919659,0.7988347848608335
18714,ascending_neuron,AN18B004,AN18B004_R,R,BA,T2,,acetylcholine,2.0,1.186904790711096,1.229314490018311,0.09162716961046308,3,13961,9781,4180,5701,357,6443,6321,122,1224,314,169.8311272377388,117.0127884365299,branch,branch,0.7761211890606854,0.3695865023623779
18804,ascending_neuron,AN09B012,AN09B012(14794)_L,L,CA,A4,potentially sexually dimorphic,acetylcholine,4.0,0.5939432180212092,0.8696160029069508,0.046336194067198,3,9987,534,9453,4887,188,3568,3020,548,683,149,311.7611411093554,230.7781800388879,branch,branch,0.6527724269792696,0.8311308791930222
18811,ascending_neuron,AN12A003,AN12A003_R,R,IA,A1,,acetylcholine,2.0,0.275712,0.5924925496223739,0.1527606962448791,3,16085,6175,9910,7636,305,4522,4057,465,673,172,178.3079490130774,166.9691730431558,branch,branch,0.5388147634530471,0.6408085774107062
18940,ascending_neuron,AN05B006,AN05B006_L,L,BA,T2,,gaba,3.0,0.306059768112755,0.624249469213738,0.08767125618699467,3,23003,16118,6885,9793,561,10730,10302,428,1318,325,214.1831495282945,153.5619494036641,branch,branch,0.5530662165733246,0.6649205608876737
18957,ascending_neuron,AN05B099,AN05B099_L,L,BA,A5,,acetylcholine,6.0,0.2768640297874159,0.5937290890970999,0.2042315345163595,3,10825,3723,7102,4703,290,9994,8383,1611,1883,412,234.3243558193865,170.0624519358151,branch,branch,0.5393767270262769,0.7497298038509937
19030,descending_neuron,DNge091,DNge091_L,L,ut,LB,,acetylcholine,14.0,0.222208,0.5319060187255932,0.0445977796722465,3,2951,2119,832,1544,75,1099,52,1047,275,67,172.7832376196145,212.3852799409534,branch,branch,0.5105232112015482,0.7544583852594082
19038,descending_neuron,DNg106,DNg106_L,L,lt,MX,,gaba,16.0,0.134208928441131,0.4133764808836851,0.4736258333886089,3,3203,1331,1872,1787,85,973,28,945,346,54,183.3959986305892,222.6052166608015,branch,branch,0.4500605244108904,0.9021035911177245
19043,ascending_neuron,AN08B026,AN08B026_R,R,BA,T3,,acetylcholine,6.0,0.3180633234304626,0.6363731618488911,0.2459296435535322,3,9781,1686,8095,4652,182,2504,2277,227,680,136,172.2400075718089,157.2146005340385,branch,branch,0.5584110039262806,0.5899858809898036
19063,ascending_neuron,AN17A015,AN17A015_L,L,BA,A1,,acetylcholine,8.0,0.2125822201375724,0.5202577142020605,0.06322909363413877,3,17273,7869,9404,7234,356,3208,2644,564,678,127,227.3615018469574,232.1238507228829,branch,branch,0.5049022479242983,0.910048141910298
19084,descending_neuron,DNge029,DNge029_L,L,xl,LB,,glutamate,2.0,0.195584,0.4990243311878511,0.1440141887443751,3,2984,1574,1410,1211,85,992,17,975,214,36,184.731214792447,181.4275459173701,branch,branch,0.4944915795865962,0.7404752190440379
19090,ascending_neuron,AN07B037_a,AN07B037_a_R,R,BA,T1,,acetylcholine,4.0,0.5163148667079879,0.8107974505554854,0.453448431998284,3,12152,356,11796,6099,166,828,693,135,285,41,165.968023219073,186.4433884007524,branch,branch,0.6303100433692833,0.5591080379046984
19124,ascending_neuron,AN03A002,AN03A002_L,L,BA,T1,,acetylcholine,2.0,0.6403673056022305,0.9029623340141419,0.3740658826739979,3,10816,5424,5392,4396,223,4281,4059,222,684,161,144.8847522692096,137.1349079961907,branch,branch,0.6651703117750593,0.423981129754286
19175,ascending_neuron,AN06B002,AN06B002_L,L,BA,T2,,gaba,5.0,0.4329762166386926,0.7424839667994199,0.4153183624475277,3,16598,12492,4106,8540,349,6098,6068,30,1047,194,189.8659843285633,215.9095342715017,branch,branch,0.6031725654667291,0.6727353693317927
19197,ascending_neuron,AN09B018,AN09B018_R,R,BA,A3,,acetylcholine,8.0,0.2891396826248298,0.6067487765707548,0.1209837519979486,3,8214,3759,4455,3475,201,8347,5752,2595,867,211,223.3088911059212,180.8687471140574,branch,branch,0.5452585629952728,0.7412586718486486
19206,ascending_neuron,AN06B034,AN06B034_R,R,BA,T2,,gaba,2.0,0.1997207517189917,0.5042740911377993,0.1724277095640135,3,10217,2326,7891,3966,250,928,674,254,352,42,217.8912982760593,160.4242145691615,branch,branch,0.4970858121667944,0.7610668089602989
19214,descending_neuron,DNge019,DNge019_L,L,fl,MX,,acetylcholine,11.0,0.08889661169865955,0.3364322835396446,0.05604297190648538,3,5306,1824,3482,1930,183,1247,72,1175,262,46,171.4954882093751,122.1629027984927,branch,branch,0.4060194809789622,0.7232618255159129
19217,ascending_neuron,AN23B003,AN23B003_R,R,BA,T3,,acetylcholine,2.0,0.6702601192146516,0.9237974285756585,0.2398462564148322,3,15891,8762,7129,8491,250,7800,7628,172,1099,319,162.357767202138,148.0075415572047,branch,branch,0.672800668847819,0.4613035080521662
19227,ascending_neuron,AN08B069,AN08B069_L,L,BA,T1,sexually dimorphic,acetylcholine,2.0,1.015767962594036,1.137240492705828,0.3623667311252327,3,5034,93,4941,2159,120,1466,1360,106,395,84,198.1663208504767,158.1386679142388,branch,branch,0.7464903491846734,0.4773068923849806
19247,descending_neuron,DNg106,DNg106_L,L,lt,MX,,gaba,16.0,0.06159002499116742,0.2800336682971912,0.2406207052182068,3,2446,902,1544,1438,49,698,28,670,307,38,215.7210155893598,214.2071438148108,branch,branch,0.370427452364999,1.160627152926405
19268,descending_neuron,DNg12_c,DNg12_c_R,R,nt,MX,,acetylcholine,8.0,0.091776,0.3418374357170588,0.1044383787165929,3,4203,1117,3086,1570,108,1074,50,1024,151,31,183.689529083812,127.6852532570963,branch,branch,0.4092680582471087,0.7608089027873897
19280,ascending_neuron,AN08B028,AN08B028(19280)_R,R,BA,T2,,acetylcholine,4.0,0.239228994622082,0.5519019987280988,0.3641480820989584,3,8515,65,8450,3797,192,3201,3045,156,476,172,353.4257279470407,375.5792336315228,branch,branch,0.5200307484916333,1.401849724642373
19408,ascending_neuron,AN10B022,AN10B022(10199)_L,L,BA,T2,,acetylcholine,6.0,0.5647933708541196,0.8480078150440226,0.1965548870560599,3,5805,2970,2835,2122,133,1681,1595,86,449,81,374.9731327788504,213.7846628494954,branch,branch,0.6446113785619759,0.9133530918144347
19411,ascending_neuron,AN09B029,AN09B029_L,L,BA,A5,,acetylcholine,4.0,0.538624,0.8281288405456196,0.1637578003239284,3,8776,2112,6664,3267,259,2639,2502,137,812,140,198.2558514842786,193.4751898565871,branch,branch,0.6370110924209669,0.6149516798084128
19419,ascending_neuron,AN09B029,AN09B029_R,R,BA,A5,,acetylcholine,4.0,0.6307336185876721,0.896144511437597,0.2792456259091848,3,10193,2335,7858,3624,329,3250,3114,136,875,168,228.6814525992911,244.326660837358,branch,branch,0.6626543673774605,0.7138081882846999
19428,descending_neuron,DNge144,DNge144_R,R,xl,,,acetylcholine,2.0,0.2164792108685361,0.5250046589230253,0.2703440950364988,3,5821,4623,1198,2794,147,1672,174,1498,326,76,194.1844959653788,203.4586663471466,branch,branch,0.5072004365852639,0.7839960962763857
19433,ascending_neuron,AN19B025,AN19B025_R,R,BA,T2,,acetylcholine,2.0,0.5217888193013622,0.8150841421197965,0.06724482425360138,3,17330,6176,11154,8047,306,2661,2470,191,613,110,174.2645919419398,127.4860016115974,branch,branch,0.6319740735494616,0.4774730581252565
19440,ascending_neuron,AN09B016,AN09B016_L,L,BA,T2,,acetylcholine,2.0,0.05229668667550993,0.2580430381426395,0.4664968477582751,3,19127,1806,17321,8707,447,2309,1797,512,779,116,183.9932658285476,149.6936389253495,branch,branch,0.3555855574821527,0.938415235749965
19441,descending_neuron,DNg12_a,DNg12_a_L,L,nt,MX,,acetylcholine,8.0,0.09717321926664756,0.3517453417737277,0.673109018912086,3,3064,1519,1545,1224,63,1219,64,1155,225,64,175.1830239373383,183.8218286295911,branch,branch,0.4151568588727959,0.8647450834406872
19450,descending_neuron,DNge091,DNge091_L,L,ut,LB,,acetylcholine,14.0,0.281195931825122,0.5983558976214726,0.04236359164234187,3,3392,2580,812,1845,76,1005,35,970,219,50,177.0869771382621,308.8808320676218,branch,branch,0.5414742743977053,0.8974901157519206
19455,descending_neuron,DNg12_h,DNg12_h_L,L,nt,MX,,acetylcholine,2.0,0.3020805378737609,0.6201781087040564,0.3906637741967325,3,2734,1640,1094,1193,69,1480,70,1410,216,59,171.5648242746467,196.6053948146676,branch,branch,0.551259714893976,0.6678707134623915
19457,ascending_neuron,AN06B002,AN06B002_R,R,BA,T2,,gaba,5.0,0.4973713285549947,0.795784420514554,0.300431207546198,3,17402,12695,4707,8716,395,5628,5594,34,917,168,199.1279768494461,147.4974199274347,branch,branch,0.6244472484142527,0.555091559226365
19480,ascending_neuron,ANXXX462a,ANXXX462a_R,R,XA,T1,,acetylcholine,2.0,0.2110763142750834,0.5184117188991616,0.2704410840787898,3,7479,0,7479,3300,131,2520,3,2517,613,77,282.8871076310273,209.0924005051024,branch,end,0.5040056966548981,0.9761387845443285
19489,descending_neuron,DNpe010,DNpe010(PS275)_R,R,ut,,,glutamate,2.0,0.1941480658300817,0.4971890937547863,0.6673937515159185,3,2656,924,1732,1096,78,1090,70,1020,316,42,421.4126315858844,189.7683288627134,branch,branch,0.4935814582618002,1.238257536255387
19570,descending_neuron,DNpe010,DNpe010(PS275)_L,L,ut,,,glutamate,2.0,0.1017495984318476,0.359932788704157,0.1778395858665983,3,2859,811,2048,1219,87,1206,44,1162,321,46,184.4752669808802,252.3299863287564,branch,branch,0.4199607915806389,1.040109605626751
19573,descending_neuron,DNg08,DNg08_L,L,ut,MX,,gaba,23.0,0.109683678856108,0.3737025519469044,0.3987825465741835,3,2411,1788,623,1218,61,550,23,527,182,30,156.2806058052485,239.2589187993398,branch,branch,0.4279185091275944,0.924333760208181
19581,ascending_neuron,AN17A062,AN17A062_L,L,IA,T1,,acetylcholine,6.0,0.3406310219324397,0.6585627436227567,0.2145622048635134,3,12557,2966,9591,6740,197,1005,743,262,323,47,300.912500734173,175.8507523048648,branch,branch,0.5680631517491261,0.8392786111386272
19607,ascending_neuron,AN19B024,AN19B024_R,R,BA,T2,,acetylcholine,2.0,0.2995785930975154,0.6176044943876956,0.146965276767449,3,16834,6178,10656,7410,323,1116,999,117,393,58,192.5625148544746,115.6329520150275,branch,branch,0.5501147173544539,0.5602385414293931
19612,ascending_neuron,ANXXX030,ANXXX030_L,L,BA,A1,,acetylcholine,2.0,0.2340878448413248,0.5459394664189463,0.4509067037098442,3,18654,11649,7005,10144,314,3878,3821,57,630,121,186.2076158477565,171.6652338095771,branch,branch,0.517214016191831,0.6919241135271188
19631,descending_neuron,DNg12_h,DNg12_h_R,R,nt,MX,,acetylcholine,2.0,0.1304548531926289,0.407554018367474,0.07081659106383915,3,2777,1618,1159,1302,53,1735,80,1655,197,62,176.6828967574509,131.6151528909197,branch,branch,0.4468797030522444,0.6898904728557962
19633,descending_neuron,DNg11,DNg11_L,L,xn,LB,,gaba,6.0,0.4003730557796017,0.7139823578107838,0.4675320718268453,3,2167,1160,1007,931,57,744,11,733,192,44,154.2996721901251,211.6321778133936,branch,branch,0.5914823372910505,0.6186691079897026
19651,ascending_neuron,AN07B037_a,AN07B037_a_R,R,BA,T1,,acetylcholine,4.0,0.457460301000478,0.7631884075248124,0.1894859794106344,3,11656,235,11421,5965,168,688,562,126,243,33,174.7201324582801,193.2239788431254,branch,branch,0.6115245863308834,0.6016832675674605
19664,descending_neuron,DNge019,DNge019_R,R,fl,MX,,acetylcholine,11.0,0.2541557537500037,0.5688595223747923,0.2036980397615316,3,4084,1242,2842,1536,122,1186,71,1115,203,51,187.1768418682828,128.0345205875561,branch,branch,0.5279594359073888,0.5970370847034756
19691,descending_neuron,DNge110,DNge110_R,R,ut,LB,,acetylcholine,2.0,0.30070575052548,0.6187652647800357,0.2899334599311365,3,3198,2202,996,1162,122,670,66,604,222,35,169.062593616823,149.4383154510914,branch,branch,0.5506314372992315,0.5784284868116426
19709,ascending_neuron,AN05B097,AN05B097_R,R,BA,A1,,acetylcholine,8.0,0.258176,0.5733409916459361,0.248352581322502,3,10383,4606,5777,4751,189,2745,2311,434,629,116,209.5053025119431,185.0501106496606,branch,branch,0.5300349855495471,0.7443950379096648
19733,ascending_neuron,ANXXX174,ANXXX174_R,R,CA,A1,,acetylcholine,2.0,0.3622259815611681,0.6791174006415895,0.1808078114577863,3,10182,1180,9002,4789,190,3178,2909,269,647,183,243.0465402132306,184.9612088461398,branch,branch,0.5768600578254477,0.7419611450874303
19749,descending_neuron,DNge091,DNge091_L,L,ut,LB,,acetylcholine,14.0,0.1949847931738682,0.4982593193217522,0.05107166492366912,3,3101,1837,1264,1547,79,1036,62,974,319,50,168.1439589656198,220.2757112065447,branch,branch,0.4941124026652827,0.7860957710775867
19753,ascending_neuron,AN23B003,AN23B003_L,L,BA,T3,,acetylcholine,2.0,0.4787546829976889,0.7807492520776466,0.1432187748679153,3,15752,7937,7815,8286,263,8655,8447,208,1177,346,164.0177072304784,159.2217154214188,branch,branch,0.6185201156939415,0.522601309885035
19773,descending_neuron,DNg02_g,DNg02_g_L,L,ut,LB,sexually dimorphic,acetylcholine,4.0,0.1830093804941173,0.4827160452093902,0.1696187350709993,3,3867,3783,84,1946,84,1642,171,1471,316,73,212.4404280138685,219.8440628153095,branch,branch,0.4863443863689609,0.8888444134342884
19871,descending_neuron,DNg06,DNg06_L,L,xn,LB,,acetylcholine,12.0,0.1146894160504654,0.382134923656601,0.2968554516159113,3,3115,2992,123,1591,71,572,45,527,211,24,204.200936575897,182.7084997215725,branch,branch,0.4327194386571217,0.8941346325882276
19886,ascending_neuron,AN04B023,AN04B023(19886)_R,R,IA,T3,,acetylcholine,6.0,0.1468799760203269,0.432450452420659,0.276931413432522,3,8725,1604,7121,4452,145,1204,927,277,284,46,197.7497946502853,240.6121938580397,branch,branch,0.4603267553446387,0.9522844010666529
19946,descending_neuron,DNg12_c,DNg12_c_R,R,nt,MX,,acetylcholine,8.0,0.08005944411399726,0.319272376154681,0.6072555004150414,3,3587,1053,2534,1426,84,1006,29,977,140,32,187.1107964142718,172.611784927225,branch,branch,0.3955293469716168,0.9094712796805707
19960,descending_neuron,DNa07,DNa07_L,L,ut,,,acetylcholine,2.0,0.1792380191171774,0.4777163738663219,0.5586937851445594,3,4754,2378,2376,2414,120,1564,71,1493,408,85,200.85742557845,171.6965774241256,branch,branch,0.4838192050699287,0.7700273141260041
19962,descending_neuron,DNge181,DNge181_L,L,ut,LB,,acetylcholine,4.0,0.299708136476421,0.617738011814606,0.2006611251185467,3,2975,1983,992,1482,76,929,51,878,235,56,159.7708576412488,230.1092730560433,branch,branch,0.5501741776829924,0.7086485453374715
19981,ascending_neuron,AN06A015,AN06A015_L,L,BA,T1,,gaba,2.0,0.185344,0.4857852510929022,0.1337448777008103,3,6827,1837,4990,3013,137,1452,1225,227,341,60,210.8840534802205,193.6121903871527,branch,branch,0.4878880742911452,0.8290758991292576
19982,ascending_neuron,AN04B023,AN04B023(19982)_R,R,IA,T2,,acetylcholine,6.0,0.15627461736452,0.446066164001332,0.1088782933986978,3,11397,1577,9820,5455,198,1189,745,444,265,39,240.5355519855206,230.1407983812289,branch,branch,0.4675172941834908,1.006757089465056
19994,descending_neuron,DNge091,DNge091_R,R,ut,LB,,acetylcholine,14.0,0.249443427519587,0.5635612088249311,0.189213894110624,3,3503,2698,805,1853,78,725,42,683,258,35,188.8907729049129,219.5292680456974,branch,branch,0.5254949974302479,0.7772101408155124
20010,ascending_neuron,AN06B002,AN06B002_L,L,BA,T3,,gaba,5.0,0.3872151646958428,0.7021521630044915,0.4474344978721957,3,17644,13314,4330,8954,386,6474,6433,41,907,185,176.8900013723625,150.9616615889477,branch,branch,0.5865616420055105,0.5589381225822301
20014,ascending_neuron,AN19B024,AN19B024_L,L,BA,T2,,acetylcholine,2.0,0.0790652645508328,0.3172838184355886,0.6219617947745355,3,14561,5177,9384,6821,281,1236,1115,121,398,64,165.6537249689218,135.9378151945744,branch,end,0.3942956644872454,0.7648867774280381
20022,ascending_neuron,AN02A017,AN02A017_L,L,IA,T1,,glutamate,2.0,0.8798179045546693,1.058403962693372,0.5412526461455266,3,12977,20,12957,4340,503,739,663,76,242,40,148.0146155916146,213.7184689676011,branch,branch,0.7201513325126546,0.5023014861294578
20051,descending_neuron,DNge183,DNge183_L,L,ut,LB,,acetylcholine,2.0,0.1724403466692923,0.4685700251693266,0.3229580775932605,3,2649,1935,714,1070,77,739,29,710,233,44,151.9012021087569,182.3897294310624,branch,branch,0.4791652244612186,0.6976527395444891
20054,descending_neuron,DNge091,DNge091_L,L,ut,LB,,acetylcholine,14.0,0.4605450812253055,0.7657572784827622,0.1953095224274699,3,3476,2653,823,1707,87,1173,34,1139,283,56,166.601165385089,326.3002855004012,branch,branch,0.6125529091079018,0.8046675537029652
20065,ascending_neuron,ANXXX055,ANXXX055_L,L,BA,A7,,acetylcholine,2.0,0.4961805278123416,0.7948312206614927,0.1229669545947446,3,15592,8982,6610,5981,477,7185,6953,232,1695,441,199.4731163727651,183.9923340833566,branch,branch,0.6240731512604363,0.6144559330611148
20102,descending_neuron,DNge178,DNge178_L,L,fl,MX,,acetylcholine,2.0,0.138496,0.419926879334535,0.07149670420226018,3,3402,2410,992,1565,77,1271,96,1175,272,46,214.8250120032423,121.6466280921179,branch,branch,0.4536123574969295,0.7417603037801671
20106,ascending_neuron,ANXXX075,ANXXX075_L,L,CA,A1,,acetylcholine,2.0,0.4627794177676322,0.7676125684166875,0.1400868643983722,3,20478,12343,8135,8321,492,4811,4384,427,911,184,279.9503344287008,199.459678746475,branch,branch,0.6132945120610299,0.7816962385071351
20108,ascending_neuron,AN05B102b,AN05B102b_R,R,CA,A3,,acetylcholine,2.0,0.3422854332784485,0.660160093641633,0.08487418030115902,3,8575,1102,7473,4364,191,5232,4814,418,1131,231,226.4613462112433,176.9899108298276,branch,branch,0.5687516557201395,0.7093627824788145
20129,descending_neuron,DNg12_e,DNg12_e_R,R,fl,MX,,acetylcholine,6.0,0.2147653441658965,0.5229222973164145,0.05130392818902517,3,2755,2062,693,1346,49,1550,150,1400,291,61,182.2560282699307,126.4022185275375,branch,branch,0.5061935654322791,0.6097632760975149
20131,descending_neuron,DNpe004,DNpe004_L,L,ut,,,acetylcholine,4.0,0.2747717087020404,0.5914813651281743,0.1806882394497987,3,5028,2549,2479,2548,118,981,51,930,263,58,144.9768046643819,192.1636032484832,branch,branch,0.5383547797807737,0.6262420629945066
20170,ascending_neuron,AN17B013,AN17B013_R,R,BA,A1,,gaba,4.0,0.286976,0.6044743101157551,0.1353355631738533,3,3004,637,2367,1638,41,1241,973,268,357,77,240.1705483756811,238.7287702851019,branch,branch,0.5442356217271339,0.8799484994036113
20185,descending_neuron,DNg36_a,DNg36_a_R,R,ut,LB,,acetylcholine,4.0,0.1315271271893855,0.4092255362791246,0.1254440577405477,3,3076,1207,1869,1085,98,805,132,673,182,27,168.7665231011432,188.7618589530794,branch,branch,0.4477951683267373,0.7984194724346583
20216,ascending_neuron,AN07B106,AN07B106_L,L,BA,T1,,acetylcholine,2.0,0.4817816571871245,0.7832135455025574,0.3142320421664038,3,10192,3555,6637,5259,153,906,844,62,296,33,188.0580096334166,166.2401436948625,branch,branch,0.6194954699562,0.5719140340983105
20217,ascending_neuron,ANXXX165,ANXXX165_L,L,BA,T3,,acetylcholine,2.0,0.220672,0.5300644459080404,0.09009331658857204,3,12000,2746,9254,5977,234,1071,1000,71,262,41,97.94557397665609,233.8762705081301,branch,branch,0.5096386744497907,0.6510923544862901
20227,ascending_neuron,ANXXX005,ANXXX005_R,R,BA,T1,,unclear,2.0,0.0369364970981453,0.2168617272580715,0.5521884866699774,3,8075,5404,2671,6351,92,8255,6749,1506,2128,331,227.4228199063247,128.7009562877405,branch,branch,0.325978904772157,1.092474914727927
20234,descending_neuron,DNge175,DNge175_L,L,ut,LB,potentially sexually dimorphic,acetylcholine,2.0,0.4941413623419418,0.7931962703033009,0.1864228780750742,3,4463,4450,13,2267,105,2030,80,1950,423,118,202.8977710079948,206.7033498678366,branch,branch,0.6234309684709426,0.6570111874301644
20288,descending_neuron,DNg12_c,DNg12_c_L,L,nt,MX,,acetylcholine,8.0,0.07923357724812384,0.3176213529080492,0.5398176752127508,3,3635,1067,2568,1412,80,990,34,956,149,32,169.8605043356519,118.5877447018919,branch,branch,0.3945053395392059,0.7311643725138426
20289,descending_neuron,DNg02_g,DNg02_g_R,R,ut,LB,sexually dimorphic,acetylcholine,4.0,0.5612501911730153,0.8453436803405187,0.5141476816125183,3,3445,3306,139,1792,69,1718,178,1540,310,81,203.9252967042244,226.6010732482935,branch,branch,0.6435980137996498,0.6689367597808336
20328,ascending_neuron,AN09B060,AN09B060(20328)_L,L,CA,T3,,acetylcholine,4.0,0.3968362109455138,0.7108217473872708,0.1235990521641072,3,12149,4079,8070,5963,235,1672,1395,277,365,87,295.4160624928462,179.103653223802,branch,branch,0.5901717175702024,0.8040366923550567
20344,ascending_neuron,AN08B026,AN08B026_L,L,BA,T3,,acetylcholine,6.0,0.248192,0.5621457720973355,0.2446592393615029,3,9266,2144,7122,4544,151,2183,2007,176,588,129,193.3134456253832,157.6367032732093,branch,branch,0.5248346676122818,0.6686870562404512
20354,descending_neuron,DNg57,DNg57_L,L,xn,LB,,acetylcholine,2.0,0.1923860329885881,0.4949277776158799,0.2330475737911616,3,3816,1701,2115,2045,77,2417,67,2350,787,104,204.6617375776546,184.3455636400657,branch,branch,0.4924577251214373,0.7899303460450199
20371,ascending_neuron,ANXXX151,ANXXX151_L,L,BA,A2,potentially sexually dimorphic,acetylcholine,2.0,0.3413738422909839,0.6592804225388963,0.05849335200755355,3,11308,3862,7446,5026,289,4714,4218,496,1062,250,233.1684373684444,196.9001722394903,branch,branch,0.5683725952612944,0.7566666887065903
20398,ascending_neuron,AN01A033,AN01A033_R,R,BA,T1,,acetylcholine,2.0,0.03040595063169478,0.1967588847791603,0.2451263317587166,3,11770,906,10864,4968,341,1643,1213,430,738,73,207.1957753110105,161.2711465455863,branch,branch,0.3105025821821592,1.186679090611982
20408,descending_neuron,DNge021,DNge021_L,L,fl,MX,,acetylcholine,2.0,0.1574334243375481,0.4477169435364686,0.2447226187514727,3,5016,2831,2185,2750,92,1300,90,1210,325,49,172.5786137249475,120.8078810163037,branch,branch,0.4683815777044071,0.6263835058995546
20414,descending_neuron,DNp16_a,DNp16_a_L,L,ut,,potentially sexually dimorphic,acetylcholine,2.0,0.1892866045048887,0.4909248314602443,0.01870303301147693,3,4035,2436,1599,2128,87,1117,31,1086,274,63,146.823553444023,184.2074758645383,branch,branch,0.4904621977436382,0.674936887759063
20418,descending_neuron,DNpe053,DNpe053(SMP454)_R,R,xn,,,acetylcholine,2.0,0.4508380583664642,0.7576442728509215,0.2384212817799274,3,65610,11565,54045,29989,1317,19569,141,19428,2978,805,174.2413166500752,165.5092099363455,branch,branch,0.6092993465423637,0.5576085523715532
20456,ascending_neuron,AN08B028,AN08B028(19280)_L,L,BA,T2,,acetylcholine,4.0,0.390867745082437,0.7054560721975691,0.155090224846279,3,7710,135,7575,3119,184,3204,3050,154,475,163,391.7470152644732,379.4631523133334,branch,branch,0.5879400270238528,1.311715705905695
20473,descending_neuron,DNg12_c,DNg12_c_R,R,nt,MX,,acetylcholine,8.0,0.09902115472868633,0.3550741471381755,0.7317644081704432,3,3254,1377,1877,1348,69,1212,37,1175,211,58,175.0967987897498,135.7567615808767,branch,branch,0.4171166888266471,0.7452436421210099
20489,ascending_neuron,AN02A025,AN02A025_L,L,IA,T1,,glutamate,2.0,0.467991270146119,0.771922918263783,0.05726726158160571,3,4746,108,4638,1961,86,680,574,106,169,36,169.1863938568653,201.2426397426132,branch,branch,0.615014007929294,0.6023099129834217
20515,descending_neuron,DNg08,DNg08_R,R,ut,MX,,gaba,23.0,0.08107125140997458,0.3212835558137795,0.7527666445795669,3,2149,1114,1035,1065,49,435,18,417,136,23,161.2177475966974,183.3553824336124,branch,branch,0.3967731623342888,0.8684386010463089
20525,ascending_neuron,AN07B013,AN07B013_L,L,BA,T1,,glutamate,4.0,0.272580786368715,0.5891185248654598,0.3609786828917559,3,13447,9156,4291,7560,212,3276,3204,72,529,114,201.8111300955003,168.5105776002313,branch,branch,0.5372783982109045,0.6892547865852678
20530,ascending_neuron,AN05B024,AN05B024_L,L,BA,T1,,gaba,1.0,0.1695071753338281,0.4645677977985417,0.3889975861807331,3,9332,6153,3179,4630,174,2403,2178,225,616,113,238.6244498063341,172.8578941272926,branch,branch,0.4771144736028088,0.8624394494395071
20531,descending_neuron,DNg09_a,DNg09_a_L,L,xn,LB,,acetylcholine,6.0,0.08904890976837762,0.336720348854434,0.09260023904636776,3,3273,707,2566,1590,72,762,6,756,262,46,160.0058473724019,252.3957550699288,branch,branch,0.4061932679632599,1.015284188510067
20539,ascending_neuron,AN12B006,AN12B006_L,L,BA,T3,,unclear,2.0,0.2706911591151609,0.5870729837044292,0.3436429669541173,3,11384,8044,3340,5072,236,6263,6120,143,858,223,233.6930937625039,188.307139102729,branch,branch,0.536344816340356,0.7868077028219811
20636,ascending_neuron,AN12B019,AN12B019(18366)_R,R,CA,T2,,gaba,6.0,0.2782366555559335,0.5951990529635199,0.1444077612335027,3,7959,1522,6437,3942,162,1605,1545,60,246,49,203.5186233568753,145.8276074308774,branch,branch,0.5400440129768357,0.6468847397494201
20643,descending_neuron,DNg57,DNg57_R,R,xn,LB,,acetylcholine,2.0,0.2182628599865549,0.5271630720013265,0.2302271036109537,3,3517,1489,2028,1930,69,2094,72,2022,704,87,211.3501463606925,186.6636146799512,branch,branch,0.5082419751266615,0.783118633484479
20644,ascending_neuron,AN09B014,AN09B014_L,L,CA,T2,,acetylcholine,2.0,0.2887245994076593,0.6063131018736526,0.1222072747630287,3,9901,6068,3833,5031,185,6922,3230,3692,2038,275,197.8152340768119,142.0589610233695,branch,branch,0.54506276695266,0.6235505628101364
20691,ascending_neuron,AN08B069,AN08B069_R,R,BA,T1,sexually dimorphic,acetylcholine,2.0,0.4241128766858797,0.7348450762084819,0.06498143640018313,3,4825,520,4305,2305,89,1514,1435,79,392,88,202.1931769980515,159.0270868613775,branch,branch,0.600061736275657,0.6019718339339192
20734,ascending_neuron,AN19B036,AN19B036(17446)_R,R,BA,T3,,acetylcholine,4.0,0.7786390588706316,0.9956877225463104,0.3181679256682428,3,9955,344,9611,4894,144,1925,1583,342,408,114,378.9033190199584,451.9604519853245,branch,branch,0.6984890722464396,1.189515776292831
20743,descending_neuron,DNge019,DNge019_R,R,fl,MX,,acetylcholine,11.0,0.1411695407701757,0.4239606606994221,0.07617986257603962,3,3872,1349,2523,1468,119,1133,72,1061,198,45,87.7493671465646,123.0761996045003,branch,branch,0.4557858310025848,0.4625540164057212
20745,descending_neuron,DNpe009,"DNpe009(PS222,PS226)_L",L,nt,,,acetylcholine,6.0,0.3380022413770543,0.6560166308336894,0.1887448315675454,3,3264,2027,1237,1664,62,1003,28,975,186,57,176.8629729407681,177.6150883732431,branch,branch,0.5669639751417261,0.6252214899992562
20753,descending_neuron,DNp16_b,DNp16_b_R,R,ut,,potentially sexually dimorphic,acetylcholine,2.0,0.1031874836878494,0.3624670809233363,0.2252007912378617,3,3989,2166,1823,2196,81,1073,21,1052,298,63,172.3444193070868,222.1954902052353,branch,branch,0.4214366733596339,0.9361783974970792
20769,ascending_neuron,AN23B004,AN23B004_L,L,BA,T2,,acetylcholine,2.0,0.3376098989502354,0.6556357784909865,0.1821359954687026,3,5723,2082,3641,2952,99,2155,2082,73,476,69,186.9022992852042,162.3758258343756,branch,branch,0.5667993749648842,0.6162288466553428
20774,descending_neuron,DNg36_a,DNg36_a_R,R,ut,LB,,acetylcholine,4.0,0.1012373291084392,0.3590255851944718,0.0987252774028096,3,3305,1428,1877,1140,123,862,115,747,217,33,149.4113288373039,198.4849880181561,branch,branch,0.4194312062129988,0.8294478610606494
20788,descending_neuron,DNg12_c,DNg12_c_R,R,nt,MX,,acetylcholine,8.0,0.2937271506162034,0.6115431493581882,0.1853041030097697,3,3549,1212,2337,1433,84,973,38,935,158,36,186.1609256394978,165.1153325258651,branch,branch,0.5474085706175161,0.6417076330556866
20821,descending_neuron,DNg08,DNg08_R,R,ut,MX,,gaba,23.0,0.09562020384965653,0.3489232362813061,0.1224717332244131,3,2968,1584,1384,1592,67,507,13,494,202,22,193.7654085066475,180.9388430523321,branch,branch,0.4134880721107199,0.9062032905719343
20831,ascending_neuron,AN09A005,AN09A005_R,R,XA,T1,,unclear,11.0,1.197539529337758,1.234809574443107,0.3304682699188474,3,1410,144,1266,1122,10,1245,227,1018,382,34,193.0367458602824,176.3419784501525,branch,branch,0.7778539011132634,0.4748690258951977
20842,ascending_neuron,AN09B059,AN09B059_L,L,XA,T1,,acetylcholine,2.0,0.0001321567040192024,0.01297178251664392,1.20866553868198,3,9926,12,9914,5550,130,1128,8,1120,414,54,318.0913706143929,161.7641037043308,branch,branch,0.07972561340720762,6.018837031303947
20849,descending_neuron,DNg02_b,DNg02_b_L,L,ut,LB,,acetylcholine,5.0,0.1302884301410044,0.4072939742704175,0.5825963159308579,3,2716,2697,19,1395,46,776,103,673,215,49,211.0657623791432,237.6295489964004,branch,branch,0.446737112172813,1.004383336753032
20886,descending_neuron,DNge025,DNge025_R,R,fl,MX,,acetylcholine,3.0,0.11776,0.3872165915711939,0.123787476514481,3,3394,2123,1271,1833,72,1218,50,1168,242,44,195.5657725704673,125.5079153063298,branch,branch,0.4355871093936148,0.7371055776277838
20891,ascending_neuron,ANXXX116,ANXXX116(20891)_L,L,BA,A5,potentially sexually dimorphic,acetylcholine,4.0,0.5745333106007952,0.8552885658212334,0.04406235200066623,3,8535,2108,6427,4037,195,1813,1615,198,469,73,215.8521553633985,160.3607406118909,branch,branch,0.6473726880649232,0.5811380413650693
20898,ascending_neuron,AN09B060,AN09B060(20328)_R,R,CA,T3,,acetylcholine,4.0,0.4675313855334474,0.771543549299718,0.03274325166076324,3,12473,4390,8083,5892,263,2191,1969,222,462,112,282.3815673242289,223.3218202190083,branch,branch,0.6148628620732121,0.822465331274184
20923,descending_neuron,DNg110,DNg110_R,R,ut,LB,,acetylcholine,6.0,0.1927904250777955,0.4954476693409212,0.1419741613366939,3,2119,1672,447,1295,40,1349,58,1291,287,66,189.1370072036408,233.8279898834305,branch,branch,0.4927163057754953,0.8584351524988786
20962,descending_neuron,DNg02_f,DNg02_f_L,L,ut,LB,,acetylcholine,2.0,0.2228094682339414,0.532625408609904,0.1797031792858907,3,2562,2288,274,1217,62,1853,139,1714,372,98,214.2915402311618,231.2457610454437,branch,branch,0.5108683296299086,0.8721176777573367
20977,ascending_neuron,AN23B004,AN23B004_R,R,BA,T2,,acetylcholine,2.0,0.6107068968227511,0.881802796138243,0.2680553996214513,3,5564,2070,3494,3013,86,2065,1990,75,519,70,193.4732199317967,170.5676696174953,branch,branch,0.6573304877363738,0.5538171381688486
20983,ascending_neuron,AN06A015,AN06A015_R,R,BA,T1,,gaba,2.0,0.2237069563688267,0.5336970519696862,0.0692432370543457,3,6591,1919,4672,2908,123,1264,1066,198,321,63,228.8313108025324,211.366207684089,branch,branch,0.5113820054178151,0.860799781421652
21020,ascending_neuron,ANXXX165,ANXXX165_R,R,BA,T3,,acetylcholine,2.0,0.2271647699135881,0.5378058834046396,0.2458941014257613,3,12693,2858,9835,6098,252,1052,945,107,296,41,255.5886648620391,241.2507486769218,branch,branch,0.5133467472072589,0.9678436967642198
21027,descending_neuron,DNp17,DNp17_L,L,ut,,,acetylcholine,12.0,0.09587033070881303,0.3493793013692978,0.7439224308476289,3,2090,1950,140,1063,46,490,38,452,93,27,178.8475443593983,207.8034991216825,branch,branch,0.4137582116054688,0.934485486054267
21031,descending_neuron,DNp72,DNp72_R,R,ut,,,acetylcholine,2.0,0.1764423775313077,0.4739761728609909,0.1120064273070462,3,3375,2033,1342,1127,118,900,127,773,164,30,149.704405386987,214.3418486915127,branch,branch,0.481921492259772,0.7554057246367138
21035,ascending_neuron,ANXXX151,ANXXX151_R,R,BA,A2,potentially sexually dimorphic,acetylcholine,2.0,0.6823076704691724,0.9320628239112847,0.07905520933086269,3,12034,3803,8231,5146,326,5065,4610,455,1124,247,236.4600538230929,179.191669960666,branch,branch,0.6758038056392768,0.615047918220249
21050,ascending_neuron,ANXXX174,ANXXX174(hb1978499214)_L,L,CA,A1,,acetylcholine,2.0,0.4453147620058835,0.7529889539961516,0.2867749673170092,3,9020,1034,7986,3456,201,2904,2670,234,653,167,217.5235618028571,239.8822171440164,branch,branch,0.6074245528937023,0.7530248436087145
21061,ascending_neuron,AN10B020,AN10B020_R,R,BA,T3,,acetylcholine,6.0,0.4781736442032067,0.7802753315654959,0.2380052470489035,3,5213,2600,2613,2070,115,1968,1873,95,419,108,381.3406117186339,211.6477784711836,branch,branch,0.6183323640786506,0.9590123769008969
21122,descending_neuron,DNg02_a,DNg02_a_L,L,ut,LB,sexually dimorphic,acetylcholine,10.0,0.2877617658945156,0.6053012967107534,0.1581589164151445,3,2467,1988,479,1564,43,1366,87,1279,306,85,54.47611295590234,233.2417612829055,end,branch,0.5446077812410222,0.5283029074303203
21128,ascending_neuron,AN17B008,AN17B008_R,R,BA,A1,,gaba,6.0,0.5280924733067409,0.8199928172192369,0.1468090084714046,3,6806,4458,2348,3379,148,2807,2729,78,609,99,238.519605614341,186.0910414293475,branch,branch,0.6338741834444956,0.6698658158569238
21140,ascending_neuron,AN08B009,AN08B009_R,R,BA,T3,,acetylcholine,4.0,0.6539063719662023,0.9124579175730075,0.156320522258951,3,13213,6724,6489,7076,244,4368,4246,122,894,194,173.5604426656921,152.0770367513684,branch,branch,0.6686586420669172,0.4870010778750567
21146,descending_neuron,DNge091,DNge091_L,L,ut,LB,,acetylcholine,14.0,0.5105367331251107,0.8062478264496552,0.1770090016458142,3,3488,2459,1029,1951,85,845,29,816,193,49,183.1435190701837,322.7434457445672,branch,branch,0.6285391276287666,0.8048615314105669
21149,descending_neuron,DNg107,DNg107_L,L,xl,,,acetylcholine,2.0,0.1782310765070052,0.4763726007123387,0.09270006020611157,3,7502,3200,4302,3091,168,895,100,795,253,49,197.3684436189598,170.708028232436,branch,branch,0.4831382559361719,0.7618450150220002
21155,descending_neuron,DNg106,DNg106_R,R,it,MX,,gaba,16.0,0.2431565066893312,0.5564139465151072,0.1748659256378429,3,2910,1311,1599,1684,62,969,16,953,269,50,182.6120037149353,208.9492665313715,branch,branch,0.522152117483404,0.7498988458258088
21182,ascending_neuron,AN06B014,AN06B014_R,R,CA,A1,,gaba,2.0,0.7288534416667258,0.9633301740558107,0.09755091581911707,3,10392,7586,2806,5396,234,2548,1855,693,394,118,142.5480488716439,131.2329585220931,branch,branch,0.6870456937404871,0.3984902458280313
21195,ascending_neuron,AN05B097,AN05B097_L,L,BA,A1,,acetylcholine,8.0,0.427264,0.7375699430167452,0.1726014099047167,3,11056,4035,7021,4917,221,2438,1956,482,605,97,212.8703914325913,187.0244216200544,branch,branch,0.6011732463094188,0.665190634326437
21239,ascending_neuron,ANXXX106,ANXXX106_R,R,BA,T1,,gaba,2.0,0.003322068278437375,0.06503682574062736,0.1165570877559403,3,6256,3885,2371,1820,182,1269,1040,229,399,66,160.1283076810049,169.7549865530027,branch,branch,0.178516230670792,1.847917654290813
21254,ascending_neuron,ANXXX150,ANXXX150_L,L,BA,A10,potentially sexually dimorphic,acetylcholine,4.0,0.3471360000000001,0.6648212410875465,0.1349086700612024,3,4494,1105,3389,1789,166,1699,1363,336,377,73,270.8463869478384,249.6032340736875,branch,branch,0.5707559970187767,0.9118601008837129
21278,descending_neuron,DNg106,DNg106_L,L,it,MX,,gaba,16.0,0.1439634806385804,0.4281354885392655,0.6600729331931915,3,3052,1257,1795,1701,61,837,13,824,246,50,72.46813804056849,219.0467484437502,branch,branch,0.4580244419070232,0.6364614195490791
21296,ascending_neuron,AN04B023,AN04B023(19982)_L,L,IA,T2,,acetylcholine,6.0,0.285508880758851,0.6029271907579267,0.2939761234354237,3,11795,1735,10060,5225,215,1360,957,403,256,39,237.3683861108169,175.5377707128652,branch,branch,0.5435387046672794,0.7596628414464752
21309,ascending_neuron,AN05B102b,AN05B102b_L,L,CA,A3,,acetylcholine,2.0,0.4114110781058567,0.7237574550818137,0.1524198436867837,3,7419,824,6595,3641,160,3887,3521,366,905,213,232.7911750988269,214.7274159596116,branch,branch,0.5955175505307032,0.7514784252111906
21354,ascending_neuron,AN08B086,AN08B086_L,L,BA,T1,,acetylcholine,2.0,0.2613112992826124,0.5768118235029057,0.08709623231812048,3,4686,34,4652,2052,90,1264,1165,99,387,80,200.5652275521014,181.0286005320923,branch,branch,0.5316369000703617,0.7177715241994868
21360,ascending_neuron,AN04B001,AN04B001_L,L,IA,T2,,acetylcholine,4.0,0.6084816055402362,0.8801947752729342,0.1436214513404492,3,24696,19599,5097,12252,364,11106,11050,56,1901,422,200.5543700022183,137.2778541401352,branch,branch,0.6567308732530683,0.5144150182386374
21403,descending_neuron,DNge183,DNge183_R,R,ut,LB,,acetylcholine,2.0,0.1933624220915968,0.4961821059578763,0.04859643838379892,3,2622,1955,667,1036,84,602,26,576,204,34,151.2669374334278,136.7906546081191,branch,branch,0.4930813644008049,0.5841989027340267
21428,descending_neuron,DNge091,DNge091_R,R,ut,LB,,acetylcholine,14.0,0.1954648873098944,0.498872352541369,0.04016487585037162,3,2790,1822,968,1353,72,839,74,765,300,41,142.5269923703922,225.0262537006356,branch,branch,0.4944162747576892,0.7434084694140856
21484,ascending_neuron,AN08B034,AN08B034_a_R,R,BA,T1,,acetylcholine,6.0,0.5444761224720853,0.8326154756521912,0.2316466951411504,3,11048,883,10165,5373,225,3529,3221,308,733,178,227.9738190284073,191.5504045830518,branch,branch,0.638734360332661,0.656805472924559
21512,ascending_neuron,AN08B013,AN08B013_L,L,BA,T2,,acetylcholine,2.0,0.6515993453437473,0.9108468882392929,0.3211508230284739,3,16261,7977,8284,6823,415,3328,2974,354,951,176,203.4287832670526,153.9142195086465,branch,branch,0.6680680917670395,0.5348900915631627
21527,ascending_neuron,AN19B010,AN19B010_L,L,BA,T3,,acetylcholine,4.0,0.3392,0.6571779466584124,0.1127545460931318,3,14993,10256,4737,7490,297,5484,5441,43,756,207,187.8759639590615,163.9769227068157,branch,branch,0.5674655882629555,0.6200426844258855
21533,ascending_neuron,AN10B008,AN10B008_L,L,BA,T3,,acetylcholine,2.0,0.4715124156424483,0.7748214332538612,0.1594049258567515,3,10813,4922,5891,5885,199,2854,2566,288,555,167,172.7159360191035,155.1846850556205,branch,branch,0.6161675927005509,0.5321614199760085
21549,ascending_neuron,AN08B009,AN08B009_L,L,BA,T3,,acetylcholine,4.0,0.3395248399771535,0.6574925495234071,0.03330465450902315,3,12960,5561,7399,6802,268,4020,3884,136,898,196,187.3885250117066,141.2816423874005,branch,branch,0.5676013999863544,0.5790510160951128
21578,descending_neuron,DNg106,DNg106_L,L,it,MX,,gaba,16.0,0.1277258335040287,0.4032686227585637,0.3528443676705573,3,3347,1021,2326,2202,74,837,14,823,274,44,208.6097981370289,221.4081653071609,branch,branch,0.4445240433898893,0.9673671645855693
21581,descending_neuron,DNge178,DNge178_R,R,fl,MX,,acetylcholine,2.0,0.1635935098594653,0.4563920748819955,0.568228199017586,3,3180,2097,1083,1602,67,1249,88,1161,292,48,188.8792218798079,130.1227619169274,branch,branch,0.4728975752656993,0.6745688717424757
21589,descending_neuron,DNge111,DNge111_R,R,xn,LB,,acetylcholine,6.0,0.05210965028679453,0.2575811860510523,0.1113390732589189,3,3405,433,2972,1916,58,465,6,459,208,21,193.4795857453487,231.4758364921822,branch,branch,0.355267196860357,1.196157219110116
21624,descending_neuron,DNg12_a,DNg12_a_L,L,nt,MX,,acetylcholine,8.0,0.1832619814333776,0.4830490677017166,0.3013866550467341,3,3188,1267,1921,1185,72,1118,57,1061,221,54,171.2132537312562,193.5699944199748,branch,branch,0.4865121202743474,0.7497927244762725
21662,ascending_neuron,AN07B106,AN07B106_R,R,BA,T1,,acetylcholine,2.0,0.193729603641545,0.4966529898654434,0.02019535492394769,3,9648,3351,6297,4847,170,507,424,83,210,19,198.3462398008725,159.8299137555866,branch,branch,0.4933152795465262,0.7260593142091767
21668,descending_neuron,DNge019,DNge019_R,R,fl,MX,,acetylcholine,11.0,0.1651485515424053,0.4585560669967454,0.07931571704083208,3,3385,2194,1191,1460,98,1583,100,1483,240,65,185.5406105439953,128.6024678902803,branch,branch,0.4740173760827816,0.6627248161877807
21712,descending_neuron,DNp16_b,DNp16_b_L,L,ut,,potentially sexually dimorphic,acetylcholine,2.0,0.1492387987645644,0.4359090962526666,0.09155133395220365,3,3942,2262,1680,2104,90,955,37,918,278,44,171.3463611673375,211.0556749387063,branch,branch,0.4621638856118104,0.8274165247676627
21730,ascending_neuron,AN23B010,AN23B010_L,L,BA,T1,,acetylcholine,2.0,0.34368,0.6615035651714818,0.04950237206645033,3,11356,3025,8331,5476,225,1496,1261,235,445,71,203.5589693233157,132.0135877159629,branch,branch,0.5693300860959537,0.5894165181755772
21743,ascending_neuron,AN19B014,AN19B014_L,L,BA,T2,,acetylcholine,2.0,0.32741495648814,0.6456606462674046,0.1246930085771904,3,10181,5406,4775,5174,180,2154,2100,54,405,84,170.0428390710415,133.838639690798,branch,branch,0.5624710807419597,0.5402615159538287
21763,ascending_neuron,AN13B002,AN13B002_R,R,CA,A1,,gaba,2.0,0.1732409075777576,0.4696564428322159,0.2106640028132948,3,28767,26235,2532,15367,444,19777,18519,1258,3174,492,223.112429373728,125.5860536369544,branch,end,0.4797203945922935,0.7268785879054308
21764,ascending_neuron,AN09B059,AN09B059_R,R,XA,T1,,acetylcholine,2.0,0.007534259539571342,0.09794343870867703,0.2456096122814452,3,9327,8,9319,5089,143,963,9,954,384,46,301.9830581626692,163.654922539277,branch,branch,0.2190714152217302,2.125507703643841
21770,ascending_neuron,AN09B034,AN09B034_R,R,CA,A2,,acetylcholine,2.0,0.360192,0.6772080168583711,0.11334495264609,3,9969,2620,7349,4432,225,2690,2163,527,602,142,308.8251351960454,213.4999230712793,branch,branch,0.5760485467915024,0.9067379150187794
21783,ascending_neuron,AN27X008,AN27X008_R,R,BA,T2,,histamine,2.0,0.5142002827600403,0.8091354237234245,0.05668457111880459,3,8505,2835,5670,5211,220,2009,1367,642,712,83,8.647078570001002,119.4640700508341,branch,branch,0.6296636861249646,0.2034596427328506
21803,ascending_neuron,AN08B048,AN08B048_R,R,BA,T1,,acetylcholine,2.0,0.383296707757866,0.6985903847635694,0.01346761968359603,3,7758,1591,6167,3702,156,1451,1264,187,505,76,179.3377791289174,157.2600613933784,branch,branch,0.5850720370468485,0.5753100801420515
21863,descending_neuron,DNg106,DNg106_L,L,lt,MX,,gaba,16.0,0.06001448668296398,0.276428684657963,0.2153336098153387,3,2690,731,1959,1499,47,919,10,909,344,50,255.2827975699776,219.9239736258198,branch,branch,0.368035399768014,1.291198540942903
21870,ascending_neuron,AN10B022,AN10B022(21870)_L,L,BA,T1,,acetylcholine,6.0,0.612352,0.8829896838002504,0.1476389000319139,3,3769,1531,2238,1400,88,1444,1298,146,359,75,390.1154640784992,198.9913612701673,branch,branch,0.6577727153524404,0.8956084854219254
21929,ascending_neuron,AN12B005,AN12B005_L,L,BA,T3,,gaba,2.0,0.4649436418433392,0.7694053748630314,0.07681293411230329,3,15886,12096,3790,8727,234,6442,6410,32,573,163,186.4669873827158,159.8089653147765,branch,branch,0.6140102879291889,0.5639579002256502
22012,descending_neuron,DNxl114,DNxl114_R,R,xl,GNG,,gaba,2.0,0.3294166104820129,0.6476312648091648,0.3272571751295192,3,9770,9182,588,5440,244,3153,3021,132,889,127,193.4211766043023,192.1514120824928,branch,branch,0.5633287847753661,0.6844539088137428
22024,descending_neuron,DNge181,DNge181_R,R,ut,LB,,acetylcholine,4.0,0.1842395700510438,0.4843357371637914,0.2742492061888384,3,2171,1612,559,1041,57,852,64,788,264,38,167.8584676560194,218.8828857944583,branch,branch,0.4871596362695269,0.7938698624787307
22033,descending_neuron,DNg12_c,DNg12_c_L,L,nt,MX,,acetylcholine,8.0,0.1130724263902611,0.3794315283410648,0.6550590358309516,3,3601,1358,2243,1519,85,962,29,933,155,37,177.2613270865671,126.0961701289525,branch,branch,0.4311860954241471,0.7035419287282775
22047,ascending_neuron,AN00A006,AN00A006(22047)_M,M,BA,A3,,gaba,5.0,0.004118350749905825,0.07241303082919405,0.4886432923498094,3,19854,5904,13950,6457,592,3560,3064,496,788,168,209.0103057303753,170.2513028619885,branch,branch,0.1883676859397733,2.013411200016678
22058,ascending_neuron,ANXXX030,ANXXX030_R,R,BA,A1,,acetylcholine,2.0,0.2391820862362617,0.5518478871829304,0.4509482279500051,3,20230,13941,6289,10534,380,3969,3909,60,724,135,194.3980564748637,145.8356743989454,branch,branch,0.5200052545115634,0.6542890248164661
22080,descending_neuron,DNg12_g,DNg12_g_R,R,nt,MX,,acetylcholine,2.0,0.256384,0.5713477465059086,0.3808599385214159,3,2209,903,1306,871,52,1222,64,1158,147,36,165.9402326762783,156.9779671498704,branch,branch,0.5291128384266396,0.6103011992420604
22087,descending_neuron,DNg83,DNg83_L,L,fl,MX,potentially sexually dimorphic,gaba,2.0,0.08738763814702717,0.3335646812985482,0.3562641968214734,3,3682,742,2940,2084,67,1264,139,1125,709,39,223.1785938712443,182.1194845329411,branch,branch,0.4042854113572348,1.002504832028321
22090,ascending_neuron,AN27X016,AN27X016_L,L,BA,T1,,glutamate,2.0,0.4887398872182498,0.7888491310102834,0.1037869614939578,3,9158,502,8656,3640,211,1986,1415,571,576,97,185.8446517877533,169.248143580099,branch,branch,0.6217202539688078,0.5711456126788298
22115,ascending_neuron,AN08B050,AN08B050_R,R,BA,T1,,acetylcholine,2.0,1.082842576091139,1.174188225371951,0.4195609128268007,3,6263,1141,5122,3510,110,1482,1178,304,512,74,222.1468053983897,163.6114618059123,branch,branch,0.7585197627170014,0.5085671938494051
22128,descending_neuron,DNg12_g,DNg12_g_L,L,nt,MX,,acetylcholine,2.0,0.09092593221566526,0.3402506319448855,0.07498834432613494,3,2269,1056,1213,954,61,1092,72,1020,169,37,168.3032619611095,175.9871889665628,branch,branch,0.4083170455087491,0.8431939217690463
22158,descending_neuron,DNpe012_b,DNpe012_b(DNp16)_R,R,xn,,,acetylcholine,4.0,0.05364643704929783,0.2613518032945469,0.1655799241806415,3,2884,1524,1360,1552,63,648,15,633,227,30,211.0185836345174,196.0368949014488,branch,branch,0.3578580495312743,1.137477497206312
22190,descending_neuron,DNg12_e,DNg12_e_L,L,fl,MX,,acetylcholine,6.0,0.1248094708907668,0.3986381239866509,0.1041741741684509,3,3008,2503,505,1307,74,1263,146,1117,279,49,180.8562706918704,121.2408270789756,branch,branch,0.4419645695680355,0.6835323882774306
22210,ascending_neuron,AN06B089,AN06B089_L,L,CA,T2,,gaba,2.0,0.6593586410436124,0.9162540564382592,0.06095331616500417,3,12647,7656,4991,6090,282,4121,4003,118,707,185,138.1696050624826,177.8631908954539,branch,branch,0.6700481233872287,0.4716568630329517
22247,ascending_neuron,AN07B013,AN07B013_R,R,BA,T1,,glutamate,4.0,0.6358467513567674,0.8997695417265594,0.1454268993013548,3,14467,10176,4291,7857,218,2654,2571,83,502,105,203.0836537284927,164.8312546590754,branch,branch,0.6639932796693157,0.5540943254287127
22319,ascending_neuron,AN08B010,AN08B010_L,L,BA,T3,,acetylcholine,4.0,0.445696,0.753311205366204,0.2175663932833042,3,12896,9286,3610,6954,280,4455,4225,230,875,251,188.4065854190149,184.2150570059619,branch,branch,0.6075545165904372,0.6133139203969862
22356,ascending_neuron,dMS9,dMS9_L,L,BA,T2,sexually dimorphic,acetylcholine,2.0,0.4109213914806026,0.7233265966426936,0.1005228883758454,3,18548,13879,4669,6349,329,4197,4108,89,605,146,172.186428165315,127.9979649776156,branch,branch,0.5953402660285292,0.5042232321113409
22390,descending_neuron,DNge008,DNge008_L,L,xn,LB,,acetylcholine,2.0,0.2380171768879158,0.5505023904942816,0.1056191357077647,3,6435,2691,3744,3137,147,1010,116,894,323,39,149.1299958604667,121.8342887436183,branch,branch,0.5193709380993492,0.5217163008690582
22393,descending_neuron,DNg02_a,DNg02_a_R,R,ut,LB,sexually dimorphic,acetylcholine,10.0,0.3053766197243741,0.6235523941663804,0.2704502229646851,3,2188,1700,488,1420,36,1154,81,1073,273,56,187.0842215838969,239.9116795711606,branch,branch,0.5527573365786531,0.7724834622693413
22404,descending_neuron,DNg02_a,DNg02_a_L,L,ut,LB,sexually dimorphic,acetylcholine,10.0,0.1721573209427223,0.4681853361009261,0.1369914301913482,3,2382,1852,530,1540,43,1274,95,1179,295,65,204.3222669206436,233.1932976733805,branch,branch,0.478968490288718,0.913453752104431
22432,ascending_neuron,ANXXX049,ANXXX049_L,L,CA,T2,,acetylcholine,4.0,0.3875993570636929,0.7025004120478636,0.0368308423727521,3,9886,3937,5949,4511,172,2667,2558,109,477,110,207.5545311988404,164.8841201109053,branch,branch,0.5867070835633852,0.6347948776205786
22462,descending_neuron,DNg02_g,DNg02_g_R,R,ut,LB,sexually dimorphic,acetylcholine,4.0,0.171046821949214,0.4666728808351882,0.09068866670583041,3,3303,3291,12,1737,52,1271,185,1086,226,65,196.1930937784383,235.3955850814717,branch,branch,0.4781942195481269,0.9025384691344508
22469,ascending_neuron,AN18B019,AN18B019_R,R,BA,T2,,acetylcholine,4.0,0.4235379496384942,0.7343468296219305,0.2569442995889144,3,10244,1932,8312,4987,207,1662,1582,80,566,84,174.4450532598615,146.1738212914469,branch,branch,0.5998582720232721,0.5344910448094473
22474,descending_neuron,DNg12_e,DNg12_e_R,R,fl,MX,,acetylcholine,6.0,0.1546750713670124,0.4437774413478153,0.2328103720203586,3,2266,1689,577,1097,57,1225,115,1110,271,48,185.5026162433454,127.6162201733314,branch,branch,0.4663163585597545,0.6714729832420264
22480,ascending_neuron,AN18B019,AN18B019_L,L,BA,T2,,acetylcholine,4.0,0.3622409520800525,0.6791314341943229,0.4096479956216427,3,10179,1709,8470,4611,218,1649,1574,75,516,75,164.1755954059914,148.8775637159445,branch,branch,0.5768660180277724,0.5426791479106754
22499,ascending_neuron,AN10B009,AN10B009_R,R,BA,T2,potentially male-specific,acetylcholine,2.0,0.3015857363193448,0.6196699812076275,0.0865918392362841,3,11083,6105,4978,5681,233,2202,1964,238,563,82,198.776290482501,172.162001570598,branch,branch,0.5510338381549154,0.6731679007139574
22518,ascending_neuron,AN09B060,AN09B060(22518)_R,R,CA,A1,,acetylcholine,4.0,0.4778243712322785,0.779990310767481,0.07739257526943878,3,21136,14321,6815,7274,522,5133,4701,432,974,221,235.4577274599253,174.4041395139225,branch,branch,0.6182194208176137,0.6629715165398609
22564,descending_neuron,DNg12_e,DNg12_e_R,R,fl,MX,,acetylcholine,6.0,0.160384,0.4518929642545947,0.05457090822863288,3,2030,1562,468,1040,46,1527,102,1425,296,65,225.8747292184371,127.1216618996983,branch,branch,0.4705608913676862,0.7501609198591718
22572,ascending_neuron,AN09B034,AN09B034_L,L,CA,A2,,acetylcholine,2.0,0.4323477491577787,0.7419449112332549,0.2580307362886164,3,9216,2125,7091,4199,218,2668,2072,596,600,138,288.387524842426,207.6068656014932,branch,branch,0.6029535691114987,0.8226079350932568
22596,descending_neuron,DNg12_e,DNg12_e_L,L,fl,MX,,acetylcholine,6.0,0.161733502203727,0.4537901395075666,0.5112929759207031,3,2658,2155,503,1220,55,1165,141,1024,267,40,215.3032680463197,120.4572459257363,branch,branch,0.4715476310604345,0.7120394459770372
22597,ascending_neuron,AN01A033,AN01A033_L,L,BA,T1,,acetylcholine,2.0,0.02934311827145918,0.1932894682828392,0.2416258331532417,3,11834,1112,10722,5087,314,1824,1425,399,751,83,208.7661593299507,150.8260961107583,branch,branch,0.3077528870028537,1.168444783549259
22617,ascending_neuron,AN10B022,AN10B022(22617)_L,L,BA,T3,,acetylcholine,6.0,0.444051793875908,0.7519204105976864,0.2583815901627716,3,3862,1707,2155,1438,88,2555,2381,174,406,142,395.2705942570171,211.3843276094361,branch,branch,0.6069934111609996,0.9994423509574859
22627,descending_neuron,DNge095,DNge095_R,R,ut,LB,,acetylcholine,3.0,0.139776,0.4218629286923682,0.09215031587538978,3,2487,2068,419,1036,73,717,25,692,223,42,152.3852980715594,146.7575613584325,branch,branch,0.4546568321924354,0.6579530719630282
22645,descending_neuron,DNge087,DNge087_L,L,nt,LB,,gaba,4.0,0.07072826299289556,0.3000900221150034,0.2439641283040823,3,2272,514,1758,1024,50,793,3,790,191,38,163.7122707840586,213.6851347854478,branch,branch,0.383463310939067,0.98418126272705
22692,descending_neuron,DNg110,DNg110_R,R,ut,LB,,acetylcholine,6.0,0.329457452311722,0.6476714109724031,0.2184909011439162,3,1980,1537,443,1207,41,1248,37,1211,269,64,187.8720715742286,237.5544965685533,branch,branch,0.5633462446635084,0.755177783064646
22728,ascending_neuron,AN17A004,AN17A004_L,L,IA,T2,,acetylcholine,2.0,0.271211480534125,0.5876369474447797,0.01614181445948499,3,19504,12554,6950,7750,455,8475,8259,216,976,332,181.6751030551131,149.4413759193371,branch,branch,0.5366023707065987,0.6170611556159089
22757,descending_neuron,DNge019,DNge019_L,L,fl,MX,,acetylcholine,11.0,0.1735583573176788,0.4700865493248493,0.08300239924537267,3,3523,2610,913,1383,110,1216,98,1118,232,40,208.336558528127,121.4560826357588,branch,branch,0.4799400058019504,0.6871538883549047
22758,descending_neuron,DNg67,DNg67_R,R,xl,,,acetylcholine,2.0,0.06075052589211207,0.2781186292381265,0.09144851717078692,3,5882,1436,4446,2860,132,1355,76,1279,624,52,296.8436783211126,23.61392940269065,branch,end,0.3691586763529769,0.8680755140030696
22840,ascending_neuron,ANXXX116,ANXXX116(20891)_R,R,BA,A5,potentially sexually dimorphic,acetylcholine,4.0,0.3148699102400521,0.6331704519044185,0.09777987957402491,3,9279,2821,6458,4166,232,2059,1839,220,525,78,211.9780749590434,151.8764598880417,branch,branch,0.5570040587223445,0.6532349794392781
22880,ascending_neuron,AN23B010,AN23B010_R,R,BA,T1,,acetylcholine,2.0,0.3455791869532724,0.6633287922790118,0.1724089381561086,3,11045,2948,8097,5664,197,1040,852,188,394,48,215.0837663076048,158.5105694894236,branch,branch,0.5701149956076543,0.6552964554086754
22916,ascending_neuron,AN08B086,AN08B086_R,R,BA,T1,,acetylcholine,2.0,0.3632633890526378,0.6800891942211205,0.07859066270819363,3,4419,37,4382,1959,83,1225,1107,118,366,72,175.2073380601187,193.6671206327258,branch,branch,0.5772726437034315,0.6389952177992873
22931,ascending_neuron,ANXXX006,ANXXX006_L,L,BA,T1,,acetylcholine,2.0,0.6433946454098611,0.9050941969799017,0.256641379128746,3,17677,12963,4714,8575,289,6507,6375,132,958,201,187.8360713938755,154.6191735482715,branch,branch,0.6659550709470962,0.514231755086901
22961,ascending_neuron,AN09B026,AN09B026_L,L,BA,T2,,acetylcholine,2.0,0.01846801201159724,0.1533434159193331,0.1656634608116897,3,12379,450,11929,5552,249,1169,838,331,431,58,261.1678209369443,17.90704204528036,branch,end,0.2741136147667117,1.018099240418012
22979,ascending_neuron,AN10B020,AN10B020_L,L,BA,T3,,acetylcholine,6.0,0.5411588457562463,0.8300752028582045,0.02515189745645175,3,4592,2240,2352,1677,102,1901,1783,118,395,88,382.7023054744889,216.9144760540784,branch,branch,0.6377592409369857,0.9401930117823459
23067,ascending_neuron,AN09B019,AN09B019(23067)_R,R,CA,A1,,acetylcholine,2.0,0.299904,0.6179398291292237,0.1197872408642683,3,13431,6679,6752,5738,317,2973,2591,382,718,130,293.5195834564068,222.7347467318567,branch,branch,0.5502640423227012,0.9381938314724683
23140,ascending_neuron,AN09B019,AN09B019(23067)_L,L,CA,A1,,acetylcholine,2.0,0.2360555777387889,0.548229237028026,0.1224737656727184,3,12575,5563,7012,5158,309,3037,2583,454,752,130,292.7659260708175,241.5345536526455,branch,branch,0.5182975266617936,1.030875997353759
23168,ascending_neuron,AN01B002,AN01B002(12457)_R,R,BA,A4,,gaba,6.0,0.1196191319072794,0.390261206182782,0.04612726382737892,3,11143,8906,2237,5862,307,11158,8985,2173,3018,545,212.0334629136114,131.6707430087414,branch,branch,0.4372962280074723,0.7859756931552581
23178,descending_neuron,DNge111,DNge111_L,L,xn,LB,,acetylcholine,6.0,0.05804088999466082,0.2718454641019887,0.07623661351684728,3,2293,480,1813,1311,36,518,7,511,180,31,182.3080656208996,230.6595596898837,branch,branch,0.3649716117864161,1.13150615547725
23188,ascending_neuron,AN18B023,AN18B023_L,L,BA,T1,,acetylcholine,2.0,0.3398073437592383,0.6577660280568445,0.1723966175006937,3,9908,3030,6878,3577,209,1606,1174,432,298,74,144.6372279138481,143.8162637195225,branch,branch,0.5677194322443558,0.5080916298620116
23220,descending_neuron,DNge111,DNge111_R,R,xn,LB,,acetylcholine,6.0,0.1793379323304142,0.4778495027873546,0.3548298649215109,3,2451,467,1984,1348,45,463,2,461,173,18,158.5086665819745,213.2743543542663,branch,branch,0.4838866151959607,0.7683267303967044
23301,ascending_neuron,AN27X022,AN27X022_L,L,XA,T1,,gaba,2.0,0.2475347931702353,0.5614010040623219,0.1065731234142882,3,5814,22,5792,3943,51,588,16,572,161,28,228.3855820698525,233.2204821122195,branch,branch,0.5244868844790475,0.8801098327569573
23323,ascending_neuron,AN10B015,AN10B015_L,L,BA,T2,,acetylcholine,4.0,1.27552,1.274379262268731,0.04872368183379135,3,9249,1570,7679,3258,299,2093,1897,196,673,90,165.0239723741759,144.5771593666785,branch,branch,0.7902188548191432,0.3917916281707965
23341,descending_neuron,DNg110,DNg110_L,L,ut,LB,,acetylcholine,6.0,0.6034333322423735,0.8765358984219083,0.3280575146549216,3,2174,1610,564,1358,37,1291,53,1238,322,63,206.0607681293044,218.4814177823692,branch,branch,0.6553644712881032,0.6477955466173595
23361,ascending_neuron,ANXXX191,ANXXX191_L,L,IA,T1,potentially sexually dimorphic,acetylcholine,2.0,0.2735431790691744,0.5901575999539823,0.5664719829819312,3,4706,11,4695,1452,101,1024,813,211,279,47,144.6363164979833,195.4616759458709,branch,branch,0.5377520097381797,0.6324439263545306
23382,ascending_neuron,AN01B002,AN01B002(23382)_R,R,BA,A5,,gaba,6.0,0.1979179108178073,0.5019929388593025,0.1183204763257017,3,14362,11784,2578,6889,405,15696,12336,3360,4096,749,224.6568980101831,131.193127595156,branch,branch,0.4959602202203905,0.7174971118595148
23411,descending_neuron,DNg02_a,DNg02_a_R,R,ut,LB,sexually dimorphic,acetylcholine,10.0,0.3371925112325629,0.6552303713121475,0.2029028292709253,3,2214,1672,542,1459,39,1809,60,1749,376,89,187.5976162170467,237.4538160589212,branch,branch,0.5666241099202823,0.7501470989926071
23412,descending_neuron,DNge181,DNge181_L,L,ut,LB,,acetylcholine,4.0,0.4168237338193084,0.7285028902364814,0.1209166232209792,3,2154,1682,472,1042,49,855,83,772,223,51,165.1607696171608,207.7894959105204,branch,branch,0.5974666653595628,0.6242193701354619
23425,ascending_neuron,ANXXX170,ANXXX170_R,R,CA,A3,,acetylcholine,4.0,0.283392,0.6006878565957424,0.180766002495733,3,8124,2317,5807,4280,122,3028,2632,396,949,132,240.2340774970289,195.4045424738227,branch,branch,0.542528386107044,0.8029784820971515
23498,ascending_neuron,AN08B022,AN08B022_L,L,BA,T2,,acetylcholine,6.0,0.2029185786156408,0.5082951491553749,0.3692874172052047,3,12282,5016,7266,6653,190,1995,1846,149,364,64,173.1698720743289,165.5983396434659,branch,branch,0.4990637465155465,0.6788074952008997
23513,ascending_neuron,AN05B035,AN05B035_L,L,BA,A2,potentially male-specific,gaba,2.0,0.224896,0.5351135212763355,0.3692713870185198,3,10889,5010,5879,6145,141,4797,2999,1798,860,120,286.5631206566987,212.6791516716705,branch,branch,0.5120601775430349,0.9749679709987048
23566,ascending_neuron,AN17A004,AN17A004_R,R,IA,T2,,acetylcholine,2.0,0.291114367176705,0.6088171518033414,0.1057844837132419,3,20981,13758,7223,8658,502,6419,6192,227,975,273,186.8220217834276,155.0416551014155,branch,branch,0.5461871514267223,0.6259094085092338
23628,descending_neuron,DNg12_a,DNg12_a_R,R,nt,MX,,acetylcholine,8.0,0.05313580992268097,0.2601050065552151,0.189441081882365,3,2577,533,2044,1050,61,941,15,926,192,43,179.5489152001183,162.9645246564444,branch,branch,0.3570034358546923,0.9594121665427687
23667,descending_neuron,DNge087,DNge087_R,R,nt,LB,,gaba,4.0,0.09659598089297083,0.3506990486662498,0.04925751751291298,3,2328,709,1619,955,44,921,5,916,160,45,175.9940316136159,198.3316599622276,branch,branch,0.4145389412907579,0.9029928296007569
23685,ascending_neuron,ANXXX132,ANXXX132_L,L,BA,A1,,acetylcholine,2.0,0.244096,0.5574878293843502,0.2053601351201576,3,10606,4176,6430,5770,197,2362,2133,229,352,93,170.4437940191673,151.9806451772057,branch,branch,0.5226557532433098,0.6168963743259056
23715,descending_neuron,DNge093,DNge093_L,L,ut,LB,,acetylcholine,4.0,0.5145697232895924,0.8094260436974704,0.3329454728962368,3,2167,1822,345,1018,61,817,58,759,216,45,170.0440282116238,253.6709997429639,branch,branch,0.6297767552170852,0.6728019483801563
23747,ascending_neuron,AN10B024,AN10B024_R,R,BA,T3,,acetylcholine,4.0,0.199168,0.5035757873903519,0.1100220943816847,3,11775,3428,8347,5450,200,1544,1448,96,392,62,173.3539998295624,157.9338806503273,branch,branch,0.4967415181170912,0.6669220679109795
23755,ascending_neuron,AN08B048,AN08B048_L,L,BA,T1,,acetylcholine,2.0,0.4031061218769642,0.7164151415894159,0.1386562961525969,3,7380,1428,5952,3510,132,1302,1086,216,428,69,186.8992317034551,174.5978130228438,branch,branch,0.5924891723726382,0.6101327443313008
23784,ascending_neuron,AN09B024,AN09B024_R,R,BA,T2,,acetylcholine,2.0,0.00718069962864179,0.0956177322783375,0.6493556040613387,3,15629,4652,10977,6542,348,5734,3910,1824,952,206,197.3113828533605,151.4713888639886,branch,branch,0.2164548193420174,1.611342139563278
23797,ascending_neuron,AN12B008,AN12B008_L,L,BA,T1,,gaba,4.0,0.3130977958812152,0.6313861695391983,0.08145685353290368,3,6417,3689,2728,3423,88,2557,2501,56,336,70,190.5895917312504,136.0972470803897,branch,branch,0.5562186827806193,0.5873352494714568
23819,descending_neuron,DNge111,DNge111_R,R,xn,LB,,acetylcholine,6.0,0.07331674725894653,0.3055319654331509,0.7804966391106323,3,3174,354,2820,1856,57,628,6,622,281,27,191.115603818174,231.9214187604803,branch,branch,0.3869246219384906,1.09333187549358
23826,ascending_neuron,AN05B005,AN05B005_L,L,BA,T3,,gaba,2.0,0.2562536518700315,0.5712024886532987,0.2527304850866152,3,25427,22451,2976,13350,533,14006,13489,517,2109,501,223.5699542100804,146.0465930422588,branch,branch,0.5290455740672219,0.6986478393738057
23882,descending_neuron,DNge015,DNge015_R,R,ut,LB,,acetylcholine,3.0,0.6487980819241508,0.9088868876016161,0.4101569670981397,3,2173,1595,578,1214,52,888,47,841,180,41,186.5315648568725,265.9782433106859,branch,branch,0.6673489154293966,0.6780707928121783
23891,descending_neuron,DNge120,DNge120_L,L,xl,MX,,glutamate,2.0,0.2866709804072172,0.6041529844190692,0.0138405044334422,3,8515,6298,2217,3296,268,637,83,554,214,30,199.9606202550023,143.0818180362799,branch,branch,0.5440909504534549,0.6304873073249694
23892,descending_neuron,DNge095,DNge095_L,L,ut,LB,,acetylcholine,3.0,0.2036707268838463,0.5092363140757621,0.1233813950934898,3,2452,2070,382,1153,58,675,18,657,191,48,166.2229407650919,168.3277555422467,branch,branch,0.4995255688121714,0.6697368807424038
23953,descending_neuron,DNge091,DNge091_R,R,ut,LB,,acetylcholine,14.0,0.136490028986985,0.416874684249689,0.2280410298304501,3,3639,2463,1176,1880,87,647,35,612,186,25,189.8440264811881,218.5010365251906,branch,branch,0.451960833792429,0.903496569780023
23960,descending_neuron,DNg12_c,DNg12_c_L,L,nt,MX,,acetylcholine,8.0,0.06383251823076386,0.2850861035747564,0.1188460962804248,3,3368,1256,2112,1341,97,840,47,793,189,44,194.2369149916918,142.3887574876311,branch,branch,0.3737541849285846,0.9006606107799003
23975,ascending_neuron,AN06B012,AN06B012_R,R,BA,T2,,gaba,2.0,0.4844479202224553,0.7853777749541525,0.4137536656729963,3,4965,925,4040,1990,105,862,703,159,264,42,219.5208979517103,163.1171512727126,branch,branch,0.6203507957015407,0.6168091535881826
24022,ascending_neuron,AN09B024,AN09B024_L,L,BA,T2,,acetylcholine,2.0,0.002188372771434749,0.05278563015833387,0.4899682804274287,3,15675,4514,11161,6478,337,6260,4484,1776,1020,216,194.2739469983121,152.402443113723,branch,branch,0.1608258647655395,2.155600970138966
24038,descending_neuron,DNg08,DNg08_L,L,ut,MX,,gaba,23.0,0.1288227393448953,0.40499655059646,0.2771674090621979,3,2612,1199,1413,1326,65,488,17,471,157,26,163.70546455744,177.1410299553829,branch,branch,0.4454753750683256,0.7651298221827525
24043,descending_neuron,DNge090,DNge090_L,L,ut,LB,,acetylcholine,2.0,0.125568,0.3998476499284508,0.6275895626149063,3,1982,1715,267,964,50,718,78,640,229,36,174.0897989637398,220.8592208639029,branch,branch,0.4426345540792549,0.8922688393570963
24050,ascending_neuron,AN05B098,AN05B098_R,R,BA,T3,,acetylcholine,2.0,0.5160419818524267,0.8105831592366171,0.3831635940336849,3,10403,4703,5700,4803,216,3716,3457,259,820,182,211.4779291866741,155.484633429299,branch,branch,0.6302267433439669,0.5822706930348263
24058,descending_neuron,DNge014,DNge014_L,L,ut,LB,,acetylcholine,2.0,0.3593289658449825,0.6763962218127939,0.2677371161473824,3,2872,2858,14,1512,70,1034,50,984,255,67,199.8342176290919,214.8923882205373,branch,branch,0.5757031775909084,0.7203826937087562
24115,ascending_neuron,AN19A018,AN19A018(24115)_R,R,BA,A2,,acetylcholine,12.0,0.247790924902999,0.5616913782612293,0.1783212728234422,3,8874,3148,5726,3342,249,1153,1046,107,377,51,223.7744048550069,28.02727036432221,branch,end,0.5246225074737094,0.4799673510613682
24133,ascending_neuron,AN19B001,AN19B001(24133)_L,L,BA,T2,,acetylcholine,4.0,0.60304530603888,0.8762540333234538,0.06043366245587332,3,37553,34123,3430,16035,828,8726,8628,98,1579,415,170.530082876388,127.6369686559703,branch,branch,0.6552590909926335,0.4550368787416187
24155,ascending_neuron,AN07B036,AN07B036_R,R,BA,T3,,acetylcholine,2.0,0.1904328884221182,0.492409061814646,0.120332445778332,3,8539,775,7764,4540,140,2240,1965,275,333,85,250.3583160837165,415.4369468004198,branch,branch,0.4912030540307913,1.355437954672001
24184,descending_neuron,DNg110,DNg110_L,L,ut,LB,,acetylcholine,6.0,0.185856,0.4864557624556404,0.138146722608084,3,2131,1572,559,1245,41,1141,33,1108,260,49,196.6762329139398,234.9986567715513,branch,branch,0.4882246650910457,0.8841726372119915
24229,ascending_neuron,AN10B015,AN10B015_L,L,BA,T1,,acetylcholine,4.0,0.3720641180941103,0.6882781039190734,0.02239786871898411,3,10869,4160,6709,4010,312,1780,1566,214,524,108,315.3564204023113,161.524226524169,branch,branch,0.580737695453245,0.8211635832495633
24232,descending_neuron,DNg36_a,DNg36_a_L,L,ut,LB,,acetylcholine,4.0,0.2412727384367602,0.5542544466616633,0.3218413654605069,3,2911,1268,1643,955,100,860,130,730,176,29,142.1882591334194,174.6785791299913,branch,branch,0.5211378693438187,0.6080288094633919
24246,ascending_neuron,AN05B098,AN05B098_L,L,BA,T3,,acetylcholine,2.0,0.6558427498320297,0.9138079252304561,0.2950204630090579,3,11720,5360,6360,5491,237,4477,4157,320,939,197,166.0553853559541,158.5092236825955,branch,branch,0.6691531090586993,0.4850378854177576
24350,descending_neuron,DNge114,DNge114_R,R,ut,LB,,acetylcholine,6.0,0.05311678514359129,0.2600584383057424,0.3852779584544581,3,1439,825,614,559,49,438,124,314,103,18,163.8086940292112,194.2425065728248,branch,branch,0.3569714761291352,1.003024679967736
24354,descending_neuron,DNge090,DNge090_R,R,ut,LB,,acetylcholine,2.0,0.2904413457008049,0.6081129884917447,0.2487811630776001,3,2532,2165,367,1034,80,740,67,673,214,37,173.8394366049151,249.0229037321181,branch,branch,0.5458711975923943,0.7746558935552913
24357,ascending_neuron,AN06B002,AN06B002_R,R,BA,T3,,gaba,5.0,0.6999841377274953,0.9440590473280746,0.323388559286993,3,17262,13650,3612,8634,366,5601,5555,46,824,168,200.6700407724234,209.4977623730584,branch,branch,0.6801389072761214,0.6030647545045718
24374,descending_neuron,DNg08,DNg08_L,L,ut,MX,,gaba,23.0,0.1304511188593452,0.4075481851102581,0.1369113872690555,3,2750,1389,1361,1387,64,505,18,487,159,25,194.4184815381153,178.2763939389707,branch,branch,0.4468765049809919,0.8339997098145465
24412,ascending_neuron,AN06B012,AN06B012_L,L,BA,T2,,gaba,2.0,0.284288,0.6016367040778596,0.4531619289877376,3,4999,723,4276,2026,109,881,725,156,238,34,223.8919110342742,169.9982874695338,branch,branch,0.5429567063755187,0.7254541547763597
24427,sensory_ascending,SApp10,SApp10_R,,campaniform sensilla,,,acetylcholine,37.0,0.5148190130687273,0.8096220882736785,0.1924918087131961,3,4283,2009,2274,2341,89,106,41,65,56,4,241.4882827610541,272.7550241520761,branch,branch,0.6298530171826618,0.8164496999845221
24435,ascending_neuron,AN07B021,AN07B021_L,L,BA,T2,,acetylcholine,2.0,0.7232787830103886,0.9596390719415033,0.3067872084393626,3,12557,6215,6342,6989,248,2069,1981,88,477,106,178.3853712261798,151.1211518385379,branch,branch,0.6857281861286851,0.4805206052925493
24451,ascending_neuron,AN07B013,AN07B013_L,L,BA,T2,,glutamate,4.0,0.2942864743778194,0.612125131536462,0.3219672369859697,3,15033,11106,3927,8586,221,4611,4541,70,585,157,202.7391521093959,173.0376993600172,branch,branch,0.5476689825550342,0.6861386411118363
24466,descending_neuron,DNpe012_b,DNpe012_b(DNp16)_R,R,xn,,,acetylcholine,4.0,0.09063596285854433,0.3397076567972028,0.1137474871614162,3,3139,1602,1537,1754,64,487,13,474,186,28,176.1770211063081,197.2891945026996,branch,branch,0.4079911173428036,0.9153783004918039
24517,descending_neuron,DNg53,DNg53_L,L,nt,LB,,acetylcholine,2.0,0.07536311826368486,0.309766528837246,0.08998082952271502,3,4616,1223,3393,1974,131,390,19,371,146,19,152.3235862668286,160.4348161569915,branch,branch,0.389596713448985,0.8027747453387429
24522,ascending_neuron,AN08B028,AN08B028(24522)_R,R,BA,T3,,acetylcholine,4.0,0.1559098267305194,0.4455452354207198,0.1196256108789868,3,7607,3186,4421,2979,192,2153,2011,142,495,113,241.215932388095,188.1123451066697,branch,branch,0.4672442245294773,0.9188519728138006
24534,ascending_neuron,ANXXX049,ANXXX049_R,R,CA,T2,,acetylcholine,4.0,0.4230762584455859,0.7339464712712459,0.1221802539827124,3,9458,4213,5245,4534,133,3362,3275,87,563,140,219.2424933257879,162.5654273313918,branch,branch,0.5996947314450165,0.6366704602142833
24540,descending_neuron,DNge025,DNge025_L,L,fl,MX,,acetylcholine,3.0,0.1196168270406612,0.3902574463145017,0.3048786434359825,3,3495,2157,1338,1835,66,1143,60,1083,294,47,173.5868732376855,126.2154292616974,branch,branch,0.4372941214950252,0.685585027931352
24544,ascending_neuron,AN02A025,AN02A025_R,R,IA,T1,,glutamate,2.0,0.3719395111307703,0.688162839610772,0.4413517025826656,3,4399,37,4362,1757,97,544,455,89,153,32,165.5795501849421,227.1233253637876,branch,branch,0.5806890660321393,0.6762704836722286
24593,ascending_neuron,AN19B015,AN19B015_R,R,BA,T1,,acetylcholine,2.0,0.4495023067317329,0.7565210587819199,0.3369129509023218,3,12867,6240,6627,5109,355,1924,1636,288,612,96,173.758000680989,163.1559939421272,branch,branch,0.608847533298067,0.5533634878966929
24619,descending_neuron,DNg12_c,DNg12_c_L,L,nt,MX,,acetylcholine,8.0,0.1025580515639167,0.3613598855464821,0.4614254519551933,3,3530,1280,2250,1487,78,961,42,919,193,39,191.9247068816569,191.7439144266295,branch,branch,0.420792518847206,0.9117762415533825
24657,descending_neuron,DNge091,DNge091_L,L,ut,LB,,acetylcholine,14.0,0.1355578488491651,0.415448689676582,0.03013041137911949,3,3280,2213,1067,1760,71,678,27,651,161,39,180.8615243405487,285.3866246172547,branch,branch,0.4511871650895282,1.033380789689101
24666,descending_neuron,DNge117,DNge117_R,R,nt,LB,,gaba,4.0,0.4057107290991066,0.7187259171703198,0.3704073647283199,3,1833,802,1031,744,45,419,10,409,148,25,159.9587702592215,219.0419099278573,branch,branch,0.5934439311455266,0.6386461471692744
24700,ascending_neuron,AN08B031,AN08B031_L,L,BA,T1,sexually dimorphic,acetylcholine,6.0,0.2409397731873383,0.5538718688664734,0.06223983960855659,3,5274,2689,2585,2650,133,2292,2246,46,439,105,193.03601524576,156.9210200736013,branch,branch,0.5209579788664072,0.6717567433766154
24752,descending_neuron,DNp72,DNp72_L,L,ut,,,acetylcholine,2.0,0.123776,0.3969842539561733,0.01630412868157916,3,3358,1907,1451,1214,93,931,144,787,141,22,220.0031176726711,237.062541404535,branch,branch,0.441046805269605,1.036320076727024
24831,ascending_neuron,AN08B028,AN08B028(24522)_L,L,BA,T3,,acetylcholine,4.0,0.1520543003619214,0.4400017592781153,0.06563321763931106,3,6469,2917,3552,2440,162,2561,2406,155,525,131,225.3260862299122,227.2093789429865,branch,branch,0.4643283989228706,0.9746021699785568
24880,descending_neuron,DNg12_f,DNg12_f_R,R,xn,MX,,acetylcholine,4.0,0.09959859641627987,0.3561079493037545,0.4274896792776879,3,1947,601,1346,696,56,848,107,741,126,39,227.6916364776193,179.5072611893164,branch,branch,0.4177234673307686,0.9748049355927156
24888,ascending_neuron,AN03B011,AN03B011_L,L,BA,T2,,gaba,4.0,0.4532190913133744,0.7596423299745249,0.2930696271464044,3,19280,15176,4104,9840,406,4440,4406,34,841,143,178.0420203814817,154.7855258440155,branch,branch,0.610102238717018,0.5455274954004418
24913,ascending_neuron,AN10B015,AN10B015_R,R,BA,T1,,acetylcholine,4.0,0.7714387476767038,0.9910733171077458,0.4309129785553905,3,11082,3889,7193,4132,361,1967,1710,257,581,97,319.5359410412699,155.525744068525,branch,branch,0.6968686571964586,0.6817090712918478
24924,ascending_neuron,ANXXX144,ANXXX144_L,L,BA,A1,,gaba,2.0,0.2487266259632566,0.562750900492367,0.1864943257397996,3,9344,3450,5894,4414,182,2281,2179,102,493,116,214.774514057998,169.2638815398579,branch,branch,0.5251170738428335,0.7313386190006038
24961,descending_neuron,DNg12_a,DNg12_a_R,R,nt,MX,,acetylcholine,8.0,0.06182807888680889,0.2805743306392983,0.07452983450494804,3,2751,924,1827,1148,68,900,37,863,191,47,170.2368073062607,194.068819983662,branch,branch,0.3707848729563494,0.9825255933049095
24966,ascending_neuron,ANXXX026,ANXXX026_L,L,BA,T1,,gaba,2.0,0.4653857850312489,0.7697711251140846,0.1511848996453309,3,12303,9330,2973,6737,211,2601,2306,295,1051,82,263.2165458774588,119.5134479407187,branch,branch,0.6141562108339388,0.6231802057305311
24974,ascending_neuron,AN09B015,AN09B015_R,R,BA,T2,,acetylcholine,2.0,0.008066714459157569,0.1013452507298015,0.4411783267192372,3,9933,1403,8530,4224,214,3915,3213,702,559,134,337.8787081550892,194.3226553883078,branch,branch,0.2228433819021843,2.388230509699425
24975,ascending_neuron,AN12B008,AN12B008_R,R,BA,T1,,gaba,4.0,0.7656251399015702,0.9873318614154364,0.3619817964000371,3,6973,4029,2944,3572,97,2230,2174,56,325,67,198.8582838533367,136.4168059755197,branch,branch,0.695552019689084,0.4820273399230821
24987,descending_neuron,DNpe012_b,DNpe012_b(PS227)_L,L,xn,,,acetylcholine,4.0,0.0937149484655866,0.3454295562328197,0.04308252671132309,3,3213,1774,1439,1768,58,592,24,568,219,31,181.3623157363238,187.5262017058234,branch,branch,0.4114127885154783,0.8966384316180994
24997,ascending_neuron,AN08B013,AN08B013_R,R,BA,T2,,acetylcholine,2.0,0.2576705423762544,0.5727794724558525,0.3811420022316683,3,16080,7415,8665,6802,464,2975,2661,314,880,149,180.4301193288345,179.998559746725,branch,branch,0.5297753689096613,0.6803424625372131
25046,descending_neuron,DNge115,DNge115_R,R,xn,LB,,acetylcholine,8.0,0.04761527705057433,0.2462227724527362,0.02104193336944265,3,2532,509,2023,1297,37,417,4,413,136,19,155.0567897466046,195.8464671044844,branch,branch,0.3473458773353165,1.010241605695922
25047,ascending_neuron,AN09B020,AN09B020_L,L,CA,T2,,acetylcholine,4.0,0.269568,0.5858537680984636,0.1229888847167656,3,6904,4456,2448,3525,136,7409,4410,2999,2048,297,191.7995536028471,143.2013243930363,branch,branch,0.535787594451614,0.6252494112685856
25076,ascending_neuron,AN08B022,AN08B022_R,R,BA,T3,,acetylcholine,6.0,0.231936,0.5434244078505259,0.4505076957949404,3,12479,6345,6134,6594,230,2988,2860,128,551,100,173.1787558865152,154.6367452495437,branch,branch,0.5160212784825424,0.635275161714381
25092,ascending_neuron,ANXXX082,ANXXX082_L,L,CA,A2,,acetylcholine,2.0,0.4709529202060013,0.7743615962292968,0.1296057137935115,3,13146,7281,5865,5890,345,2395,2286,109,728,106,251.2858660644922,185.0165972427168,branch,branch,0.6159847255836425,0.7083007827731678
25114,ascending_neuron,ANXXX144,ANXXX144_R,R,BA,A1,,gaba,2.0,0.2533085183929834,0.5679105762672683,0.2411639899731551,3,10351,3478,6873,4815,211,2348,2220,128,497,111,185.6473355666129,177.7501024272562,branch,branch,0.527518892904284,0.6888804228283931
25153,ascending_neuron,AN06B002,AN06B002_L,L,BA,T1,,gaba,5.0,0.7250145620037183,0.9607898890246387,0.171313041101456,3,16535,13171,3364,7788,367,4419,4396,23,770,143,194.8341784491232,151.7897820627206,branch,branch,0.6861392319508286,0.5051802088714905
25179,ascending_neuron,ANXXX132,ANXXX132_R,R,BA,A1,,acetylcholine,2.0,0.1704744637100712,0.465891434309735,0.2369708709333711,3,10286,3931,6355,5371,213,1918,1636,282,327,70,117.2601748673596,160.6089136417618,branch,branch,0.4777936822643955,0.5815671048478989
25180,descending_neuron,DNg12_a,DNg12_a_L,L,nt,MX,,acetylcholine,8.0,0.06455664987596481,0.2866985864940752,0.401589119137563,3,2515,571,1944,1015,58,645,20,625,181,39,174.6753746611571,183.475177629569,branch,branch,0.3748096948880816,0.9555530637959353
25185,ascending_neuron,AN09A007,AN09A007_L,L,BA,T2,,gaba,2.0,0.216576,0.5251220121462845,0.1982457883323618,3,13212,9133,4079,6090,254,2496,2431,65,566,131,193.9957688260779,140.7755717182253,branch,branch,0.5072571201586819,0.6599638077817004
25188,descending_neuron,DNg08,DNg08_L,L,ut,MX,,gaba,23.0,0.1916383729887824,0.4939651351846855,0.1574948819792723,3,2761,2006,755,1386,79,608,12,596,186,34,159.2378677524321,168.1630976359041,branch,branch,0.4919785729485542,0.6654780988247881
25205,descending_neuron,DNg92_b,DNg92_b_L,L,ut,LB,,acetylcholine,4.0,0.08007449774552819,0.3193023912444333,0.1329088381721194,3,1369,1114,255,739,33,704,49,655,251,35,208.1966270625662,239.9396184846811,branch,branch,0.3955479385735341,1.132950527218932
25230,ascending_neuron,AN18B032,AN18B032_R,R,BA,T2,,acetylcholine,3.0,0.9660134836791215,1.109038578304485,0.0679641344789162,3,7763,4521,3242,4019,182,4738,4398,340,864,253,168.2641008112001,173.0203177563377,branch,branch,0.737176304128936,0.4629617320252949
25249,descending_neuron,DNge092,DNge092_L,L,xn,LB,,acetylcholine,4.0,0.1188487419219906,0.3890024653612135,0.3283884825306037,3,3428,1073,2355,1588,87,406,9,397,131,24,180.6579039917013,181.7853029884218,branch,branch,0.436590435107086,0.8301675388083659
25283,descending_neuron,DNg08,DNg08_R,R,ut,MX,,gaba,23.0,0.1207418416037224,0.3920883668690116,0.0744501258701433,3,2462,1871,591,1301,77,659,13,646,190,36,163.9988726696862,218.8298564989194,branch,branch,0.4383187193878624,0.8734026456895297
25335,ascending_neuron,AN01B018,AN01B018_L,L,IA,T2,,gaba,2.0,0.3978503079504505,0.7117294043156963,0.2205656877798158,3,4530,164,4366,2950,65,289,230,59,140,12,287.0866759370433,229.0814516283295,branch,branch,0.5905483960817193,0.8740488179972064
25357,descending_neuron,DNg02_d,DNg02_d_L,L,ut,LB,,acetylcholine,2.0,0.181248,0.4803874696577324,0.444914662963493,3,3022,2799,223,1565,77,2154,128,2026,423,123,220.4484090690218,232.5048959849181,branch,branch,0.4851699291302881,0.9335972364690873
25411,ascending_neuron,AN09B015,AN09B015_L,L,BA,T2,,acetylcholine,2.0,0.01271083362731604,0.1272160996920133,0.294407966349807,3,10154,1407,8747,4161,235,3577,2894,683,488,116,243.7154064266288,207.951131419562,branch,branch,0.2496715619550743,1.80904278528711
25455,ascending_neuron,AN08B022,AN08B022_R,R,BA,T2,,acetylcholine,6.0,0.4935623820191976,0.7927314441729466,0.3416416556860964,3,13093,6059,7034,6590,227,1748,1609,139,367,63,171.7529628095836,164.5715293732543,branch,branch,0.6232482712729686,0.5396316487102383
25461,descending_neuron,DNg08,DNg08_R,R,ut,MX,,gaba,23.0,0.1486656892562239,0.4350712981872438,0.1091511256380903,3,2416,1261,1155,1301,63,665,10,655,204,31,157.3355134141823,224.003642547786,branch,branch,0.4617195427007064,0.8259107979953063
25465,descending_neuron,DNg07,DNg07_R,R,ut,LB,,acetylcholine,16.0,0.1923358216339325,0.494863187126959,0.3808746640650971,3,2401,854,1547,1234,62,555,25,530,237,30,149.2410036717931,355.5489993457202,branch,branch,0.4924255900054443,1.02510920078693
25474,descending_neuron,DNg07,DNg07_L,L,ut,LB,,acetylcholine,16.0,0.1870488634704643,0.4880143540597587,0.3799646619211531,3,2602,828,1774,1384,54,656,13,643,198,40,183.2454691487236,254.362671041183,branch,branch,0.4890061691730297,0.894892882292173
25504,descending_neuron,DNge092,DNge092_R,R,xn,LB,,acetylcholine,4.0,0.09697442665520341,0.3513853651554439,0.1748584587233226,3,3258,883,2375,1485,92,485,15,470,166,22,189.6378997114568,229.9020567984413,branch,branch,0.4149443684714464,1.011075190766851
25535,descending_neuron,DNp17,DNp17(DNp16/17)_R,R,ut,,,acetylcholine,12.0,0.09372497368137861,0.3454480320111747,0.01203741603748069,3,2257,2065,192,1322,40,812,72,740,98,29,386.5844822173461,204.1178097006814,branch,branch,0.411423790859833,1.435751419925233
25589,descending_neuron,DNg07,DNg07_L,L,ut,LB,,acetylcholine,16.0,0.06917165449643456,0.2967694153372586,0.2822451348353228,3,2237,790,1447,1117,63,526,25,501,172,35,154.3629777968985,332.9727675341766,branch,branch,0.3813358277362052,1.277969993598915
25634,descending_neuron,DNge091,DNge091_L,L,ut,LB,,acetylcholine,14.0,0.2450911922372931,0.5586231270031785,0.4315317733817935,3,2805,1769,1036,1389,73,824,35,789,231,42,176.3108262089055,222.2101854550996,branch,branch,0.5231876644489598,0.7617171404141225
25687,ascending_neuron,AN10B022,AN10B022(22617)_R,R,BA,T3,,acetylcholine,6.0,0.4268379311786688,0.7372020979145589,0.3356019341547197,3,3786,1576,2210,1565,80,2812,2620,192,444,157,387.2574803910628,222.0787399064116,branch,branch,0.6010233173331413,1.0138312486797
25693,ascending_neuron,AN05B044,AN05B044_R,R,IA,T2,,gaba,2.0,0.3934986821940805,0.7078263084759406,0.1031654306291635,3,4351,365,3986,2420,72,51,8,43,40,0,210.003447811177,167.9631380106013,branch,branch,0.5889268979705469,0.6417886279676785
25802,descending_neuron,DNge092,DNge092_R,R,xn,LB,,acetylcholine,4.0,0.1716795788683705,0.4675352701547644,0.2794585531914971,3,4203,1498,2705,1809,122,538,10,528,159,33,154.5980252102463,186.0219476776259,branch,branch,0.4786358557147955,0.7116474221915317
25819,ascending_neuron,AN01B004,AN01B004(25819)_R,R,IA,T2,,acetylcholine,6.0,0.3705686201667923,0.6868934569744453,0.1645849055780598,3,11795,6918,4877,6130,214,1171,923,248,277,46,264.4674218582315,145.4176874344677,branch,branch,0.5801532503722427,0.706511786376626
25844,descending_neuron,DNge058,DNge058_L,L,xl,,,acetylcholine,2.0,0.353906868763014,0.6712735809358706,0.1302771824022068,3,6859,4637,2222,3143,150,601,46,555,159,25,195.1581543447344,159.1473061376959,branch,branch,0.573519009849348,0.6177745713703532
25848,descending_neuron,DNg08,DNg08_R,R,ut,MX,,gaba,23.0,0.1103548463329827,0.37484417336318,0.4515478532872649,3,2470,1506,964,1258,44,425,25,400,154,15,159.7783666650249,190.2068045993679,branch,branch,0.4285716333916166,0.8166316760040587
25852,descending_neuron,DNg02_a,DNg02_a_L,L,ut,LB,sexually dimorphic,acetylcholine,10.0,0.2784766423165147,0.5954556854061064,0.3891574645884042,3,2611,1983,628,1643,43,1042,66,976,264,59,202.5468365020917,232.7847969722146,branch,branch,0.540160426030075,0.8059302616331763
25861,descending_neuron,DNge038,DNge038_L,L,xl,LB,,acetylcholine,2.0,0.5729916658292113,0.8541402974555337,0.187246091001691,3,13660,7136,6524,5677,339,2181,456,1725,699,108,169.5022052873938,124.056199069269,branch,branch,0.646937976743684,0.4537659171506178
25876,descending_neuron,DNge108,DNge108_L,L,ut,LB,,acetylcholine,5.0,0.5157938221005707,0.8103882348779134,0.3267347887405028,3,2445,2192,253,1068,73,604,22,582,183,39,164.9247206580924,179.0659737237045,branch,branch,0.6301509621433403,0.545886168628192
25974,ascending_neuron,ANXXX178,ANXXX178_R,R,BA,A7,,gaba,2.0,0.2728090144011686,0.5893651035612749,0.1435397920137729,3,12440,6227,6213,6006,250,2938,2605,333,876,134,237.4968561275996,175.1693145589802,branch,branch,0.5373908268151073,0.7679069870475481
25983,descending_neuron,DNpe009,"DNpe009(PS222,PS226)_L",L,nt,,,acetylcholine,6.0,0.09506242727787136,0.3479040695776588,0.1487409691431023,3,2081,1512,569,1047,33,881,16,865,157,48,176.9550621305393,189.8925772549995,branch,branch,0.4128837537286407,0.8885010274021143
25985,descending_neuron,DNge074,DNge074_L,L,xl,GNG,,acetylcholine,2.0,0.2579393292846284,0.5730781396874718,0.1719938708114521,3,10258,10258,0,4949,226,2862,2857,5,520,117,240.6440426888211,153.9484225336773,branch,branch,0.5299134726036517,0.7446356539752169
26012,ascending_neuron,AN03B011,AN03B011_R,R,BA,T2,,gaba,4.0,0.5504153594278758,0.837144313516606,0.303512407776553,3,18079,14594,3485,9275,370,3539,3506,33,774,128,157.2226170331624,150.8420830228236,branch,branch,0.6404691355741796,0.4809985102245504
26049,descending_neuron,DNg02_a,DNg02_a_R,R,ut,LB,sexually dimorphic,acetylcholine,10.0,0.4560297985491623,0.7619942080425568,0.341357569421944,3,2447,1985,462,1545,48,1116,82,1034,252,54,190.0699751654593,235.3978443565397,branch,branch,0.611045957306693,0.6962943039461931
26066,ascending_neuron,AN06B005,AN06B005_L,L,BA,T3,,gaba,2.0,0.2756901727182627,0.5924690962402673,0.09421336350726282,3,7253,4699,2554,4130,97,3546,3524,22,640,104,32.91848719099352,168.2499778432656,branch,branch,0.5388040990543139,0.3733610516091868
26079,descending_neuron,DNg02_b,DNg02_b_R,R,ut,LB,,acetylcholine,5.0,0.4082528250122192,0.7209740918059414,0.3549049363668595,3,3316,3302,14,1694,58,648,124,524,187,33,194.3571387453754,241.4579649469139,branch,branch,0.5943713527626573,0.7332370607476396
26088,ascending_neuron,AN08B010,AN08B010_R,R,BA,T3,,acetylcholine,4.0,0.5469383875453012,0.8344960057162427,0.06797280035478499,3,13912,9824,4088,7290,312,4381,4098,283,940,254,193.1112944820405,202.3909131052729,branch,branch,0.6394552703676457,0.6184986283089433
26090,ascending_neuron,AN09B060,AN09B060(22518)_L,L,CA,A1,,acetylcholine,4.0,0.313094251050737,0.631382595315263,0.212314235902328,3,17787,12108,5679,6531,458,4878,4520,358,936,242,221.2965819811522,191.2312769784704,branch,branch,0.5562171084248297,0.7416669726824374
26146,ascending_neuron,ANXXX154,ANXXX154_R,R,BA,T1,,acetylcholine,2.0,0.01943783305382617,0.157318205265925,0.5222956070198497,3,12171,1811,10360,4986,317,2693,2285,408,595,129,241.3699013258366,137.9547644392764,branch,branch,0.2776435134850142,1.366229165608031
26182,descending_neuron,DNg08,DNg08_L,L,ut,MX,,gaba,23.0,0.07827454145301602,0.3156932712681595,0.03947874280831672,3,2189,1099,1090,1091,50,477,23,454,151,23,173.0274987480367,169.7973418004342,branch,branch,0.3933061185913564,0.8716488870712549
26232,descending_neuron,DNg08,DNg08_L,L,ut,MX,,gaba,23.0,0.135198406615974,0.4148975267323755,0.4248388618888784,3,2691,2026,665,1356,77,660,22,638,189,41,203.895721250602,209.0803281784841,branch,branch,0.4508877777217564,0.9159175959831283
26241,ascending_neuron,AN01B002,AN01B002(26241)_L,L,BA,A3,,gaba,6.0,0.14976,0.4366696167808541,0.06570637271735247,3,11660,9657,2003,6759,290,12014,10286,1728,3480,586,234.8715434353925,144.6966563902374,branch,branch,0.4625668732438786,0.8205693528457898
26269,ascending_neuron,AN18B019,AN18B019_L,L,BA,T3,,acetylcholine,4.0,0.2358202253778711,0.54795587085044,0.05630649222974636,3,10833,3812,7021,5113,238,1489,1451,38,485,64,186.3029754878571,145.8835241473263,branch,branch,0.5181682899567626,0.6410784026612318
26278,ascending_neuron,AN07B005,AN07B005_R,R,BA,T1,,acetylcholine,6.0,0.5851948293602455,0.8631878116122876,0.2267544055280193,3,16993,13373,3620,8886,300,1567,1527,40,396,61,118.1097708836825,204.6415188442169,branch,branch,0.6503553088043649,0.4962691706495889
26284,ascending_neuron,AN05B005,AN05B005_R,R,BA,T3,,gaba,2.0,0.2811913616966913,0.5983510352210947,0.2432963532665454,3,25114,21837,3277,12911,514,13731,13231,500,2149,480,231.8872656846033,149.4960648922988,branch,branch,0.5414720743107038,0.7043453368530678
26385,descending_neuron,DNge087,DNge087_R,R,nt,LB,,gaba,4.0,0.07117981674070492,0.3010464373834499,0.1479832110084169,3,2188,712,1476,853,47,723,5,718,145,40,172.0715401637133,183.447011800928,branch,branch,0.3840738917420585,0.9256514426224141
26413,descending_neuron,DNg07,DNg07_L,L,ut,LB,,acetylcholine,16.0,0.1184558212502931,0.3883589009150595,0.08121307119129699,3,2377,771,1606,1241,54,547,16,531,177,36,168.1993192698116,301.0926913004249,branch,branch,0.4362291386970604,1.075792442412098
26441,descending_neuron,DNg12_f,DNg12_f_R,R,xn,MX,,acetylcholine,4.0,0.1051939659698771,0.3659742031077771,0.6328347603001622,3,1561,424,1137,544,50,610,72,538,119,25,177.2304248113809,132.5308732840468,branch,branch,0.4234706123484966,0.7314823958563351
26452,descending_neuron,DNg07,DNg07_L,L,ut,LB,,acetylcholine,16.0,0.04580102915416415,0.2414864002561011,0.1681875528786306,3,2468,448,2020,1492,32,647,9,638,185,51,172.1152944753978,262.465734976679,branch,branch,0.3439888604671517,1.263357856594243
26464,descending_neuron,DNge115,DNge115_L,L,xn,LB,,acetylcholine,8.0,0.05434556513786264,0.2630492779205207,0.1886894481694218,3,3065,411,2654,1602,58,469,6,463,145,25,147.8862096209888,245.856324549764,branch,branch,0.3590183089774882,1.096719928552284
26471,ascending_neuron,AN01B002,AN01B002(26241)_R,R,BA,A3,,gaba,6.0,0.1481884428121399,0.4343724041201762,0.02794006283204074,3,11908,9559,2349,6459,319,11410,9548,1862,3216,554,213.7804425914356,132.5417213862886,branch,branch,0.4613485428815033,0.7506735836091641
26512,descending_neuron,DNg07,DNg07_L,L,ut,LB,,acetylcholine,16.0,0.1015264874884129,0.3595379516939861,0.5372754282928399,3,2258,818,1440,1157,53,553,21,532,193,36,160.5648117484903,282.4720591406701,branch,branch,0.419730385283283,1.055527277564495
26564,ascending_neuron,AN00A006,AN00A006_M,M,BA,A4,,gaba,5.0,0.009702698945676321,0.1111479194060566,0.3777713669948876,3,19917,7465,12452,6905,602,3968,3526,442,750,174,218.4771540246688,166.3975761442983,branch,branch,0.2333719788427217,1.649189984494021
26566,ascending_neuron,AN05B044,AN05B044_L,L,IA,T2,,gaba,2.0,0.2218305222859306,0.5314540367743025,0.1531382598606918,3,6061,2440,3621,3580,98,497,425,72,183,22,234.1868243420864,165.0785479255042,branch,branch,0.5103062590439277,0.78240343948676
26587,descending_neuron,DNg08,DNg08_R,R,ut,MX,,gaba,23.0,0.1298368827798154,0.4065875717731727,0.4636019827445868,3,2654,2023,631,1290,79,543,12,531,193,29,160.4700948029116,215.7327450104179,branch,branch,0.4463495381075852,0.8428435736896676
26591,descending_neuron,DNg07,DNg07_R,R,ut,LB,,acetylcholine,16.0,0.07386777000879449,0.3066779513701616,0.4650796925824778,3,2794,787,2007,1555,59,637,10,627,241,34,152.6483939934265,251.941518303382,branch,branch,0.3876495790935148,1.043700120203683
26636,descending_neuron,DNp58,DNp58(hb1791391565)_L,L,ad,CG,,acetylcholine,2.0,0.3753608985865745,0.6913207212486486,0.1887973954893297,3,8377,7423,954,2301,153,2387,256,2131,563,70,378.5049970727086,571.2504860569338,branch,branch,0.5820198909073794,1.63182650278319
26644,descending_neuron,DNge094,DNge094_R,R,xn,LB,,acetylcholine,13.0,0.07571858698731329,0.310496214507869,0.6518455645662751,3,1713,344,1369,800,52,645,30,615,155,37,192.1894685216882,215.0591916443001,branch,branch,0.3900553103200311,1.044079261045953
26652,descending_neuron,DNge094,DNge094_L,L,xn,LB,,acetylcholine,13.0,0.03548712105007901,0.2125643569598728,0.4387190040540419,3,1552,209,1343,620,44,586,18,568,154,32,184.231872745456,185.6157673880826,branch,branch,0.3227329157528523,1.145986734172372
26661,ascending_neuron,AN04B051,AN04B051_L,L,BA,T1,,acetylcholine,2.0,0.2206960668634377,0.5300933499847404,0.2260480187807824,3,4776,244,4532,2096,72,1059,621,438,360,58,178.6177886128296,210.7824562865079,branch,branch,0.5096525693965672,0.7640503909563147
26671,ascending_neuron,ANXXX026,ANXXX026_R,R,BA,T1,,gaba,2.0,0.2775121545512083,0.5944236278272041,0.09294337299096866,3,11031,8220,2811,6770,175,1903,1599,304,972,52,259.8116344451221,128.7661873906758,branch,branch,0.5396921137420204,0.7199990734375322
26672,descending_neuron,DNpe012_b,DNpe012_b(PS227)_L,L,xn,,,acetylcholine,4.0,0.07166039857781013,0.3020610091699213,0.6810907586314023,3,3105,1448,1657,1797,63,589,15,574,233,21,204.039159854396,185.5280357625891,branch,branch,0.3847205407737692,1.012597858262177
26680,ascending_neuron,AN07B005,AN07B005_L,L,BA,T1,,acetylcholine,6.0,0.6554078267135097,0.9135048784218788,0.3213813983816691,3,17826,14368,3458,9399,313,2474,2424,50,641,78,199.7834202350469,209.6199494470365,branch,branch,0.6690421439840099,0.6119246348879752
26687,ascending_neuron,AN01B005,AN01B005_L,L,BA,T2,,gaba,6.0,0.172609489039162,0.4687997730814209,0.04454906873487587,3,8276,4129,4147,4346,148,1191,1142,49,299,56,217.009696869134,191.5866967008721,branch,branch,0.479282681525106,0.85251649875983
26743,descending_neuron,DNge094,DNge094_L,L,xn,LB,,acetylcholine,13.0,0.05142783734656521,0.2558905160607847,0.1645592919673217,3,2109,414,1695,858,74,418,38,380,117,21,165.1555817149722,214.7459309666328,branch,branch,0.354099354517605,1.072867001407418
26824,descending_neuron,DNg08,DNg08_R,R,ut,MX,,gaba,23.0,0.08916611451927015,0.3369418689571228,0.08280911394856207,3,2401,1140,1261,1247,59,477,14,463,168,23,181.3403558635177,186.4420129947688,branch,branch,0.4063268583160485,0.9051392034051033
26842,ascending_neuron,vMS13,vMS13_L,L,BA,T2,,gaba,2.0,0.30208,0.6201775565703729,0.2812647347438711,3,5817,955,4862,2500,149,502,435,67,148,21,197.5904460682057,207.004752532453,branch,branch,0.5512594695054976,0.7339469360292298
26916,ascending_neuron,AN18B023,AN18B023_R,R,BA,T1,,acetylcholine,2.0,0.29824,0.6162231428807384,0.2761475771735906,3,9858,3377,6481,3707,173,1811,1353,458,308,73,146.4201480513898,134.3020214637064,branch,branch,0.5494991719844188,0.5108691401687065
26984,descending_neuron,DNge115,DNge115_L,L,xn,LB,,acetylcholine,8.0,0.04980812492465138,0.2518286606071184,0.2199782858089988,3,2795,555,2240,1448,58,525,14,511,160,26,159.360340705556,226.3996525621705,branch,branch,0.3512777301473693,1.098162394484532
27001,descending_neuron,DNge094,DNge094_L,L,xn,LB,,acetylcholine,13.0,0.04029677451074132,0.2265114717455868,0.2222937367773911,3,1736,295,1441,720,55,497,26,471,130,27,164.4542504042432,305.6736173920944,branch,branch,0.3331525493754138,1.411148942662218
27041,descending_neuron,DNg08,DNg08_L,L,ut,MX,,gaba,23.0,0.06586794812331224,0.2895957117796557,0.6143107830216709,3,2369,1228,1141,1213,52,392,23,369,133,21,160.5827869584896,178.0160650507432,branch,branch,0.3766986843247946,0.8988585999872738
27079,ascending_neuron,ANXXX072,ANXXX072_L,L,BA,T1,,acetylcholine,2.0,0.3656579593353361,0.6823270283910142,0.1949546081135828,3,7280,2792,4488,3283,137,2111,1986,125,456,87,201.3751232864589,129.7219942399413,branch,branch,0.5782216217953087,0.572612827065137
27113,descending_neuron,DNge180,DNge180_R,R,xn,LB,,acetylcholine,2.0,0.1121071600066359,0.3778085088618321,0.03741240698600128,3,3055,1836,1219,1585,64,613,43,570,175,39,192.2913713564851,220.3143838687119,branch,branch,0.4302629072349808,0.9589619469564439
27118,descending_neuron,DNg08,DNg08_L,L,ut,MX,,gaba,23.0,0.1581262991272744,0.4487010776803049,0.4996333366088049,3,2559,1977,582,1241,74,630,31,599,187,34,179.9517766163332,245.6924384189061,branch,branch,0.4688960738408345,0.9077581126851639
27135,descending_neuron,DNge015,DNge015_R,R,ut,LB,,acetylcholine,3.0,0.4585611056679018,0.7641061008877316,0.1228054666889632,3,2287,1988,299,1139,73,764,17,747,176,36,188.6401667608813,239.8585165836815,branch,branch,0.6118921387262533,0.7002846682040207
27143,descending_neuron,DNg07,DNg07_L,L,ut,LB,,acetylcholine,16.0,0.0472859559382002,0.2453698209053448,0.1489568546817247,3,2157,463,1694,1286,39,706,9,697,181,47,170.5521272566934,270.9831978464481,branch,branch,0.3467437270429257,1.273376533351044
27144,descending_neuron,DNge092,DNge092_L,L,xn,LB,,acetylcholine,4.0,0.09535196909263055,0.3484334910956497,0.136691909427798,3,3194,1070,2124,1486,83,458,11,447,159,21,165.6643799230584,236.4179192119592,branch,branch,0.4131977863407164,0.9730988703881072
27170,descending_neuron,DNge017,DNge017_L,L,ut,LB,,acetylcholine,2.0,0.190464,0.4924492833261493,0.1431817013873614,3,3087,3083,4,1635,73,926,56,870,223,63,199.8233541619612,187.8378690996591,branch,branch,0.4912231151216452,0.7891754506821628
27180,ascending_neuron,AN09B033,AN09B033_L,L,CA,A4,,acetylcholine,6.0,0.180864,0.4798783148038474,0.1715470114660826,3,4892,498,4394,2536,108,732,491,241,222,35,288.5360066827037,225.0295788142096,branch,branch,0.4849127491146064,1.059088643131416
27254,descending_neuron,DNg01_c,DNg01_c_R,R,lt,LB,,acetylcholine,2.0,0.4927644739882654,0.7920904080485264,0.4572518061429452,3,1758,1740,18,829,44,838,119,719,203,48,200.0206869011505,217.2984753132012,branch,branch,0.6229962278728322,0.6698582488039335
27346,ascending_neuron,AN05B021,AN05B021_L,L,BA,T2,,gaba,2.0,0.1856510948776765,0.4861875312280615,0.1426656993019669,3,12856,7922,4934,5538,253,3780,3053,727,790,163,218.7607527318019,154.3451548955249,branch,branch,0.4880900432315232,0.7644202392597174
27373,ascending_neuron,AN03B009,AN03B009_L,L,BA,T2,,gaba,2.0,0.411400764410435,0.7237483830597761,0.2320375118678155,3,20240,17358,2882,11027,375,4595,4564,31,987,204,178.289162072174,134.137511257719,branch,branch,0.5955138182269915,0.524633793150381
27437,descending_neuron,DNg07,DNg07_R,R,ut,LB,,acetylcholine,16.0,0.08486685381829139,0.3287184727372451,0.2518806999477409,3,2448,721,1727,1295,58,602,10,592,237,28,159.8190428891018,385.3227337286992,branch,end,0.4013378273241261,1.358311476026248
27475,ascending_neuron,AN17B011,AN17B011_L,L,BA,T3,,gaba,2.0,0.1393081086717025,0.4211562570627143,0.07296324432758103,3,7581,4258,3323,2548,245,1284,1031,253,505,55,252.6486802937533,191.1585540432658,branch,branch,0.4542758698860528,0.9769553343177582
27490,descending_neuron,DNge015,DNge015_L,L,ut,LB,,acetylcholine,3.0,0.1608057405554819,0.4524867157118124,0.08035542926437433,3,2300,1871,429,1108,56,713,28,685,176,31,201.2185150632811,229.4202419081589,branch,branch,0.4708699297032972,0.9145599024401334
27525,descending_neuron,DNge094,DNge094_L,L,xn,LB,,acetylcholine,13.0,0.04195916330757068,0.2311364661562507,0.1699175703774086,3,1385,371,1014,623,40,649,34,615,163,39,189.3009767318984,221.0108002404239,branch,branch,0.3365365781257111,1.219218960558436
27578,ascending_neuron,AN01B005,AN01B005_R,R,BA,T2,,gaba,6.0,0.1974141119084935,0.5013536216790168,0.3832526386034167,3,8067,3979,4088,4391,150,916,866,50,255,34,187.9657272892148,144.3011129071941,branch,branch,0.4956443025222,0.6703735693229855
27598,descending_neuron,DNp17,DNp17_L,L,ut,,,acetylcholine,12.0,0.1106875395374386,0.3754087804627159,0.5263918933363136,3,1999,1859,140,1115,51,660,56,604,79,29,173.0239062488284,209.5633603669754,branch,branch,0.4288942788458838,0.8920316392312622
27607,descending_neuron,DNge017,DNge017_R,R,ut,LB,,acetylcholine,2.0,0.2512624260173315,0.5656122849720997,0.3427825744165566,3,2545,2535,10,1452,50,867,35,832,199,50,180.7993643100272,214.9082468408601,branch,branch,0.5264503961783378,0.7516522240717228
27615,descending_neuron,DNge115,DNge115_R,R,xn,LB,,acetylcholine,8.0,0.05919248407935777,0.27452907219627,0.08630302461627158,3,3480,829,2651,1675,78,513,23,490,165,27,168.7711445763557,183.4572152080954,branch,branch,0.3667686537535239,0.9603556797445285
27626,descending_neuron,DNge093,DNge093_R,R,ut,LB,,acetylcholine,4.0,0.1361765572800248,0.4163956985786724,0.08202776317202608,3,1905,1433,472,817,57,774,37,737,218,39,174.2559676558695,244.0653181932938,branch,branch,0.4517011094778819,0.9261019667024901
27702,ascending_neuron,ANXXX013,ANXXX013_L,L,BA,A1,sexually dimorphic,gaba,2.0,0.2940773974106377,0.6119076495648847,0.1322020784318027,3,23644,20349,3295,12519,435,13583,11551,2032,2465,488,201.6851184703075,196.323866064853,branch,branch,0.5475716832404626,0.7268618825936939
27714,ascending_neuron,ANXXX152,ANXXX152_R,R,BA,A2,potentially male-specific,acetylcholine,2.0,0.1602752959606866,0.451739797739006,0.2357781348114084,3,10258,5395,4863,3743,317,2016,1876,140,417,76,281.0643427845234,140.7131765593421,branch,branch,0.4704811376581562,0.8964812520291132
27715,descending_neuron,DNg08,DNg08_R,R,ut,MX,,gaba,23.0,0.107662661880206,0.3702436476123922,0.1362635707577448,3,2488,1149,1339,1199,68,382,8,374,131,23,190.2659251712786,173.2528775613615,branch,branch,0.4259335480213693,0.8534636551202164
27735,descending_neuron,DNge110,DNge110_L,L,ut,LB,,acetylcholine,2.0,0.2628778588626053,0.5785382315276821,0.1465727517817258,3,2820,2169,651,1089,93,571,51,520,194,30,197.703821559673,147.4395489081611,branch,branch,0.5324319049874493,0.6482394597971546
27792,descending_neuron,DNge093,DNge093_L,L,ut,LB,,acetylcholine,4.0,0.105472,0.3664575299571659,0.09628124356965247,3,1936,1579,357,959,42,738,28,710,194,41,172.4585104028828,158.9026682973765,branch,branch,0.4237501500637035,0.7819730061462985
27797,ascending_neuron,AN09A007,AN09A007_R,R,BA,T1,,gaba,2.0,0.2649962659496194,0.5808646357062991,0.05233098889064049,3,13500,9916,3584,6270,276,1822,1754,68,516,87,201.7142537077654,131.9149317784277,branch,branch,0.5335013322345938,0.6253577363879723
27800,descending_neuron,DNpe012_a,DNpe012_a_L,L,xn,,,acetylcholine,4.0,0.09204707141311905,0.3423418924120224,0.01268782764645864,3,2402,1401,1001,1393,44,685,14,671,224,41,14.3485847282958,241.9422426740937,end,branch,0.4095699296602364,0.625755967033514
27816,ascending_neuron,ANXXX027,ANXXX027(27816)_R,R,CA,A2,,acetylcholine,14.0,0.3783022935939862,0.6940240918497533,0.1365200618279462,3,10319,4844,5475,4260,303,6287,5871,416,1349,267,204.3238843954051,182.5137220579454,branch,branch,0.583156758518993,0.6633509786215596
27859,ascending_neuron,AN01B004,AN01B004(25819)_L,L,IA,T2,,acetylcholine,6.0,0.286976,0.6044743101157551,0.134501290956603,3,12287,7678,4609,5974,232,1884,1663,221,410,69,260.5869461046135,25.49919673315041,branch,end,0.5442356217271339,0.525665964182698
27952,ascending_neuron,AN12B017,AN12B017_L,L,CA,T2,,gaba,6.0,0.318578380232288,0.6368882098213343,0.1537267686124718,3,5075,2189,2886,2895,88,1274,1237,37,328,53,199.6795821239293,150.7203796043467,branch,branch,0.558636932911219,0.6272409521909698
27964,ascending_neuron,AN09B026,AN09B026_R,R,BA,T2,,acetylcholine,2.0,0.03247395552027649,0.2033399231395221,0.4980381132083169,3,11854,379,11475,5360,226,873,595,278,319,43,260.5521982749061,22.80313770222795,branch,end,0.3156525975473128,0.8976809890964458
28000,descending_neuron,DNg07,DNg07_L,L,ut,LB,,acetylcholine,16.0,0.08095930821448952,0.3210616650008069,0.5348516702448314,3,2205,883,1322,1097,51,563,26,537,183,36,189.9546659635035,291.5078790305251,branch,branch,0.3966361252462959,1.213864583552642
28001,descending_neuron,DNge094,DNge094_L,L,xn,LB,,acetylcholine,13.0,0.05038714625910115,0.2532881899407116,0.1830388979734011,3,1940,419,1521,813,59,509,40,469,138,25,182.965587622721,239.2697234520196,branch,branch,0.3522942137914681,1.198530360548789
28084,ascending_neuron,AN05B095,AN05B095_R,R,BA,A2,potentially male-specific,acetylcholine,2.0,0.1687881774967353,0.4635814731766371,0.2354675107575673,3,14582,9107,5475,6499,362,2349,2221,128,588,95,181.831088603244,148.5899817277428,branch,branch,0.4766077232447583,0.6932767855322847
28105,ascending_neuron,ANXXX154,ANXXX154_L,L,BA,T1,,acetylcholine,2.0,0.01045126310377532,0.1153558038252011,0.9226514226977475,3,11620,2038,9582,4803,293,2678,2317,361,568,118,241.241959147675,138.077075574309,branch,branch,0.2377484886899358,1.595463495108396
28131,ascending_neuron,AN06B088,AN06B088_L,L,BA,T3,,gaba,2.0,0.1638654713888812,0.4567712755734449,0.02794465535141602,3,10000,6056,3944,3912,195,1772,1648,124,265,48,219.2632547781734,156.2459262334773,branch,branch,0.473093991751098,0.7937306065159498
28152,descending_neuron,DNge180,DNge180_L,L,xn,LB,,acetylcholine,2.0,0.0853169653920604,0.3295890383097906,0.09242320903769749,3,2856,1480,1376,1547,62,561,28,533,196,27,174.0368206992119,236.5101060468451,branch,branch,0.4018689198878129,1.021594122931096
28165,ascending_neuron,AN08B084,AN08B084_L,L,BA,T1,potentially male-specific,acetylcholine,4.0,0.1696,0.4646949825284147,0.0375921162893933,3,4025,881,3144,1306,158,1187,624,563,316,60,373.4424597148248,147.5218013882697,branch,branch,0.4771797789501596,1.091756784516865
28192,ascending_neuron,AN01B004,AN01B004(28192)_L,L,IA,T3,,acetylcholine,6.0,0.2202259300448998,0.5295284344671644,0.09057009967892318,3,11290,5682,5608,4582,287,2534,2276,258,360,95,244.6763276757407,226.926903998198,branch,branch,0.5093809310220696,0.9258360550083211
28255,ascending_neuron,ANXXX139,ANXXX139_R,R,BA,T2,,gaba,2.0,0.3425760463309804,0.6604402844070231,0.04443365125101743,3,7293,3341,3952,2626,235,1569,1415,154,434,67,229.962039559367,176.0010113443755,branch,branch,0.5688723401251298,0.7136276845776091
28288,ascending_neuron,AN07B040,AN07B040_R,R,IA,T1,,acetylcholine,2.0,0.3465755572365029,0.6642843553118952,0.2065474424890815,3,7585,1871,5714,3786,111,317,193,124,146,11,214.2252920112542,160.4737569670861,branch,branch,0.5705254894418204,0.6567612769500116
28414,descending_neuron,DNge116,DNge116_L,L,xn,LB,potentially sexually dimorphic,acetylcholine,4.0,0.07938091133036285,0.3179165226957126,0.2548545712680305,3,2383,1159,1224,1068,63,301,12,289,107,13,178.0430769813215,186.1148069640523,branch,branch,0.3946886065253203,0.9226460503921642
28450,descending_neuron,DNge153,DNge153_R,R,xl,GNG,,gaba,2.0,0.5128020219746897,0.8080345370083662,0.02730892786929671,3,6974,6969,5,3669,164,5357,5349,8,1064,184,302.6367322227831,197.8678849027055,end,branch,0.6292351890462734,0.7954173985153299
28455,ascending_neuron,ANXXX404,ANXXX404_L,L,CA,T1,,gaba,2.0,0.2159326091764237,0.5243414317038713,0.0930611972884645,3,3953,856,3097,1507,78,2550,516,2034,1111,109,201.699201344363,133.1451843631633,branch,branch,0.5068799675809815,0.6605989723869486
28508,ascending_neuron,AN17A003,AN17A003_R,R,IA,T3,,acetylcholine,6.0,0.1916054067103328,0.4939226465841183,0.2309519307331309,3,16619,10300,6319,7298,354,3522,3320,202,721,137,186.4060239686978,153.2808316511987,branch,branch,0.4919574136307105,0.6904802046034083
28519,descending_neuron,DNg08,DNg08_L,L,ut,MX,,gaba,23.0,0.4033204385591454,0.7166055620586771,0.1262649483124942,3,2450,1912,538,1249,49,475,18,457,147,27,159.0404329934533,151.7715419301117,branch,branch,0.5925679078458027,0.5245170567091257
28522,ascending_neuron,ANXXX169,ANXXX169_R,R,BA,A1,,glutamate,10.0,0.2879129852209883,0.6054603192828683,0.220077349319519,3,6143,3211,2932,2654,159,1956,1809,147,393,81,187.9720942088226,164.9187673003472,branch,branch,0.5446793152384304,0.6478873928867556
28579,descending_neuron,DNg01_a,DNg01_a_L,L,ut,LB,,acetylcholine,2.0,0.155008,0.4442547865249266,0.1409342809777314,3,2733,2561,172,1461,54,1024,93,931,251,62,193.6401409694317,181.4007157503934,branch,branch,0.4665670856342248,0.8038305064104895
28580,ascending_neuron,ANXXX178,ANXXX178_L,L,BA,A7,,gaba,2.0,0.2262572923208728,0.5367305952408887,0.09276527385167356,3,10672,5792,4880,5071,234,2982,2735,247,907,141,224.0141527836878,176.3571694927451,branch,branch,0.5128332981272136,0.780704614420565
28584,ascending_neuron,ANXXX013,ANXXX013_R,R,BA,A1,sexually dimorphic,gaba,2.0,0.260608,0.5760350781630762,0.1756981904367589,3,20832,17952,2880,11664,380,11448,9778,1670,2113,423,213.0824138223938,182.8468215237718,branch,branch,0.5312788235003417,0.7452381270113071
28602,descending_neuron,DNg01_b,DNg01_b_L,L,ut,LB,,acetylcholine,2.0,0.7624977065161911,0.9853132662794513,0.1882569584714981,3,3639,2642,997,1884,92,2192,154,2038,428,121,199.7706979050198,204.7878809154528,branch,branch,0.6948406295525119,0.5822321862223493
28653,ascending_neuron,ANXXX136,ANXXX136_L,L,BA,T3,,acetylcholine,2.0,0.2851272133706281,0.6025240603856614,0.06629483898575231,3,10743,1932,8811,4145,218,2860,2440,420,340,42,214.9306433923571,165.2478956912147,branch,branch,0.543356963320591,0.69968467277976
28663,ascending_neuron,AN18B032,AN18B032_L,L,BA,T2,,acetylcholine,3.0,0.908134351106633,1.075301152125009,0.1850302265787561,3,6535,4013,2522,3424,139,4649,4360,289,816,243,147.6392000750848,175.5141408374028,branch,branch,0.7258771001631436,0.4451901580031353
28678,descending_neuron,DNg110,DNg110_R,R,ut,LB,,acetylcholine,6.0,0.2527218575041191,0.5672525564448073,0.2971431804216386,3,1584,1333,251,869,40,764,40,724,173,38,187.2131376041044,241.7424773521217,branch,branch,0.5272131946925793,0.8136283751516354
28683,ascending_neuron,ANXXX170,ANXXX170_R,R,CA,A4,,acetylcholine,4.0,0.2757859837002838,0.5925720380940096,0.002311189565785006,3,8488,2600,5888,4253,161,3024,2745,279,931,149,211.6736464471812,198.9803510006761,branch,branch,0.5388509057856956,0.7620920611594499
28687,descending_neuron,DNge115,DNge115_L,L,xn,LB,,acetylcholine,8.0,0.0629572398227856,0.2831247911606223,0.03251313460188834,3,2457,572,1885,1285,48,431,14,417,134,17,174.2316379913696,209.7311975767254,branch,branch,0.3724663040715293,1.030865963903027
28756,descending_neuron,DNg08,DNg08_L,L,ut,MX,,gaba,23.0,0.07625419861798652,0.3115924600058702,0.1338375592529308,3,1824,572,1252,991,45,605,6,599,159,34,199.6952280858886,176.4403838457147,branch,branch,0.3907432730103954,0.9626157068137076
28826,ascending_neuron,AN09B009,AN09B009_L,L,CA,A4,,acetylcholine,6.0,0.3830521867682541,0.6983675192122129,0.249512875460604,3,10385,6454,3931,4490,226,6087,5934,153,1446,265,188.8914547620186,169.9303468852046,branch,branch,0.5849787042397221,0.6133929304547457
28852,ascending_neuron,AN17A018,AN17A018_L,L,BA,T1,,acetylcholine,6.0,0.328848202624235,0.6470722801946144,0.1299399396718423,3,12941,8086,4855,6620,199,3145,3005,140,873,155,183.6736013724034,161.8179326445697,branch,branch,0.5630856216379184,0.6135683823927134
28856,ascending_neuron,AN09B009,AN09B009_R,R,CA,A4,,acetylcholine,6.0,0.2044168483246399,0.5101682221552626,0.2812265535185768,3,11711,7810,3901,4687,265,5336,5166,170,1281,221,232.6682911710418,176.1914908900281,branch,branch,0.4999824285473227,0.817748302173327
28875,sensory_ascending,SApp10,SApp10_R,,campaniform sensilla,,,acetylcholine,37.0,0.5344460511684685,0.8249108114670618,0.1713720225090186,3,2683,1218,1465,1448,67,155,52,103,59,6,218.8440155315527,278.1921550509459,branch,branch,0.6357722057615135,0.7817834219210007
28901,ascending_neuron,ANXXX136,ANXXX136_R,R,BA,T3,,acetylcholine,2.0,0.4489596008416191,0.7560642286076384,0.2428756008602018,3,10934,1613,9321,4124,237,2843,2374,469,358,57,295.383055311733,190.5852434302077,branch,branch,0.6086636772617064,0.7984184318805497
28905,descending_neuron,DNg02_a,DNg02_a_L,L,ut,LB,sexually dimorphic,acetylcholine,10.0,0.106482867274457,0.3682094478019601,0.1779323856869728,3,2723,2280,443,1663,50,833,89,744,222,42,205.5484255985508,229.9180701313813,branch,branch,0.4247618502442992,1.025201522875645
28929,ascending_neuron,AN19B042,AN19B042_L,L,BA,T1,,acetylcholine,2.0,0.4441516988556932,0.7520049912363427,0.1212858620529526,3,6374,1428,4946,2558,115,954,881,73,233,44,234.9172303816435,140.3434011891251,branch,branch,0.6070275493796042,0.6181937408842372
28940,descending_neuron,DNg94,DNg94_L,L,xn,,,acetylcholine,2.0,0.1738166909597318,0.4704362703543822,0.119664751487004,3,3694,2712,982,1447,93,1243,41,1202,314,51,159.2503287310883,225.5289314829018,branch,branch,0.4801184983664421,0.8014256095592344
28949,descending_neuron,DNg07,DNg07_R,R,ut,LB,,acetylcholine,16.0,0.06504687396164427,0.2877850798588583,0.1086202747946318,3,2046,483,1563,1195,37,589,8,581,205,34,157.7639475887841,262.2813117645088,branch,branch,0.3755192260468704,1.118571913814247
28961,descending_neuron,DNge116,DNge116_R,R,xn,LB,potentially sexually dimorphic,acetylcholine,4.0,0.06483227206064429,0.2873099590383893,0.1311153477458893,3,3031,1393,1638,1256,100,290,10,280,113,13,151.815326622414,182.133176396083,branch,branch,0.3752091149330073,0.8900330235264212
28967,ascending_neuron,AN01B005,AN01B005_R,R,BA,T3,,gaba,6.0,0.309376,0.6276223047279197,0.05786140801564715,3,9948,5458,4490,5039,187,2246,2161,85,357,92,190.6105235328986,148.1054057596917,branch,branch,0.5545583191303514,0.6107850475018726
29059,descending_neuron,DNge115,DNge115_L,L,xn,LB,,acetylcholine,8.0,0.05110190332276975,0.2550783489867058,0.2510192602720697,3,2266,688,1578,1115,52,346,6,340,118,15,177.2768983313594,229.7219082926455,branch,branch,0.3535369726117564,1.151219923668235
29086,descending_neuron,DNge023,DNge023_L,L,xl,LB,,acetylcholine,2.0,1.122324494182965,1.195402830856042,0.1205240103759736,3,14438,14322,116,7283,230,7246,578,6668,694,210,211.1859301412854,176.1173994636012,branch,branch,0.7653413533316102,0.5060530545212474
29158,descending_neuron,DNge085,DNge085_L,L,nt,LB,,gaba,8.0,0.1151969756262395,0.3829795618583593,0.104510028909879,3,2287,1067,1220,1122,59,693,5,688,150,47,163.0461051474744,213.9280559931338,branch,branch,0.4331973976267586,0.8702133558646348
29188,descending_neuron,DNge108,DNge108_R,R,ut,LB,,acetylcholine,5.0,0.1431301271683106,0.4268945279031645,0.1116296477808514,3,2486,2153,333,1198,56,666,25,641,186,32,171.2596438919566,170.5606681367884,branch,branch,0.4573601629706621,0.747376662209803
29234,ascending_neuron,ANXXX202,ANXXX202_L,L,BA,A3,,glutamate,8.0,0.3048854451172698,0.623050724530106,0.2234212280350795,3,4056,1858,2198,1837,90,1576,1182,394,295,54,302.7671866968508,167.0035109456549,branch,branch,0.5525349355649396,0.8502099458420458
29242,descending_neuron,DNge153,DNge153_L,L,xl,GNG,,gaba,2.0,0.5485864577011805,0.835752338705269,0.1232563562101283,3,6738,6738,0,3449,164,4911,4902,9,1048,179,308.3153894519352,206.4726182197199,branch,branch,0.6399364390043606,0.8044361538039362
29304,ascending_neuron,AN17A003,AN17A003_L,L,IA,T3,,acetylcholine,6.0,0.3070989039080331,0.6253082988418844,0.2226649785678582,3,16291,10881,5410,7035,346,3905,3714,191,704,152,188.5774835808829,156.2708518024278,branch,branch,0.5535350634174165,0.6229927572325498
29310,descending_neuron,DNg06,DNg06_L,L,xn,LB,,acetylcholine,12.0,0.192,0.4944309785896827,0.2875412607649895,3,3077,2951,126,1602,68,756,54,702,242,44,211.4555755699816,215.8625770861675,branch,branch,0.4922105032493155,0.8681613859013954
29334,ascending_neuron,AN09B018,AN09B018_R,R,BA,A7,,acetylcholine,8.0,0.380858354472605,0.696364787921735,0.3324674842723507,3,6341,2642,3699,2884,165,4740,3839,901,522,124,208.4357461696837,191.1963038271391,branch,branch,0.5841393207802827,0.6841382454154968
29495,sensory_ascending,,,,haltere,,,unclear,,0.8141687799076168,1.018151210119183,0.2003453091755581,3,2,2,0,2,0,8,1,7,7,0,38.96500055871648,45.12515194923859,end,end,0.7063243539326671,0.1190531687598744
29509,descending_neuron,DNg07,DNg07_R,R,ut,LB,,acetylcholine,16.0,0.04987104955848356,0.2519876831023857,0.7708597851253374,3,2415,510,1905,1476,33,715,6,709,207,49,201.9328984481898,260.2333094669584,branch,branch,0.351388623492806,1.315256604841705
29510,sensory_ascending,SApp10,SApp10_R,,campaniform sensilla,,,acetylcholine,37.0,0.7768996458663454,0.9945749601753379,0.2113185228573612,3,2328,1241,1087,1360,58,295,164,131,65,13,211.1472767696454,278.0223343475139,branch,branch,0.6980986538347682,0.7007170239192869
29594,descending_neuron,DNg08,DNg08_R,R,ut,MX,,gaba,23.0,0.09991566172063934,0.356674321533103,0.05274204319696104,3,2159,1725,434,1053,62,403,19,384,140,12,197.4449061462033,173.2224563326568,branch,branch,0.4180555196995017,0.8866462587201236
29609,descending_neuron,DNg08,DNg08_R,R,ut,MX,,gaba,23.0,0.09160328138771875,0.3415156223225316,0.2154958987558814,3,2123,1587,536,1216,47,541,20,521,207,28,162.5785662138281,172.5340173537129,branch,branch,0.409075365841113,0.8191952181684302
29639,descending_neuron,DNg05_b,DNg05_b_R,R,ut,LB,,acetylcholine,4.0,0.2713479274184231,0.5877847493522292,0.3255235655599418,3,1334,1330,4,778,27,939,77,862,166,50,188.0094377894586,214.404685108092,branch,branch,0.5366698493325224,0.7498355337048449
29643,ascending_neuron,AN17A018,AN17A018_L,L,BA,T2,,acetylcholine,6.0,0.2196619127904132,0.5288499161736917,0.4331156526752763,3,9993,5979,4014,4921,208,5453,5353,100,1215,261,181.1388791310766,153.5584932677599,branch,branch,0.5090544754003337,0.6574883211381687
29665,ascending_neuron,AN17A018,AN17A018_R,R,BA,T2,,acetylcholine,6.0,0.2868209748057743,0.6043110187496168,0.4283241830560428,3,9956,5895,4061,4822,188,4796,4742,54,1005,239,182.9792776551252,152.7402827987153,branch,branch,0.5441621074526526,0.6169476996945279
29685,descending_neuron,DNp17,DNp17_L,L,ut,,,acetylcholine,12.0,0.1609471646264342,0.4526856465753872,0.236035816770499,3,2234,2081,153,1098,52,670,34,636,87,26,178.0747544232471,203.2061903688298,branch,branch,0.4709734247512695,0.809559361005218
29770,ascending_neuron,ANXXX072,ANXXX072_R,R,BA,T1,,acetylcholine,2.0,0.4807124205829095,0.7823439547484993,0.1383990084499429,3,7227,3373,3854,3614,123,1686,1559,127,405,63,202.4802800071535,107.0980891146067,branch,branch,0.6191514659812771,0.5000042576514252
29830,ascending_neuron,AN01B005,AN01B005_L,L,BA,T3,,gaba,6.0,0.1372245978085955,0.4179949574340365,0.1314656342628545,3,10327,5973,4354,5246,201,2394,2319,75,400,100,219.8764794907411,144.7396224840971,branch,branch,0.4525677066944545,0.8056608913569792
29854,descending_neuron,DNpe015,DNpe015_R,R,ut,,,acetylcholine,11.0,0.0827049533734077,0.3245045718946044,0.09161698708364834,3,1238,984,254,603,38,563,37,526,143,30,182.5387337080937,220.222411605195,branch,branch,0.398757119345042,1.010041265156152
29867,ascending_neuron,AN12B017,AN12B017_R,R,CA,T2,,gaba,6.0,0.4057775623519932,0.7187851130573003,0.1084916427921762,3,5825,2462,3363,3305,94,1510,1470,40,341,64,212.4237074401155,166.2212474127503,branch,branch,0.5934683693324161,0.638020447962202
29908,ascending_neuron,AN04B023,AN04B023(19886)_L,L,IA,T3,,acetylcholine,6.0,0.1217216544928017,0.3936760393405034,0.07727974031019508,3,8953,1577,7376,4550,164,1385,1043,342,327,52,216.2976964893929,237.7649309248923,branch,branch,0.4392052587080972,1.033827847940369
29923,ascending_neuron,AN19B044,AN19B044_L,L,BA,T1,,acetylcholine,4.0,0.2129863274391676,0.5207519703116447,0.3174182616498916,3,4223,386,3837,1404,75,677,550,127,221,34,199.1414087251954,188.5264839067083,branch,branch,0.5051420250312835,0.7674433593362091
29930,ascending_neuron,AN06B075,AN06B075_L,L,BA,T1,,gaba,2.0,0.5273429673278561,0.8194107148675867,0.4956820907744145,3,3152,45,3107,1013,84,590,409,181,167,26,217.8953356412166,174.0752291440364,branch,branch,0.6336491539370328,0.6185924219259733
29934,descending_neuron,DNpe012_a,DNpe012_a(PS227)_L,L,xn,,,acetylcholine,4.0,0.263911371126161,0.5603241848395742,0.3748612316174181,2,2630,1001,1629,1409,67,781,13,768,201,39,5.918964701345319,0.5120000000000005,end,end,0.5239836357858816,0.01227321668490663
30016,ascending_neuron,AN07B013,AN07B013_R,R,BA,T2,,glutamate,4.0,0.2642958759799385,0.5800965099085478,0.333895039642813,3,15025,11566,3459,8178,262,3526,3472,54,473,129,215.5454242367945,170.9729373606395,branch,branch,0.5331484688669643,0.7249732188462522
30022,ascending_neuron,AN19B042,AN19B042_R,R,BA,T1,,acetylcholine,2.0,0.4874891882461395,0.7878391410090188,0.2284709916407003,3,6473,1520,4953,2812,114,833,743,90,218,40,244.4035084090872,136.4384096913745,branch,branch,0.6213221218453591,0.6129540615250286
30051,ascending_neuron,AN06B023,AN06B023_R,R,BA,T1,,gaba,2.0,0.924121157965819,1.084724666654415,0.1214627574097132,3,8790,5877,2913,4300,153,2356,2321,35,349,97,170.9330197215175,119.8438989969253,branch,branch,0.729050812125371,0.3988431449253215
30088,ascending_neuron,AN13B002,AN13B002_L,L,CA,A1,,gaba,2.0,0.1535592121189151,0.4421737908652861,0.1043980840819911,3,26647,24675,1972,14465,424,19535,18501,1034,3068,582,242.4190364783984,215.4644992028543,branch,branch,0.465473047043532,0.983695057296047
30095,ascending_neuron,AN09B033,AN09B033_R,R,CA,A4,,acetylcholine,6.0,0.160369060008879,0.4518719165375418,0.1118480323614912,3,4645,630,4015,2668,91,744,449,295,328,27,288.4475768927327,221.7886127564337,branch,branch,0.4705499326356295,1.08434016086507
30119,ascending_neuron,AN06B023,AN06B023_L,L,BA,T1,,gaba,2.0,0.7192874043398692,0.9569875481088727,0.3107637509211487,3,8280,5628,2652,3853,157,2203,2180,23,308,92,,,,,,
30161,descending_neuron,DNg36_b,DNg36_b_L,L,ut,LB,,acetylcholine,7.0,0.08361091089517296,0.3262770573041602,0.1286797918053621,3,1514,777,737,727,43,276,40,236,94,16,147.6736306301291,212.6215687303582,branch,branch,0.3998446674385423,0.9010879191376638
30212,ascending_neuron,AN03B050,AN03B050_L,L,BA,T3,,gaba,2.0,0.1960512499745097,0.4996200599078306,0.5187827551267156,3,5823,871,4952,2560,161,1199,1155,44,317,64,160.8409961829645,201.3877141351694,branch,branch,0.4947866503401612,0.7320907103477934
30228,descending_neuron,DNg02_a,DNg02_a_R,R,ut,LB,sexually dimorphic,acetylcholine,10.0,0.1075780462831227,0.3700981257356236,0.1634517056899391,3,2657,2271,386,1509,47,680,91,589,205,28,188.0576511785232,239.9343699521865,branch,branch,0.4258498345784057,1.00503038014427
30231,ascending_neuron,ANXXX200,ANXXX200_L,L,BA,T2,,gaba,4.0,0.1524266105890772,0.4405401097198309,0.5662335261066502,3,6572,2193,4379,3085,122,602,550,52,138,32,214.2017896346527,176.0410687769051,branch,branch,0.4646123693604348,0.8399321329923893
30346,ascending_neuron,AN17A062,AN17A062_L,L,IA,T3,,acetylcholine,6.0,0.08980180369892314,0.3381408104000659,0.262728491914774,3,8024,3147,4877,3960,158,1405,1215,190,451,64,308.5714685492009,246.0398932294481,branch,branch,0.4070491335158844,1.36251699392699
30379,ascending_neuron,AN09B031,AN09B031_L,L,BA,T2,,acetylcholine,2.0,0.002800283538514887,0.05971123627683541,0.4583412241735526,3,12708,2087,10621,6333,220,1949,1333,616,709,97,263.7189029830374,218.5981033682802,branch,branch,0.171051178819818,2.819723369807238
30465,descending_neuron,DNge134,DNge134_L,L,xn,,,glutamate,2.0,0.1653158150245631,0.4377526535137808,0.4436580738672314,2,4925,1070,3855,1639,136,644,20,624,188,30,8.990964701345291,30.4582047552464,end,end,0.4631401518134144,0.08517760617845244
30492,sensory_ascending,SAxx01,SAxx01_R,,abdomen,,,acetylcholine,13.0,0.1844724307920792,0.4846417169393239,0.1823637833500394,3,3961,422,3539,1844,93,180,34,146,105,5,299.1132350209263,270.0417131470377,branch,end,0.4873134938622864,1.167944157788509
30497,ascending_neuron,AN09B028,AN09B028_R,R,BA,T1,,glutamate,2.0,0.1941393003444279,0.4971778699678239,0.0996042988045134,3,7432,2600,4832,3469,157,1257,1000,257,375,65,238.3076593671552,193.3254266271384,branch,branch,0.493575887057131,0.8745019708475598
30503,descending_neuron,DNpe015,DNpe015_R,R,ut,,,acetylcholine,11.0,0.06477645576276105,0.2871862549721614,0.6173064801301573,3,1280,1000,280,601,42,495,28,467,126,27,181.4668593587589,214.4004039917585,branch,branch,0.3751283312899188,1.055284899408385
30574,ascending_neuron,ANXXX338,ANXXX338_R,R,BA,T1,,glutamate,3.0,0.01760349076890647,0.1497112573334154,0.4232412356740974,3,2148,87,2061,1088,44,281,106,175,135,13,171.5866685241937,153.696859396221,branch,branch,0.2708477729156611,1.200982841463881
30577,ascending_neuron,AN10B029,AN10B029_L,L,BA,T1,,acetylcholine,6.0,0.231528961154151,0.5429473538870195,0.1170415277159587,3,4230,503,3727,1332,101,617,596,21,182,37,379.9902653832538,203.6047636010675,branch,branch,0.5157947299116573,1.131448219884442
30581,ascending_neuron,ANXXX049,ANXXX049_L,L,CA,T3,,acetylcholine,4.0,0.2972591447685022,0.6152089873802329,0.2028830545119848,3,9809,6038,3771,4865,175,3874,3819,55,670,159,216.1618780356993,163.5079412966391,branch,branch,0.5490468138659163,0.6915071898132502
30624,ascending_neuron,AN08B022,AN08B022_L,L,BA,T1,,acetylcholine,6.0,0.2331242778183236,0.5448146926764329,0.129549366861942,3,9993,3659,6334,4844,199,1046,972,74,270,38,195.2979335410319,161.1276077615905,branch,branch,0.5166809454696893,0.6898368217906959
30660,ascending_neuron,AN19B010,AN19B010_R,R,BA,T3,,acetylcholine,4.0,0.4692222085233382,0.7729374303007215,0.1026986504463231,3,14413,10665,3748,7277,273,4454,4402,52,704,182,196.3632367689666,162.3444774398426,branch,branch,0.6154180212240729,0.5828683948762758
30664,ascending_neuron,AN14A003,AN14A003_L,L,CA,T1,,glutamate,5.0,0.317338459198012,0.635647603091709,0.1129121918747372,3,7757,5953,1804,3828,105,3404,3330,74,543,135,182.5963936767985,125.1628308104252,branch,branch,0.5580925779070506,0.5514483379108484
30688,ascending_neuron,AN05B100,AN05B100_R,R,BA,T1,,acetylcholine,6.0,0.271872,0.5883520897440904,0.08520343058725466,3,13755,6497,7258,5042,391,437,329,108,239,16,214.0643418662229,162.8167888219091,branch,branch,0.5369287885507763,0.7019201404815176
30705,ascending_neuron,AN17A009,AN17A009_L,L,BA,A1,,acetylcholine,2.0,0.2322353864744277,0.5437750249377907,0.2264994272034478,3,13289,7791,5498,5974,311,8075,7747,328,1468,355,238.7303490633753,158.8850688656005,branch,branch,0.5161877199425781,0.7702922843131711
30777,ascending_neuron,AN19B004,AN19B004_L,L,BA,T1,,acetylcholine,2.0,0.9223252106576649,1.083670121077225,0.1686057502243253,3,12364,10500,1864,5781,196,7779,7720,59,773,184,213.6086244227657,213.7967447365018,branch,branch,0.7286963423318662,0.5865342589638203
30789,ascending_neuron,AN08B009,AN08B009_R,R,BA,T1,,acetylcholine,4.0,0.6348821868329511,0.8990868181236177,0.3635739618182707,3,14825,9020,5805,7057,348,5355,5133,222,1165,251,185.0182345901172,154.4579175415379,branch,branch,0.6637413207572455,0.5114585178219061
30827,descending_neuron,DNg36_b,DNg36_b_L,L,ut,LB,,acetylcholine,7.0,0.06765727662665072,0.293502845114213,0.07910068107469077,3,1742,910,832,805,53,369,58,311,93,23,163.8313195397376,201.0469814687382,branch,branch,0.3792313200488119,0.9621523374216857
30837,ascending_neuron,AN03B094,AN03B094_L,L,IA,T1,,gaba,2.0,0.2186163843143283,0.5275898270778377,0.1464900505882551,3,3445,860,2585,1182,81,809,597,212,241,38,226.3808744403034,161.206192428743,branch,branch,0.5084476524364534,0.7622949285177153
30862,ascending_neuron,AN17A014,AN17A014_L,L,BA,T3,,acetylcholine,6.0,0.186624,0.4874598001852615,0.09365550360598153,3,14612,9979,4633,6013,319,3722,3574,148,955,136,213.7666485333372,171.3398751915092,branch,branch,0.4887282497367817,0.7879768029211658
30889,ascending_neuron,AN01B004,AN01B004(28192)_R,R,IA,T3,,acetylcholine,6.0,0.1795281533874037,0.478102859525147,0.076856854970347,3,9252,2652,6600,4158,175,1718,1385,333,287,72,244.5853494392171,262.9417601739679,branch,branch,0.484014877010327,1.048577499824155
30904,ascending_neuron,AN07B021,AN07B021_R,R,BA,T2,,acetylcholine,2.0,0.2277640271512074,0.5385147781046037,0.2751411283925712,3,12251,6362,5889,6438,280,1513,1449,64,428,76,201.4625307528942,155.2776311755916,branch,branch,0.5136849630573741,0.6944726585049775
30921,ascending_neuron,AN08B023,AN08B023_R,R,BA,T1,,acetylcholine,6.0,0.2970386072263888,0.6149807322458924,0.1461066994749184,3,8195,4355,3840,4867,144,2584,1217,1367,612,108,186.7157946356927,148.6702632626582,branch,branch,0.5489449506102477,0.610964829033423
30929,descending_neuron,DNge117,DNge117_L,L,nt,LB,,gaba,4.0,0.1035666416190967,0.3631324050877978,0.3222848891294989,3,1837,826,1011,747,50,513,5,508,158,41,163.3651589033076,249.0751579381821,branch,branch,0.4218232787471797,0.9777561780526727
30957,descending_neuron,DNpe015,DNpe015_R,R,ut,,,acetylcholine,11.0,0.0714329859131441,0.3015813363972063,0.1369531194977735,3,1182,976,206,543,31,467,37,430,135,23,178.383262028793,215.08159724357,branch,branch,0.3844149513671796,1.023542028927328
31054,ascending_neuron,AN10B027,AN10B027(31054)_L,L,CA,T2,,acetylcholine,6.0,0.2277359356722453,0.5384815679808974,0.08655309269201247,3,6751,1466,5285,2490,143,2017,1878,139,311,104,236.330854260857,206.501786416934,branch,branch,0.5136691233767509,0.8620970592250201
31059,descending_neuron,DNpe054,DNpe054(DNp16/17)_R,R,ht,,,acetylcholine,7.0,0.0835245073444094,0.326108426302395,0.7001746388749197,3,1262,1069,193,626,32,429,39,390,108,19,184.5007526490344,220.8284353726356,branch,branch,0.3997413274708703,1.013978691135474
31103,ascending_neuron,AN18B002,AN18B002_L,L,BA,T3,,acetylcholine,2.0,0.2316533103962727,0.5430931370081411,0.2589665213280348,3,12535,9182,3353,6268,254,5412,5246,166,1181,257,175.8635006967408,125.8454687880603,branch,branch,0.5158639715409374,0.5848614869993075
31180,ascending_neuron,AN09B036,AN09B036_R,R,CA,A2,,acetylcholine,2.0,0.3596438582065946,0.6766925315752804,0.08113125146588282,3,7232,2957,4275,3063,189,2591,2436,155,406,124,311.5638416734948,290.107504030396,branch,branch,0.5758292632993632,1.044878029047115
31227,ascending_neuron,AN07B005,AN07B005_L,L,BA,T2,,acetylcholine,6.0,0.3784019324384169,0.6941154833201718,0.08692293019499085,3,18686,16126,2560,9553,356,5334,5286,48,888,200,194.6746608669585,149.2497800628581,branch,branch,0.5831951532950905,0.589724449846027
31229,sensory_ascending,SApp10,SApp10_R,,campaniform sensilla,,,acetylcholine,37.0,0.3508839673667805,0.668400585625826,0.1365654153035921,3,3135,1609,1526,1688,76,136,57,79,54,8,232.5619188393288,273.2688756209702,branch,branch,0.5722903869161658,0.883870856517458
31264,descending_neuron,DNpe009,"DNpe009(PS222,PS226)_L",L,nt,,,acetylcholine,6.0,0.1513542825752481,0.4389877650229287,0.1732870993246533,3,1359,1251,108,807,20,596,16,580,122,34,177.802115258392,190.6935282965988,branch,branch,0.4637930625410809,0.7945259929849661
31276,ascending_neuron,AN06B075,AN06B075_R,R,BA,T1,,gaba,2.0,0.2877192959561866,0.6052566277165221,0.2644790133537083,3,2828,19,2809,856,75,583,424,159,181,31,208.1601067744056,234.7876153045881,branch,branch,0.5445876858515034,0.8133634556690571
31298,descending_neuron,DNge009,DNge009_R,R,fl,MX,,acetylcholine,7.0,0.1171522836071146,0.3862161574100795,0.1855921494204653,3,1641,1287,354,860,32,470,39,431,107,29,214.5089911862842,124.9414362081997,branch,branch,0.4350240420148511,0.7803026835535115
31327,descending_neuron,DNge108,DNge108_L,L,ut,LB,,acetylcholine,5.0,0.127872,0.4034993024335665,0.176540513466958,3,2149,1894,255,1049,55,560,13,547,156,35,169.9723269713616,192.2214469720766,branch,branch,0.4446511646138437,0.8145571242526364
31334,ascending_neuron,AN08B009,AN08B009_L,L,BA,T1,,acetylcholine,4.0,0.2284642505064562,0.5393419307851934,0.1164921939301939,3,14074,8266,5808,6754,341,5049,4799,250,1121,245,182.9206399896467,158.7575053050151,branch,branch,0.5140793188650412,0.6646409080392532
31338,descending_neuron,DNge108,DNge108_R,R,ut,LB,,acetylcholine,5.0,0.2064981037039987,0.5127587654528722,0.4910755297264127,3,2526,2189,337,1193,59,606,16,590,172,37,165.278991431002,171.6288850364473,branch,branch,0.5012502319918738,0.6721351033168425
31362,ascending_neuron,AN18B032,AN18B032_L,L,BA,T2,,acetylcholine,3.0,0.8991156353884324,1.069948401684041,0.0607077685905047,3,5881,4396,1485,2716,140,4487,4270,217,847,262,140.7783873380923,145.824376338395,branch,branch,0.7240681713935367,0.3958229003836663
31381,descending_neuron,DNg08,DNg08_L,L,ut,MX,,gaba,23.0,0.09585153864521186,0.3493450578250599,0.3526090209649139,3,2278,1781,497,1114,48,418,15,403,131,16,159.5062843457099,167.8722966808697,branch,branch,0.4137379343670088,0.7912704004950543
31387,ascending_neuron,AN17A014,AN17A014_R,R,BA,T2,,acetylcholine,6.0,0.2270778232216193,0.537702951691867,0.03986088420143698,3,14352,9680,4672,5742,323,3946,3794,152,848,193,211.0685504377677,157.6250881423283,branch,branch,0.5132976196409007,0.7182843334399862
31407,ascending_neuron,AN05B095,AN05B095_L,L,BA,A2,potentially male-specific,acetylcholine,2.0,0.285056,0.6024488124845351,0.1091350922042618,3,15115,10446,4669,7061,356,2417,2343,74,577,94,186.4349577211431,153.4075933981512,branch,branch,0.5433230329347561,0.6254889458369485
31421,descending_neuron,DNg07,DNg07_L,L,ut,LB,,acetylcholine,16.0,0.06093200798939678,0.2785337360396741,0.06762582434472623,3,1644,412,1232,1005,23,617,4,613,175,38,170.1099086951423,262.6787869170409,branch,branch,0.3694340680817625,1.171491026421524
31474,ascending_neuron,AN07B035,AN07B035_L,L,BA,T1,,acetylcholine,4.0,0.2653929695673766,0.5812992549005026,0.2887421859875899,3,7989,2334,5655,4092,151,899,749,150,270,48,299.6803298703554,162.6104768315269,branch,branch,0.5337008852355842,0.8661983134950574
31567,ascending_neuron,AN06B088,AN06B088_R,R,BA,T3,,gaba,2.0,0.1350152020346524,0.4146163218819622,0.06830948629055884,3,9322,5746,3576,3759,204,1582,1466,116,273,47,214.8965834728932,176.4283826830968,branch,branch,0.4507349528516304,0.8681930781720483
31609,descending_neuron,DNge114,DNge114_L,L,ut,LB,,acetylcholine,6.0,0.06764325721099275,0.2934724348481947,0.2920202158510384,3,1765,713,1052,793,58,420,93,327,105,19,165.8821953846916,181.2658241790876,branch,branch,0.3792116731795257,0.9154465543032823
31641,descending_neuron,DNg02_a,DNg02_a_R,R,ut,LB,sexually dimorphic,acetylcholine,10.0,0.1914547298972842,0.4937284001673508,0.1634154899564066,3,2462,1953,509,1557,41,849,106,743,241,46,186.8837375113998,238.876625995264,branch,branch,0.4918606673459485,0.8656117306635674
31667,ascending_neuron,AN17A009,AN17A009_R,R,BA,A1,,acetylcholine,2.0,0.2066499852488541,0.5129473005463417,0.123409689431131,3,13157,8158,4999,5769,332,7619,7299,320,1476,352,214.7495824828346,163.4683926940318,branch,branch,0.5013423752962713,0.7544105461928211
31712,ascending_neuron,ANXXX150,ANXXX150_L,L,BA,A9,potentially sexually dimorphic,acetylcholine,4.0,0.3541784033282174,0.6715310484323463,0.3921766932839346,3,5532,752,4780,2048,177,1520,1273,247,326,62,315.3792642547853,363.4760620823584,branch,branch,0.573628986132892,1.18343971930992
31760,ascending_neuron,ANXXX049,ANXXX049_R,R,CA,T3,,acetylcholine,4.0,0.3158636136280998,0.6341687816459,0.08036594227086039,3,10199,6569,3630,5067,161,4730,4669,61,697,189,222.3132607430032,163.3110315538194,branch,branch,0.5574430042672444,0.6917734895672851
31769,descending_neuron,DNge115,DNge115_R,R,xn,LB,,acetylcholine,8.0,0.04290955833152783,0.2337394842871469,0.06186928662540087,3,2143,552,1591,1092,44,352,8,344,123,18,164.4514551621145,211.7430228590185,branch,branch,0.3384262804521865,1.111599481927002
31790,descending_neuron,DNg18_b,DNg18_b_L,L,xn,LB,,gaba,6.0,0.1203968260681383,0.39152777680588,0.1114358149902845,3,1868,777,1091,907,44,517,13,504,128,31,161.319252735405,232.9238470459408,branch,branch,0.4380052632502048,0.9000875853771183
31825,descending_neuron,DNge024,DNge024_R,R,fl,MX,,acetylcholine,4.0,0.1076915853306403,0.370293377037981,0.08172343292337093,3,1711,1476,235,875,43,609,67,542,124,36,179.1967172709613,134.2040632705716,branch,branch,0.4259621517794869,0.7357479513902326
31896,ascending_neuron,AN18B002,AN18B002_R,R,BA,T3,,acetylcholine,2.0,0.4242173814656062,0.7349356064622337,0.2414532237011812,3,12530,8760,3770,6223,256,5024,4886,138,1124,251,185.0636428980725,118.1154852151572,branch,branch,0.6000986978543567,0.5052154407220709
31932,descending_neuron,DNge009,DNge009_L,L,fl,MX,,acetylcholine,7.0,0.04938095824819446,0.2507464631824688,0.03813933221595221,3,1806,1310,496,972,36,542,45,497,153,27,171.709918515016,119.505837985392,branch,branch,0.3505221347638544,0.8308056114533228
31952,ascending_neuron,AN02A016,AN02A016_L,L,BA,T1,,glutamate,2.0,0.004852994941645422,0.07860677496312049,0.1934636664612552,3,7342,2209,5133,2811,181,1491,1320,171,406,77,14.65262096637003,127.5210589001319,end,branch,0.1962582985046213,0.7244212395082706
31966,ascending_neuron,AN10B027,AN10B027(31966)_R,R,CA,T1,,acetylcholine,6.0,0.235136,0.547160354549603,0.3228603235088466,3,7555,1570,5985,3203,149,1479,1310,169,298,75,394.6096517380407,193.1710758339007,branch,branch,0.5177920178308134,1.135167610413022
31987,descending_neuron,DNpe015,DNpe015_L,L,ut,,,acetylcholine,11.0,0.06115650746371341,0.2790463827407391,0.4885801075244291,3,1347,1148,199,541,41,502,47,455,140,31,157.6866427454754,215.3867538458238,branch,branch,0.3697738870485072,1.008923046376066
32016,ascending_neuron,AN01A049,AN01A049_R,R,IA,T1,,acetylcholine,2.0,0.215711000097266,0.5240722999340927,0.1266843579271373,3,4902,785,4117,1760,120,653,477,176,238,33,183.8920170110607,138.4128082149206,branch,branch,0.506749866273002,0.6360235032649136
32040,ascending_neuron,ANXXX214,ANXXX214_L,L,BA,A1,potentially sexually dimorphic,acetylcholine,2.0,0.1841117226344314,0.4841676630130001,0.05914711993393167,3,6500,1171,5329,2470,171,1078,962,116,295,57,210.6744446927823,279.0748831006787,branch,branch,0.4870751018850892,1.005490376941917
32085,ascending_neuron,AN09B018,AN09B018_L,L,BA,A7,,acetylcholine,8.0,0.6982664288975159,0.9429000106232479,0.3069840438213378,3,5784,2595,3189,2738,147,3819,3075,744,441,111,219.7292697716975,147.6815664809079,branch,branch,0.6797212702316968,0.5405316154478527
32094,ascending_neuron,AN17B011,AN17B011_R,R,BA,T3,,gaba,2.0,0.1200179414050788,0.3909112291488364,0.4432837333382435,3,6164,3693,2471,2113,224,1309,1101,208,459,61,245.695662100301,186.2637989370754,branch,branch,0.4376602589714193,0.9869743760892505
32127,ascending_neuron,AN03B011,AN03B011_R,R,IA,T3,,gaba,4.0,0.145410519591247,0.4302817957618736,0.1499041284595982,3,13212,10710,2502,6665,279,3254,3237,17,660,106,168.8352982870707,154.6831666723147,branch,branch,0.4591710791451461,0.7045706483990465
32166,descending_neuron,DNpe012_a,DNpe012_a(PS221)_R,R,xn,,,acetylcholine,4.0,0.05609421625708033,0.2672477771085117,0.1161133824132934,3,2773,1653,1120,1523,62,717,15,702,219,38,186.0937899068172,182.6754757599113,branch,branch,0.36187209174399,1.019059701148819
32193,ascending_neuron,AN17A018,AN17A018_L,L,BA,T3,,acetylcholine,6.0,0.2202728965457114,0.5295848964192211,0.1177659596740117,3,12362,8204,4158,6297,215,5760,5701,59,1357,298,186.1839506445642,159.6322747213597,branch,branch,0.5094080871417516,0.6788589229241948
32255,ascending_neuron,AN08B034,AN08B034_c_L,L,BA,A1,,acetylcholine,6.0,0.252659633046894,0.567182718489889,0.2081430434206326,3,7023,3855,3168,2811,166,4367,3864,503,494,114,179.1017124825502,181.374478346746,branch,branch,0.5271807394623267,0.6837810334211887
32263,descending_neuron,DNpe008,DNpe008(PS225)_R,R,ht,,,acetylcholine,19.0,0.04919511588535296,0.2502741835528794,0.02127302931925566,3,1769,1189,580,636,48,415,32,383,91,25,180.8330592863221,399.1374748437484,branch,branch,0.3501918758922184,1.656150739226666
32288,descending_neuron,DNpe015,DNpe015_L,L,ut,,,acetylcholine,11.0,0.1353581180636657,0.4151425160346626,0.1794470353183865,3,1368,1101,267,595,42,583,41,542,144,31,181.1979560617835,234.9910374393519,branch,branch,0.4510208785156011,0.9227710142175584
32324,ascending_neuron,AN08B074,AN08B074_R,R,BA,T1,potentially male-specific,acetylcholine,6.0,0.1272466769081405,0.4025114917310847,0.6506032554926031,3,4760,1293,3467,1652,174,1012,636,376,278,55,390.7263973619642,199.0203433358324,branch,branch,0.4441065535974801,1.327939738606782
32413,descending_neuron,DNg12_f,DNg12_f_L,L,xn,MX,,acetylcholine,4.0,0.09345530814840584,0.3449507124212974,0.07014274251456579,3,1307,464,843,555,37,596,86,510,131,22,250.2397819157594,129.6017522474183,branch,branch,0.4111275338461725,0.9239019595931497
32414,ascending_neuron,AN10B029,AN10B029_R,R,BA,T1,,acetylcholine,6.0,0.3141604471746602,0.6324567216295985,0.212572888572153,3,4217,585,3632,1603,89,707,685,22,218,40,372.8138310788199,212.2983503695628,branch,branch,0.5566900336798776,1.051055607337941
32464,ascending_neuron,AN06B015,AN06B015_L,L,BA,T1,,gaba,1.0,0.2212875075026872,0.5308031700247281,0.3170707798790898,3,4979,2890,2089,2473,83,1233,1198,35,381,49,175.7687051847244,172.5000322806841,branch,branch,0.5099936796785983,0.682888340272942
32502,sensory_ascending,SApp10,SApp10_R,,campaniform sensilla,,,acetylcholine,37.0,0.4525708473565891,0.7590988734339621,0.02382312676283551,3,2448,1296,1152,1302,64,259,163,96,60,16,220.0859618923548,268.8842227173255,branch,branch,0.6098839627196647,0.8017429781711397
32556,ascending_neuron,AN07B035,AN07B035_R,R,BA,T1,,acetylcholine,4.0,0.264393075621663,0.5802031706528806,0.1573125046077792,3,9770,2426,7344,4663,198,589,447,142,214,30,187.1849931897832,165.6978941067033,branch,branch,0.5331974808829384,0.6618239957025616
32592,ascending_neuron,AN10B027,AN10B027(31966)_L,L,CA,T1,,acetylcholine,6.0,0.2416454164823967,0.5546823415878547,0.136721457917085,3,5945,1352,4593,2235,126,1191,1027,164,294,61,383.0276763742501,194.6054693126219,branch,branch,0.5213389946839281,1.107979935468041
32608,ascending_neuron,AN19B044,AN19B044_L,L,BA,T1,,acetylcholine,4.0,0.1706784853029806,0.4661701373138934,0.4186580063812934,3,4164,296,3868,1351,81,701,583,118,215,36,194.5806911491705,181.3892046980646,branch,branch,0.4779365724484869,0.7866522830030086
32630,ascending_neuron,AN17A031,AN17A031_R,R,BA,T2,,acetylcholine,2.0,0.4007494498427072,0.7143178893676089,0.2057829016895486,3,7284,3895,3389,3477,167,2269,2098,171,510,98,190.6866477673784,155.7955057482365,branch,branch,0.5916213026845198,0.5856485423081111
32645,ascending_neuron,AN17A014,AN17A014_L,L,BA,T2,,acetylcholine,6.0,0.3858015938696218,0.7008693499766254,0.1141205342211331,3,14781,9587,5194,6186,318,4621,4444,177,958,202,213.6718650034227,162.4917758351463,branch,branch,0.5860255809165213,0.641889455150172
32651,ascending_neuron,ANXXX169,ANXXX169_L,L,BA,A2,,glutamate,10.0,0.4191707586145869,0.7305510152376282,0.1331891724862494,3,4984,2487,2497,2652,98,2267,2153,114,324,76,201.6622012688588,215.549941706854,branch,branch,0.5983059396884154,0.6973224153398637
32680,descending_neuron,DNg36_b,DNg36_b_R,R,ut,LB,,acetylcholine,7.0,0.1738417607392757,0.4704701949110426,0.442115207175772,3,1767,740,1027,757,61,267,53,214,100,15,157.092955842304,181.7355850876031,branch,branch,0.4801358094397989,0.7056931273783499
32832,descending_neuron,DNg05_c,DNg05_c_L,L,ut,LB,,acetylcholine,2.0,0.1505735436738987,0.4378540740892048,0.3428479150136635,3,1798,1795,3,1018,43,578,39,539,188,33,206.6433871536725,214.2089959266047,branch,branch,0.4631937999409214,0.9085881182648717
32881,ascending_neuron,AN10B027,AN10B027(32881)_R,R,CA,T3,,acetylcholine,6.0,0.1338784978079809,0.4128672881191498,0.08839228854417423,3,6840,1637,5203,2781,153,1930,1826,104,333,93,394.4532918338301,206.2459147618527,branch,branch,0.4497832491082604,1.335530408895014
32886,ascending_neuron,AN10B024,AN10B024_L,L,BA,T2,,acetylcholine,4.0,0.188928,0.4904595811152279,0.2740458468154863,3,6385,1528,4857,3067,122,702,636,66,256,31,175.1228574422768,161.1464224592669,branch,branch,0.4902297367015404,0.6859422322360459
32930,ascending_neuron,AN05B100,AN05B100_L,L,BA,T2,,acetylcholine,6.0,0.226944,0.5375444867547028,0.2566213522382603,3,17266,11165,6101,5782,465,2794,2689,105,532,99,227.442561136427,156.0913280241699,branch,branch,0.5132219778125293,0.7473060502890133
32949,ascending_neuron,AN17A014,AN17A014_R,R,BA,T3,,acetylcholine,6.0,0.3059855382344563,0.6241737637847196,0.2240651935730601,3,13970,9125,4845,5831,275,4371,4177,194,1006,170,185.4782129095439,159.5214907816938,branch,branch,0.5530326791922088,0.6238324002754484
32961,descending_neuron,DNpe008,DNpe008(PS225)_R,R,ht,,,acetylcholine,19.0,0.0814881088998575,0.3221084951953052,0.237934870717105,3,1538,975,563,495,42,471,33,438,85,29,172.9857813068282,398.7207060599711,branch,branch,0.3972822203996795,1.439043727634332
33007,descending_neuron,DNp17,DNp17_L,L,ut,,,acetylcholine,12.0,0.08098667982500175,0.321115934438012,0.1990668900623308,3,1809,1709,100,1063,36,428,56,372,72,23,175.1334393261577,187.4473343817071,branch,branch,0.3966696457691536,0.9140623124938396
33037,descending_neuron,DNp69,DNp69(CL304)_L,L,xn,CG,,acetylcholine,2.0,1.395111727413016,1.332783335980021,0.1353121019799774,3,21355,16840,4515,10119,474,12393,271,12122,1518,417,226.7971484631896,147.9579460965176,branch,branch,0.8081236505821435,0.4637348434113356
33116,descending_neuron,DNge089,DNge089_L,L,xn,LB,,acetylcholine,6.0,0.05573783008860474,0.2663974650903063,0.1511361984475044,3,2388,919,1469,1325,62,421,23,398,160,25,190.8524637152416,218.9705279131905,branch,branch,0.3612959422609809,1.134313851032398
33220,ascending_neuron,AN03B009,AN03B009_R,R,BA,T2,,gaba,2.0,0.229504,0.5405678204211741,0.1678801417130332,3,21431,19085,2346,11101,434,4999,4958,41,1111,221,187.9687459790753,115.0333826314373,branch,branch,0.5146632219290351,0.5887386463614305
33238,ascending_neuron,AN07B040,AN07B040_L,L,IA,T1,,acetylcholine,2.0,0.1377957577241711,0.4188639490707698,0.3828384369932052,3,7323,2215,5108,3710,92,410,310,100,141,17,234.6985690166634,134.3069798880066,branch,branch,0.4530378958152145,0.8145136473421648
33283,ascending_neuron,AN06B044,AN06B044_R,R,BA,T3,,gaba,2.0,0.2257316035984201,0.5361067097117799,0.3303531322312137,3,7797,2711,5086,3679,175,977,851,126,310,52,96.39246034208517,195.022901976597,branch,branch,0.512535157583138,0.5685763366806929
33333,descending_neuron,DNg02_g,DNg02_g_L,L,ut,LB,sexually dimorphic,acetylcholine,4.0,0.3772510228289764,0.6930591032211036,0.2993449156182547,3,3695,3588,107,1824,77,1581,189,1392,296,67,223.5420421028465,233.320204470775,branch,branch,0.5827511995511814,0.7839747853380379
33335,descending_neuron,DNpe024,DNpe024(CL325)_L,L,xn,,,acetylcholine,2.0,0.4632050047910092,0.7679654480633575,0.3395935147788955,3,10478,4033,6445,4950,199,4186,199,3987,816,210,167.0296203921612,147.7279800323446,branch,branch,0.6134354648624785,0.5131062979788248
33358,descending_neuron,DNge116,DNge116_L,L,xn,LB,potentially sexually dimorphic,acetylcholine,4.0,0.1381724443877053,0.4194360740174198,0.1909370142055596,3,3171,1318,1853,1590,64,400,11,389,134,25,172.5297056238677,203.4340299826817,branch,branch,0.4533471917510196,0.8293064177907832
33400,ascending_neuron,AN08B016,AN08B016_R,R,BA,T3,,gaba,2.0,0.229504,0.5405678204211741,0.296419034417061,3,9722,6501,3221,4045,234,3324,3275,49,662,146,193.9078227024927,185.2738677084359,branch,branch,0.5146632219290351,0.7367569203598784
33424,descending_neuron,DNg02_b,DNg02_b_L,L,ut,LB,,acetylcholine,5.0,0.1318534919695479,0.4097329375179015,0.4507180536482736,3,2874,2861,13,1452,47,524,77,447,169,30,209.6419414908527,236.5404524054192,branch,branch,0.4480726943072649,0.9957812639890599
33487,ascending_neuron,AN08B074,AN08B074_R,R,BA,T1,potentially male-specific,acetylcholine,6.0,0.1799905401812449,0.4787181565775464,0.0997353205630822,3,4783,1297,3486,1718,173,873,647,226,284,46,387.8859418513344,200.3496814108794,branch,branch,0.4843262296458841,1.214544220932042
33596,ascending_neuron,AN05B106,AN05B106_R,R,CA,A8,,acetylcholine,4.0,0.2558396363799312,0.5707408712801224,0.1296133238611143,3,6947,1305,5642,4174,92,1143,678,465,303,62,281.1319344525111,226.7046199629838,branch,branch,0.5288317567310609,0.9602989002677402
33683,descending_neuron,DNge115,DNge115_R,R,xn,LB,,acetylcholine,8.0,0.05069918124646575,0.2540712546682437,0.5622926870161734,3,2260,368,1892,1125,34,356,6,350,121,23,177.4699308589245,220.4310209352355,branch,branch,0.3528383692109454,1.12771451892828
33710,ascending_neuron,AN10B024,AN10B024_R,R,BA,T2,,acetylcholine,4.0,0.1143069327682001,0.3814971913892106,0.08181155392482417,3,6477,1599,4878,3129,116,608,545,63,213,33,172.4633294729674,160.7328086376319,branch,branch,0.4323582123433221,0.7706483388038865
33729,ascending_neuron,AN07B052,AN07B052_L,L,BA,T1,,acetylcholine,6.0,0.3629345194506955,0.6797812753482392,0.1074063793708259,3,5436,1365,4071,2339,109,1336,1165,171,275,66,159.5623779876763,145.1896071321064,branch,branch,0.5771419452098739,0.528036452122643
33788,descending_neuron,DNpe014,DNpe014_L,L,xn,,,acetylcholine,4.0,0.2327092707552054,0.5443295380116805,0.1728131842035638,3,4574,2180,2394,2744,73,1632,24,1608,214,63,231.9320713026237,227.4161757480458,branch,branch,0.5164508433778799,0.8894326593529652
33799,ascending_neuron,AN10B015,AN10B015_R,R,BA,T2,,acetylcholine,4.0,0.5705645278188021,0.8523293492788129,0.04010934229508727,3,6853,1539,5314,2486,241,2203,2050,153,694,101,169.8861051946575,152.1943198346678,branch,branch,0.6462517939213928,0.498382252952789
33829,descending_neuron,DNg83,DNg83_R,R,fl,MX,potentially sexually dimorphic,gaba,2.0,0.04445277593156161,0.2379055110528457,0.05471317809692951,3,3436,752,2684,1861,75,1322,124,1198,685,44,231.7539883223541,144.1875167611449,branch,branch,0.3414289097541308,1.101082815026476
33851,descending_neuron,DNg05_c,DNg05_c_R,R,ut,LB,,acetylcholine,2.0,0.1988922307331071,0.5032270395258805,0.09659571264002648,3,1846,1840,6,1093,30,434,34,400,166,20,186.5906540579992,232.6765772505269,branch,branch,0.49656948090643,0.844327425324654
33876,descending_neuron,DNge085,DNge085_R,R,nt,LB,,gaba,8.0,0.1167148348114946,0.3854944138884857,0.6734685839388411,3,2046,964,1082,924,55,654,10,644,143,37,103.8227560721087,221.523032755151,branch,branch,0.4346173751765545,0.7485798023953701
33892,ascending_neuron,AN03B011,AN03B011_L,L,IA,T3,,gaba,4.0,0.3359994581350296,0.6540701775093453,0.3896747071062651,3,15656,12683,2973,7600,326,3475,3448,27,627,115,182.6976985690522,151.7451108192801,branch,branch,0.566122236782463,0.590760771541367
33905,ascending_neuron,AN07B015,AN07B015_L,L,BA,T1,,acetylcholine,2.0,0.4455901089123357,0.7532217119879339,0.344338885285107,3,12979,9449,3530,6912,209,3706,3614,92,702,134,190.577015014215,165.8041786963253,branch,branch,0.6075184267774004,0.5866179164325515
34023,descending_neuron,DNp17,DNp17_R,R,ut,,,acetylcholine,12.0,0.45417672514876,0.7604444534334603,0.33472032883935,3,2056,1917,139,1119,45,666,51,615,87,29,182.8965021181119,219.4512332330829,branch,branch,0.6104242640839203,0.6591280180433333
34031,descending_neuron,DNge114,DNge114_L,L,ut,LB,,acetylcholine,6.0,0.0776635784816813,0.314458803833697,0.2512748452073759,3,1549,906,643,672,45,445,124,321,84,17,150.102532273501,244.3379220697553,branch,branch,0.3925363854198888,1.004850681348509
34162,descending_neuron,DNge114,DNge114_R,R,ut,LB,,acetylcholine,6.0,0.1068979542714304,0.3689264189912079,0.2246698360385155,3,1649,871,778,675,65,543,158,385,107,25,163.3478566929656,197.422325650946,branch,branch,0.425175193662203,0.8485212395305911
34231,ascending_neuron,AN16B078_d,AN16B078_d_R,R,IA,T1,,glutamate,6.0,0.3183686131166767,0.6366784965919947,0.0226136607602587,3,1676,524,1152,1057,26,473,98,375,106,28,143.1727274103752,145.1453323250892,branch,branch,0.558544951933215,0.516194907388472
34292,descending_neuron,DNge087,DNge087_L,L,nt,LB,,gaba,4.0,0.08796690996958775,0.3346684156018266,0.01451954276638558,3,2276,656,1620,1048,45,881,4,877,172,44,156.0591327048513,189.8961856616316,branch,branch,0.4049537302518585,0.8543082641844493
34332,ascending_neuron,AN07B015,AN07B015_R,R,BA,T1,,acetylcholine,2.0,0.2660958936237481,0.582068565079233,0.05843294984446634,3,13687,10191,3496,6740,218,2893,2781,112,604,108,208.7474898151242,165.2978966786939,branch,branch,0.5340539269482288,0.7003887952500311
34432,sensory_ascending,SApp10,SApp10_R,,campaniform sensilla,,,acetylcholine,37.0,0.4667811479261428,0.7709242610506163,0.04405592493110164,3,5098,3133,1965,2735,105,180,79,101,85,10,206.980860129857,280.2460518929444,branch,branch,0.6146160491842056,0.792733793186021
34462,ascending_neuron,AN06B044,AN06B044_L,L,BA,T3,,gaba,2.0,0.1556361210138036,0.4451539777020553,0.4042106887453452,3,7861,2957,4904,3861,171,1002,882,120,314,55,163.3944156027806,177.37778053308,branch,branch,0.4670390230740972,0.7296439468652195
34468,descending_neuron,DNpe015,DNpe015_L,L,ut,,,acetylcholine,11.0,0.2258109752875243,0.5362009542804735,0.4277962852200591,3,1317,1108,209,548,36,511,57,454,130,29,158.5134514597874,212.3360832790247,branch,branch,0.5125802060140755,0.7234956215391362
34474,descending_neuron,DNge089,DNge089_R,R,xn,LB,,acetylcholine,6.0,0.05732001111082164,0.2701520032332854,0.6001059949325784,3,2649,1340,1309,1385,80,417,31,386,145,21,151.9327849701971,322.3925099863167,branch,branch,0.3638330408089813,1.303689444757006
34539,ascending_neuron,AN10B027,AN10B027(32881)_L,L,CA,T3,,acetylcholine,6.0,0.557178059883155,0.8422714166478936,0.2645021969531512,3,5890,1551,4339,2156,151,1808,1717,91,319,88,393.5985171149581,217.471668652005,branch,branch,0.6424274232607664,0.9511894474637408
34569,descending_neuron,DNpe008,DNpe008(PS225)_R,R,ht,,,acetylcholine,19.0,0.05710574865160164,0.2696466158046971,0.1626954292496846,3,1563,1417,146,566,49,499,34,465,63,29,379.4257287331822,398.1334972632064,branch,branch,0.3634925607826129,2.139133808742261
34590,descending_neuron,DNge182,DNge182_R,R,xn,,,glutamate,2.0,0.3098120746223567,0.6280644750705343,0.1373522690693595,3,8340,8160,180,4186,167,5009,4952,57,1005,239,221.0389326222292,177.7503556336698,branch,branch,0.5547536325113714,0.718858363217161
34649,descending_neuron,DNge179,DNge179_L,L,nt,LB,,gaba,6.0,0.07603288271736272,0.3111399572153293,0.4778423018864389,3,1365,324,1041,729,35,456,3,453,121,30,158.0610784293695,220.2718724355373,branch,branch,0.3904594460830872,0.9689430097291077
34664,descending_neuron,DNge154,DNge154_R,R,ut,LB,potentially sexually dimorphic,acetylcholine,2.0,0.28928,0.6068959840870493,0.5344291781767656,3,1866,1528,338,887,41,633,23,610,161,32,185.2347885413007,158.7301867146984,branch,branch,0.5453247034590071,0.6307526012928103
34667,ascending_neuron,AN08B074,AN08B074_L,L,BA,T1,potentially male-specific,acetylcholine,6.0,0.1056194745302904,0.3667136371422722,0.1064640752594254,3,4222,1101,3121,1444,163,993,665,328,244,53,383.8716969334862,180.8302497762333,branch,branch,0.42389819791987,1.332164065525152
34683,ascending_neuron,AN09B037,AN09B037_R,R,BA,A5,,unclear,4.0,0.2169924103780297,0.5256265954084783,0.3916784334794655,3,3442,326,3116,1917,58,1970,1512,458,398,82,231.8949032210635,153.8289663958783,branch,branch,0.507500770196612,0.7600458802604528
34719,ascending_neuron,AN16B078_a,AN16B078_a_R,R,IA,T1,,glutamate,2.0,0.2782782194066558,0.5952435076395559,0.02442933669654444,3,1628,457,1171,1051,26,474,199,275,122,29,135.6113667009654,148.2435089745823,branch,branch,0.5400641802076698,0.5255947090703137
34735,sensory_ascending,SApp10,SApp10_R,,campaniform sensilla,,,acetylcholine,37.0,0.4333821543580634,0.7428319439221799,0.2348192417297238,3,3126,1758,1368,1738,58,78,28,50,40,2,223.9487270296003,265.5485410714367,branch,branch,0.6033138922002941,0.8113475827911633
34758,ascending_neuron,ANXXX027,ANXXX027(27816)_L,L,CA,A2,,acetylcholine,14.0,0.2969609320070615,0.6149003186475029,0.09451009969386004,3,8912,4416,4496,3807,264,5529,5165,364,1169,266,223.5732787534512,182.364822417596,branch,branch,0.548909059988334,0.7395361650246303
34797,ascending_neuron,AN10B029,AN10B029_R,R,BA,T2,,acetylcholine,6.0,0.2008557111726131,0.5057048884980995,0.07713250161936963,3,3857,687,3170,1501,87,789,771,18,224,53,87.88409891550268,331.9489381590866,branch,branch,0.4977905135336236,0.8433930050099907
34830,descending_neuron,DNg36_b,DNg36_b_R,R,ut,LB,,acetylcholine,7.0,0.05209508697996762,0.2575451898780342,0.0708743933650413,3,1801,939,862,793,67,343,96,247,107,19,159.6376225279002,226.1081895541638,branch,branch,0.3552423722477891,1.08586655820719
34887,descending_neuron,DNpe015,DNpe015_L,L,ut,,,acetylcholine,11.0,0.0723763703804772,0.3035662314435226,0.4511755079380311,3,1380,1093,287,610,53,418,41,377,106,23,180.2518497822856,253.8077100526013,branch,branch,0.3856779140777004,1.125445725542478
35136,ascending_neuron,ANXXX099,ANXXX099_R,R,BA,A8,,acetylcholine,2.0,0.520448,0.8140362243649394,0.4000704476106752,3,9876,5532,4344,4775,205,3939,3758,181,630,177,169.8902382877619,160.5250343594944,branch,branch,0.6315676922854907,0.5231668381445593
35153,descending_neuron,DNpe054,DNpe054(DNp16/17)_L,L,ht,,,acetylcholine,7.0,0.07907117584383973,0.3172956790331133,0.07431856491049368,3,1310,1157,153,572,41,480,28,452,107,29,175.95537308331,192.8669741937421,branch,branch,0.3943030341326649,0.9353779082332911
35232,ascending_neuron,AN01B005,AN01B005_R,R,BA,A1,,gaba,6.0,0.191724112898599,0.4940756239906652,0.2194240380545695,3,10362,6745,3617,5234,218,2265,2211,54,417,90,193.9077198426452,206.2489707189356,branch,branch,0.4920335921006064,0.8132710794261392
35233,descending_neuron,DNg53,DNg53_R,R,nt,LB,,acetylcholine,2.0,0.06635318213048756,0.2906604469265664,0.3208280110292423,3,5225,1540,3685,2201,149,319,19,300,134,15,186.9161286361213,140.9918902676586,branch,branch,0.3773905390891742,0.8688824571362611
35345,descending_neuron,DNge024,DNge024_R,R,fl,MX,,acetylcholine,4.0,0.1084921034123166,0.3716671042156652,0.3418765215696047,3,1381,1253,128,766,20,564,67,497,121,29,176.4852941054547,125.7489005606054,branch,branch,0.4267515448896183,0.7082205050815568
35371,ascending_neuron,AN08B099_f,AN08B099_f_R,R,BA,T1,,acetylcholine,2.0,0.3873811571163938,0.7023026471015597,0.2034249385025391,3,2873,825,2048,1131,78,1930,1651,279,461,99,191.2532612764725,155.991039164367,branch,branch,0.5866244941014347,0.5919362453024279
35394,ascending_neuron,AN19B044,AN19B044_R,R,BA,T1,,acetylcholine,4.0,0.1151168453003224,0.382846339543074,0.1721554626984558,3,4112,439,3673,1439,83,532,424,108,200,21,214.6649500480949,177.542457734601,branch,branch,0.4331220455900464,0.9055355454105041
35398,descending_neuron,DNp17,DNp17_L,L,ut,,,acetylcholine,12.0,0.365242069031008,0.6819388870647938,0.2955145413129044,3,2110,1900,210,1098,51,470,81,389,77,25,178.2089122294398,202.9418802291214,branch,branch,0.5780571378866876,0.6593652555731876
35409,ascending_neuron,AN08B049,AN08B049_L,L,BA,T1,,acetylcholine,4.0,0.3641230435161821,0.6808934264289277,0.2864602138208961,3,5731,2446,3285,3175,104,2110,2012,98,584,104,180.6577218870773,145.1369184022509,branch,branch,0.5776138666532985,0.5640353514658264
35440,ascending_neuron,AN08B016,AN08B016_L,L,BA,T3,,gaba,2.0,0.187136,0.4881280113285442,0.0312716379641205,3,9007,5979,3028,3776,218,3021,2953,68,605,132,244.4768407829027,182.0808060857311,branch,branch,0.4890631099878487,0.8721934616561695
35441,ascending_neuron,AN08B074,AN08B074_L,L,BA,T1,potentially male-specific,acetylcholine,6.0,0.1198957732620527,0.3907122211600838,0.05983574672853903,3,5288,1273,4015,1871,195,702,525,177,258,37,384.3514144332577,184.1502157958328,branch,branch,0.4375488411234122,1.299287249326167
35469,descending_neuron,DNge009,DNge009_R,R,fl,MX,,acetylcholine,7.0,0.045056,0.2395142603846115,0.2809781867421319,3,1524,949,575,796,27,367,16,351,142,17,228.8962800105905,126.3150264334555,branch,branch,0.3425813590790656,1.036867001167059
35505,ascending_neuron,AN07B024,AN07B024_L,L,BA,T2,,acetylcholine,2.0,0.5600072308793042,0.8444071006885034,0.2544798780477172,3,8443,4222,4221,3983,174,2647,2594,53,567,110,211.2578539423585,177.1209580350042,branch,branch,0.6432413849694115,0.6037839309668043
35517,ascending_neuron,AN08B066,AN08B066_R,R,BA,T1,,acetylcholine,2.0,0.195334085617679,0.4987054062701876,0.7260881112208234,3,4777,1240,3537,2148,150,1008,864,144,459,51,174.8489927417099,177.0789969572176,branch,branch,0.4943335403069388,0.7119241584951131
35519,descending_neuron,DNpe015,DNpe015_L,L,ut,,,acetylcholine,11.0,0.0399975260165542,0.2256688543327375,0.8348946642296865,3,1265,993,272,553,45,323,33,290,99,14,258.4594074692321,275.9032139466014,branch,branch,0.3325323121488216,1.606949465941477
35621,ascending_neuron,AN17A062,AN17A062_R,R,IA,T1,,acetylcholine,6.0,0.2171899566559188,0.5258658018293563,0.3295864100373996,3,11902,3788,8114,6306,223,706,494,212,278,31,287.0585306135378,179.8503578861597,branch,branch,0.5076162358478937,0.9198068452633299
35630,descending_neuron,DNp17,DNp17_L,L,ut,,,acetylcholine,12.0,0.09898371978611324,0.3550070229117499,0.1039097062756286,3,1748,1643,105,828,54,347,21,326,56,14,179.5746231417072,193.2222450265739,branch,branch,0.4170772605006864,0.8938316793410213
35714,ascending_neuron,AN01B011,AN01B011_L,L,IA,T3,,gaba,6.0,0.3144518014872072,0.6327499257737795,0.3964414446550208,3,5301,2344,2957,2769,116,1069,1034,35,207,44,322.6904179069129,186.1790686508818,branch,branch,0.5568190582488641,0.9138866190358755
35899,descending_neuron,DNpe008,DNpe008(PS225)_L,L,ht,,,acetylcholine,19.0,0.04927035406543682,0.2504654929909848,0.02000090143788743,3,1634,852,782,497,54,404,40,364,74,21,160.609057911857,396.4496957135889,branch,branch,0.3503256935561286,1.590116750989019
35920,ascending_neuron,ANXXX145,ANXXX145(35920)_L,L,BA,T2,,acetylcholine,5.0,0.170943471281252,0.4665318719547354,0.2299443587680644,3,12460,7167,5293,5288,245,2539,2405,134,418,102,196.9534307800601,201.4015454766929,branch,branch,0.4781219690181788,0.8331660163509597
35921,ascending_neuron,AN09B030,AN09B030_R,R,BA,T2,,glutamate,4.0,0.3339298631749533,0.6520526872595134,0.1970044526580351,3,7347,4011,3336,3126,219,2574,2318,256,684,144,230.1384708867893,190.8796499521377,branch,branch,0.5652484557760078,0.7448372773719962
35966,ascending_neuron,AN17A015,AN17A015_L,L,IA,T2,,acetylcholine,8.0,0.1062716198453619,0.3678440279115279,0.02755974748550355,3,14858,13048,1810,7065,348,7232,7190,42,1470,334,222.9721387245465,183.3398583491428,branch,branch,0.4245510259988176,0.9570392536863659
35988,descending_neuron,DNg02_a,DNg02_a_L,L,ut,LB,sexually dimorphic,acetylcholine,10.0,0.14848,0.4347995027622237,0.2389896834020629,3,2322,2040,282,1216,35,634,159,475,175,38,209.4107616233091,226.1875947972563,branch,branch,0.4615752986821214,0.9437211169321134
36095,sensory_ascending,SApp14,SApp14_R,,campaniform sensilla,,,acetylcholine,7.0,0.6538803982990378,0.9124397956257244,0.0120262642800941,3,4094,2256,1838,2240,78,85,36,49,40,4,261.6093368986298,272.401757348651,branch,branch,0.668652002058324,0.7986382940654099
36102,descending_neuron,DNge136,DNge136_L,L,xn,MX,,gaba,4.0,0.7306078841265614,0.9644889059834869,0.1298952077242652,3,13731,10929,2802,7438,371,1281,249,1032,562,60,191.9416954446133,196.0095948538009,branch,branch,0.6874587725325124,0.5643266269906629
36172,descending_neuron,DNg06,DNg06_R,R,ut,LB,,acetylcholine,12.0,0.1086140472291936,0.3718759202286993,0.407236315384916,3,1231,1231,0,654,28,704,46,658,182,42,193.132166831717,244.349782953316,branch,branch,0.4268714102772199,1.024856524124964
36260,descending_neuron,DNg18_b,DNg18_b_R,R,xn,LB,,gaba,6.0,0.1898336617745034,0.4916337306300063,0.3670358014251441,3,1702,682,1020,775,49,552,17,535,134,35,154.198006523843,187.5562311972719,branch,branch,0.490816185561054,0.6962978153021875
36263,descending_neuron,DNge116,DNge116_R,R,xn,LB,potentially sexually dimorphic,acetylcholine,4.0,0.09306973228062762,0.3442383818774568,0.668109087764808,3,3157,1403,1754,1389,94,334,11,323,136,13,153.5634039663491,201.3741198531497,branch,branch,0.4107028209301147,0.8642198342238683
36371,ascending_neuron,AN23B002,AN23B002_L,L,BA,T2,,acetylcholine,2.0,0.3761971684807633,0.69209039259847,0.02122212523243665,3,16669,14320,2349,7379,381,11519,11471,48,1369,556,155.9530967808614,223.8544235499494,branch,branch,0.5823437922509781,0.6522049782014702
36379,descending_neuron,DNg12_b,DNg12_b_R,R,nt,MX,,acetylcholine,10.0,0.09762188368615246,0.3525564390856388,0.12012490624535,3,1317,887,430,523,45,450,39,411,104,20,170.7560064031229,138.798578489554,branch,branch,0.4156352429137392,0.7447746315317197
36475,ascending_neuron,ANXXX145,ANXXX145(35920)_R,R,BA,T2,,acetylcholine,5.0,0.1195200409367165,0.3900995289781736,0.3440080833087953,3,12443,6368,6075,5400,250,1995,1857,138,398,83,322.699343620507,199.7070431125835,branch,branch,0.4372056371998251,1.194875688426507
36477,ascending_neuron,AN01B005,AN01B005_L,L,BA,A1,,gaba,6.0,0.1051275473829119,0.3658586483451539,0.558600775274237,3,10422,6915,3507,5317,207,2488,2424,64,405,94,207.7319228596969,140.2531069011608,branch,branch,0.4234037525685447,0.8218751667878108
36541,descending_neuron,DNge078,DNge078_R,R,fl,,,acetylcholine,2.0,0.3170136782415829,0.6353222421410512,0.1491540857607001,3,15389,4079,11310,4066,634,2511,289,2222,468,71,196.3852488048374,138.9751242083201,branch,branch,0.5579497277077166,0.6010584042955872
36593,ascending_neuron,AN08B023,AN08B023_L,L,BA,T1,,acetylcholine,6.0,0.1971527642553673,0.5010216520309104,0.0433835721801945,3,8167,5184,2983,4600,136,3177,2078,1099,705,127,182.3502886708627,145.5946265623894,branch,branch,0.4954801807289027,0.6618729224462845
36623,descending_neuron,DNge085,DNge085_L,L,nt,LB,,gaba,8.0,0.2316622884579353,0.5431036610891953,0.192761212770943,3,1420,722,698,672,32,617,9,608,130,40,141.619708582396,222.9223557830767,branch,branch,0.515868969733309,0.7066563134315514
36631,descending_neuron,DNg05_b,DNg05_b_R,R,ut,LB,,acetylcholine,4.0,0.1405983061502402,0.4231020247094865,0.3711726271235546,3,1097,1047,50,711,20,787,84,703,145,41,187.7947312165836,215.4941555284953,branch,branch,0.4553240517561623,0.8857183915271193
36667,ascending_neuron,AN09B020,AN09B020_R,R,CA,T1,,acetylcholine,4.0,0.210048,0.517147387011219,0.06500639771569924,3,5238,2884,2354,2350,130,2983,2049,934,575,151,205.0551055443309,146.8372668593014,branch,branch,0.5033907226355063,0.699044214723102
36671,ascending_neuron,AN08B057,AN08B057_R,R,BA,T1,,acetylcholine,2.0,0.293888,0.6117105715312819,0.2504334971904734,3,6454,1895,4559,2868,156,461,362,99,215,18,235.0019143313284,170.5873421338057,branch,branch,0.5474834975141517,0.7408246244986594
36691,ascending_neuron,ANXXX130,ANXXX130_R,R,BA,T1,,gaba,2.0,0.2256962921372568,0.536064776169126,0.2255648710413437,3,6540,3160,3380,2527,187,1781,1654,127,379,71,172.524959946827,145.7510981805503,branch,branch,0.5125151122873077,0.6210081429734639
36718,sensory_ascending,"SApp09,SApp22","SApp09,SApp22_R",,campaniform sensilla,,,acetylcholine,74.0,1.779771498681633,1.505348947159435,0.2662726776113783,3,849,618,231,614,11,191,156,35,59,8,176.5229785176578,427.8266723610636,end,branch,0.8588486386483494,0.7036742257982072
36721,descending_neuron,DNpe054,DNpe054(DNp16/17)_L,L,ht,,,acetylcholine,7.0,0.05442410366765475,0.2632392846374265,0.1766656250642361,3,1226,1059,167,575,37,450,39,411,105,24,177.8269335017205,171.1828162616184,branch,branch,0.3591479492804309,0.9717715233028495
36812,sensory_ascending,LgAG6,LgAG6_R,,leg bristle,,,acetylcholine,4.0,0.05544590616764491,0.2656989279736009,0.01823484222253425,3,2458,98,2360,1345,43,266,24,242,51,11,314.4131751554343,317.1252578208445,branch,end,0.360821943217239,1.750277234652689
36849,ascending_neuron,AN08B074,AN08B074_R,R,BA,T1,potentially male-specific,acetylcholine,6.0,0.1660151180611783,0.4597575593063902,0.1424372187016645,3,4963,1196,3767,1935,164,726,577,149,275,43,387.4852762529856,198.8856980242178,branch,branch,0.4746379715742633,1.23540679295495
36930,ascending_neuron,AN19B001,AN19B001(24133)_R,R,BA,T2,,acetylcholine,4.0,0.4896154913311699,0.7895554478805031,0.1283323823734568,3,37275,34692,2583,15714,823,8666,8601,65,1550,428,168.6920193232527,168.6016204326977,branch,branch,0.6219985285042453,0.542274015610711
37025,descending_neuron,DNg03,DNg03_R,R,ut,LB,,acetylcholine,12.0,0.1590652917350398,0.4500313540542347,0.1379193145306842,3,2983,2887,96,1056,133,346,54,292,179,12,185.038999856108,226.2537838108689,branch,branch,0.4695906339425595,0.8758538904702395
37066,ascending_neuron,AN08B049,AN08B049_R,R,BA,T1,,acetylcholine,4.0,0.3547930860804028,0.6721135226999941,0.08608803610407954,3,6097,2294,3803,3354,123,2325,2239,86,608,113,177.9093680046136,156.0437270781973,branch,branch,0.5738777100768047,0.5819237952945001
37071,descending_neuron,DNge179,DNge179_R,R,nt,LB,,gaba,6.0,0.08083230056330921,0.3208097279839308,0.6451259170699147,3,1460,383,1077,741,33,509,6,503,115,39,16.60866207223083,231.2423334652851,end,branch,0.3964804745660574,0.6251278724602656
37098,descending_neuron,DNpe057,DNpe057(PS226)_R,R,nt,,,acetylcholine,4.0,0.0873761515117016,0.3335427579358748,0.128075773220096,3,1424,1193,231,845,22,489,26,463,133,29,189.8743043993302,175.9060902340769,branch,branch,0.404272125416258,0.9047875716308218
37135,descending_neuron,DNg02_b,DNg02_b_L,L,ut,LB,,acetylcholine,5.0,0.1134098574761853,0.3799972569657022,0.09321607737700456,3,2732,2730,2,1333,49,563,81,482,167,28,213.4262722328151,230.6171741559225,branch,branch,0.4315074227787907,1.029051698645688
37163,descending_neuron,DNpe008,DNpe008(PS225)_L,L,ht,,,acetylcholine,19.0,0.04206619677105041,0.2314310809409834,0.1175863159277927,3,1832,1260,572,661,64,408,18,390,75,24,158.7200521276482,395.6703373817079,branch,branch,0.3367509905866378,1.646291785344355
37199,ascending_neuron,AN18B025,AN18B025_L,L,BA,T1,,acetylcholine,2.0,0.2695330868031338,0.5858158283388092,0.1764569333946993,3,9243,2875,6368,4385,186,1583,1424,159,390,72,148.8696162584243,148.9696367403474,branch,branch,0.5357702454280346,0.5559085364302444
37212,descending_neuron,DNpe008,DNpe008(PS225)_L,L,ht,,,acetylcholine,19.0,0.05291529805712986,0.259564731825773,0.3593798558188468,3,1386,1117,269,460,34,395,35,360,68,18,176.5882178394584,275.7474596011261,branch,end,0.3566324699107314,1.268352479385314
37217,ascending_neuron,AN07B005,AN07B005_L,L,BA,T3,,acetylcholine,6.0,0.2566370737930291,0.5716296624549856,0.2452365658426966,3,16820,14835,1985,7260,406,5985,5943,42,973,178,202.2915235898164,160.1628833466368,branch,branch,0.5292433604712892,0.6848539519016146
37229,ascending_neuron,AN07B043,AN07B043_L,L,BA,T3,,acetylcholine,2.0,0.168435685323776,0.4630971553559789,0.280707768812756,3,6520,2587,3933,2673,130,335,261,74,147,15,263.4070023723789,273.2887233234493,branch,branch,0.4763586948135088,1.126663019987367
37310,descending_neuron,DNpe041,DNpe041(SMP290)_L,L,xl,,sexually dimorphic,gaba,2.0,0.1818498330065678,0.481184370680769,0.3927977447087374,3,6725,2948,3777,3690,133,2224,283,1941,535,107,305.7742090122005,158.0760025693847,branch,branch,0.4855721796330353,0.9552652129537853
37363,ascending_neuron,AN07B035,AN07B035_R,R,BA,T3,,acetylcholine,4.0,0.1244905085389283,0.3981284195029965,0.1370723214275298,3,5840,2506,3334,2620,133,1093,1022,71,353,42,210.8849532419101,234.9636976381346,branch,branch,0.4416819280392489,1.009433763476113
37406,descending_neuron,DNge009,DNge009_L,L,fl,MX,,acetylcholine,7.0,0.07223582945907392,0.3032713547535245,0.09205977327945833,3,1728,1486,242,838,40,424,57,367,110,26,218.6309394766469,121.4551461672914,branch,branch,0.3854905495978169,0.8822164019293102
37417,ascending_neuron,ANXXX145,ANXXX145(37417)_L,L,BA,T3,,acetylcholine,5.0,0.2096702704405325,0.5166821844037223,0.1066302169216861,3,12969,7500,5469,5507,256,2556,2411,145,496,94,308.9780408116521,200.3064738707548,branch,branch,0.5031642578302078,1.012163536572712
37422,ascending_neuron,vMS16,vMS16_L,L,BA,T2,male-specific,unclear,2.0,0.5254383217631388,0.8179296116342204,0.2004680708114759,3,3774,3277,497,2676,57,1063,980,83,470,36,181.9366568744171,133.9431761252523,branch,branch,0.6330762274013833,0.4989601873004705
37530,ascending_neuron,AN18B053,AN18B053_R,R,,T2,,acetylcholine,6.0,0.5080740206984538,0.804300898175467,0.02960368867064938,3,7370,4319,3051,4156,158,2029,1916,113,449,113,171.0688068357692,143.6942408695299,branch,branch,0.6277797703860637,0.5013908739233987
37683,descending_neuron,DNge114,DNge114_L,L,ut,LB,,acetylcholine,6.0,0.07518416492186895,0.3093985325052687,0.08970326872324735,3,1238,762,476,543,41,416,151,265,82,20,185.7834323314523,269.2660261749667,branch,branch,0.3893652281953046,1.16869567581974
37686,descending_neuron,DNg12_b,DNg12_b_R,R,xn,MX,,acetylcholine,10.0,0.05914449592437534,0.2744177673991652,0.1385095093482103,3,1706,749,957,735,51,502,22,480,117,25,176.9534575385132,127.4731759131611,branch,branch,0.3666942950546012,0.8301918997849281
37743,ascending_neuron,AN05B069,AN05B069_L,L,BA,T1,,gaba,2.0,0.1462239255898608,0.4314835853742558,0.1457005092018007,3,4477,2334,2143,1848,134,485,446,39,262,16,198.8004570125722,187.2537046733011,branch,branch,0.4598118711314284,0.839591550204947
37779,ascending_neuron,AN05B050_c,AN05B050_c_R,R,BA,T2,,gaba,4.0,0.141696,0.4247504567752619,0.00376146825472529,3,7163,2989,4174,3862,153,745,655,90,401,33,220.5378755877108,168.8403308559289,branch,branch,0.4562101750507964,0.8535061858282416
37876,ascending_neuron,AN17A003,AN17A003_R,R,BA,T2,,acetylcholine,6.0,0.3648777680276632,0.6815987113012496,0.1773347741579495,3,15674,11804,3870,7406,330,8296,8014,282,1062,444,222.460707444033,160.83912550468,branch,branch,0.5779129420056383,0.663248397965404
37942,ascending_neuron,AN08B049,AN08B049_R,R,BA,T1,,acetylcholine,4.0,0.3156884016501431,0.6339928680949016,0.004224555045451456,3,5216,1898,3318,2617,106,2414,2339,75,551,115,189.0489023231326,192.7189294087181,branch,branch,0.5573656837001196,0.6849503708184047
37979,ascending_neuron,AN09B018,AN09B018_L,L,BA,A6,,acetylcholine,8.0,0.1723735843424771,0.4684793101649033,0.05577399260406418,3,4419,1641,2778,2096,117,3154,2429,725,542,126,213.992993708215,185.4140306883064,branch,branch,0.4791188391002827,0.833628302211099
38005,ascending_neuron,AN09B030,AN09B030_L,L,BA,T2,,glutamate,4.0,0.1898369924999031,0.4916380435894573,0.2739727408043072,3,8157,4415,3742,3508,238,2800,2547,253,693,164,229.671243993012,193.1110857659783,branch,branch,0.4908183384500155,0.8613825047656527
38007,ascending_neuron,AN05B107,AN05B107_L,L,BA,T2,,acetylcholine,2.0,0.1707383383643314,0.4662518677794647,0.2696326779002112,3,14957,9706,5251,5554,449,3404,3307,97,899,174,172.6413973587478,151.4927706873996,branch,branch,0.4779784673099173,0.6781355023593173
38035,ascending_neuron,AN07B052,AN07B052_R,R,BA,T1,,acetylcholine,6.0,0.2487047202649051,0.5627261188212022,0.2925495769910559,3,5524,1191,4333,2364,123,999,832,167,225,59,150.3086278972081,135.4467704194797,branch,branch,0.525105511514009,0.5441866292600592
38064,descending_neuron,DNg07,DNg07_R,R,ut,LB,,acetylcholine,16.0,0.04195084666991484,0.231113558484259,0.1383165320615869,3,1274,378,896,739,22,404,5,399,160,25,158.1954721300461,284.664873014065,branch,end,0.3365199008339431,1.316000462518388
38071,ascending_neuron,ANXXX200,ANXXX200_R,R,BA,T2,,gaba,4.0,0.1511614387773035,0.4387080139344688,0.4955603968768653,3,5991,2384,3607,3053,127,497,456,41,124,25,213.5310433556897,171.6102828258058,branch,branch,0.4636452596844808,0.8306810393005878
38191,descending_neuron,DNge085,DNge085_R,R,nt,LB,,gaba,8.0,0.07359218642869896,0.3061053445213622,0.4809489568382193,3,1843,964,879,886,43,554,15,539,124,29,154.7257960991743,199.648106278269,branch,branch,0.3872875144068906,0.9150150448824753
38322,ascending_neuron,AN05B021,AN05B021_R,R,BA,T2,,gaba,2.0,0.09480130909092536,0.3474259282598627,0.27993934806238,3,12561,8845,3716,5539,243,4032,3513,519,799,176,183.7361787843,164.6303835886224,branch,branch,0.4125999331644792,0.8443204527472599
38327,ascending_neuron,AN10B029,AN10B029_L,L,BA,T3,,acetylcholine,6.0,0.2047933738875493,0.5106378581082304,0.1063621269437583,3,3611,828,2783,1179,100,995,967,28,251,62,379.7298682108474,218.2458482001378,branch,branch,0.5002125053145242,1.195443356688952
38368,ascending_neuron,AN16B078_c,AN16B078_c_R,R,,T1,,glutamate,6.0,0.307328,0.6255414956694465,0.07492750535232784,3,1562,424,1138,939,21,569,131,438,114,30,137.7488353859009,154.7838297294469,branch,branch,0.5536382689789685,0.5283823057514482
38415,ascending_neuron,AN08B099_f,AN08B099_f_L,L,BA,T1,,acetylcholine,2.0,0.5413556399572454,0.8302261189332554,0.4784888501367621,3,2962,776,2186,1120,66,1831,1589,242,469,104,201.3645285586896,153.7105449850449,branch,branch,0.6378172138452325,0.5567034972340744
38416,descending_neuron,DNpe008,DNpe008(PS225)_L,L,ht,,,acetylcholine,19.0,0.07233124024414406,0.3034715726366864,0.1723557524715413,3,1486,1361,125,592,37,392,24,368,70,22,380.1398401232992,392.7455001625098,branch,branch,0.3856177778474125,2.004278289761933
38465,descending_neuron,DNge089,DNge089_L,L,xn,LB,,acetylcholine,6.0,0.03952942748500896,0.224344445562297,0.1735200376184305,3,2025,832,1193,1218,40,405,15,390,138,23,180.2217739834218,214.8980835104488,branch,branch,0.331555090935919,1.191717057875721
38483,ascending_neuron,AN07B072_e,AN07B072_e_R,R,,T1,,acetylcholine,6.0,0.1945994113495653,0.4977666781861269,0.2066300413947544,3,4734,693,4041,2092,108,467,402,65,163,25,150.5362373600343,172.0832126292296,branch,branch,0.4938680717673518,0.653250267495003
38616,ascending_neuron,AN05B106,AN05B106_L,L,CA,A8,,acetylcholine,4.0,0.1480014123939766,0.4340982042541386,0.03211127693468419,3,6815,573,6242,3821,94,1128,780,348,262,73,286.1091225167906,231.7992068052932,branch,branch,0.4612029055464936,1.122951141663772
38685,ascending_neuron,AN08B034,AN08B034_c_R,R,BA,A1,,acetylcholine,6.0,0.203295620423902,0.5087671600989802,0.1302238258630554,3,8080,4078,4002,2829,273,4067,3550,517,510,119,191.0693478807721,185.134400151371,branch,branch,0.4992954120042565,0.7534692668654763
38712,sensory_ascending,SApp14,SApp14_L,,campaniform sensilla,,,acetylcholine,7.0,0.2019841034073585,0.50712340496779,0.2253959462248448,3,4801,2527,2274,2172,110,104,25,79,53,5,245.7636181236228,270.7561246249567,branch,branch,0.4984881828431011,1.036172492199587
38731,descending_neuron,DNge179,DNge179_L,L,nt,LB,,gaba,6.0,0.05990400000000001,0.2761741148040764,0.2106203817997143,3,1175,229,946,601,27,284,4,280,77,20,156.0793104965924,215.7447683505,branch,branch,0.3678658943881554,1.010759857109125
38757,descending_neuron,DNpe008,DNpe008(PS225)_R,R,ht,,,acetylcholine,19.0,0.1105129109263993,0.3751125276437541,0.1770947075563123,3,1057,1036,21,340,27,266,49,217,61,14,380.6677027765921,397.2305194399693,branch,branch,0.4287250150684463,1.814445611699073
38781,descending_neuron,DNpe029,DNpe029_R,R,xl,DC,,acetylcholine,4.0,0.08496320134563333,0.3289050133405633,0.08655283098279035,3,4744,4655,89,2107,107,1800,1764,36,515,80,562.085019946712,233.5171268314589,end,branch,0.401451686429234,1.981812939571287
38796,descending_neuron,DNg92_b,DNg92_b_L,L,ut,LB,,acetylcholine,4.0,0.05986096111176919,0.2760748863503493,0.04138953226643881,3,1958,1058,900,1036,30,1060,31,1029,300,53,155.3934250693045,217.7052471914016,branch,branch,0.3677998019462098,1.014406941728781
38833,ascending_neuron,AN19B044,AN19B044_R,R,BA,T1,,acetylcholine,4.0,0.1411217904064069,0.423888952638854,0.374194176632323,3,4158,628,3530,1588,88,518,414,104,171,22,214.9692104510305,170.0385055267352,branch,branch,0.455747283911861,0.8447833471942844
38848,descending_neuron,DNge089,DNge089_R,R,xn,LB,,acetylcholine,6.0,0.05733282474553991,0.2701821971881051,0.8232992441435256,3,2019,783,1236,1165,42,512,21,491,153,32,193.9628255899958,215.0019949341469,branch,branch,0.3638533724210502,1.123982492735809
38850,ascending_neuron,AN17A047,AN17A047_L,L,BA,T1,,acetylcholine,2.0,0.4412189906623338,0.7495181564174532,0.357637709790228,3,5773,2813,2960,2364,164,1979,1637,342,470,112,175.6378294153271,161.753862939511,branch,branch,0.60602301659636,0.5567308222874922
38926,ascending_neuron,ANXXX130,ANXXX130_L,L,BA,T1,,gaba,2.0,0.296119636950723,0.6140286896703444,0.1416068007818042,3,6279,3029,3250,2482,197,1666,1542,124,338,61,175.5062335512137,140.0551416001483,branch,branch,0.5485198792555004,0.5752961507606064
39014,descending_neuron,DNge126,DNge126_L,L,it,LB,,acetylcholine,2.0,0.03419198503633702,0.2086494367623772,0.174815429019131,3,1607,418,1189,924,27,369,9,360,128,17,183.0956969032141,5.49481001347527,branch,end,0.31974712510602,0.5898114231806074
39026,ascending_neuron,AN05B046,AN05B046_L,L,,T1,,gaba,1.0,0.2348793765380441,0.5468616922504064,0.2250675562184458,3,5222,3266,1956,2637,124,3407,2389,1018,1164,158,221.7197211206185,218.5984987202917,branch,branch,0.5176506826062331,0.8506087881967533
39071,descending_neuron,DNge094,DNge094_L,L,xn,LB,,acetylcholine,13.0,0.03182255490790949,0.2012901769169484,0.08167010751574022,3,1389,418,971,603,35,586,28,558,157,35,189.73282651447,199.0792827945397,branch,branch,0.3140576168305821,1.238027955611578
39082,ascending_neuron,ANXXX169,ANXXX169_L,L,BA,A1,,glutamate,10.0,0.3129673780613411,0.631254656980667,0.1118839678933901,3,5997,3396,2601,2599,165,2190,2049,141,455,93,163.9757798654213,166.715446114807,branch,branch,0.5561607518699309,0.5945964810864015
39115,ascending_neuron,AN08B084,AN08B084_L,L,BA,T1,potentially male-specific,acetylcholine,4.0,0.2172466271668522,0.5259344033899784,0.105118350894531,3,3327,657,2670,1062,136,971,449,522,259,48,240.6740706762965,181.9433743557858,branch,branch,0.5076493451794155,0.8324987494718804
39130,descending_neuron,DNge071,DNge071_R,R,nt,LB,,gaba,10.0,0.05484292117352725,0.2642502147339303,0.2303381951476996,3,1521,395,1126,723,31,224,7,217,93,13,170.8198870195944,247.9200828941098,branch,branch,0.3598369147539282,1.163693753321713
39143,ascending_neuron,AN09B006,AN09B006_R,R,BA,T1,,acetylcholine,2.0,0.1852929925375477,0.4857184014026266,0.1310119398272908,3,11939,9007,2932,5721,268,987,894,93,348,42,309.8269323116137,175.4260139719088,branch,branch,0.4878545036045962,0.9946673499950257
39248,descending_neuron,DNg03,DNg03_L,L,ut,LB,,acetylcholine,12.0,0.124544,0.3982139448330459,0.1469403983173964,3,1922,1850,72,665,68,432,58,374,167,19,207.2950626231606,263.8799131482936,branch,branch,0.4417293662053638,1.066659841565527
39283,descending_neuron,DNg36_b,DNg36_b_L,L,ut,LB,,acetylcholine,7.0,0.1487023801719652,0.4351249830005031,0.4093594612437112,3,1459,897,562,621,46,428,144,284,97,22,177.5596429323215,219.8462958704911,branch,branch,0.4617480283339025,0.8606554103473889
39291,sensory_ascending,SApp10,SApp10_L,,campaniform sensilla,,,acetylcholine,37.0,0.2644924895990545,0.5803122409901156,0.2576521428114311,3,4342,2551,1791,2162,107,189,103,86,76,7,267.3808076027051,263.646375288203,branch,branch,0.5332475954799577,0.9958360570064059
39376,ascending_neuron,AN06A016,AN06A016_L,L,BA,T1,,gaba,2.0,0.2601011297339486,0.5754746249901503,0.1919730960557465,3,4075,2434,1641,1409,85,1946,1925,21,365,114,153.3819881739682,160.8631797452502,branch,branch,0.5310203068105528,0.5917761785922223
39537,ascending_neuron,ANXXX254,ANXXX254_R,R,BA,A8,,acetylcholine,2.0,0.1261808527730949,0.4008222193680259,0.4634815069028084,3,5587,1634,3953,2283,153,880,787,93,284,42,196.5207706048286,155.4421386051199,branch,branch,0.4431736538765957,0.7941873487541623
39558,descending_neuron,DNpe057,DNpe057(PS226)_L,L,nt,,,acetylcholine,4.0,0.07148120097230201,0.3016830982721712,0.4848121700442832,3,1420,1262,158,806,30,385,16,369,98,23,185.0157264176601,206.1978213967231,branch,branch,0.3844798020096294,1.017513913005461
39565,descending_neuron,DNpe029,DNpe029_L,L,xl,DC,,acetylcholine,4.0,0.1406987231680101,0.4232530900433639,0.2239266843276975,3,4518,4446,72,1852,108,1779,1743,36,531,82,559.0869485293409,220.5702235904447,end,branch,0.4554053294827018,1.712007132207705
39580,ascending_neuron,AN08B053,AN08B053_L,L,BA,T1,,acetylcholine,2.0,0.1997155717623489,0.5042675516699601,0.04711051040409526,3,5767,2411,3356,2861,127,1809,1717,92,673,95,176.1116820753486,151.8106341603497,branch,branch,0.4970825890315214,0.6596938284935662
39640,descending_neuron,DNge126,DNge126_R,R,it,LB,,acetylcholine,2.0,0.02199425232870198,0.1673438132163445,0.136615904970727,3,1771,571,1200,969,37,434,15,419,147,21,206.9837492084777,211.6045295950664,branch,branch,0.2863537470961552,1.461787327905947
39695,ascending_neuron,AN09B006,AN09B006_L,L,BA,T1,,acetylcholine,2.0,0.160768,0.4524336140562311,0.05179586292162346,3,10691,7543,3148,5300,212,875,775,100,305,31,303.2329892921101,170.0561605183328,branch,branch,0.4708422993822381,1.005196751505579
39735,descending_neuron,DNg03,DNg03_R,R,ut,LB,,acetylcholine,12.0,0.176590770230769,0.4741754442113763,0.3001775843208573,3,1988,1865,123,762,74,414,15,399,163,17,186.339510154144,269.0792401752362,branch,branch,0.4820227874940918,0.9448075114809013
39736,ascending_neuron,AN05B052,AN05B052_R,R,BA,T2,,gaba,3.0,0.1453718405443264,0.4302245647007744,0.4596015472373009,3,6977,3278,3699,3371,176,875,801,74,365,41,234.025282757186,173.1112557129668,branch,branch,0.4591405413415149,0.8867361990744337
39774,descending_neuron,DNpe008,DNpe008(PS225)_R,R,ht,,,acetylcholine,19.0,0.0591689277567861,0.274474440776401,0.1720589890220182,3,941,897,44,400,27,200,48,152,55,14,380.5870578853369,396.2133542891563,branch,branch,0.3667321583668884,2.118168244731245
39794,ascending_neuron,ANXXX084,ANXXX084_R,R,BA,A4,potentially sexually dimorphic,acetylcholine,8.0,0.1502987839519848,0.437454403627708,0.1679304331216038,3,11507,7556,3951,4880,281,2237,2140,97,498,115,169.1670235526219,147.2100364471475,branch,branch,0.462982351475277,0.6833458316319078
39852,descending_neuron,DNge020,DNge020_R,R,fl,MX,,acetylcholine,6.0,0.0840261560371686,0.3270862648577746,0.454435205519952,3,1471,1057,414,775,34,623,26,597,119,36,178.1463143619016,128.4478312387664,branch,branch,0.4003401925616632,0.7658340363950445
39864,ascending_neuron,ANXXX296,ANXXX296_L,L,BA,A8,,acetylcholine,2.0,0.1429154532051802,0.4265742685331396,0.06239997590990218,3,5056,1476,3580,2466,112,831,385,446,236,35,261.5326318000574,221.5977074430285,branch,branch,0.4571885733275039,1.056741938510783
39880,ascending_neuron,IN27X001,IN27X001_L,L,BI,T1,,gaba,1.0,0.1465805559744272,0.4320094447531288,0.4545768248362896,3,33783,31130,2653,18863,537,7702,7681,21,1098,301,200.839308832125,125.6347350353636,branch,branch,0.4600919776838465,0.7095842998849812
39887,descending_neuron,DNge085,DNge085_L,L,nt,LB,,gaba,8.0,0.1055732191349589,0.3666333283644855,0.6085778842559222,3,1342,579,763,645,34,585,2,583,124,39,150.8191285091663,203.5983813605029,branch,branch,0.4238517793977016,0.8361826636030659
39941,ascending_neuron,AN10B029,AN10B029_L,L,BA,T2,,acetylcholine,6.0,0.250368,0.5646046743839916,0.1141309212725206,3,3620,728,2892,1151,97,852,829,23,243,46,384.1212581379863,221.2403912685616,branch,branch,0.5259812643508852,1.150918655160895
40001,descending_neuron,DNge119,DNge119_L,L,xn,,,glutamate,2.0,0.9134051862666226,1.078417175086178,0.1050725808225698,3,13301,7409,5892,6128,330,449,203,246,194,13,167.9436907754976,138.9994370571409,branch,branch,0.726928067825302,0.4222469064248655
40114,ascending_neuron,AN05B100,AN05B100_R,R,BA,T3,,acetylcholine,6.0,0.126976,0.40208315611611,0.3831015673689488,3,19021,13352,5669,6167,600,2625,2543,82,567,93,230.6145185038229,163.9561378321421,branch,branch,0.443870191043388,0.8889325399582779
40157,descending_neuron,DNg03,DNg03_L,L,ut,LB,,acetylcholine,12.0,0.1212484508449638,0.3929100690408499,0.09096839344956102,3,2153,1996,157,809,69,403,30,373,158,20,201.530194307012,263.5326601979053,branch,branch,0.4387777727164588,1.059905226342092
40218,ascending_neuron,AN06B039,AN06B039_R,R,CA,T3,,gaba,7.0,0.1421563003279066,0.4254397996317915,0.3899565701111887,3,7614,3730,3884,3570,182,1193,1113,80,380,59,174.7156261880954,145.6368429817908,branch,branch,0.4565802249545832,0.7016345686056645
40248,descending_neuron,DNpe008,DNpe008(PS225)_R,R,ht,,,acetylcholine,19.0,0.05752616751737028,0.2706373797910688,0.1647472539103208,3,1628,1494,134,755,36,296,37,259,75,11,179.6816469404647,397.0801540567795,branch,branch,0.3641597398088148,1.583815391838884
40302,ascending_neuron,AN07B024,AN07B024_R,R,BA,T2,,acetylcholine,2.0,0.2143598875614893,0.5224284502668967,0.04891645276376119,3,8611,4468,4143,3889,200,2149,2087,62,522,98,254.2147379418222,168.3599587404528,branch,branch,0.5059544847422338,0.835202986485162
40361,descending_neuron,DNge024,DNge024_L,L,fl,MX,,acetylcholine,4.0,0.07379673341733443,0.3065304540485807,0.1634944183564043,3,1293,1156,137,737,28,477,79,398,129,27,216.9686395833474,115.9813614266643,branch,branch,0.3875563474951798,0.859100884714971
40428,sensory_ascending,SApp10,SApp10_L,,campaniform sensilla,,,acetylcholine,37.0,0.6569290675165044,0.9145644137227344,0.3092049680313523,3,3459,1932,1527,1798,96,140,63,77,60,5,247.2312749881139,266.3091078695594,branch,branch,0.6694300282510038,0.767130784675707
40447,descending_neuron,DNg79,DNg79_L,L,xn,MD,,acetylcholine,4.0,0.5233920000000001,0.8163353427348509,0.09848696483372446,3,8018,7678,340,4129,162,1242,90,1152,428,58,355.0208964804164,179.4801990769259,branch,branch,0.6324589456558243,0.8451158754709284
40549,descending_neuron,DNg03,DNg03_R,R,ut,LB,,acetylcholine,12.0,0.1123031365369343,0.3781385915727421,0.2568112705767023,3,2065,1959,106,739,75,453,67,386,178,13,190.7480136417203,247.5130712267812,branch,branch,0.4304508216633389,1.018144379827136
40588,ascending_neuron,AN10B029,AN10B029_R,R,BA,T3,,acetylcholine,6.0,0.1208992077886137,0.392343793481707,0.03465987758956186,3,3997,990,3007,1398,111,1108,1087,21,303,60,373.4549796672647,218.7638385792331,branch,branch,0.4384614678692261,1.350674715213814
40623,descending_neuron,DNg18_b,DNg18_b_R,R,xn,LB,,gaba,6.0,0.07733006902985147,0.3137828897277651,0.2638349655746138,3,1542,595,947,676,52,534,25,509,126,34,156.4493512798673,239.3103399096509,branch,branch,0.3921142894190479,1.009296783791969
40683,descending_neuron,DNge102,DNge102_R,R,xl,,,glutamate,2.0,0.2121864949205378,0.5197732545943236,0.1243243515781548,3,7950,7836,114,4144,156,4934,4893,41,1001,224,325.1795127676584,185.0791003185975,branch,branch,0.5046671128092443,1.011079581242943
40700,descending_neuron,DNge094,DNge094_R,R,xn,LB,,acetylcholine,13.0,0.03928931259115891,0.2236620362880671,0.05542338073401589,3,1435,237,1198,596,46,635,13,622,147,31,203.23611199851,187.4789734187995,branch,branch,0.3310504459763691,1.180228240638586
40701,descending_neuron,DNg12_b,DNg12_b_L,L,nt,MX,,acetylcholine,10.0,0.07674138080298698,0.3125862453083035,0.06588456843836901,3,1356,812,544,585,37,395,28,367,118,14,182.4554868215354,126.2752259805375,branch,branch,0.3913658904415007,0.7888544207411461
40732,ascending_neuron,AN08B015,AN08B015_R,R,BA,T3,,acetylcholine,2.0,0.13696,0.4175917720057807,0.4267771561760443,3,8462,5486,2976,4420,169,2555,2435,120,552,115,235.5964353537381,219.6976239504553,branch,branch,0.4523493874018539,1.006509728949237
40743,sensory_descending,LN-DN1,LN-DN1_L,,,,potentially sexually dimorphic,acetylcholine,,0.08482899306911966,0.3286451407151309,0.2146784557530778,3,4746,1246,3500,1469,169,553,133,420,56,11,228.7646144241745,153.6816370897798,branch,branch,0.4012930586870574,0.9530348039540837
40773,ascending_neuron,AN01A014,AN01A014_L,L,BA,T1,,acetylcholine,2.0,0.1682560013717433,0.4628500778713528,0.08749467150492961,3,12225,7533,4692,6464,195,3898,3810,88,535,147,143.7499554595892,134.3682593514351,branch,branch,0.4762316013842035,0.5839978153542363
40782,descending_neuron,DNpe008,DNpe008(PS225)_L,L,ht,,,acetylcholine,19.0,0.0337535404637932,0.2073073623712384,0.2722473896199562,3,1312,1301,11,615,31,191,29,162,61,11,181.4829291657446,207.0769126711246,branch,branch,0.318717127813845,1.219136996188726
40792,descending_neuron,DNge094,DNge094_R,R,xn,LB,,acetylcholine,13.0,0.06672733096328441,0.2914787753801034,0.05063388848391379,3,1368,312,1056,607,35,797,42,755,184,47,204.2096672619712,204.7130234861762,branch,branch,0.3779214203194238,1.082030995762349
40877,ascending_neuron,ANXXX005,ANXXX005_L,L,BA,T1,,unclear,2.0,0.02057817495347248,0.1618670630772049,0.4170786155454423,3,8137,5966,2171,6408,99,9057,7660,1397,2222,382,3.446810013475268,0.0,end,branch,0.2816289418860043,0.01223883451179688
40893,ascending_neuron,ANXXX254,ANXXX254_L,L,BA,A8,,acetylcholine,2.0,0.1647258912983214,0.4579689059780899,0.2822201794232173,3,5277,1929,3348,2183,146,1025,922,103,280,60,210.9848283927107,160.0346476044015,branch,branch,0.4737137995976727,0.7832144140876215
40917,ascending_neuron,AN16B078_c,AN16B078_c_R,R,,T1,,glutamate,6.0,0.3391670364932975,0.6571460135570333,0.09198754670755088,3,1412,348,1064,908,14,596,182,414,124,33,131.232811238734,138.5237005054313,branch,branch,0.5674518011628356,0.4753822460187349
40934,descending_neuron,DNpe008,DNpe008(PS225)_L,L,ht,,,acetylcholine,19.0,0.05899006195523245,0.2740592629848136,0.1693735894733964,3,1009,931,78,449,30,355,40,315,83,23,380.3301151398043,394.610688919611,branch,branch,0.366454688689555,2.114697472777903
40959,descending_neuron,DNge089,DNge089_L,L,xn,LB,,acetylcholine,6.0,0.03725465105793397,0.2177936981463678,0.4656792769887071,3,1844,684,1160,1063,40,376,24,352,129,23,184.7761581882602,220.9488161799889,branch,branch,0.3266786067248975,1.241969832171833
41007,ascending_neuron,AN23B026,AN23B026_L,L,BA,A1,,acetylcholine,2.0,0.123392,0.3963679778992764,0.5227737159372519,3,3952,950,3002,1240,179,1212,1035,177,353,63,295.9614386661981,194.9521373289807,branch,branch,0.4407043330518154,1.113929542275365
41039,ascending_neuron,AN08B099_i,AN08B099_i_L,L,BA,T1,,acetylcholine,1.0,0.3733442679574213,0.6894611560948083,0.04051231106261784,3,2725,1058,1667,1220,58,1818,1506,312,398,79,201.3140069606171,153.5465377337154,branch,branch,0.5812365839195396,0.6105268568976653
41101,ascending_neuron,AN07B005,AN07B005_R,R,BA,T3,,acetylcholine,6.0,0.2515273434771111,0.5659103818602746,0.1687589828904249,3,16883,14285,2598,7521,416,5012,4971,41,845,168,206.4150629104033,155.2019970556834,branch,branch,0.5265891065256996,0.6867158007729094
41107,ascending_neuron,AN07B035,AN07B035_L,L,BA,T3,,acetylcholine,4.0,0.1263564475194854,0.4011010168449615,0.2560721233159844,3,5787,2361,3426,2485,138,1021,970,51,257,38,184.1857088563481,235.7669525636096,branch,branch,0.443327754887996,0.9472735618054325
41114,ascending_neuron,AN08B015,AN08B015_L,L,BA,T3,,acetylcholine,2.0,0.1383012458576449,0.4196315232583148,0.1868887898262777,3,8098,5138,2960,4206,174,2862,2744,118,578,131,180.7622948344676,210.8358484077078,branch,branch,0.4534528050377175,0.8635918421755111
41184,ascending_neuron,AN09B013,AN09B013_L,L,CA,A7,,acetylcholine,2.0,0.1961736487877362,0.4997759970942312,0.4357773271552042,3,10926,6045,4881,4504,223,4846,4640,206,951,225,297.0512615093587,276.6855994074519,branch,branch,0.4948638586279798,1.159383234224273
41268,ascending_neuron,,,L,,T3,,acetylcholine,,0.1192565036588472,0.3896692141102474,0.1541836573436094,3,12403,8633,3770,6182,297,3895,3674,221,1157,192,176.6440380744347,145.1716145898455,branch,branch,0.4369644320926147,0.7364802007410786
41311,sensory_ascending,"SApp11,SApp18","SApp11,SApp18_R",,campaniform sensilla,,,acetylcholine,8.0,0.279808,0.5968773831644624,0.2677490412454732,3,2225,976,1249,1101,49,256,123,133,48,13,219.2457093355508,261.3074304385481,branch,branch,0.5408048795550818,0.8885887645271398
41319,descending_neuron,DNge085,DNge085_R,R,nt,LB,,gaba,8.0,0.06924820320200491,0.2969335796413884,0.1967727098884026,3,1505,757,748,714,39,654,13,641,135,36,141.5920255001938,232.0794768409302,branch,branch,0.3814412851596957,0.9796304618276471
41337,ascending_neuron,AN05B062,AN05B062_R,R,BA,T3,,gaba,4.0,0.09545543246643393,0.3486224768658217,0.03483768780721017,3,4289,1259,3030,2075,113,1284,1233,51,469,70,226.771699118104,276.9897540770725,branch,branch,0.4133098276889295,1.218847023338443
41346,descending_neuron,DNge094,DNge094_R,R,xn,LB,,acetylcholine,13.0,0.07503076415496655,0.3090827332508255,0.230361488316145,3,2081,619,1462,934,65,609,40,569,134,28,162.5748054317485,211.9824399501167,branch,branch,0.3891664673284486,0.9624602241635235
41414,ascending_neuron,AN08B066,AN08B066_L,L,BA,T1,,acetylcholine,2.0,0.6797888829667831,0.9303408449942696,0.2955722100022974,3,4727,1347,3380,2274,125,1075,946,129,452,50,175.8515352812811,149.2511501152368,branch,branch,0.6751792458652681,0.4815057444188561
41594,ascending_neuron,AN05B096,AN05B096_L,L,BA,T3,,acetylcholine,4.0,0.1390827061672921,0.4208154007174373,0.1079770317296568,3,10995,6727,4268,4026,285,3934,3753,181,491,127,208.3446992239053,164.4587079858647,branch,branch,0.454092002078372,0.8209865082482286
41598,ascending_neuron,ANXXX084,ANXXX084_R,R,BA,A2,potentially sexually dimorphic,acetylcholine,8.0,0.1268399067323815,0.4018676213657776,0.5176504277750756,3,19064,14572,4492,8079,500,4120,4021,99,669,173,182.7274124725412,153.7210747634569,branch,branch,0.4437512078510108,0.7581917103174634
41670,sensory_ascending,"SApp09,SApp22","SApp09,SApp22_R",,campaniform sensilla,,,acetylcholine,74.0,0.7149263902169805,0.9540820465761954,0.1660263641933737,3,1018,812,206,759,15,154,133,21,52,10,169.4273155772953,433.2200575215759,end,branch,0.6837398648772323,0.8813986196447365
41681,ascending_neuron,AN08B074,AN08B074_L,L,BA,T1,potentially male-specific,acetylcholine,6.0,0.1471910403732264,0.432908134866858,0.2579925899632807,3,4337,1168,3169,1625,150,855,615,240,303,41,380.4072179936484,180.0318225026353,branch,branch,0.460570283545042,1.216837170176384
41705,descending_neuron,DNpe008,DNpe008(PS225)_L,L,ht,,,acetylcholine,19.0,0.07391206770507751,0.3067698932999251,0.07201120519836031,3,929,904,25,355,24,256,53,203,68,18,384.7743688581288,390.5735295723284,branch,branch,0.3877076833349621,1.999825981680614
41746,ascending_neuron,AN08B049,AN08B049_L,L,BA,T1,,acetylcholine,4.0,0.3950863570327571,0.709252827530114,0.0774665798958512,3,5072,1931,3141,2620,97,2387,2310,77,545,121,184.9528513932698,180.7983672522582,branch,branch,0.5895200467242449,0.6204220207232622
41779,sensory_ascending,SApp04,SApp04_R,,campaniform sensilla,,,acetylcholine,9.0,0.2068215655436643,0.5131602049596489,0.228138625912496,3,6117,3953,2164,3301,126,257,169,88,95,13,226.7494012749051,266.4063809627692,branch,branch,0.5014464083331617,0.9834665759735999
41824,ascending_neuron,AN23B026,AN23B026_R,R,BA,A1,,acetylcholine,2.0,0.129664,0.4063167881450878,0.1733183183474412,3,3952,764,3188,1368,152,1248,1032,216,364,58,251.2876463400133,248.0731948020523,branch,branch,0.4462008809842188,1.119139074850296
41951,descending_neuron,DNpe008,DNpe008(PS225)_L,L,ht,,,acetylcholine,19.0,0.0609939927635116,0.2786753731096333,0.2693220434295718,3,1204,1200,4,540,27,227,45,182,73,17,383.3990094522669,378.6720031969114,branch,branch,0.36952798652297,2.062282263976257
41969,descending_neuron,DNge085,DNge085_L,L,nt,LB,,gaba,8.0,0.110260309987139,0.3746835823603467,0.06371618338036382,3,1631,702,929,770,40,505,8,497,127,36,159.7241707588043,228.4013299246902,branch,branch,0.4284798190773632,0.9058197922115379
42002,descending_neuron,DNge176,DNge176_R,R,ut,LB,,acetylcholine,2.0,0.07573859475796359,0.3105372343351285,0.7367548903758293,3,872,839,33,546,13,441,24,417,185,20,192.4007668641909,248.9224674421657,branch,branch,0.390081074680909,1.1313628446788
42051,descending_neuron,DNpe054,DNpe054(DNp16/17)_L,L,ht,,,acetylcholine,7.0,0.08232788347993597,0.323763983298024,0.0252168974416221,3,1131,997,134,486,38,535,45,490,103,27,381.6708419295297,280.9614006998587,branch,end,0.3983018350648561,1.66364345904028
42088,ascending_neuron,AN07B052,AN07B052_L,L,BA,T1,,acetylcholine,6.0,0.3115331055682797,0.6298065333923489,0.1074017164257536,3,3883,1132,2751,2030,59,976,838,138,228,54,182.7083794923725,139.4037333233969,branch,branch,0.5555224580179013,0.5798363471479843
42102,descending_neuron,DNge108,DNge108_L,L,ut,LB,,acetylcholine,5.0,0.2920655773252066,0.6098109893289547,0.2722767737052983,3,2145,1823,322,1094,56,564,12,552,144,39,170.2328450647456,194.8548591061652,branch,branch,0.5466327695731273,0.6678847747382809
42125,descending_neuron,DNpe008,DNpe008(PS225)_R,R,ht,,,acetylcholine,19.0,0.07347475697842493,0.3058610242001038,0.6227646270251914,3,1101,1057,44,539,25,168,31,137,59,11,378.7682261821475,385.8197348242139,branch,branch,0.3871329253086733,1.975001119826559
42148,ascending_neuron,AN17A031,AN17A031_L,L,BA,T2,,acetylcholine,2.0,0.2491781911529004,0.5632615082370268,0.1859876433872312,3,6950,4411,2539,3336,161,2577,2469,108,489,104,186.0356649230218,174.6894629905298,branch,branch,0.525355250317481,0.6866308611088578
42178,descending_neuron,DNg110,DNg110_L,L,ut,LB,,acetylcholine,6.0,0.09787479012057254,0.3530128230166255,0.1863228731283388,3,1263,957,306,719,28,531,30,501,140,30,206.6683501363937,234.205522305856,branch,branch,0.4159041755959496,1.060037139109077
42199,ascending_neuron,AN03B039,AN03B039_R,R,IA,T2,,gaba,2.0,0.4615995274887711,0.7666334014571562,0.2756312373212408,3,7448,4555,2893,3421,143,2857,2819,38,490,147,198.3262081224869,199.6830723886711,branch,branch,0.6129032278541258,0.6493835607697049
42206,descending_neuron,DNge179,DNge179_L,L,nt,LB,,gaba,6.0,0.2634494103279655,0.5791668216211335,0.4873111147680385,3,1084,430,654,535,28,451,5,446,109,26,177.8405024319968,235.1890617050457,branch,branch,0.5327210739161305,0.775320490140903
42226,descending_neuron,DNpe008,DNpe008(PS225)_L,L,ht,,,acetylcholine,19.0,0.06800875193453187,0.2942642220031684,0.4182917543112098,3,1599,1436,163,753,34,288,27,261,75,9,157.1931228475502,221.5090933635456,branch,branch,0.3797228841952411,0.9973120714430775
42345,ascending_neuron,ANXXX099,ANXXX099_L,L,BA,A8,,acetylcholine,2.0,0.2126039417367615,0.5202842934260223,0.5517045301167008,3,9602,6166,3436,4465,183,4239,4094,145,609,178,167.5583115154756,157.7900125198213,branch,branch,0.5049151451271301,0.644362378857499
42428,ascending_neuron,AN05B107,AN05B107_R,R,BA,T2,,acetylcholine,2.0,0.2352029840106782,0.5472382847371954,0.1688209631303241,3,13303,8684,4619,5289,374,3255,3155,100,897,158,171.3804454539042,151.1420294528904,branch,branch,0.5178288901956183,0.6228360004884169
42465,descending_neuron,DNg06,DNg06_R,R,xn,LB,,acetylcholine,12.0,0.1143374012315725,0.3815480319570381,0.7359335845530576,3,1528,1460,68,845,33,421,51,370,156,24,196.7114161123487,186.9357747040055,branch,branch,0.4323870206874261,0.8872773058877126
42467,ascending_neuron,AN17A003,AN17A003_L,L,BA,T2,,acetylcholine,6.0,0.2409106373537188,0.5538383791559653,0.1787972684776636,3,15997,12287,3710,7352,341,10534,10236,298,1059,489,227.0517722404334,164.9698458294977,branch,branch,0.5209422288377311,0.7525241694161873
42529,ascending_neuron,AN05B062,AN05B062_R,R,BA,T3,,gaba,4.0,0.1206618610206731,0.3919584837618129,0.1991492489939646,3,3958,1198,2760,1761,108,990,927,63,399,55,191.8291739969686,169.5168771436812,branch,branch,0.4382461146927469,0.8245276775448162
42580,ascending_neuron,ANXXX092,ANXXX092_L,L,BA,A1,,acetylcholine,2.0,0.2045851416048796,0.5103781858157496,0.1028965106514366,3,8760,6692,2068,3999,205,4320,3858,462,1291,201,227.2312359616519,135.6731571096021,branch,branch,0.5000853037729837,0.7256849788091282
42681,ascending_neuron,AN06B039,AN06B039_L,L,CA,T3,,gaba,7.0,0.1300349507049324,0.4068975810141999,0.05476042136538895,3,7014,3623,3391,3311,159,1202,1143,59,424,56,166.7952964358665,148.7824967757183,branch,branch,0.4465196688802834,0.7067500385883214
42685,ascending_neuron,AN12B055,AN12B055_R,R,CA,T1,,gaba,5.0,0.1273522525112367,0.4026784374763621,0.0724339192356497,3,2311,450,1861,1145,48,402,239,163,167,13,207.7511169339497,129.7260068688196,branch,branch,0.4441986429103733,0.7597437074360054
42692,ascending_neuron,ANXXX202,ANXXX202_R,R,BA,A3,,glutamate,8.0,0.1623735856824808,0.4546872225072724,0.03600004025748071,3,3211,1775,1436,1360,80,1505,1261,244,254,56,305.7983806233989,243.4550373557586,branch,branch,0.4720134945407424,1.1636392271233
42696,ascending_neuron,AN07B043,AN07B043_R,R,BA,T3,,acetylcholine,2.0,0.1389952464615164,0.4206830687406054,0.3980826203606878,3,6606,2719,3887,2530,173,353,296,57,137,18,225.5010095044192,275.782984643776,branch,branch,0.4540205983024301,1.104099673059948
42780,descending_neuron,DNpe054,DNpe054(DNp16/17)_R,R,ht,,,acetylcholine,7.0,0.06122693021747725,0.2792069998327985,0.920366364941951,3,1420,1203,217,744,34,521,23,498,105,29,179.9914237655483,218.0412299447992,branch,branch,0.3698802913350092,1.076112090951718
42792,descending_neuron,DNge094,DNge094_R,R,xn,LB,,acetylcholine,13.0,0.08936477123359983,0.3373170031896267,0.1535025758235957,3,2002,382,1620,869,61,495,17,478,111,25,194.656106576966,222.2977058799135,branch,branch,0.4065529873988347,1.02558295076022
42837,sensory_ascending,SApp14,SApp14_R,,campaniform sensilla,,,acetylcholine,7.0,0.1629977988738823,0.4555603617864657,0.03299838626840385,3,3826,1883,1943,2064,75,75,15,60,36,4,246.2525801150626,278.7182398886403,branch,branch,0.4724664827004855,1.111128173586235
42875,sensory_ascending,SApp10,SApp10_R,,campaniform sensilla,,,acetylcholine,37.0,0.2945725172008132,0.6124225483212178,0.1665021173055485,3,4158,2491,1667,2135,100,139,67,72,59,7,224.1486409638685,275.610540752046,branch,branch,0.5478020159486424,0.9122989093978946
43003,ascending_neuron,AN12B055,AN12B055_R,R,BA,T1,,gaba,5.0,0.123291886779791,0.3962071501033775,0.0857076488857359,3,2755,757,1998,1377,60,401,252,149,193,18,205.9240158444067,133.1914800552836,branch,branch,0.4406149152612233,0.769641435534796
43041,sensory_ascending,SApp10,SApp10_R,,campaniform sensilla,,,acetylcholine,37.0,0.4506971914725106,0.7575258984905241,0.1229710603653305,3,2847,1825,1022,1628,57,233,122,111,72,18,223.3669925524118,280.0193080666692,branch,branch,0.6092517462103467,0.8262369435134695
43153,ascending_neuron,AN09B029,AN09B029_L,L,BA,A4,,acetylcholine,4.0,0.2212876161362961,0.5308033003146336,0.09405477431454286,3,6336,3247,3089,2758,193,1980,1866,114,405,104,210.8639159905212,198.7819920011606,branch,branch,0.5099937422696189,0.8032371263393148
43210,ascending_neuron,AN05B052,AN05B052_L,L,BA,T2,,gaba,3.0,0.2621910473622749,0.5777819742577458,0.1505167017655027,3,6403,2766,3637,3384,138,775,690,85,371,35,188.7983390486214,182.5210096434332,branch,branch,0.5320837973348704,0.6978587781697896
43340,ascending_neuron,AN09B021,AN09B021_R,R,BA,T2,,glutamate,2.0,0.2561672461623982,0.5711061791644986,0.1043416059761098,3,9589,6211,3378,3979,240,2272,2119,153,827,111,20.25496470134528,160.6138147122445,end,branch,0.5290009714458039,0.3419063275427647
43365,ascending_neuron,AN07B052,AN07B052_L,L,BA,T1,,acetylcholine,6.0,0.3471237223483757,0.6648094841453609,0.1357443162928195,3,3756,1076,2680,1935,68,953,826,127,209,50,115.6832296279943,148.7377234854556,branch,branch,0.5707509502674759,0.4632860497026454
43436,ascending_neuron,AN19B004,AN19B004_R,R,BA,T1,,acetylcholine,2.0,0.305324605252967,0.6234992874003393,0.02469504159293795,3,12542,10951,1591,5423,224,6145,6106,39,737,167,222.6611378902648,141.8592079758686,branch,branch,0.5527337974343222,0.6594862618464128
43473,ascending_neuron,AN05B078,AN05B078_L,L,BA,T1,,gaba,3.0,0.117946333847066,0.3875228205030252,0.09725805294530154,3,4255,1278,2977,2090,98,541,448,93,232,26,193.1461931371986,164.8054261754567,branch,branch,0.4357593166490905,0.821443410700287
43559,sensory_ascending,"SApp09,SApp22","SApp09,SApp22_R",,campaniform sensilla,,,acetylcholine,74.0,0.5691654683575715,0.8512837257992014,0.1517151430577162,3,972,718,254,685,22,190,145,45,76,9,171.4465163745585,407.7272905683457,end,branch,0.6458552667909496,0.8967547943374922
43627,ascending_neuron,AN07B049,AN07B049_L,L,BA,T1,,acetylcholine,8.0,0.2029102885756303,0.5082847660988042,0.1940399751468105,3,4177,559,3618,1652,104,654,592,62,207,44,152.3116065854021,176.3602324023435,branch,branch,0.4990586492471742,0.6585835943000775
43649,ascending_neuron,AN26X004,AN26X004_R,R,IA,T1,,unclear,2.0,0.227456,0.5381505122986331,0.2901006194710085,3,806,196,610,534,12,351,150,201,107,17,203.2370726782646,150.7264511671877,branch,branch,0.5135111985403339,0.689300495980615
43682,ascending_neuron,AN19A019,AN19A019_R,R,BA,T1,,acetylcholine,2.0,0.1371623100183653,0.4179000803572628,0.6127898657261814,3,7348,4020,3328,3884,159,1331,992,339,311,59,181.5488966634007,125.8752440411595,branch,branch,0.4525163415558147,0.6793658316240974
43697,ascending_neuron,AN09B033,AN09B033_L,L,CA,A5,,acetylcholine,6.0,0.2051916035002783,0.5111340957363071,0.2470149895235689,3,4246,501,3745,2381,70,624,371,253,236,23,281.1058003287239,223.6641247545173,branch,branch,0.5004554994310587,1.008620997585374
43716,ascending_neuron,AN09B020,AN09B020_L,L,CA,T1,,acetylcholine,4.0,0.2365267479864223,0.5487761009044771,0.204007231732229,3,4955,2737,2218,2319,102,2454,1680,774,602,137,198.7484720447359,144.6547485935443,branch,branch,0.5185559655844235,0.6622298140013828
43730,descending_neuron,DNg10,DNg10_L,L,nt,LB,,gaba,12.0,0.04665786320403987,0.2437347667121521,0.03775825877948455,3,648,269,379,338,13,310,7,303,98,15,156.0593631149095,201.2228394307309,branch,branch,0.3455865097033658,1.033843024868979
43782,ascending_neuron,AN01B014,AN01B014_R,R,BA,T2,,gaba,2.0,0.1094684244737155,0.3733356759536772,0.0631192686379364,3,4832,1246,3586,2466,110,325,279,46,192,6,272.1836754321114,178.990323181635,branch,branch,0.4277084067648213,1.054863527295193
43839,ascending_neuron,AN17A024,AN17A024_L,L,BA,T1,,acetylcholine,6.0,0.327710756290305,0.6459522382838253,0.3410856785272404,3,11400,8362,3038,5763,250,2278,2187,91,702,106,225.9873459566868,165.9341498986323,branch,branch,0.562598077457677,0.696627861983411
43940,ascending_neuron,AN16B078_c,AN16B078_c_L,L,,T1,,glutamate,6.0,0.5437727228968084,0.8320774808517126,0.3324870253501902,3,1652,455,1197,1031,18,696,201,495,119,43,149.4641655512517,143.7687522929257,branch,branch,0.6385279677644035,0.4592326924548605
44315,ascending_neuron,ANXXX410,ANXXX410_R,R,BA,A7,,acetylcholine,2.0,0.08377152808384393,0.3265902972827612,0.4432891025564182,3,2315,115,2200,1045,85,270,185,85,141,13,200.728358975445,189.2828476366517,branch,branch,0.4000365554153182,0.974938918287572
44319,ascending_neuron,AN19B015,AN19B015_L,L,BA,T1,,acetylcholine,2.0,0.1981477621962345,0.5022843482819517,0.1506001826343338,3,11705,6945,4760,5014,286,2039,1870,169,630,97,173.7055080926572,128.7828475764412,branch,branch,0.4961041530345783,0.6097275215674622
44393,ascending_neuron,ANXXX007,ANXXX007_L,L,BA,A6,,gaba,7.0,0.3789517569276295,0.694619581114098,0.3112250161279003,3,4846,2970,1876,2331,124,2156,2129,27,402,87,358.8473627923077,204.0294131938875,branch,branch,0.5834068860974372,0.9648099626513267
44409,ascending_neuron,AN01B011,AN01B011_R,R,IA,A1,,gaba,6.0,0.09533726463573244,0.3484066236756926,0.3502616019120856,3,5483,2653,2830,2952,114,933,899,34,194,35,292.4989122186076,205.4720052629883,branch,branch,0.4131818553628527,1.205210032866236
44445,ascending_neuron,AN05B062,AN05B062_L,L,BA,T3,,gaba,4.0,0.09909063259655598,0.3551986935994532,0.3348060951956129,3,3706,1177,2529,1772,92,1308,1254,54,483,61,222.7940699625269,231.4039121826938,branch,branch,0.4171898367215242,1.088708166321893
44495,ascending_neuron,ANXXX074,ANXXX074_R,R,BA,A6,,acetylcholine,2.0,0.0994005573637635,0.3557537356153266,0.07922478155086511,3,10810,7247,3563,5243,249,3311,3193,118,627,115,174.9642982069496,168.7936334816438,branch,branch,0.4175156649175094,0.8233413990742391
44502,descending_neuron,DNge071,DNge071_L,L,nt,LB,,gaba,10.0,0.06635620282210399,0.2906670629286535,0.6943088915805895,3,1257,242,1015,548,28,199,4,195,80,7,171.0074174596004,251.035230555345,branch,branch,0.3773948341393139,1.118305312730248
44529,ascending_neuron,AN07B078_b,AN07B078_b_R,R,BA,T1,,acetylcholine,2.0,0.2876737124954934,0.6052086803161668,0.3716506671251039,3,2435,88,2347,1512,34,320,278,42,116,17,208.4986661060023,181.4375847977641,branch,branch,0.5445661147692921,0.7160494204986748
44650,descending_neuron,DNg10,DNg10_R,R,nt,LB,,gaba,12.0,0.07496694697782888,0.3089512606225065,0.1209104641767644,3,923,318,605,393,21,284,5,279,94,16,159.0230810387255,236.4918731020449,branch,branch,0.3890836898470921,1.016529256973495
44659,descending_neuron,DNg10,DNg10_R,R,nt,LB,,gaba,12.0,0.05364428657265878,0.2613465649543048,0.1239400039066237,3,1568,392,1176,804,32,471,3,468,118,26,154.6241663817592,223.8573960864931,branch,branch,0.3578544631936415,1.057641028396086
44665,ascending_neuron,ANXXX410,ANXXX410_L,L,BA,A7,,acetylcholine,2.0,0.08666782576131976,0.3321880536917744,0.1133276191225618,3,2666,68,2598,1092,81,290,206,84,153,14,190.2883615033883,145.7183664412399,branch,branch,0.4034503021550107,0.8328330060725302
44667,ascending_neuron,AN05B052,AN05B052_L,L,BA,T2,,gaba,3.0,0.1207725423594189,0.3921382114130356,0.1012941961282578,3,5271,2089,3182,2612,134,608,530,78,280,30,234.3145451049208,159.7361339439162,branch,branch,0.4383465793095543,0.8989477679271766
44826,descending_neuron,DNg10,DNg10_L,L,nt,LB,,gaba,12.0,0.07254599692274684,0.3039217532429633,0.5519086639800397,3,803,303,500,373,19,325,6,319,100,22,137.1065168403626,251.7921791673312,branch,end,0.3859036914685476,1.007761015521123
44836,descending_neuron,DNg12_b,DNg12_b_R,R,xn,MX,,acetylcholine,10.0,0.1757809811266871,0.4730869860637082,0.2509450371642799,3,1684,1071,613,812,41,643,26,617,115,30,183.8773156214712,128.0747619169274,branch,branch,0.4814692338781545,0.6479169500108586
44847,ascending_neuron,AN14A003,AN14A003_L,L,CA,T2,,glutamate,5.0,0.2340404898500937,0.545884242991431,0.384069250602388,3,8205,6974,1231,4227,127,5156,5112,44,674,194,194.9255344736449,202.3552244316969,branch,branch,0.5171878566495942,0.7681556204335012
44887,ascending_neuron,AN19B032,AN19B032_R,R,CA,T2,,acetylcholine,2.0,0.1656295760292387,0.4592233944151211,0.1497710615467832,3,9157,4908,4249,4391,192,3898,3755,143,618,158,263.939681384394,236.9817215691201,branch,branch,0.4743621646626229,1.055989369029422
44917,ascending_neuron,ANXXX037,ANXXX037_L,L,IA,A1,,acetylcholine,2.0,0.2359895904958638,0.5481526053620389,0.1010604486841935,3,16527,12951,3576,7780,299,4833,4757,76,660,157,214.4889070533283,163.5782331556866,branch,branch,0.518261301495104,0.7294913571944296
44952,descending_neuron,DNge071,DNge071_R,R,nt,LB,,gaba,10.0,0.03826868737099193,0.2207378673582175,0.1229850001293591,3,1289,324,965,594,30,256,5,251,80,16,157.0015562203259,232.4918031630928,branch,branch,0.3288792407640327,1.184305091676114
44960,ascending_neuron,AN08B053,AN08B053_R,R,BA,T1,,acetylcholine,2.0,0.194668320075123,0.4978548013495587,0.0560191375282891,3,5682,2579,3103,2985,152,1845,1767,78,695,83,187.542784269912,153.3677257025438,branch,branch,0.4939117863154146,0.6902255006215797
44980,descending_neuron,DNg03,DNg03_R,R,ut,LB,,acetylcholine,12.0,0.1461797133918797,0.4314183488547901,0.09596109919608226,3,1996,1971,25,648,83,409,65,344,151,18,189.9426829373695,263.084707117821,branch,branch,0.4597771100640474,0.9853195823343256
44992,ascending_neuron,AN19A018,AN19A018_L,L,BA,A4,,acetylcholine,12.0,0.1080745299648374,0.3709511629984415,0.05791643898727979,3,9297,5703,3594,4307,202,2678,2587,91,533,126,164.1567779650815,165.9407729762854,branch,branch,0.4263403216554075,0.7742583428648124
45062,ascending_neuron,AN18B025,AN18B025_R,R,BA,T1,,acetylcholine,2.0,0.3156658562296945,0.6339702288548978,0.3000196855422269,3,8129,3846,4283,3697,194,1386,1295,91,365,68,148.1399814161795,166.5930771876172,branch,branch,0.5573557321306563,0.5646897312792263
45097,sensory_ascending,SApp21,SApp21_L,,campaniform sensilla,,,acetylcholine,3.0,0.8298842789532265,1.027930679334591,0.09913897543885371,3,1315,643,672,672,35,335,167,168,51,13,223.7840416830895,280.1915345705494,branch,branch,0.7097084139799597,0.7101163891060616
45139,ascending_neuron,AN19B039,AN19B039_L,L,BA,A1,,acetylcholine,2.0,0.1426624337104636,0.4261964947630624,0.3668857180178847,3,5789,2663,3126,2325,145,2013,1976,37,329,93,146.4789157923782,215.4969665884891,branch,branch,0.4569860856020679,0.792093881598108
45311,ascending_neuron,ANXXX084,ANXXX084_L,L,BA,A2,potentially sexually dimorphic,acetylcholine,8.0,0.007242411392906554,0.09602772820747713,0.4686234210415647,3,19655,14288,5367,8370,491,4609,4513,96,708,195,198.8067979814421,147.9985073228052,branch,branch,0.2169183874678765,1.59878242389943
45366,ascending_neuron,AN07B049,AN07B049_L,L,BA,T1,,acetylcholine,8.0,0.1223609488966504,0.3947084985993254,0.07328046987682756,3,4429,652,3777,1877,116,689,626,63,218,39,157.5540536514339,175.2382302855376,branch,branch,0.4397808139444801,0.7567230615453466
45501,ascending_neuron,AN19B009,AN19B009_L,L,BA,T2,,acetylcholine,4.0,0.1929927912743095,0.4957076292526373,0.09227418159392628,3,7262,6259,1003,3947,110,3769,3742,27,401,110,250.574320424811,208.2747226195419,branch,branch,0.4928455522106213,0.9310199533834084
45591,sensory_ascending,SAxx02,SAxx02_L,,leg,,,unclear,12.0,0.07629731025766988,0.3116805296726009,0.7288425975839531,3,4953,3141,1812,1260,180,395,246,149,84,12,260.3576950438703,508.5791969881884,branch,branch,0.3907984896843569,1.967604564319375
45757,descending_neuron,DNg92_b,DNg92_b_R,R,ut,LB,,acetylcholine,4.0,0.0950290589707464,0.3478430045013469,0.5157127671276546,3,1457,1187,270,742,35,552,44,508,203,33,192.0325282357898,191.8554777407066,branch,branch,0.4128475168941433,0.9298542204262009
45836,sensory_ascending,"SApp11,SApp18","SApp11,SApp18_L",,campaniform sensilla,,,acetylcholine,8.0,0.2570861882960777,0.5721296193554362,0.2627105319331159,3,2791,1440,1351,1273,72,260,133,127,53,11,222.3675054490708,247.7272843212494,branch,branch,0.5294747524520538,0.8878511913802524
45843,ascending_neuron,AN17A024,AN17A024_R,R,BA,T1,,acetylcholine,6.0,0.2158033831569078,0.5241845107622021,0.3923891369590382,3,11038,7925,3113,5853,226,1273,1201,72,510,53,224.3512619950017,168.0504603863797,branch,branch,0.5068041143020438,0.7742670418565679
45906,descending_neuron,DNg18_b,DNg18_b_R,R,xn,LB,,gaba,6.0,0.1998902738937,0.5044880586588761,0.3960987181656021,3,1950,966,984,929,47,515,20,495,147,31,153.5600362697128,217.0003729794394,branch,branch,0.4971912597208938,0.7453075692786156
45915,descending_neuron,DNg10,DNg10_R,R,nt,LB,,gaba,12.0,0.06614022504363949,0.2901936422860514,0.05077705681036392,3,847,360,487,433,16,432,4,428,133,29,154.7366805886743,237.8036278868745,branch,branch,0.3770873701414106,1.040979729255698
46011,descending_neuron,DNge020,DNge020_R,R,fl,MX,,acetylcholine,6.0,0.07069805310425299,0.3000259271265093,0.1861049706399482,3,1100,974,126,602,26,584,31,553,102,32,211.7945803910238,127.3169651337124,branch,branch,0.3834223575797185,0.8844334161036254
46086,ascending_neuron,,,R,,T3,,gaba,,0.138425314714667,0.4198197049771774,0.4439227542377928,3,3875,1395,2480,1893,114,1035,995,40,364,63,192.5372196824034,170.8186223440557,branch,branch,0.4535544679956498,0.8011294511819121
46164,ascending_neuron,AN07B052,AN07B052_R,R,BA,T1,,acetylcholine,6.0,0.5842381538796236,0.8624819540504044,0.1959869679652092,3,3825,1217,2608,1942,55,931,794,137,205,44,160.7057756138925,133.3314956404329,branch,branch,0.6500893457707934,0.4523028613946799
46228,descending_neuron,DNg10,DNg10_L,L,nt,LB,,gaba,12.0,0.05904472197382377,0.2741862048407352,0.07636938022027351,3,755,280,475,375,13,376,5,371,107,25,139.6977976410763,220.5157683498305,branch,branch,0.3665395481690349,0.9827413379818685
46240,ascending_neuron,AN04A001,AN04A001_L,L,BA,T1,,acetylcholine,6.0,0.310272,0.6285304925173228,0.06119580035594684,3,26352,22588,3764,12787,586,5836,5741,95,1168,238,194.2133033502446,198.2099216097995,branch,branch,0.5549594051221118,0.7071205953770552
46322,ascending_neuron,AN16B078_d,AN16B078_d_R,R,IA,T1,,glutamate,6.0,0.2546657620172297,0.5694299947231888,0.2649694769081501,3,1553,615,938,945,19,470,167,303,111,35,141.2932224981293,139.6332029582961,branch,branch,0.5282240977221339,0.531831899884665
46348,ascending_neuron,AN17A014,AN17A014_L,L,IA,T1,,acetylcholine,6.0,0.331026854782429,0.6492122009622838,0.2069509955039558,3,15126,10352,4774,5689,384,1681,1573,108,540,77,183.2972849260811,167.6661643930745,branch,branch,0.564015938136077,0.622258034904114
46359,ascending_neuron,AN05B063,AN05B063_L,L,,T2,,gaba,4.0,0.1118648629951178,0.3774000095810349,0.181889048616517,3,4452,1894,2558,2068,122,398,338,60,217,16,195.0833830773678,177.4689038053779,branch,branch,0.4300302369539927,0.8663397474596739
46376,ascending_neuron,AN17B002,AN17B002_L,L,BA,A1,,gaba,2.0,1.376137660004835,1.323689120495243,0.0280125008132857,3,13736,3534,10202,7582,250,3229,1669,1560,1261,123,192.3957314307889,183.6311792813415,branch,branch,0.8053618249226051,0.4669043144033632
46380,descending_neuron,DNge024,DNge024_L,L,fl,MX,,acetylcholine,4.0,0.07410158528508462,0.3071629351216305,0.1215630149253897,3,1230,1121,109,679,26,489,71,418,130,28,172.3153441852515,119.9865547153673,branch,branch,0.3879559745764961,0.7534409006581324
46466,ascending_neuron,AN05B023a,AN05B023a_R,R,BA,T2,,gaba,2.0,0.08080914877976567,0.3207637819374015,0.1307675574444759,3,10319,8654,1665,3806,315,7509,5988,1521,1442,338,180.723278884304,140.2157487929501,branch,branch,0.3964520817820569,0.8095279162985582
46515,ascending_neuron,AN09B042,AN09B042_R,R,CA,A8,potentially sexually dimorphic,acetylcholine,2.0,0.09990367147746497,0.3566529197824388,0.1144865827567924,3,3294,421,2873,1572,88,705,524,181,190,31,240.2122887141864,227.4409379450505,branch,branch,0.4180429770889532,1.118672606141467
46542,sensory_ascending,SApp10,SApp10_R,,campaniform sensilla,,,acetylcholine,37.0,0.3599340689204241,0.6769655013713147,0.2481616424128339,3,3659,1953,1706,1998,76,81,25,56,51,1,240.7547925847725,276.0351418365652,branch,branch,0.5759453929600827,0.8972898138229488
46578,descending_neuron,DNg10,DNg10_R,R,nt,LB,,gaba,12.0,0.06527898114022525,0.2882980753105294,0.1139639397149432,3,905,418,487,452,22,452,6,446,115,30,152.7037611715782,211.0887601672326,branch,branch,0.3758537706371447,0.9679097291537404
46750,sensory_ascending,SAxx02,SAxx02_L,,leg,,,unclear,12.0,0.1421045086902245,0.4253622925807546,0.3802595246855742,3,5749,3301,2448,1672,229,506,298,208,98,8,237.0512298785233,182.2532429917287,branch,branch,0.4565386329376406,0.9184424769754932
46808,ascending_neuron,AN12B076,AN12B076_L,L,BA,T1,,gaba,3.0,0.1863624893600486,0.4871181490239302,0.2238272800750665,3,2424,582,1842,1173,58,321,202,119,157,11,198.0241913021484,163.4111114011699,branch,branch,0.4885569496197202,0.7398017835682206
46875,ascending_neuron,AN12A017,AN12A017_R,R,BA,T1,,acetylcholine,2.0,0.1471631888426221,0.4328671754288548,0.1389740184707788,3,8239,4558,3681,3625,212,789,728,61,258,31,178.8016705328519,163.1552762534171,branch,branch,0.4605484946888209,0.7424993257600796
46961,ascending_neuron,AN19A018,AN19A018_R,R,BA,A3,,acetylcholine,12.0,0.1066895517991385,0.3685666240460924,0.1528469529969084,3,5834,2338,3496,2705,134,1357,1265,92,336,64,207.5531738593778,161.7699560761398,branch,branch,0.4249678173492498,0.8690614085536696
47050,sensory_ascending,"SApp11,SApp18","SApp11,SApp18_R",,campaniform sensilla,,,acetylcholine,8.0,0.1876968369699925,0.4888589113966353,0.09220636190284298,3,3163,1603,1560,1604,62,193,87,106,50,10,226.7362782198012,269.4570406524544,branch,branch,0.489429123146908,1.013820582808509
47073,sensory_ascending,SApp10,SApp10_L,,campaniform sensilla,,,acetylcholine,37.0,0.6836489765746773,0.9329785162009906,0.2074363123042166,3,3441,1900,1541,1647,94,209,128,81,62,8,232.8732951543905,276.1725241914604,branch,branch,0.6761356912177358,0.7528752378521061
47102,descending_neuron,DNg12_b,DNg12_b_L,L,xn,MX,,acetylcholine,10.0,0.1271199371901045,0.4023109878622397,0.2876056104748339,3,1626,939,687,786,37,426,18,408,103,24,171.3708325433921,123.7663113465687,branch,branch,0.4439959279683738,0.6647293934438598
47264,sensory_ascending,SApp10,SApp10_L,,campaniform sensilla,,,acetylcholine,37.0,0.494523297560242,0.7935027525135209,0.2687228136692862,3,4093,2173,1920,1992,103,114,34,80,54,4,239.9437898721779,269.3838314543776,branch,branch,0.6235514002322705,0.8168173804706923
47277,ascending_neuron,AN11B008,AN11B008_R,R,IA,T1,,gaba,2.0,0.4270708015892106,0.7374031685483373,0.3446001050901024,3,4418,2391,2027,2309,68,1586,1563,23,255,69,138.9616561680535,208.2844649877818,branch,branch,0.601105275795085,0.577679376872098
47285,descending_neuron,DNg12_b,DNg12_b_R,R,nt,MX,,acetylcholine,10.0,0.070653609540053,0.2999316082787425,0.09919918968849795,3,1338,823,515,627,33,452,29,423,118,27,168.0679914770095,125.1126685288004,branch,branch,0.3833620847926719,0.764761753015733
47286,sensory_ascending,SApp19,SApp19_R,,campaniform sensilla,,,acetylcholine,9.0,0.291584,0.6093080332738587,0.344426853687455,3,2940,1699,1241,1590,62,228,109,119,57,13,226.5990526306536,280.2194860531385,branch,branch,0.5464072989118929,0.9275471606859256
47311,ascending_neuron,AN12B076,AN12B076_L,L,BA,T1,,gaba,3.0,0.1442802494312031,0.4286062518210167,0.1916120294256746,3,2146,503,1643,1025,56,341,224,117,173,11,195.7680820495718,142.4790376979192,branch,branch,0.4582761868047457,0.7380857428047107
47383,descending_neuron,DNg18_a,DNg18_a_L,L,ut,LB,,gaba,3.0,0.07421921655667771,0.3074066386713611,0.046677876137199,3,1557,416,1141,786,44,565,9,556,120,37,152.7655744183215,178.1714576408742,branch,branch,0.3881098464983425,0.8526890905887106
47402,descending_neuron,DNg10,DNg10_L,L,nt,LB,,gaba,12.0,0.05389852489764769,0.261965137570971,0.2091122675324951,3,883,302,581,488,15,431,4,427,121,32,153.0659889260688,155.0333306010313,branch,branch,0.3582777098980283,0.8599455422855923
47409,ascending_neuron,AN19B022,AN19B022_R,R,BA,T3,,acetylcholine,2.0,0.1162761218120394,0.3847692248602159,0.07883665038026964,3,8045,5616,2429,3114,255,1424,1394,30,289,74,182.7730488604354,122.2292204516963,branch,branch,0.4342083833616134,0.7024329354279706
47449,ascending_neuron,AN05B068,AN05B068_L,L,BA,T3,,gaba,5.0,0.1490459084103319,0.4356273000731355,0.3811047762134038,3,2741,811,1930,1243,82,625,544,81,282,28,184.0786917451122,164.8866996879907,branch,branch,0.4620144770846866,0.7553126768560936
47468,ascending_neuron,AN05B063,AN05B063_R,R,BA,T2,,gaba,4.0,0.1228931091881489,0.3955658812306836,0.05549889588833983,3,4918,2116,2802,2343,131,496,436,60,263,23,193.1637311604933,171.5345728412307,branch,branch,0.4402581990185247,0.8283736789337537
47521,ascending_neuron,AN16B116,AN16B116_R,R,IA,T1,,glutamate,2.0,0.2425514602934726,0.5557212528587601,0.1588071842190745,3,1492,342,1150,956,22,460,51,409,123,33,150.673883094954,144.8198082519428,branch,branch,0.5218269961402845,0.5662675437118595
47572,ascending_neuron,AN08B023,AN08B023_R,R,BA,T2,,acetylcholine,6.0,0.08067715258000681,0.3205017020570985,0.04052955646136683,3,8348,6213,2135,4036,177,4581,3875,706,1005,225,168.7914627151514,145.7942769643361,branch,branch,0.3962900882030463,0.7938269188259484
47608,ascending_neuron,ANXXX007,ANXXX007_L,L,BA,A5,,gaba,7.0,0.1337322183955829,0.4126416712674755,0.5019952980367365,3,5573,3546,2027,2777,159,1423,1408,15,424,88,357.0732964426355,210.3217375123152,branch,branch,0.4496603372781093,1.261830290368759
47659,ascending_neuron,AN05B096,AN05B096_L,L,BA,T2,,acetylcholine,4.0,0.2881452232682153,0.6057044600229011,0.387649979071523,3,13971,8667,5304,4621,389,5121,4948,173,658,185,180.4900790121949,153.9925210656909,branch,branch,0.5447891201292675,0.613967107123064
47680,sensory_ascending,"SApp11,SApp18","SApp11,SApp18_L",,campaniform sensilla,,,acetylcholine,8.0,0.2622468322260547,0.577843436643301,0.1864448918480533,3,4032,2164,1868,1827,98,251,124,127,58,13,239.7947643564319,274.6750229441821,branch,branch,0.532112097170528,0.9668447495110036
47693,descending_neuron,DNpe036,DNpe036_R,R,xn,CG,potentially sexually dimorphic,acetylcholine,2.0,0.262656,0.5782940479219537,0.08941372398796489,3,7583,6601,982,2403,174,825,141,684,295,36,187.1466520194091,163.1282014634193,branch,branch,0.5323195313735513,0.6580161591647962
47744,sensory_ascending,SApp10,SApp10_R,,campaniform sensilla,,,acetylcholine,37.0,0.1855020496501182,0.4859923304373805,0.1517490365218284,3,2883,1499,1384,1580,61,90,27,63,38,5,250.9952149201869,277.9965468617355,branch,branch,0.4879920510769785,1.084017169161791
48163,sensory_descending,LN-DN1,LN-DN1_R,,,,potentially sexually dimorphic,acetylcholine,,0.1233591486968573,0.3963152108179849,0.06782323383933898,3,5221,1107,4114,1407,193,532,136,396,83,14,200.9414836395504,170.2027084177641,branch,branch,0.4406749973629234,0.8422174942492916
48408,descending_neuron,DNg12_b,DNg12_b_L,L,xn,MX,,acetylcholine,10.0,0.06248409830425281,0.2820589032065714,0.04450390728363964,3,1641,905,736,781,43,442,13,429,106,23,177.9927398776883,122.8046139756831,branch,branch,0.3717645257030585,0.809107198392643
48417,sensory_ascending,SAxx02,SAxx02_R,,leg,,,unclear,12.0,0.1518703138692605,0.4397354764965906,0.1529510992725768,3,6062,3106,2956,1776,226,341,167,174,57,11,253.8667182636725,231.6334840366881,branch,branch,0.4641878752006878,1.045913149046512
48437,sensory_ascending,"SApp09,SApp22","SApp09,SApp22_R",,campaniform sensilla,,,acetylcholine,74.0,1.046737259566796,1.154446738411157,0.207537668173319,3,907,652,255,681,13,147,110,37,50,7,173.2995612209336,396.2296477056483,branch,branch,0.7521162821143197,0.7572355797504393
48512,sensory_ascending,SAxx02,SAxx02_L,,leg,,,unclear,12.0,0.1502336577708001,0.4373596163616295,0.498619781403966,3,5386,3042,2344,1332,235,369,217,152,43,12,258.872890858944,219.0342211211337,branch,branch,0.4629321894372851,1.032347982889233
48535,descending_neuron,DNge071,DNge071_R,R,nt,LB,,gaba,10.0,0.044672,0.2384914190121087,0.1007621980355628,3,941,283,658,354,25,251,6,245,92,14,155.5911935494866,224.9559077481685,branch,branch,0.3418490826606578,1.113202054941337
48555,ascending_neuron,AN17A068,AN17A068_L,L,IA,T1,,acetylcholine,2.0,0.7026489030126061,0.9458543066352408,0.3290782550535852,3,4809,2264,2545,2110,122,1536,1303,233,412,83,217.3392442812246,158.4138691215851,branch,branch,0.680785289391059,0.5519407062084273
48565,descending_neuron,DNge071,DNge071_L,L,nt,LB,,gaba,10.0,0.05156874974253759,0.2562408465579797,0.09360641466584546,3,1149,235,914,455,27,157,6,151,70,8,167.1687234266098,258.0602195932196,branch,branch,0.3543416639536057,1.200053468946584
48575,ascending_neuron,AN09B042,AN09B042_L,L,CA,A8,potentially sexually dimorphic,acetylcholine,2.0,0.1059520703997973,0.3672905741774294,0.2752362490285962,3,3209,492,2717,1546,96,700,524,176,205,35,288.3993547091837,213.9343989128746,branch,branch,0.4242315185685057,1.184102858074041
48618,descending_neuron,DNp17,DNp17_R,R,ut,,,acetylcholine,12.0,0.09891757384983182,0.3548883862496302,0.1463760873900361,3,1988,1819,169,1013,42,368,47,321,69,19,181.2268664414353,207.0798782215189,branch,branch,0.4170075649941123,0.9311743413298431
48633,ascending_neuron,AN18B053,AN18B053_L,L,,T2,,acetylcholine,6.0,0.3798758842009285,0.695466029260853,0.1570040788181737,3,7085,4936,2149,4089,148,2907,2826,81,515,152,159.723909411636,178.3153152833801,branch,branch,0.5837622412744917,0.5790700404962749
48696,sensory_ascending,SApp10,SApp10_L,,campaniform sensilla,,,acetylcholine,37.0,0.5244877282971827,0.8171894005653063,0.06429991936601702,3,4710,2288,2422,2188,120,119,43,76,65,4,254.3287048167515,265.9397252015507,branch,branch,0.6327897014625001,0.8221822017897268
48777,ascending_neuron,AN16B078_d,AN16B078_d_L,L,IA,T1,,glutamate,6.0,0.2958022628145085,0.6136995506252028,0.06710931516948615,3,1512,589,923,994,21,339,188,151,114,20,147.3174460605344,146.0765992869865,branch,branch,0.5483728474371696,0.5350265731038711
48824,ascending_neuron,AN19B010,AN19B010_L,L,BA,T2,,acetylcholine,4.0,0.1296440885195631,0.406285589510942,0.1536887373689517,3,13619,11231,2388,7656,241,3896,3874,22,482,149,200.0350936284149,198.4594820205986,branch,branch,0.4461837501079141,0.8931176349489051
48877,ascending_neuron,AN16B078_d,AN16B078_d_R,R,IA,T1,,glutamate,6.0,0.2155508714903492,0.523877746696345,0.1687767901128309,3,1515,696,819,1020,28,447,319,128,181,28,141.5539735499365,138.3642069085807,branch,branch,0.5066557962573891,0.5524819463751174
48924,descending_neuron,DNg10,DNg10_R,R,nt,LB,,gaba,12.0,0.07120484918385339,0.3010993685775269,0.08981001357550349,3,1062,342,720,599,17,462,4,458,126,31,152.8339755258554,248.9971703934011,branch,branch,0.3841076549653601,1.046141988384727
48949,descending_neuron,DNg10,DNg10_R,R,nt,LB,,gaba,12.0,0.05335742129315452,0.2606468468935282,0.07012457928973838,3,921,366,555,446,25,338,1,337,93,20,149.5940054463929,261.4249483028055,branch,end,0.3573750900354259,1.15010521216925
49106,ascending_neuron,,,R,,T1,,acetylcholine,,0.16896,0.4638173708243936,0.02444253706090968,3,3031,560,2471,1464,72,869,778,91,293,48,204.8354732505132,157.4539767894059,branch,branch,0.4767289709089986,0.7599484657899583
49136,ascending_neuron,AN07B078_a,AN07B078_a_L,L,IA,T1,,acetylcholine,2.0,0.1146165993310896,0.3820135949824418,0.2266313951120622,3,2213,64,2149,1485,27,280,234,46,103,11,169.16514004462,163.9950047825645,branch,branch,0.4326507385194165,0.7700440913779532
49164,ascending_neuron,AN08B023,AN08B023_L,L,BA,T2,,acetylcholine,6.0,0.177536,0.4754427997289494,0.6360563425369481,3,8685,6675,2010,4084,193,4348,3685,663,872,184,168.3119951306954,147.4523931762447,branch,branch,0.4826665224222467,0.6542081823331903
49210,descending_neuron,DNpe011,DNpe011(PS227)_R,R,xn,,potentially sexually dimorphic,acetylcholine,4.0,0.05872052677402084,0.2734324354870197,0.07163130066948384,3,1480,1394,86,541,43,284,20,264,95,9,379.5328587491715,211.0049099572049,branch,branch,0.3660353717725101,1.613335251854823
49243,ascending_neuron,ANXXX214,ANXXX214_R,R,BA,A1,potentially sexually dimorphic,acetylcholine,2.0,0.147072,0.432733042791153,0.0793190712449984,3,7295,1582,5713,2843,189,1157,1010,147,313,58,213.4314352452537,191.4514602473068,branch,branch,0.4604771340334555,0.8792681885114932
49246,ascending_neuron,AN19A019,AN19A019_L,L,BA,T1,,acetylcholine,2.0,0.1055871926108226,0.3666575910160156,0.07587532132172638,3,8103,4891,3212,4179,173,1565,1293,272,353,64,171.9396560271214,117.3391963162973,branch,branch,0.4238658037608691,0.6824774487036
49310,descending_neuron,DNge009,DNge009_R,R,fl,MX,,acetylcholine,7.0,0.09728063001331229,0.3519396895345842,0.1477139768163623,3,1785,1326,459,901,41,456,35,421,116,18,216.6910376940214,123.4520983381544,branch,branch,0.4152715351091936,0.8190860853073803
49624,descending_neuron,DNg03,DNg03_L,L,ut,LB,,acetylcholine,12.0,0.1335064287059068,0.4122931778537285,0.07524473642267937,3,1814,1747,67,621,62,278,42,236,122,13,209.4219857268512,232.3464670154336,branch,branch,0.4494704185464567,0.9828643543904864
49690,descending_neuron,DNge085,DNge085_R,R,nt,LB,,gaba,8.0,0.111405284362047,0.3766239683586589,0.4480202961598889,3,1188,612,576,603,27,606,13,593,143,35,157.9294812748663,198.1289139040627,branch,branch,0.429587877500917,0.8288371572546736
49721,sensory_ascending,SApp10,SApp10_R,,campaniform sensilla,,,acetylcholine,37.0,0.12032,0.3914028385468541,0.1103435766473582,3,2475,1419,1056,1336,69,146,72,74,54,8,225.0196689459256,268.4940086766884,branch,branch,0.4379353729581095,1.126909832126807
49724,ascending_neuron,AN05B050_c,AN05B050_c_R,R,BA,T2,,gaba,4.0,0.1977976885508027,0.5018404516577869,0.1591533046490351,3,6237,3330,2907,3430,123,579,517,62,355,14,187.5702317982285,174.5147630955184,branch,branch,0.4958848871586183,0.7301795321258239
49928,descending_neuron,DNge071,DNge071_L,L,nt,LB,,gaba,10.0,0.10525492987687,0.3660802357374097,0.3215058367338708,3,1004,260,744,372,26,183,3,180,76,8,161.3241502304619,178.3771656411976,branch,branch,0.4235319533533812,0.8020677381765898
50028,ascending_neuron,AN08B023,AN08B023_L,L,BA,T3,,acetylcholine,6.0,0.05848853067115915,0.2728917553975849,0.2432589786660211,3,9273,7548,1725,4373,191,4482,3728,754,1060,193,181.3218399171112,148.7132467736186,branch,branch,0.3656732970081581,0.9025408455880953
50107,ascending_neuron,AN07B052,AN07B052_R,R,BA,T1,,acetylcholine,6.0,0.3307904172580509,0.6489803080775218,0.378223317683524,3,3808,1195,2613,1910,63,816,714,102,166,47,160.3658241788602,135.7865382339544,branch,branch,0.5639151983747075,0.5251718046727104
50191,ascending_neuron,ANXXX007,ANXXX007_L,L,BA,A6,,gaba,7.0,0.1301105146879004,0.4070157889891743,0.1975445597289101,3,5131,3251,1880,2473,136,2351,2330,21,463,93,362.65671745267,209.0751909064086,branch,branch,0.4465845234719799,1.28023224789372
50240,ascending_neuron,AN12B055,AN12B055_L,L,CA,T1,,gaba,5.0,0.1206074473366327,0.3918700949786348,0.3671445184616934,3,2602,770,1832,1376,54,376,275,101,182,18,197.0850193009757,142.7933072427391,branch,branch,0.4381966984580453,0.7756295922349494
50269,sensory_ascending,SAxx02,SAxx02_L,,leg,,,unclear,12.0,0.2290839500652584,0.5400729064554363,0.302911371868105,3,5512,2809,2703,1665,203,310,164,146,56,10,257.9136138050463,219.88079474386,branch,branch,0.5144275694042493,0.9287884961185744
50285,ascending_neuron,AN17A047,AN17A047_R,R,BA,T1,,acetylcholine,2.0,0.2436006645223414,0.5569218968523406,0.1218399817514557,3,5643,3003,2640,2092,177,1794,1511,283,424,92,191.9106018236788,166.3838161173645,branch,branch,0.5223903994692541,0.685874813750537
50292,sensory_ascending,"SApp09,SApp22","SApp09,SApp22_R",,campaniform sensilla,,,acetylcholine,74.0,0.5622424262683559,0.8460905925802004,0.1734819880415807,3,1075,816,259,789,12,170,122,48,64,5,170.8245247019119,260.1563258708141,end,branch,0.6438822798961764,0.6693472767137185
50494,ascending_neuron,ANXXX007,ANXXX007_R,R,BA,A6,,gaba,7.0,0.4824439486419855,0.7837516912448457,0.3391191368140036,3,5203,2752,2451,2760,118,2496,2465,31,453,101,372.0033503433386,197.6977799173129,branch,branch,0.6197082609663795,0.9193053669677623
50570,ascending_neuron,AN07B101_b,AN07B101_b_L,L,,T1,,acetylcholine,3.0,0.1452989822132576,0.4301167399249774,0.1240729345254422,3,1854,7,1847,1068,24,195,147,48,75,10,172.7222598080043,258.6941825440437,branch,branch,0.4590830018234599,0.9397351691055401
50595,ascending_neuron,AN08B096,AN08B096_R,R,BA,T1,,acetylcholine,3.0,0.08383846368858286,0.3267207482516938,0.3206359786429207,3,1242,732,510,472,41,295,234,61,104,12,230.441644797238,159.5102948907407,branch,branch,0.4001164413559257,0.9745961409796076
50664,descending_neuron,DNge071,DNge071_R,R,nt,LB,,gaba,10.0,0.04451962038956393,0.2380843153099142,0.9070355420305873,3,1161,327,834,494,25,191,5,186,73,10,157.2001163373801,29.4342047552464,branch,end,0.3415571906750873,0.5464218765933285
50881,ascending_neuron,AN12B017,AN12B017_L,L,CA,T3,,gaba,6.0,0.0881510685940298,0.3350185464188223,0.2173849785608289,3,4706,2731,1975,2319,96,1553,1524,29,417,75,200.3998073250151,151.5996171404307,branch,branch,0.4051655066083772,0.868779347511632
50921,ascending_neuron,AN07B041,AN07B041(50921)_R,R,BA,T2,,acetylcholine,4.0,0.1162018179583783,0.3846462658010913,0.4212946830313789,3,3605,1068,2537,1591,94,451,432,19,148,20,173.8476073480894,215.0585621887968,branch,branch,0.4341389987579263,0.8958102604224651
50992,ascending_neuron,AN10B025,AN10B025_R,R,BI,T1,,acetylcholine,2.0,0.3212531369130862,0.6395562506832067,0.3228123156672822,3,7026,3891,3135,3349,181,754,655,99,332,28,203.053196963249,141.8504221002185,branch,branch,0.5598058260100293,0.6161129503094673
51024,descending_neuron,DNg03,DNg03_L,L,ut,LB,,acetylcholine,12.0,0.10195584161476,0.3602973901663283,0.008280561139751152,3,2272,2196,76,798,81,257,37,220,112,13,202.1534659147863,258.6896328864957,branch,branch,0.4201734417850572,1.096792545581759
51057,ascending_neuron,AN23B002,AN23B002_R,R,BA,T2,,acetylcholine,2.0,0.5667393731625431,0.8494674693412149,0.1476930913448339,3,16743,14595,2148,7524,385,10806,10644,162,1270,494,174.2913777329408,168.8227372458883,branch,branch,0.6451659166270296,0.5318230646352998
51068,ascending_neuron,AN17A024,AN17A024_R,R,BA,T2,,acetylcholine,6.0,0.1427423206681878,0.4263158070984514,0.0486260992382988,3,11448,8705,2743,5390,240,5058,5001,57,1112,258,226.2981664577943,173.1218002533206,branch,branch,0.4570500470169992,0.8739085999837106
51188,descending_neuron,DNg18_a,DNg18_a_R,R,ut,LB,,gaba,3.0,0.08219459118652733,0.3235017833985261,0.06689127616760139,3,1416,507,909,706,38,522,10,512,113,36,156.191073956049,228.6718361974631,branch,branch,0.3981405202504233,0.9666509450267461
51200,ascending_neuron,AN07B041,AN07B041(51200)_R,R,BA,T2,,acetylcholine,4.0,0.3930458723557643,0.7074189335735143,0.3271005598244084,3,3481,873,2608,1442,89,396,359,37,132,22,175.0107187217064,182.8580275267179,branch,branch,0.5887574011857701,0.6078373631102878
51273,ascending_neuron,AN07B101_b,AN07B101_b_L,L,,T1,,acetylcholine,3.0,0.1270521460102905,0.4022037003108844,0.07891351505144302,3,1691,0,1691,852,26,161,84,77,73,9,201.2076834816259,240.0655757340758,branch,branch,0.4439367220137723,0.994000354856907
51290,ascending_neuron,AN05B078,AN05B078_L,L,BA,T1,,gaba,3.0,0.133632,0.4124870262711899,0.07593892019081548,3,3642,1443,2199,1834,72,544,476,68,254,22,227.3911597997763,174.4157688138237,branch,branch,0.4495760701737616,0.8937462540172594
51393,ascending_neuron,AN07B049,AN07B049_L,L,BA,T1,,acetylcholine,8.0,0.163328,0.4560215656770024,0.1175839594836229,3,3532,644,2888,1245,94,889,737,152,195,42,163.6922326758333,159.0542856113887,branch,branch,0.472705581923602,0.6827643476809712
51454,sensory_ascending,SApp10,SApp10_L,,campaniform sensilla,,,acetylcholine,37.0,0.5160204731921264,0.8105662664836023,0.2378500832057568,3,5401,3551,1850,2612,135,214,138,76,89,6,248.7804447307653,270.1859049280533,branch,branch,0.6302201762693457,0.8234683198035554
51494,ascending_neuron,AN08B081,AN08B081_L,L,BA,T1,potentially sexually dimorphic,acetylcholine,4.0,0.4140078331456776,0.726037977650752,0.5048737854217702,3,3507,541,2966,1101,97,1358,1150,208,412,72,197.6026207665847,146.1509069481832,branch,branch,0.5964550352280282,0.5763276482079642
51570,ascending_neuron,AN07B041,AN07B041(51200)_L,L,BA,T2,,acetylcholine,4.0,0.1491704736453362,0.4358092999835094,0.2105703846009629,3,3606,1012,2594,1549,82,566,534,32,147,30,157.6644990459666,181.0243318345696,branch,branch,0.4621109790861061,0.7329166503473782
51597,ascending_neuron,ANXXX264,ANXXX264_R,R,BA,T2,,gaba,2.0,0.1191078148864897,0.3894262189432989,0.2928803015290923,3,5454,3661,1793,2561,128,3326,2799,527,873,205,193.2433493086047,165.4300941753408,branch,branch,0.4368281667683718,0.8210858886170043
51752,sensory_ascending,SApp10,SApp10_L,,campaniform sensilla,,,acetylcholine,37.0,0.3394956623658987,0.657464297578446,0.04852025057921511,3,2829,1691,1138,1410,84,286,186,100,73,14,235.1482312276424,271.909880601101,branch,branch,0.567589205159364,0.8933540441213553
52104,ascending_neuron,AN09B023,AN09B023_L,L,BA,A5,,acetylcholine,8.0,0.2427366861047517,0.555933402222367,0.3326389861782034,3,8880,7375,1505,4193,189,5914,5854,60,893,300,283.8804910108816,278.0691203298774,branch,branch,0.5219265916668356,1.076683235368608
52112,ascending_neuron,ANXXX074,ANXXX074_L,L,BA,A6,,acetylcholine,2.0,0.137525638057541,0.4184532002384452,0.6537749036314775,3,11513,7782,3731,5577,279,3553,3451,102,662,125,178.9488394779301,160.0906473375597,branch,branch,0.4528157109871941,0.7487361383206912
52122,ascending_neuron,AN16B078_c,AN16B078_c_L,L,IA,T1,,glutamate,6.0,0.594396156388761,0.8699475222981882,0.2360287189021633,3,1619,472,1147,1013,24,526,225,301,143,32,145.2885323757122,140.8484150107429,branch,branch,0.652896841718592,0.4382575149747534
52221,ascending_neuron,AN02A022,AN02A022_R,R,IA,T3,,glutamate,2.0,0.1295210462197564,0.4060927454688948,0.3083415422087495,3,2433,971,1462,1289,46,486,469,17,98,17,186.9379575692511,197.3355780049271,branch,branch,0.4460778466588074,0.8614494946396619
52244,sensory_ascending,SApp04,SApp04_R,,campaniform sensilla,,,acetylcholine,9.0,0.1184471165587803,0.3883446314325643,0.4658352468178972,3,5721,3930,1791,3015,121,242,165,77,88,11,225.783768269814,276.5073923254611,branch,branch,0.436221124433419,1.151459964823277
52279,sensory_ascending,SApp08,SApp08_R,,campaniform sensilla,,,acetylcholine,39.0,0.4860976618538433,0.7867139033191256,0.3529783120850592,3,1103,820,283,723,23,137,106,31,57,8,178.2497873208536,329.239845406778,end,branch,0.6208782591026775,0.8173738173101432
52419,ascending_neuron,AN19B039,AN19B039_R,R,BA,A1,,acetylcholine,2.0,0.214463208931619,0.5225543402389236,0.4077838914882718,3,5248,2294,2954,2157,139,1621,1587,34,312,95,162.3028195830055,207.869873760619,branch,branch,0.5060154411844292,0.7315442637030247
52437,ascending_neuron,AN08B099_a,AN08B099_a_L,L,,T1,,acetylcholine,4.0,0.1200131713707477,0.3909034608164961,0.1042977693280012,3,2471,223,2248,838,63,493,355,138,213,21,176.6239786440604,191.4919268436058,branch,branch,0.43765591027665,0.8411080413719847
52450,ascending_neuron,AN01B014,AN01B014_L,L,BA,T2,,gaba,2.0,0.1440969586275078,0.428333918807056,0.0523537709595973,3,5182,1523,3659,2588,124,478,436,42,232,23,218.6424356588321,173.5608847679115,branch,branch,0.4581305711426137,0.8560950635722862
52543,ascending_neuron,AN08B081,AN08B081_R,R,BA,T1,potentially sexually dimorphic,acetylcholine,4.0,0.1891971506004926,0.4908088160330468,0.01233951595206883,3,2929,566,2363,1081,77,1407,1261,146,457,79,232.1046518850987,155.0662282963845,branch,branch,0.4904042412706001,0.7894933354947195
52595,sensory_ascending,"SNxx27,SNxx29","SNxx27,SNxx29_L",,leg,,,unclear,4.0,0.1140608019234579,0.381086241568954,0.05884393286582112,3,2086,1246,840,930,58,145,69,76,68,5,193.2880749770981,191.9466901819981,branch,branch,0.4321252808720955,0.8914886080759565
52665,ascending_neuron,AN12B008,AN12B008_L,L,BA,T2,,gaba,4.0,0.1980391363801076,0.5021466517307,0.3169110042811631,3,11072,8566,2506,5284,180,3181,3158,23,479,144,197.0861874026915,147.5167777597362,branch,branch,0.4960361472191749,0.6947134137185449
52770,descending_neuron,DNge020,DNge020_L,L,fl,MX,,acetylcholine,6.0,0.06051086334558545,0.2775694941769806,0.1338441308228724,3,1194,939,255,639,29,499,40,459,104,28,176.0203711453572,124.8362907936382,branch,branch,0.3687940511270761,0.815785018818887
53005,sensory_ascending,SAxx02,SAxx02_R,,leg,,,unclear,12.0,0.144,0.4281897878766651,0.123598874952431,3,5002,2842,2160,1246,191,397,214,183,39,12,254.9045433498015,361.4765636068114,branch,branch,0.4580534860249029,1.34565312951925
53056,ascending_neuron,AN08B059,AN08B059_L,L,BA,T1,male-specific,acetylcholine,5.0,0.230784,0.542073163966046,0.2720370644600082,3,3256,1909,1347,1651,68,1760,1557,203,433,94,194.0668093069373,151.4591823007387,branch,branch,0.5153793266550012,0.6704304455715465
53059,ascending_neuron,AN07B041,AN07B041(50921)_L,L,BA,T2,,acetylcholine,4.0,0.134144,0.4132764758475295,0.06801540099643402,3,3618,1019,2599,1617,86,513,473,40,151,26,159.319097645941,166.4249112511658,branch,branch,0.4500060812536754,0.7238657930790935
53097,sensory_ascending,SApp10,SApp10_R,,campaniform sensilla,,,acetylcholine,37.0,0.3146266653736231,0.6329258346614193,0.137502801692029,3,4306,1928,2378,2155,107,89,26,63,42,3,237.473811762634,273.7037497500472,branch,branch,0.5568964526589261,0.9179041437093772
53514,descending_neuron,DNpe008,DNpe008(PS225)_R,R,ht,,,acetylcholine,19.0,0.04312189783321521,0.2343171047219539,0.1354509418753496,3,1119,996,123,464,30,273,32,241,63,16,377.3890775237784,401.1187862909343,branch,branch,0.3388441844177902,2.297539398978803
53581,ascending_neuron,AN09B021,AN09B021_L,L,BA,T2,,glutamate,2.0,0.1613142172054597,0.4532015450922345,0.06747233785097093,3,8475,5665,2810,3519,228,2093,1989,104,732,113,203.9957110674872,177.1906073618097,branch,branch,0.4712417183306195,0.808897649765931
53582,sensory_ascending,SApp04,SApp04_L,,campaniform sensilla,,,acetylcholine,9.0,0.249566003653883,0.5636996583941167,0.1979225969451089,3,6884,4937,1947,3249,146,277,200,77,89,12,173.6042426937221,217.3360452178204,branch,branch,0.5255595424051562,0.7438553700736821
53588,ascending_neuron,AN01A006,AN01A006_R,R,CA,A2,,acetylcholine,2.0,0.1279299436481722,0.4035907124905054,0.1683181560601885,3,11423,9132,2291,4898,256,4245,4020,225,981,189,231.0027612447183,150.3753872035058,branch,branch,0.4447015281290898,0.8576047625757566
53696,ascending_neuron,AN07B078_b,AN07B078_b_L,L,BA,T1,,acetylcholine,2.0,0.1123144516682818,0.378157640818353,0.09668553171451955,3,2161,197,1964,1409,33,345,314,31,112,13,195.1462967116968,190.2613484784708,branch,branch,0.4304616637994526,0.8953355840991333
53762,ascending_neuron,AN07B049,AN07B049_R,R,BA,T1,,acetylcholine,8.0,0.4728670555783496,0.7759336534555225,0.3442711099972811,3,4528,989,3539,1759,133,531,477,54,194,34,152.2672810477615,135.0946613953376,branch,branch,0.6166096740995928,0.4660354102661798
53799,sensory_ascending,"SApp09,SApp22","SApp09,SApp22_R",,campaniform sensilla,,,acetylcholine,74.0,0.8248564101370296,1.024812080390718,0.1335897199797787,3,940,670,270,692,13,154,108,46,53,5,178.7679561815579,425.4943510315447,end,branch,0.7086310178022494,0.8527178348573617
53821,descending_neuron,DNge020,DNge020_L,L,fl,MX,,acetylcholine,6.0,0.08477037001614994,0.3285315621464611,0.09818168368960783,3,1640,1041,599,817,48,378,18,360,89,20,180.9719554490688,127.064904165782,branch,branch,0.4012237099820572,0.7677434108483427
53902,sensory_ascending,SApp04,SApp04_R,,campaniform sensilla,,,acetylcholine,9.0,0.3153284184735592,0.6336312902464125,0.1523373125724505,3,4313,2727,1586,2181,99,251,169,82,82,10,222.646968769703,272.1053294557598,branch,branch,0.5572067230577374,0.8879151628150704
53920,sensory_ascending,SApp04,SApp04_R,,campaniform sensilla,,,acetylcholine,9.0,0.2146954703715143,0.5228372241458411,0.144943877813237,3,5403,3288,2115,2584,132,238,155,83,75,12,218.9921002146837,275.2896624869126,branch,branch,0.5061523879539265,0.9765473293521026
54001,ascending_neuron,AN09B032,AN09B032_R,R,BA,T1,,glutamate,4.0,0.1569221201939367,0.446989316286871,0.1055524697555242,3,5459,2948,2511,2963,110,527,424,103,289,18,223.5097684945883,187.338690181998,branch,branch,0.4680008172862166,0.8778797888836217
54011,sensory_ascending,SAxx01,SAxx01_R,,,,,acetylcholine,13.0,0.07825206341684954,0.3156479393239509,0.9867312129965047,3,5230,3981,1249,1860,159,681,587,94,190,34,197.0612248297708,202.2206626951491,branch,branch,0.3932778792008723,1.015266580302578
54021,descending_neuron,DNpe054,DNpe054(DNp16/17)_R,R,ht,,,acetylcholine,7.0,0.05780882517192883,0.2713014600837623,0.4448031889196528,3,1093,975,118,478,33,416,48,368,99,19,186.3426096432471,227.80497109636,branch,branch,0.3646062471228976,1.135876261055973
54088,sensory_ascending,SApp08,SApp08_R,,campaniform sensilla,,,acetylcholine,39.0,0.5883006316484584,0.8654753771237469,0.1144926395871227,3,1421,1112,309,912,32,137,112,25,56,4,193.0242542193101,328.9310268857938,end,branch,0.6512165037763064,0.8015080669460367
54115,ascending_neuron,AN07B025,AN07B025_L,L,BA,T2,,acetylcholine,2.0,0.134004798277611,0.4130619909303115,0.2047835499043537,3,6091,3907,2184,3510,114,1176,1137,39,328,51,227.5767393979084,257.6344142483788,branch,branch,0.4498892925552381,1.078512339981313
54230,ascending_neuron,AN05B058,AN05B058_L,L,BA,T1,,gaba,2.0,0.1807021131629078,0.4796635031938772,0.09906605214805297,3,4728,3133,1595,2337,120,2401,1964,437,956,116,221.6392261746078,210.7675508044037,branch,branch,0.4848042043598629,0.8919204352816263
54278,descending_neuron,DNg03,DNg03_L,L,ut,LB,,acetylcholine,12.0,0.1016672292873509,0.3597870713801597,0.6174842050592696,3,1996,1933,63,647,66,220,62,158,98,9,211.042146029772,49.36370411751125,branch,end,0.419875773266663,0.6201973696203221
54324,ascending_neuron,AN07B072_e,AN07B072_e_L,L,BA,T1,,acetylcholine,6.0,0.1354508583245149,0.415284708588087,0.6808673658239575,3,3017,481,2536,1315,71,360,304,56,122,22,147.0686413443561,164.4407376765875,branch,branch,0.4510981126187102,0.6905579303193544
54436,sensory_ascending,SAxx02,SAxx02_R,,leg,,,unclear,12.0,0.137472,0.4183715892527028,0.1502621025121173,3,5416,3536,1880,1286,186,372,234,138,42,11,256.3790745006219,359.9369230939215,branch,branch,0.4527715524785367,1.361207421757707
54542,ascending_neuron,AN07B101_c,AN07B101_c_L,L,,T1,,acetylcholine,2.0,0.106985650952189,0.3690777174411376,0.03298293365618783,3,1943,3,1940,894,49,181,92,89,77,8,258.2767879041057,246.4024632520742,branch,branch,0.4252623678932306,1.186747968451533
54604,ascending_neuron,AN02A022,AN02A022_L,L,IA,T3,,glutamate,2.0,0.1770729993294349,0.474822435286181,0.1711206271118935,3,2445,1169,1276,1391,48,555,540,15,116,29,179.7990431728283,192.5081361057683,branch,branch,0.4823515246065141,0.7718586140726144
54772,sensory_ascending,SApp08,SApp08_R,,campaniform sensilla,,,acetylcholine,39.0,0.7704664319127631,0.9904485493968537,0.201348656055282,3,1338,897,441,788,35,139,106,33,63,3,205.3399291947408,328.4915734281697,end,branch,0.6966489712936195,0.766284778446783
54774,ascending_neuron,ANXXX169,ANXXX169_L,L,BA,A4,,glutamate,10.0,0.08809252290149193,0.3349072763522278,0.02534755199895834,3,3502,1556,1946,1692,82,1297,1197,100,300,55,187.5840740000659,255.9361075869629,branch,branch,0.4050982169950784,1.094846047156059
54923,ascending_neuron,ANXXX380,ANXXX380_L,L,BA,A6,,acetylcholine,4.0,0.1523930965863174,0.440491676332646,0.4030689306213686,3,2307,55,2252,801,85,496,401,95,130,15,289.1600646499663,6.00681001347527,branch,end,0.4645868287015857,0.6353319905524781
55021,descending_neuron,DNg12_e,DNg12_e_L,L,fl,MX,,acetylcholine,6.0,0.2108314158584544,0.5181108915507261,0.3219997830626559,3,3242,2446,796,1353,78,645,169,476,175,30,180.5035317724524,121.8317996589725,branch,branch,0.5038594415706187,0.6000390316969993
55185,ascending_neuron,AN17A024,AN17A024_R,R,BA,T3,,acetylcholine,6.0,0.109056,0.3726317374978115,0.06840751115063837,3,11911,8966,2945,5634,267,5227,5156,71,1273,244,226.5006523886227,170.8642216509649,branch,branch,0.4273049863667959,0.9299326867636692
55370,descending_neuron,DNge045,DNge045_L,L,ut,LB,,gaba,2.0,0.3450748135303277,0.6628445507650534,0.2288232650854991,3,3731,2890,841,1763,94,230,27,203,82,15,207.4788436045816,172.6156744358988,branch,branch,0.5699068607017082,0.6669414675452091
55375,ascending_neuron,AN07B049,AN07B049_R,R,BA,T1,,acetylcholine,8.0,0.1724445531316181,0.4685757402185478,0.03934597978782983,3,3670,765,2905,1417,87,743,617,126,212,40,121.2517305893599,138.7479757235525,branch,branch,0.4791681465906184,0.5426064068800581
55428,ascending_neuron,AN12B017,AN12B017_R,R,CA,T3,,gaba,6.0,0.1866109305418557,0.487442731247187,0.1393490905206672,3,4878,2769,2109,2393,93,1541,1514,27,431,73,201.9188346772669,141.6600044701802,branch,branch,0.4887196929847636,0.7030182005744517
55451,ascending_neuron,AN08B059,AN08B059_R,R,BA,T1,male-specific,acetylcholine,5.0,0.1427664099365525,0.4263517782196877,0.2629784192979082,3,3440,2223,1217,1887,57,1836,1692,144,400,104,217.2901732552386,164.205466973858,branch,branch,0.4570693287977732,0.8346559617827394
55453,ascending_neuron,AN05B081,AN05B081_L,L,CA,T1,,gaba,2.0,0.1310002622957283,0.4084050860672526,0.5659006497469273,3,4580,1716,2864,2396,103,558,462,96,248,24,186.0940453810225,167.803445827785,branch,branch,0.447346054160483,0.7911045328721034
55546,descending_neuron,DNg01_c,DNg01_c_L,L,lt,LB,,acetylcholine,2.0,0.1824462403540535,0.4819727876208751,0.116507191306164,3,1851,1844,7,762,55,774,153,621,243,37,213.2850300664851,218.0743457592268,branch,branch,0.485969819982917,0.887625852652486
55576,ascending_neuron,AN12B008,AN12B008_R,R,BA,T2,,gaba,4.0,0.190083308264805,0.4919568933116334,0.1020299113780071,3,11005,8621,2384,5281,201,2530,2491,39,490,134,204.3056697888884,142.971373226683,branch,branch,0.4909774717058822,0.7073176734748556
55579,descending_neuron,,,L,xn,,,acetylcholine,,0.1123121930243252,0.3781538384235965,0.210371817277537,3,2015,657,1358,991,52,131,49,82,59,8,298.2251035681667,244.3186747923386,branch,branch,0.4304594996367977,1.260382867187922
55591,sensory_ascending,"SNxx27,SNxx29","SNxx27,SNxx29_R",,notum,,,unclear,4.0,0.08700950715787883,0.3328422228043319,0.05077316386085558,3,1625,755,870,715,39,115,57,58,59,3,188.7854923112268,248.4365869681451,branch,branch,0.4038473587559074,1.082641918536446
55712,sensory_ascending,SApp10,SApp10_R,,campaniform sensilla,,,acetylcholine,37.0,0.2129526372927758,0.5207107824472297,0.1765549404418163,3,3075,1592,1483,1686,69,95,38,57,45,4,228.1121396528508,274.5036019988383,branch,branch,0.5051220480231906,0.9950382162463309
55763,descending_neuron,DNpe011,DNpe011(PS227)_L,L,xn,,potentially sexually dimorphic,acetylcholine,4.0,0.06638399110106276,0.2907279185204273,0.09813327755869701,3,1364,1320,44,479,45,299,32,267,91,11,386.2791142712205,210.8371630070077,branch,branch,0.3774343387597495,1.582040148335083
55795,ascending_neuron,AN10B025,AN10B025_L,L,BI,T1,,acetylcholine,2.0,0.3082372961451678,0.6264662118696195,0.2125200808235881,3,6643,3390,3253,3249,155,810,715,95,336,33,196.1456278707327,166.7991826193654,branch,branch,0.5540473299422293,0.6550790715441993
55899,sensory_ascending,SApp20,SApp20_L,,campaniform sensilla,,,acetylcholine,2.0,0.4048919395028399,0.7180002985511447,0.09215352952531455,3,1346,731,615,703,25,272,173,99,65,10,215.0710911634775,221.4028287896209,branch,branch,0.5931442879182609,0.7358646603256969
55905,sensory_ascending,SApp10,SApp10_R,,campaniform sensilla,,,acetylcholine,37.0,0.288281322710123,0.6058474891283181,0.04859821341708159,3,2881,1941,940,1653,59,168,89,79,54,10,218.8350727126232,279.5826334793567,branch,branch,0.5448534387088658,0.914773902084707
55985,sensory_ascending,"SApp11,SApp18","SApp11,SApp18_L",,campaniform sensilla,,,acetylcholine,8.0,0.2795026589025106,0.5965516223876188,0.1793104896932526,3,3095,1383,1712,1630,69,221,102,119,48,15,206.3791371354585,256.0468954395334,branch,branch,0.5406572805113542,0.8553034412810069
56057,descending_neuron,DNpe011,DNpe011(PS227)_L,L,xn,,potentially sexually dimorphic,acetylcholine,4.0,0.0932203561906038,0.3445168266952633,0.3798978401824424,3,1478,1472,6,553,43,257,30,227,108,11,386.8552599739382,210.8987726278143,branch,branch,0.4108688903782799,1.454853474185915
56138,ascending_neuron,AN19B009,AN19B009_R,R,BA,T2,,acetylcholine,4.0,0.1302002123982879,0.4071560624114758,0.05624045984449389,3,7744,6744,1000,4001,128,3308,3283,25,367,101,273.2472722226675,215.0219071125289,branch,branch,0.446661472013899,1.093152666903858
56143,sensory_ascending,SApp10,SApp10_L,,campaniform sensilla,,,acetylcholine,37.0,0.3254095183400644,0.6436802521312831,0.1335088796481537,3,3229,1970,1259,1535,89,217,127,90,55,12,238.4592591109823,273.4992347576737,branch,branch,0.5616078022466646,0.9115943400725726
56214,descending_neuron,DNg03,DNg03_R,R,ut,LB,,acetylcholine,12.0,0.08900718474294698,0.3366414522608117,0.2192998134084381,3,1616,1534,82,631,45,234,36,198,110,9,189.5674820146632,262.347275512994,branch,branch,0.4061456778149901,1.112691288403951
56217,sensory_ascending,"SApp11,SApp18","SApp11,SApp18_R",,campaniform sensilla,,,acetylcholine,8.0,0.3303190727709142,0.6485177760340729,0.3157211162336266,3,2837,1206,1631,1478,68,191,94,97,51,13,195.9705045905508,250.54462929316,branch,branch,0.5637142097345921,0.7920948703669172
56218,ascending_neuron,AN17A024,AN17A024_L,L,BA,T2,,acetylcholine,6.0,0.1485293522850807,0.4348717568240834,0.4880592508120461,3,11889,8942,2947,5445,287,5464,5386,78,1164,280,219.7641523007931,168.9686442649292,branch,branch,0.4616136488924486,0.8421172066692794
56233,ascending_neuron,AN07B025,AN07B025_R,R,BA,T2,,acetylcholine,2.0,0.182016,0.4814041638524904,0.1684813637339162,3,6811,4143,2668,3683,144,1156,1104,52,292,57,257.0947367768208,178.232062807724,branch,branch,0.4856830656793793,0.8963186702332403
56385,ascending_neuron,AN05B050_c,AN05B050_c_L,L,BA,T2,,gaba,4.0,0.131389267460441,0.4090110158472733,0.1088291088626646,3,5332,2783,2549,2945,110,694,643,51,351,26,187.2891330409021,170.507855651331,branch,branch,0.4476777834170061,0.799228824716883
56511,ascending_neuron,AN07B101_b,AN07B101_b_R,R,BA,T1,,acetylcholine,3.0,0.1278678771297841,0.4034927975354431,0.666477219540445,3,1839,2,1837,982,30,159,123,36,66,7,209.7655261919508,246.5751817206272,branch,branch,0.4446475804413728,1.026297517372294
56587,descending_neuron,DNg36_b,DNg36_b_R,R,ut,LB,,acetylcholine,7.0,0.047488,0.245893471853938,0.7451409767318445,3,817,472,345,494,13,180,24,156,80,7,158.8550558370118,192.9298036491544,branch,branch,0.3471135278384143,1.013457647925282
56630,ascending_neuron,AN05B049_c,AN05B049_c_L,L,BA,T2,,gaba,2.0,0.1399039272468758,0.4220559354332948,0.02273764502021455,3,3186,1695,1491,1385,75,410,358,52,211,15,185.629387922157,180.3212138189774,branch,branch,0.4547608254481848,0.8047100393497518
56660,ascending_neuron,AN07B049,AN07B049_L,L,BA,T1,,acetylcholine,8.0,0.1261741691605405,0.4008116037483246,0.4109695753357891,3,3260,614,2646,1309,85,795,712,83,215,43,158.7468897511367,176.3281522754122,branch,branch,0.4431677851972987,0.7560907024804909
56679,ascending_neuron,ANXXX075,ANXXX075_R,R,CA,A1,,acetylcholine,2.0,0.2704215328280205,0.5867805291116379,0.2125410786195864,3,22471,14695,7776,8280,589,5417,5045,372,1000,205,281.4416250351912,209.9765483080487,branch,branch,0.5362112077015013,0.916463822995664
56694,sensory_ascending,SApp,SApp_L,,haltere,,,acetylcholine,148.0,0.7527666494333051,0.9790057538218431,0.1368610799600761,3,847,624,223,543,20,214,180,34,60,10,186.6076074701085,431.7942740836893,end,branch,0.6926130372529116,0.8928533658658014
56710,ascending_neuron,AN01A021,AN01A021_R,R,BA,A2,,acetylcholine,2.0,0.10752,0.3699982646579909,0.04877138966115711,3,10928,8268,2660,4431,324,5421,5280,141,1395,274,234.7270755913246,26.49939474177113,branch,end,0.4257923786100633,0.6135066841398882
56906,ascending_neuron,AN09B023,AN09B023_R,R,BA,A6,,acetylcholine,8.0,0.247936,0.5618557819969973,0.101389817541514,3,9056,7805,1251,4062,194,6682,6633,49,967,339,307.4934005043975,273.8664241132917,branch,branch,0.5246992788050395,1.107986704196906
56930,ascending_neuron,AN07B072_e,AN07B072_e_R,R,BA,T1,,acetylcholine,6.0,0.1668208402838286,0.4608718810421387,0.1565290312440421,3,3363,444,2919,1362,94,330,256,74,104,17,154.2018636028504,143.7712024386596,branch,branch,0.4752128172836334,0.6270307853747622
57190,ascending_neuron,AN18B020,AN18B020_L,L,BA,T1,,acetylcholine,2.0,0.1595871139520623,0.4507689256303304,0.1008777672242346,3,5749,3935,1814,2707,115,2632,2551,81,411,107,160.0070539716103,181.4502766448174,branch,branch,0.4699752903705277,0.7265431558055389
57245,ascending_neuron,AN08B098,AN08B098_R,R,BA,T1,,acetylcholine,10.0,0.08313593227137168,0.325348976571826,0.05661122281087221,3,1201,220,981,502,36,833,799,34,280,36,186.8929348753999,190.6440459952999,branch,branch,0.3992755921919029,0.9455548705046942
57335,ascending_neuron,INXXX063,INXXX063_L,L,BI,T3,,gaba,1.0,0.1774289881738261,0.4752994888754489,0.1180137891888847,3,9207,7664,1543,4769,205,3028,2974,54,579,131,199.139188548974,153.7924057429732,branch,branch,0.4825937728037629,0.7313223132604734
57382,ascending_neuron,AN01B004,AN01B004(57382)_R,R,BA,A1,,acetylcholine,6.0,0.09106744580465395,0.3405153054364983,0.1079470750514661,3,9221,6748,2473,4592,224,1849,1742,107,541,81,268.8477605125076,209.3481835250138,branch,branch,0.4084758250666545,1.170683586867081
57589,sensory_ascending,SApp,SApp_R,,haltere,,,acetylcholine,148.0,0.3499393776407747,0.6675003025259586,0.2067034732206981,3,843,673,170,556,19,194,171,23,55,11,177.8561329884574,395.0001471049576,end,branch,0.5719048419428879,1.001663630171927
57644,ascending_neuron,AN07B049,AN07B049_R,R,BA,T1,,acetylcholine,8.0,0.2081877841717384,0.5148523278943649,0.284874067364041,3,3911,999,2912,1702,111,725,639,86,215,48,150.5175180228614,135.0100028743778,branch,branch,0.5022724765187107,0.5684713661322885
57655,sensory_ascending,"SApp09,SApp22","SApp09,SApp22_R",,campaniform sensilla,,,acetylcholine,74.0,1.062339321719594,1.1630186732553,0.215160092279071,3,1004,761,243,669,21,182,147,35,59,7,186.6268358194161,381.5306232712975,end,branch,0.7549034043472693,0.752622727383212
57720,sensory_ascending,SApp08,SApp08_R,,campaniform sensilla,,,acetylcholine,39.0,0.2283326680616318,0.5391865932411126,0.06487804496794414,3,1603,1057,546,869,37,181,116,65,59,8,189.7276702079329,343.811285074193,branch,branch,0.5140052827434219,1.038002863383906
57732,ascending_neuron,AN06A017,AN06A017_R,R,BA,T1,,gaba,2.0,0.09314690899901253,0.3443810796303861,0.1030740805129885,3,6029,3676,2353,2466,150,808,780,28,200,44,145.4250792634336,172.5913706841887,branch,branch,0.4107879367981601,0.7741620954752597
57774,ascending_neuron,AN06A017,AN06A017_L,L,BA,T1,,gaba,2.0,0.4786732988342463,0.7806828889405699,0.3578773173898427,3,5614,3386,2228,2348,147,984,928,56,206,62,150.9735012497451,206.6450559794426,branch,branch,0.6184938282480102,0.5782087724985123
57776,descending_neuron,DNge020,DNge020_L,L,fl,MX,,acetylcholine,6.0,0.1026571637940302,0.3615344527052906,0.3018909956575704,3,1223,960,263,634,31,428,23,405,105,22,175.7489126759705,120.617683297522,branch,branch,0.4208941456299819,0.7041357050236461
58084,sensory_ascending,SApp10,SApp10_L,,campaniform sensilla,,,acetylcholine,37.0,0.3257228897321748,0.6439901115952137,0.2816678082962389,3,2549,1386,1163,1300,72,175,76,99,67,8,232.3294087817266,262.6359748618471,branch,branch,0.5617429613992992,0.881124317802963
58156,ascending_neuron,AN01A049,AN01A049_L,L,IA,T1,,acetylcholine,2.0,0.3097852012003263,0.6280372349964565,0.3595762898370887,3,2094,275,1819,825,64,651,589,62,226,35,183.8991185439982,167.4764941317798,branch,branch,0.5547416021430731,0.6334041134076598
58229,ascending_neuron,AN01A006,AN01A006_L,L,CA,A2,,acetylcholine,2.0,0.4312235973091924,0.7409797141062738,0.3440707557365955,3,8601,6419,2182,3697,216,3503,3388,115,831,168,233.8814729252912,135.6675122017273,branch,branch,0.6025612499257433,0.6132969638730665
58298,ascending_neuron,AN16B078_a,AN16B078_a_L,L,IA,T1,,glutamate,2.0,0.1976628619636606,0.5016693855296142,0.05647766773647381,3,1632,778,854,1029,30,410,218,192,114,25,155.1659343655114,144.6108327501538,branch,branch,0.4958003619497579,0.6046320053837381
58394,ascending_neuron,AN09A005,AN09A005_R,R,BA,A2,,unclear,11.0,0.2138665290900941,0.5218269082107215,0.5103968319625468,3,538,423,115,454,6,636,620,16,122,21,263.7072904575098,46.10479376085677,branch,end,0.5056631141612501,0.6126847609445586
58424,sensory_ascending,"SApp09,SApp22","SApp09,SApp22_R",,campaniform sensilla,,,acetylcholine,74.0,0.5860254507439836,0.8638001957099154,0.04795073963645655,3,1197,824,373,795,18,160,109,51,42,7,133.5688122639598,322.3076944882472,branch,branch,0.6505859634958769,0.7007167881437025
58532,sensory_ascending,LgAG6,LgAG6_L,,leg bristle,,,acetylcholine,4.0,0.07704328647440409,0.3132005092517747,0.2571201439912408,3,2844,74,2770,1613,43,289,23,266,56,11,319.4992910542899,332.1593240028758,branch,end,0.3917502387151405,1.663454289637374
58581,descending_neuron,DNpe015,DNpe015_R,R,ut,,,acetylcholine,11.0,0.06718792864683695,0.2924830382808502,0.3883377529935304,3,1238,999,239,618,36,409,40,369,127,15,22.75266207223083,394.4590194777623,end,branch,0.3785719069841508,1.102067200056289
58594,ascending_neuron,AN17A073,AN17A073_R,R,IA,T2,,acetylcholine,2.0,0.1467217075476248,0.4322173991415703,0.05132901455897681,3,3793,1279,2514,1549,96,735,606,129,292,32,183.0579042788274,167.9366720984871,branch,branch,0.4602027005346334,0.7626956034146518
58609,ascending_neuron,AN19B009,AN19B009_L,L,BA,T1,,acetylcholine,4.0,0.1570222172237344,0.4471318556882896,0.4013528165080241,3,9300,8161,1139,5143,148,4215,4177,38,624,150,259.4742057197645,211.0337180599324,branch,branch,0.4680754311938001,1.005196796122567
58667,ascending_neuron,AN07B101_c,AN07B101_c_R,R,,T1,,acetylcholine,2.0,0.1304605804065581,0.4075629644640582,0.6521053658320043,3,1739,4,1735,894,36,156,84,72,74,8,269.0501979691218,249.4102851810714,branch,branch,0.4468846076868038,1.160166347715321
58725,ascending_neuron,AN09B009,AN09B009_R,R,BA,A5,,acetylcholine,6.0,0.2552762061222193,0.5701120595679187,0.2117412056624791,3,10697,8941,1756,4551,261,9994,9957,37,2161,573,215.5770937579192,152.0678382678109,branch,branch,0.528540357199221,0.6955853550595661
58756,sensory_ascending,SApp08,SApp08_R,,campaniform sensilla,,,acetylcholine,39.0,0.6933834738650794,0.9395973917539678,0.1851653091686546,3,846,591,255,588,13,66,38,28,29,3,143.1489776419531,399.6857756641532,branch,branch,0.6785298239277653,0.8000160555417168
58772,ascending_neuron,AN08B099_j,AN08B099_j_R,R,BA,T1,,acetylcholine,1.0,0.1308421878672382,0.4081586060739562,0.1367389385508767,3,3114,647,2467,1219,75,1060,843,217,327,62,198.5604664912819,147.5419810818473,branch,branch,0.4472110429945111,0.7739130171196981
58803,sensory_ascending,SApp10,SApp10_L,,campaniform sensilla,,,acetylcholine,37.0,0.3224207552769351,0.6407174538452751,0.1666456191501569,3,4185,2209,1976,2099,98,118,23,95,49,4,256.4987922153895,267.0147154481867,branch,branch,0.5603137981383154,0.9343219984997498
59042,sensory_ascending,SApp19,SApp19_L,,campaniform sensilla,,,acetylcholine,9.0,0.2640791801127907,0.5798586509321428,0.02163782219389216,3,2688,1684,1004,1204,83,308,172,136,60,15,225.8650830761297,276.419345978238,branch,branch,0.533039153305599,0.9423030671189754
59144,sensory_ascending,"SApp09,SApp22","SApp09,SApp22_R",,campaniform sensilla,,,acetylcholine,74.0,0.3453998041193261,0.6631566099712083,0.1689300777457882,3,1276,917,359,838,20,152,122,30,55,4,202.3064707643261,382.9677521357243,end,branch,0.5700409975483273,1.026723034689152
59198,sensory_ascending,LgAG5,LgAG5_L,,leg bristle,,,acetylcholine,4.0,0.05973082644452413,0.275774636739641,0.4974938556364402,3,5371,1001,4370,1521,236,178,36,142,49,11,316.3863965460381,323.5661812082928,branch,end,0.367599744290477,1.740895056903633
59262,ascending_neuron,AN01B011,AN01B011_R,R,IA,T2,,gaba,6.0,0.110208,0.3745946926294776,0.2631931707727608,3,3840,897,2943,1734,94,185,132,53,93,5,311.0064186865465,199.2885168772766,branch,branch,0.4284289899019953,1.191084047978534
59387,ascending_neuron,AN05B023a,AN05B023a_L,L,BA,T2,,gaba,2.0,0.1160817799893216,0.3844475422026407,0.1476569489584273,3,9640,7631,2009,3707,309,6552,4841,1711,1265,311,36.78873941616587,206.96146674659,end,branch,0.434026837510417,0.5616016916394153
59404,sensory_ascending,SApp14,SApp14_R,,campaniform sensilla,,,acetylcholine,7.0,0.134656,0.4140644202728098,0.1332923768183545,3,3444,1522,1922,1848,79,68,28,40,36,2,244.7898193769016,274.1339228074396,branch,branch,0.4504348631419162,1.152050573005595
59592,sensory_ascending,SApp04,SApp04_L,,campaniform sensilla,,,acetylcholine,9.0,0.1645855775110951,0.4577738150879762,0.3866049508908456,3,6134,4363,1771,2763,143,239,177,62,81,12,231.977494552258,274.4421510358425,branch,branch,0.4736128898088695,1.069269136218971
59703,ascending_neuron,AN26X004,AN26X004_L,L,IA,T1,,unclear,2.0,0.0005293819322031238,0.02596208794279316,0.4809919589899261,3,1190,295,895,729,25,330,139,191,124,12,200.8615354943868,165.999523764863,branch,branch,0.1127892862463836,3.25262328957253
60041,ascending_neuron,ANXXX007,ANXXX007_R,R,BA,A5,,gaba,7.0,0.095232,0.3482142276303756,0.1072492519124474,3,5177,3384,1793,2682,149,1494,1490,4,485,74,373.522888607368,192.6056964655166,branch,branch,0.4130677565955542,1.370546541174833
60056,sensory_ascending,LgAG5,LgAG5_R,,leg bristle,,,acetylcholine,4.0,0.08722164160632542,0.3332477205471799,0.1886983388181129,3,5298,1032,4266,1561,223,149,30,119,53,8,306.2405098822298,326.8946594160926,branch,end,0.4040932851064443,1.566804479642726
60372,ascending_neuron,AN05B049_c,AN05B049_c_R,R,BA,T2,,gaba,2.0,0.1188047365640731,0.3889304419754533,0.05988779140992807,3,3317,1731,1586,1508,84,375,308,67,246,11,193.7365346109284,175.4437260117715,branch,branch,0.4365500161126696,0.8456768915280897
60511,ascending_neuron,AN08B099_g,AN08B099_g_L,L,BA,T1,,acetylcholine,3.0,0.1970146356744171,0.5008461091315962,0.3079739069231572,3,2462,243,2219,929,64,816,625,191,253,44,194.6125834456467,194.2063241677185,branch,branch,0.4953933724571637,0.7848690136584053
60774,sensory_ascending,LgAG6,LgAG6_R,,leg bristle,,,acetylcholine,4.0,0.07287533787069798,0.3046108369919046,0.08906605091252483,3,2532,89,2443,1393,39,275,13,262,44,10,316.3182470512113,338.3042020857165,branch,end,0.3863409247362144,1.694416530125278
61011,ascending_neuron,AN18B053,AN18B053_R,R,,T2,,acetylcholine,6.0,0.3307896272334289,0.6489795330993152,0.1564687846310658,3,6779,4380,2399,3684,146,1393,1311,82,334,81,176.5474126806928,176.9535743478725,branch,branch,0.5639148616756473,0.6268694284420049
61311,sensory_ascending,LgAG5,LgAG5_R,,leg bristle,,,acetylcholine,4.0,0.08732366572680157,0.3334425653611104,0.1220605917226852,3,4915,1337,3578,1490,185,148,38,110,50,8,265.9401468474661,265.5365349855566,branch,branch,0.4042114014064225,1.314848319428374
61625,ascending_neuron,AN07B078_a,AN07B078_a_R,R,IA,T1,,acetylcholine,2.0,0.07804263763788122,0.3152252724893535,0.1308414391778633,3,2011,133,1878,1252,35,202,172,30,73,14,173.6338361400352,171.0176998016386,branch,branch,0.3930144825827456,0.8769436018661491
61672,sensory_ascending,"SApp09,SApp22","SApp09,SApp22_R",,campaniform sensilla,,,acetylcholine,74.0,0.6292319790406217,0.8950771131732096,0.2134312617039766,3,1273,914,359,833,25,181,130,51,71,7,171.3513538667704,361.6374227246789,branch,branch,0.6622596057852786,0.8048033912010296
61865,sensory_ascending,SApp10,SApp10_L,,campaniform sensilla,,,acetylcholine,37.0,0.4573244239968549,0.7630750562074651,0.1938277793110527,3,3019,1688,1331,1493,85,88,26,62,45,5,259.7602680448857,270.9332759800878,branch,branch,0.6114791717970922,0.8678849067995307
62005,ascending_neuron,AN12B089,AN12B089_L,L,BA,T1,,gaba,7.0,0.105984,0.367345913151639,0.1265102756945807,3,1964,428,1536,979,50,237,165,72,127,7,196.18174755153,148.4500126820761,branch,branch,0.4242634764439465,0.8123059828816982
62106,sensory_ascending,SApp19,SApp19_L,,campaniform sensilla,,,acetylcholine,9.0,0.2519388787345487,0.5663731484287229,0.2448804337348019,3,3516,2191,1325,1607,92,231,121,110,54,12,232.563012785971,276.1549244928626,branch,branch,0.5268043685563686,0.9656676513008077
62196,sensory_ascending,SAxx02,SAxx02_R,,leg,,,unclear,12.0,0.1905857159983371,0.4926066080258645,0.5425585755974911,3,4794,3455,1339,1182,157,402,309,93,68,12,260.9146881914474,522.7799427433424,branch,branch,0.4913015753411275,1.595139666284692
62405,descending_neuron,DNg39,DNg39_L,L,xl,LB,,acetylcholine,2.0,0.5868080784348854,0.8643767989906653,0.06217422087816366,3,10150,9254,896,5065,174,641,308,333,272,26,305.9842956789096,191.5789883789628,end,branch,0.6508030666072695,0.7645373993883307
62677,ascending_neuron,AN05B063,AN05B063_R,R,BA,T3,,gaba,4.0,0.1303606125774875,0.4074067832149547,0.1788350939530327,3,2086,1010,1076,854,49,422,343,79,201,18,196.1877520494745,194.9199110615694,branch,branch,0.4467989746802557,0.8753548805498795
62760,ascending_neuron,AN03B095,AN03B095_R,R,IA,T1,,gaba,2.0,0.1337941650145003,0.4127372308761151,0.03264483837637992,3,2323,1159,1164,879,36,572,466,106,150,30,168.2725894441354,188.5269620774731,branch,branch,0.4497124004620023,0.7933949589894748
62810,ascending_neuron,AN08B023,AN08B023_R,R,BA,T3,,acetylcholine,6.0,0.1981738841960629,0.5023174554922355,0.223368377626528,3,8360,6715,1645,4093,166,4409,3804,605,1072,195,169.1788574569225,145.1427140874383,branch,branch,0.4961205026918313,0.6335589233642372
62884,ascending_neuron,AN02A046,AN02A046_L,L,IA,T1,,glutamate,2.0,0.1672484747477868,0.4614622106364966,0.06227428597296954,3,1659,212,1447,673,39,320,223,97,112,19,171.4606117712779,105.1004267365813,branch,branch,0.4755170693170576,0.5816006540102945
62985,sensory_ascending,SApp14,SApp14_L,,campaniform sensilla,,,acetylcholine,7.0,0.1689849487265156,0.4638516133243945,0.1462223378932956,3,4729,3224,1505,2217,127,99,66,33,55,3,258.3282326927018,247.8226811774927,branch,branch,0.4767465684501077,1.061677099251453
63109,ascending_neuron,AN18B020,AN18B020_R,R,BA,T1,,acetylcholine,2.0,0.2023812657653738,0.5076217397689253,0.1472117789672509,3,6301,4506,1795,2971,124,2595,2517,78,419,113,187.8514641557264,160.6046085620098,branch,branch,0.4987330473176741,0.6986825408739814
63141,sensory_ascending,SApp04,SApp04_L,,campaniform sensilla,,,acetylcholine,9.0,0.2629395579809608,0.5786061208599019,0.2308689360235046,3,6618,4584,2034,2959,161,323,234,89,84,17,224.0729031396315,246.3233080287479,branch,branch,0.5324631435332889,0.8834343125553267
63154,ascending_neuron,AN16B078_c,AN16B078_c_L,L,,T1,,glutamate,6.0,0.2329871282629729,0.5446544088857636,0.03197007245355672,3,1508,498,1010,963,23,553,220,333,114,33,122.1200975577334,145.9393164440299,branch,branch,0.5166049364398526,0.518886667729264
63287,descending_neuron,DNg12_b,DNg12_b_L,L,nt,MX,,acetylcholine,10.0,0.07419709233133244,0.3073608173801901,0.04617250231861815,3,1148,727,421,484,44,288,51,237,99,10,170.5957531895781,126.1618379853921,branch,branch,0.3880809200621607,0.7646796733202891
63539,ascending_neuron,ANXXX023,ANXXX023_L,L,BA,T1,,acetylcholine,2.0,0.1909021117446892,0.4930153322633985,0.05995227802654814,3,12484,10394,2090,6671,229,3618,3582,36,604,166,216.8132900398294,160.2182001957465,branch,branch,0.4915053537949157,0.7670953883299816
63701,descending_neuron,DNd02,DNd02(SAD039)_R,R,xl,,,unclear,2.0,0.849287989750138,1.039878383955791,0.1597375260338196,3,21323,15931,5392,11257,525,4541,1689,2852,1560,144,187.6519066302708,129.4173682875736,branch,branch,0.713820991662712,0.4441859774665509
63704,sensory_ascending,SApp14,SApp14_L,,campaniform sensilla,,,acetylcholine,7.0,0.2059813471462561,0.5121167802996057,0.457071336935886,3,3879,2046,1833,1895,87,88,22,66,40,4,259.4916457754013,271.4096038999197,branch,branch,0.5009363456037171,1.059817787897763
63718,descending_neuron,DNg10,DNg10_L,L,nt,LB,,gaba,12.0,0.09713798375121227,0.3516815636451322,0.3021852439275866,3,869,330,539,336,36,295,5,290,99,17,164.6333357509487,170.9445531358645,branch,branch,0.4151192192444416,0.8083891887675024
63911,sensory_ascending,SAxx02,SAxx02_L,,leg,,,unclear,12.0,0.06846793180138501,0.2952559539039876,0.7379331726699797,3,5136,3663,1473,1178,215,352,248,104,57,10,260.6395850636715,345.3316406823558,branch,branch,0.3803622186981166,1.593142525617063
63939,ascending_neuron,AN06A030,AN06A030_L,L,BA,A1,,glutamate,2.0,0.227438260074527,0.5381295259625216,0.3095716160583791,3,3097,1533,1564,1536,88,1583,1526,57,214,53,167.6647101921066,217.7731124897147,branch,branch,0.5135011857061633,0.7506074638401659
63963,ascending_neuron,AN07B049,AN07B049_R,R,BA,T1,,acetylcholine,8.0,0.1454243218936532,0.4303022163564752,0.3184394763286116,3,3286,610,2676,1071,77,721,582,139,163,32,157.3001472326167,171.6769405017205,branch,branch,0.459181974836418,0.7164416413591456
64108,ascending_neuron,AN08B099_h,AN08B099_h_L,L,IA,T1,,acetylcholine,2.0,0.177152,0.4749283438887635,0.1424679756388856,3,2161,430,1731,758,58,1072,732,340,218,48,172.2419711525796,192.5209250373756,branch,branch,0.482405315585861,0.7561336585749807
64257,ascending_neuron,AN08B089,AN08B089_L,L,BA,T1,,acetylcholine,2.0,0.1060422490864059,0.3674468464274366,0.2321925912530261,3,2601,796,1805,1372,66,820,759,61,291,42,198.9356107923846,151.249513264886,branch,branch,0.4243217585152144,0.8252820342813374
64272,sensory_ascending,"SApp09,SApp22","SApp09,SApp22_R",,campaniform sensilla,,,acetylcholine,74.0,0.3563864385573334,0.6736210409262209,0.4223012797924245,3,1183,712,471,686,32,196,128,68,45,9,195.4443213758749,365.7540500657928,end,branch,0.5745209396130381,0.9768109963401096
64315,ascending_neuron,ANXXX084,ANXXX084_R,R,BA,A5,potentially sexually dimorphic,acetylcholine,8.0,0.14272,0.4262824742170412,0.08119617116624786,3,11231,8014,3217,4785,284,3213,3128,85,596,121,175.6540633830123,160.5267750511306,branch,branch,0.457032178698995,0.7355736731516976
64399,sensory_ascending,LgAG3,LgAG3_L,,leg bristle,,,acetylcholine,7.0,0.07161939979154491,0.301974588309666,0.09846301458364162,3,5017,380,4637,1848,133,232,20,212,55,7,13.76169737088551,492.0394116860116,end,end,0.3846655017956982,1.314911544434613
64444,ascending_neuron,AN09B030,AN09B030_L,L,BA,T1,,glutamate,4.0,0.127232,0.4024882777867502,0.1424114969694494,3,6244,4258,1986,2684,201,1533,1432,101,547,81,238.5540563463305,150.7723672900091,branch,branch,0.4440937469898755,0.8766762114423906
64528,ascending_neuron,AN07B072_e,AN07B072_e_L,L,BA,T1,,acetylcholine,6.0,0.09360292947182379,0.3452230457350472,0.08735589635645545,3,2419,480,1939,934,84,330,279,51,106,16,169.0685770309191,158.4427720110946,branch,branch,0.4112897912788173,0.7963031322116879
64607,sensory_ascending,LgAG3,LgAG3_R,,leg bristle,,,acetylcholine,7.0,0.0678036603630622,0.2938201859165617,0.619975045659134,3,5172,571,4601,1745,140,228,15,213,44,7,317.7442242833912,491.9068227620298,branch,end,0.379436280683747,2.13382612117751
64710,sensory_ascending,"SNxx27,SNxx29","SNxx27,SNxx29_R",,leg,,,unclear,4.0,0.07193600000000001,0.3026413056574874,0.02314938556964453,3,2091,1320,771,806,61,136,77,59,73,4,183.4688911339751,213.9851110524819,branch,branch,0.3850899112832857,1.032107023686933
64873,ascending_neuron,AN09B035,AN09B035_R,R,BA,T3,,glutamate,6.0,0.1095960639784487,0.3735532660875631,0.2645781493838214,3,6677,4243,2434,3042,176,1771,1670,101,690,83,192.8284091830831,171.1330545639537,branch,branch,0.4278330286255445,0.8507091304201051
64916,ascending_neuron,AN01B004,AN01B004(57382)_L,L,BA,A1,,acetylcholine,6.0,0.09256445723609534,0.3433026760599799,0.1088518948903846,3,9432,7433,1999,4356,239,2183,2092,91,633,90,273.3364917861306,201.3041300135831,branch,branch,0.4101442566578131,1.157252878944274
65170,ascending_neuron,AN03B095,AN03B095_L,L,IA,T1,,gaba,2.0,0.1098878457555265,0.3740501981040705,0.5102117557671728,3,2349,1146,1203,884,44,621,521,100,142,36,186.3344749649127,185.4351673894003,branch,branch,0.4281175038129071,0.8683822526368397
65252,sensory_ascending,SAxx02,SAxx02_R,,leg,,,unclear,12.0,0.3462407791809595,0.663963441804677,0.4016387716771418,3,5572,4109,1463,1313,221,517,406,111,78,18,251.157316299763,521.1068145146371,branch,branch,0.5703876633345883,1.353928530465764
65465,ascending_neuron,AN18B053,AN18B053_L,L,,T2,,acetylcholine,6.0,0.1875929613480153,0.4887236199553568,0.02142794764528107,3,6513,4531,1982,3726,110,1690,1611,79,371,80,174.4068963537997,159.0800862438952,branch,branch,0.4893613938370341,0.6814738285397967
65577,ascending_neuron,AN08B059,AN08B059_R,R,BA,T1,male-specific,acetylcholine,5.0,0.265128057659065,0.5810090596800931,0.3230112231079124,3,2833,1605,1228,1382,56,1546,1372,174,368,87,218.2063452984876,166.1569962315348,branch,branch,0.5335676519835564,0.7203647749280493
65912,sensory_ascending,"SApp11,SApp18","SApp11,SApp18_L",,campaniform sensilla,,,acetylcholine,8.0,0.1581297761962185,0.4487060109393972,0.3823600440274252,3,3416,1660,1756,1596,94,165,82,83,52,8,202.1918781976082,205.0484233828662,branch,branch,0.468898651480578,0.8685038873423642
66084,ascending_neuron,AN02A046,AN02A046_R,R,IA,T1,,glutamate,2.0,0.1103154504209563,0.3747772590102458,0.06829121820453843,3,1907,259,1648,731,52,250,156,94,99,15,169.0802606021062,131.6799112683096,branch,branch,0.4285333789975063,0.7018360450100806
66264,ascending_neuron,AN18B053,AN18B053_L,L,,T2,,acetylcholine,6.0,0.2464382722889045,0.560156186803685,0.1058112863471778,3,5606,3562,2044,3142,125,1492,1416,76,331,78,180.2259263122251,163.6292933574758,branch,branch,0.5239050787440465,0.656331143981315
66284,descending_neuron,DNg47,DNg47_L,L,fl,,,acetylcholine,2.0,0.1963109210850695,0.4999508253707502,0.2101786556819243,3,7024,3858,3166,3061,155,1439,41,1398,342,65,189.4493877845663,163.275950561243,branch,branch,0.4949504060324302,0.7126478411711779
66446,ascending_neuron,AN06B068,AN06B068_L,L,BA,T2,,gaba,6.0,0.1214169422825586,0.3931829756169263,0.667617818195504,3,5186,2739,2447,2335,138,648,568,80,250,28,152.8888858681782,165.4419150749061,branch,branch,0.4389301288955839,0.7252425385882117
66518,ascending_neuron,AN09B009,AN09B009_L,L,BA,A5,,acetylcholine,6.0,0.3990151734138441,0.7127705786154931,0.3647810370702523,3,10582,8902,1680,4578,260,9403,9361,42,1880,527,191.2170734184274,174.0425343244588,branch,branch,0.59098018877251,0.618057279553728
66800,ascending_neuron,AN04A001,AN04A001_L,L,BA,T3,,acetylcholine,6.0,0.2249530893573531,0.5351814356646954,0.07856698840218088,3,16969,15713,1256,7827,450,3866,3839,27,820,129,195.869809832498,213.829968719834,branch,branch,0.5120926707888922,0.8000500728143183
67038,ascending_neuron,AN08B089,AN08B089_R,R,BA,T1,,acetylcholine,2.0,0.1117558600058031,0.3772160923333936,0.1399245113491553,3,2602,1044,1558,1423,64,743,671,72,287,31,241.9000658459006,163.0681901960379,branch,branch,0.429925441493479,0.9419499684297722
67107,descending_neuron,DNg18_b,DNg18_b_L,L,xn,LB,,gaba,6.0,0.09260363943831713,0.3433753277672437,0.04563632036442421,3,1553,600,953,708,35,508,12,496,113,29,149.6972374761836,225.2454580094199,branch,branch,0.4101876529174781,0.9140760157425675
67219,sensory_ascending,SAxx01,SAxx01_L,,abdomen,,,acetylcholine,13.0,0.1136715571013198,0.3804354368523278,0.4541297664787391,3,1749,791,958,837,27,117,52,65,58,6,299.0663193853656,163.6859439664126,branch,branch,0.4317561395714491,1.071790811848316
67239,ascending_neuron,ANXXX024,ANXXX024_R,R,BA,A1,,acetylcholine,2.0,0.186368,0.4871253508833253,0.09914384803441394,3,11198,9699,1499,5206,263,7123,7036,87,1474,273,200.3501727271819,144.5347512569773,branch,branch,0.4885605611721328,0.7059205171140432
67526,sensory_ascending,SApp10,SApp10_L,,campaniform sensilla,,,acetylcholine,37.0,0.4062260515784247,0.7191822251497016,0.1054256870938115,3,4716,2281,2435,2228,118,84,36,48,45,3,258.0876077711242,243.7287064016529,branch,branch,0.5936322854455894,0.8453319108075568
67529,ascending_neuron,AN07B011,AN07B011_R,R,BA,T2,,acetylcholine,2.0,0.1045111258657565,0.3647844545989797,0.01209752990148219,3,9421,7419,2002,3705,220,2576,2527,49,696,123,205.9919035929777,24.66347208570616,branch,end,0.4227817199850297,0.5455661036783973
67824,ascending_neuron,AN16B078_d,AN16B078_d_L,L,IA,T1,,glutamate,6.0,0.2592896674548869,0.5745762422383925,0.1787908886708122,3,1405,678,727,901,19,367,218,149,104,21,143.5981405568267,146.9378904639431,branch,branch,0.5306056527184876,0.5475554765243208
67946,sensory_ascending,SApp10,SApp10_L,,campaniform sensilla,,,acetylcholine,37.0,0.2215410271269218,0.5311071422220213,0.1160098640204889,3,3250,1545,1705,1565,90,80,31,49,39,4,230.5088193601372,274.1992246909319,branch,branch,0.510139686447536,0.9893526370506648
67951,ascending_neuron,AN06B068,AN06B068_R,R,BA,T2,,gaba,6.0,0.1042487639453061,0.3643262943364437,0.1592281123227152,3,4960,2775,2185,2143,128,608,541,67,191,31,144.0832152091914,151.8191483821815,branch,branch,0.4225161348692584,0.7003338788066298
67972,ascending_neuron,ANXXX200,ANXXX200_L,L,BA,T1,,gaba,4.0,0.2579881037033797,0.5731323195444304,0.3045903771260119,3,2355,909,1446,938,75,289,226,63,88,19,210.1444521907804,167.9640310783882,branch,branch,0.5299385215067601,0.7134949959744439
67982,descending_neuron,DNge013,DNge013_R,R,xn,LB,,acetylcholine,2.0,0.5343566400977245,0.8248418061448134,0.1665034659259201,3,8554,8419,135,4185,175,2524,255,2269,404,94,186.8375484649166,176.9828039480851,branch,branch,0.6357456134421681,0.5722734765610732
68005,descending_neuron,DNg82,DNg82_L,L,ut,LB,,acetylcholine,4.0,0.4286612596328781,0.7387749772837241,0.3748334762086525,3,3342,2295,1047,1631,92,2072,143,1929,458,123,182.5602785131576,279.6474328480255,branch,branch,0.6016641412524306,0.7682154871304887
68642,ascending_neuron,AN16B112,AN16B112_R,R,IA,T1,,glutamate,4.0,0.2192913916264447,0.5284037013863497,0.1053855653617546,3,1236,424,812,735,22,529,171,358,138,33,141.017103760551,160.6919967669912,branch,branch,0.5088396738456146,0.5929354883972408
68651,ascending_neuron,AN05B078,AN05B078_L,L,,T1,,gaba,3.0,0.1721467994904735,0.4681710292306283,0.3264967402916411,3,3345,1536,1809,1690,81,602,526,76,260,26,228.2994719540854,172.099031226578,branch,branch,0.4789611720411246,0.835972781414282
68881,sensory_ascending,"SApp11,SApp18","SApp11,SApp18_R",,campaniform sensilla,,,acetylcholine,8.0,0.2114509078699842,0.5188715232793331,0.08880523557113905,3,2962,1462,1500,1497,64,155,54,101,47,11,223.9967439097926,270.802617776433,branch,branch,0.5042291606074297,0.9812985847350748
69173,descending_neuron,DNpe018,DNpe018(hb1436667616)_L,L,xn,,,acetylcholine,3.0,0.2268653607462898,0.4818469832588375,0.6987324952257212,2,1034,1020,14,407,38,195,27,168,97,6,376.0668039883553,192.3408023736841,branch,branch,0.4859063920106735,1.169788287842803
69211,ascending_neuron,AN09B030,AN09B030_R,R,BA,T1,,glutamate,4.0,0.1749008108896752,0.4719010794975794,0.3577109012820402,3,6201,4326,1875,2654,214,1477,1387,90,587,63,192.5197542602565,147.3667704677337,branch,branch,0.4808653958789444,0.7068225903565643
69409,descending_neuron,DNg06,DNg06_R,R,ut,LB,,acetylcholine,12.0,0.1028252056233719,0.3618302336665656,0.2291478526723787,3,1233,1230,3,682,22,832,55,777,180,34,187.8802379174226,249.2126912017593,branch,branch,0.4210662827829095,1.038062051015695
69544,sensory_ascending,LgAG3,LgAG3_L,,leg bristle,,,acetylcholine,7.0,0.0673995647729524,0.2929433241547962,0.05942955154817001,3,4856,447,4409,1705,132,243,14,229,43,8,326.6782512468967,499.5679840760798,branch,end,0.3788696726261554,2.180819144472046
69759,ascending_neuron,AN11B008,AN11B008_L,L,IA,T1,,gaba,2.0,0.79061601863799,1.003316290922739,0.2359744878012242,3,4144,2260,1884,2088,62,1789,1771,18,261,82,150.38461473195,212.3086013450982,branch,branch,0.7011597411090728,0.5172761566477723
70004,ascending_neuron,AN07B072_e,AN07B072_e_R,R,BA,T1,,acetylcholine,6.0,0.3281291299951949,0.6463644359720195,0.1456208965751972,3,2691,529,2162,997,98,356,294,62,109,22,193.4147164848012,153.8638798074743,branch,branch,0.5627775525252313,0.6170796875852752
70198,ascending_neuron,AN07B069_b,AN07B069_b_L,L,,T1,,acetylcholine,10.0,0.1979245360038619,0.5020013407486831,0.2268338230927782,3,1352,274,1078,613,44,458,438,20,73,25,150.1754176680269,146.1449073888607,branch,branch,0.4959643706627066,0.5974629279537659
70454,sensory_ascending,SApp08,SApp08_R,,campaniform sensilla,,,acetylcholine,39.0,0.3608983108212083,0.6778716699831057,0.2552493651123605,3,990,731,259,668,19,176,133,43,60,10,183.1687660734193,331.7302217842199,end,branch,0.5763307368965512,0.8934088621236616
70598,sensory_ascending,SApp08,SApp08_R,,campaniform sensilla,,,acetylcholine,39.0,0.471936,0.7751693865111895,0.09192799699234028,3,1373,969,404,901,18,186,149,37,58,7,191.060717237963,337.0111057050767,end,branch,0.6163059300302755,0.856833915125721
70636,ascending_neuron,ANXXX024,ANXXX024_L,L,BA,A1,,acetylcholine,2.0,0.1672683792725569,0.4614896695198918,0.06033361754251196,3,10668,9422,1246,4792,256,8193,8136,57,1657,275,213.8691630778135,133.6699093293505,branch,branch,0.4755312167090053,0.7308438651249173
70651,ascending_neuron,AN09A005,AN09A005_L,L,BA,A2,,unclear,11.0,0.0006020645050781318,0.02768704275192426,0.7611655138483642,3,422,247,175,351,4,513,478,35,141,12,294.1045660923294,108.1383943142059,branch,branch,0.1164759672569534,3.453441683117013
70869,sensory_ascending,SAxx01,SAxx01_R,,abdomen,,,acetylcholine,13.0,0.2485656192663634,0.5625687299446338,0.3545745122891141,3,1726,743,983,729,45,112,52,60,48,6,302.1770217151378,421.7425838924177,branch,branch,0.5250320729944701,1.378810253397948
71162,ascending_neuron,AN08B095,AN08B095_L,L,BA,T1,,acetylcholine,2.0,0.124544,0.3982139448330459,0.192503184739407,3,3218,1033,2185,1235,118,955,851,104,303,54,180.8752374428884,144.5504478664655,branch,branch,0.4417293662053638,0.7367082883913603
71245,ascending_neuron,AN05B071,AN05B071_L,L,BA,T1,,gaba,2.0,0.09397627736576598,0.345910844885056,0.007777504453421297,3,6311,3935,2376,2984,183,595,559,36,276,19,197.6377902453464,182.7516163284234,branch,branch,0.4116993004532281,0.9239496063146327
71282,ascending_neuron,AN07B042,AN07B042_L,L,BA,T1,,acetylcholine,4.0,0.1590122912643848,0.4499563727037994,0.1659617677528419,3,4111,1767,2344,1800,89,830,734,96,208,45,168.4425869573841,138.3450220212663,branch,branch,0.4695515122165636,0.6533630517564081
71393,sensory_ascending,SApp,SApp_R,,haltere,,,acetylcholine,148.0,0.5909690412909568,0.8674359648330667,0.1564518717676594,3,1245,720,525,713,40,163,120,43,68,5,223.7216484318032,331.0063212883247,end,branch,0.6519536967977118,0.8508701959124698
71443,sensory_ascending,"SApp09,SApp22","SApp09,SApp22_R",,campaniform sensilla,,,acetylcholine,74.0,0.751730085755101,0.9783314735561509,0.3615683051327834,3,1067,776,291,685,23,184,131,53,50,9,188.1633188382707,431.2053269394378,end,branch,0.6923744810740167,0.8945572991323122
71633,descending_neuron,DNpe015,DNpe015_L,L,ut,,,acetylcholine,11.0,0.03856823124906281,0.2216000839277756,0.1394850036941359,3,426,280,146,231,16,196,21,175,62,7,17.91626154625096,480.1854839202507,end,branch,0.3295209266869253,1.511593665611845
71722,ascending_neuron,AN07B101_a,AN07B101_a_L,L,BA,T1,,acetylcholine,2.0,0.0650128844293393,0.2877098805615332,0.1268029311924751,3,1573,145,1428,735,44,279,157,122,105,17,268.9808669077601,197.0856191337849,branch,branch,0.3754701605655918,1.241287684058523
71760,sensory_ascending,SApp,SApp_R,,haltere,,,acetylcholine,148.0,0.4077325836380755,0.720514572486244,0.1489411043094153,3,995,742,253,689,18,96,69,27,38,7,180.443851036359,328.7594009916274,end,branch,0.5941819086090214,0.8569820868831738
71940,ascending_neuron,AN14A003,AN14A003_R,R,CA,T2,,glutamate,5.0,0.1384153142021168,0.4198045398028441,0.3850736913450976,3,8461,7428,1033,4060,119,6183,6143,40,723,207,176.038800343332,218.8617431974982,branch,branch,0.4535462760329905,0.8706951515397418
71953,descending_neuron,DNg06,DNg06_L,L,ut,LB,,acetylcholine,12.0,0.08618679217123854,0.331264897063199,0.08404365855643428,3,1451,1441,10,723,35,687,46,641,167,39,195.9924391718951,245.7353410218625,branch,branch,0.402889314279949,1.096399841190183
72013,ascending_neuron,AN09B035,AN09B035_R,R,BA,T2,,glutamate,6.0,0.09058546715007744,0.3396130135224306,0.04810741513467746,3,6423,4131,2292,2791,189,1098,1020,78,457,54,231.7669461048872,166.5762128565605,branch,branch,0.4079342797877998,0.9764885637182995
72021,ascending_neuron,AN12B080,AN12B080_L,L,BA,T1,,gaba,3.0,0.1170674240533164,0.38607625374395,0.1231473435913677,3,1756,418,1338,905,40,199,161,38,92,10,212.5213994806081,144.4698649259001,branch,branch,0.4349452429151692,0.8207728908903943
72215,ascending_neuron,AN05B015,AN05B015_L,L,BA,A1,,gaba,2.0,0.1017644928045169,0.3599591316922351,0.2313809930171068,3,9462,7703,1759,4113,220,2228,2143,85,645,92,195.2648996158507,231.1996424786366,branch,branch,0.4199761594771722,1.015449406998227
72401,ascending_neuron,IN06B017,IN06B017_L,L,,T2,,gaba,1.0,0.3251805519470469,0.6434537574043584,0.4313410913612587,3,2115,1369,746,584,119,1017,972,45,320,54,129.1841880358716,48.70155617626685,branch,branch,0.5615089857946493,0.3167994612951633
72661,ascending_neuron,AN19B046,AN19B046_L,L,BA,T3,,acetylcholine,2.0,0.1026529246842746,0.3615269880530896,0.01962782588804778,3,2507,1037,1470,1139,65,691,620,71,146,30,167.831206816571,222.3738336465223,branch,branch,0.4208898004775286,0.9270955010560452
72797,sensory_ascending,SAxx01,SAxx01_L,,abdomen,,,acetylcholine,13.0,0.08770388488090958,0.3341677040907371,0.4642977552537145,3,2735,1389,1346,1270,63,209,79,130,110,9,300.6896538694385,388.2107732334879,branch,branch,0.4046506826936798,1.702457098347276
72959,ascending_neuron,AN08B099_b,AN08B099_b_L,L,,T1,,acetylcholine,2.0,0.0983806029894127,0.353923825365022,0.05148312607635189,3,2075,248,1827,760,44,714,628,86,238,35,238.6586123243281,185.6223361508931,branch,branch,0.4164404812561583,1.018827341653753
73179,ascending_neuron,AN00A009,AN00A009_M,M,BA,T1,,gaba,1.0,0.0003793735126771845,0.02197801989638006,0.1284200189082483,3,6413,3896,2517,3444,118,2816,1592,1224,779,129,237.1558325066151,23.91385205875563,branch,end,0.1037748994180492,2.515730547843478
73541,descending_neuron,DNg18_b,DNg18_b_L,L,xn,LB,,gaba,6.0,0.06859182727091136,0.2955229719107604,0.09562741186428432,3,576,264,312,345,12,247,12,235,85,15,160.2175514899131,356.9554614781215,branch,branch,0.3805341722319726,1.359071144477315
73606,ascending_neuron,ANXXX338,ANXXX338_R,R,BA,T1,,glutamate,3.0,0.1092571340399956,0.3729752050795772,0.1876380087100596,3,758,81,677,457,13,191,134,57,93,8,336.0815293238772,161.0801515338199,branch,branch,0.4275018719128523,1.162946208008757
73615,ascending_neuron,AN07B069_b,AN07B069_b_L,L,BA,T1,,acetylcholine,10.0,0.1668019506119149,0.4608457872846964,0.2121896508110569,3,1719,330,1389,900,39,261,251,10,103,15,164.0726823915847,161.6233988336564,branch,branch,0.475199364235161,0.6853882932891814
73646,sensory_ascending,LgAG7,LgAG7_R,,leg bristle,,,acetylcholine,5.0,0.07578028177810238,0.3106226834457738,0.1099109606884642,3,5729,383,5346,1957,170,245,11,234,41,6,321.3690951818007,342.4479436701081,branch,end,0.3901347394022085,1.701507125125682
73753,ascending_neuron,AN07B003,AN07B003_R,R,BA,T2,,acetylcholine,2.0,0.2143338266610852,0.5223966920639002,0.130680230911596,3,19695,17735,1960,9024,409,6134,6113,21,1006,249,194.5173068561229,157.6772435989548,branch,branch,0.5059391061296913,0.6961204346295323
73864,ascending_neuron,AN05B056,AN05B056_L,L,,T1,,gaba,2.0,0.1976512368145786,0.5016546329678775,0.156880021098323,3,3917,2268,1649,1836,108,1441,1304,137,642,59,194.6935017585875,193.2039551139824,branch,branch,0.4957930719103081,0.7823777274216185
74105,ascending_neuron,AN17B005,AN17B005_L,L,IA,T2,,gaba,2.0,1.101222312798371,1.184111395181889,0.09377918562011123,3,14771,6448,8323,6306,342,3340,3073,267,688,121,197.1875650583407,169.9631089097148,branch,branch,0.7617181786193143,0.4820032976415903
74133,ascending_neuron,AN19B059,AN19B059_R,R,BA,T3,,acetylcholine,7.0,0.1243924259340553,0.3979715514515818,0.3510414220785847,3,3113,1550,1563,1428,70,823,796,27,199,48,172.4821225239311,112.0881201432057,branch,branch,0.4415949051011289,0.6444146872617741
74183,ascending_neuron,AN08B099_g,AN08B099_g_L,L,BA,T1,,acetylcholine,3.0,0.0922677141397113,0.3427519545458496,0.06547675586462948,3,2509,402,2107,925,61,686,596,90,187,40,200.9853923979316,194.1454555544401,branch,branch,0.4098151506807262,0.9641684727761697
74389,ascending_neuron,AN06B031,AN06B031_L,L,CA,T2,,gaba,2.0,0.3382398229141196,0.6562471471469233,0.4289644311644549,3,8234,6828,1406,4372,171,1561,1509,52,400,75,180.3851602614996,225.3804288220035,branch,branch,0.5670635785359455,0.715555723277301
74561,ascending_neuron,AN19B010,AN19B010_R,R,BA,T2,,acetylcholine,4.0,0.108243953931796,0.3712418115251215,0.2656413698138678,3,14763,12998,1765,7777,283,3400,3367,33,502,137,207.5412101434468,160.9578772843304,branch,branch,0.4265073125367366,0.8639924254429681
74629,sensory_ascending,SApp10,SApp10_R,,campaniform sensilla,,,acetylcholine,37.0,0.1341310987472412,0.4132566020086849,0.158400703527996,3,2539,1268,1271,1339,63,69,30,39,47,0,256.9954144448055,277.6770444323155,branch,branch,0.4499952610686645,1.188173532333123
74742,ascending_neuron,AN19A018,AN19A018_R,R,BA,A4,,acetylcholine,12.0,0.128384,0.4043063018446277,0.07358156383055516,3,8962,5355,3607,4116,180,2316,2233,83,520,115,157.3037769383517,151.1588845164135,branch,branch,0.4450955941186877,0.6930256455706718
75140,ascending_neuron,AN17A015,AN17A015_R,R,IA,T2,,acetylcholine,8.0,0.1186685643585008,0.3887074849526221,0.02035427212914824,3,14366,11899,2467,7215,318,6191,6145,46,1286,307,220.6952194509797,169.932562587101,branch,branch,0.4364248705410644,0.8950630644715408
75194,ascending_neuron,AN07B069_b,AN07B069_b_R,R,,T1,,acetylcholine,10.0,0.1235197982101199,0.396573185728476,0.3398698698775743,3,1308,287,1021,683,36,391,356,35,79,23,159.434788599933,160.2933539334031,branch,branch,0.440818399124802,0.725305802044838
75573,sensory_ascending,SApp,SApp_R,,haltere,,,acetylcholine,148.0,0.3284112593047217,0.6466422521634705,0.3497441790728861,3,1164,850,314,744,22,176,142,34,54,10,170.6867325242271,305.1810878677607,branch,branch,0.562898484240365,0.8453883492583469
75729,ascending_neuron,AN07B011,AN07B011_L,L,BA,T2,,acetylcholine,2.0,0.1103368650390443,0.3748136334364292,0.04890198712133382,3,12336,10444,1892,5148,252,2755,2727,28,678,140,219.8499039779773,135.6057510308372,branch,branch,0.4285541743862149,0.8294299210080179
75754,ascending_neuron,AN19B009,AN19B009_R,R,BA,T1,,acetylcholine,4.0,0.1040390225344338,0.3639596099657678,0.2220091641143991,3,10153,9045,1108,4828,168,3152,3124,28,539,128,241.9744831759466,195.5123222007916,branch,branch,0.4223034559214809,1.035953647175647
75833,ascending_neuron,AN08B109,AN08B109_L,L,BA,T1,,acetylcholine,2.0,0.2018037098275899,0.5068968964461584,0.2062760851291288,3,3007,391,2616,1153,112,463,370,93,173,19,212.2388712011456,146.458352564066,branch,branch,0.498376844625247,0.7197309177454523
75920,ascending_neuron,AN08B111,AN08B111_R,R,BA,T1,,acetylcholine,2.0,0.08015287121425392,0.31945861274045,0.6453772933062231,3,1515,88,1427,481,37,303,78,225,80,11,232.7426006511836,155.2144998032018,branch,branch,0.3956446893903929,0.980569462595713
75938,ascending_neuron,AN08B109,AN08B109_R,R,BA,T1,,acetylcholine,2.0,0.2417390988721466,0.5547898522798164,0.08509807291828721,3,2967,447,2520,1148,108,501,431,70,160,21,177.6508327313045,142.8227070047619,branch,branch,0.5213895162132721,0.6146528262854023
75948,sensory_ascending,SApp10,SApp10_R,,campaniform sensilla,,,acetylcholine,37.0,0.2273176976745702,0.5379868789268146,0.2705421735790412,3,2807,1406,1401,1522,56,59,26,33,39,1,236.9255486754121,274.4427038055446,branch,branch,0.5134331219098931,0.995978308876421
76294,ascending_neuron,AN08B098,AN08B098_R,R,BA,T1,,acetylcholine,10.0,0.1293686512100692,0.4058537699340867,0.1099944805777522,3,1412,220,1192,554,44,1020,964,56,277,58,180.6721224935337,183.017151730784,branch,branch,0.4459465744544995,0.8155444958158893
76330,sensory_ascending,LgAG7,LgAG7_L,,leg bristle,,,acetylcholine,5.0,0.07032150363835234,0.2992258666585959,0.1946259530995835,3,5412,341,5071,1830,162,205,13,192,39,10,322.4241840137673,317.1782878578076,branch,end,0.382910792042627,1.67036940499805
76363,ascending_neuron,AN08B101,AN08B101_R,R,BA,T1,,acetylcholine,6.0,0.1403008678658481,0.4226542477338429,0.06824732810085837,3,2289,391,1898,951,49,636,540,96,185,30,198.9866306361326,148.4046115063721,branch,branch,0.455083048892818,0.7633579035467941
76367,ascending_neuron,AN08B101,AN08B101_L,L,BA,T1,,acetylcholine,6.0,0.1039695679864789,0.363838103295155,0.2290065943391318,3,2250,464,1786,877,66,799,701,98,199,44,197.6184834198778,198.3454959997883,branch,branch,0.422232957755107,0.9377855805593537
76512,ascending_neuron,AN08B106,AN08B106_L,L,,T1,,acetylcholine,4.0,0.084096,0.3272221764398743,0.2847623487128398,3,1968,484,1484,592,72,344,195,149,121,18,224.7208101849417,138.7299516317143,branch,branch,0.4004233590283394,0.9076662328056969
76553,sensory_ascending,SApp10,SApp10_L,,campaniform sensilla,,,acetylcholine,37.0,0.2362993614240222,0.5485122526988178,0.24910769520824,3,3070,1667,1403,1505,87,58,22,36,32,2,236.4678731287786,264.9975702020715,branch,branch,0.518431291322602,0.9672746451155187
76611,ascending_neuron,AN08B111,AN08B111_L,L,BA,T1,,acetylcholine,2.0,0.087552,0.3338782242384983,0.3996406975011371,3,2000,102,1898,479,56,289,85,204,73,16,227.094273054711,147.9146728061152,branch,branch,0.4044753761069568,0.9271490132978112
76789,sensory_ascending,LgAG7,LgAG7_L,,leg bristle,,,acetylcholine,5.0,0.1098814085782484,0.3740392421030546,0.2337112530785177,3,5289,372,4917,1721,178,227,7,220,33,10,321.8535808128826,329.1105654174226,branch,end,0.4281112339456847,1.520549087746888
76875,sensory_ascending,SApp14,SApp14_L,,campaniform sensilla,,,acetylcholine,7.0,0.114541988983674,0.3818892377465398,0.07826062327779654,3,3204,1619,1585,1463,80,72,25,47,35,2,260.5764173012482,271.3260103837909,branch,branch,0.4325803121916258,1.229603873995577
76985,ascending_neuron,AN19B022,AN19B022_L,L,BA,T3,,acetylcholine,2.0,0.3606931447282735,0.6776789618860255,0.386030328703216,3,7470,5470,2000,2900,228,1413,1381,32,302,63,175.3392200585891,127.5344820696622,branch,branch,0.5762488102583401,0.5255953621708459
77107,ascending_neuron,AN12B055,AN12B055_L,L,BA,T1,,gaba,5.0,0.101864293903677,0.3601355955674008,0.3753417720620382,3,2492,1227,1265,1519,53,365,316,49,160,19,199.1113404287188,133.4740173988802,branch,branch,0.4200790899676231,0.7917208110816285
77245,ascending_neuron,AN06B051,AN06B051(77245)_L,L,BA,T2,,gaba,4.0,0.1750081629106995,0.4720458808943854,0.094404362290254,3,10014,7076,2938,5098,274,1697,1648,49,354,82,154.6832204459289,165.0330055559603,branch,branch,0.4809391662552019,0.6647747749290965
77349,ascending_neuron,AN09B035,AN09B035_L,L,BA,T1,,glutamate,6.0,0.0790558590675996,0.3172649460748503,0.07790857781836134,3,5973,4115,1858,2635,159,823,772,51,380,32,221.0796970202616,147.8670010382353,branch,branch,0.3942839377614521,0.9357385952701814
77693,ascending_neuron,AN08B099_g,AN08B099_g_R,R,BA,T1,,acetylcholine,3.0,0.125127425362746,0.3991455700652907,0.3248708480009201,3,2285,312,1973,898,60,554,425,129,176,25,189.5070889663192,193.1220783296087,branch,branch,0.4422457793263746,0.8651957467604227
77796,sensory_ascending,"SApp09,SApp22","SApp09,SApp22_R",,campaniform sensilla,,,acetylcholine,74.0,0.242304,0.5554376964588458,0.2947000331666507,3,789,544,245,470,18,70,43,27,27,4,166.3762820934954,411.5923273816391,branch,branch,0.5216938482144815,1.107869321160783
78114,ascending_neuron,AN04A001,AN04A001_R,R,BA,T1,,acetylcholine,6.0,0.199552,0.5040610058623769,0.006899116593404316,3,24639,22594,2045,11565,585,4591,4548,43,1103,200,191.6717103761391,188.8906892093916,branch,branch,0.4969807771660436,0.7657487312801697
78117,sensory_ascending,SApp,SApp_R,,haltere,,,acetylcholine,148.0,0.3152257996421121,0.6335281790300258,0.08100695504345226,3,1007,713,294,684,15,250,221,29,61,14,178.6345479646743,340.3690325482953,end,branch,0.5571613839137747,0.9315139123017357
78157,ascending_neuron,AN05B050_b,AN05B050_b_R,R,,T2,,gaba,2.0,0.07778990051473095,0.3147144380487963,0.04660524015703409,3,5149,2799,2350,2823,129,555,510,45,288,20,231.1608461285945,180.8390680926228,branch,branch,0.3926959060697096,1.049157650622619
78164,ascending_neuron,ANXXX380,ANXXX380_L,L,BA,A5,,acetylcholine,4.0,0.1765680107091366,0.4741448866855936,0.3227380904465328,3,1930,0,1930,677,63,358,249,109,107,11,352.8632477136065,386.5867492164629,branch,branch,0.4820072556258265,1.534105531191611
78341,ascending_neuron,AN19B046,AN19B046_L,L,BA,T3,,acetylcholine,2.0,0.09977454424824923,0.3564223552119019,0.1215295120999415,3,2824,1368,1456,1311,62,798,731,67,201,34,139.0752816735567,228.384590227895,branch,branch,0.4179078296153734,0.8792844877772401
78445,sensory_ascending,SApp08,SApp08_R,,campaniform sensilla,,,acetylcholine,39.0,0.7327784026320593,0.965920514203422,0.3852720996006555,3,2111,1335,776,1093,58,221,155,66,68,13,187.1114318937014,339.3555688872179,branch,branch,0.6879687870533638,0.7652483814503095
78620,ascending_neuron,AN17A013,AN17A013_R,R,BA,T2,,acetylcholine,4.0,0.2035365403442419,0.5090685336620921,0.08240808089491151,3,10500,8873,1627,4870,260,10892,10867,25,1611,439,218.6995435236898,178.6696226366907,branch,branch,0.4994432715478557,0.7956242256079835
78630,ascending_neuron,AN07B046_c,AN07B046_c_L,L,BA,T2,,acetylcholine,2.0,0.1426329553550899,0.4261524599724205,0.1354185422529387,3,10458,7943,2515,5000,241,2083,2032,51,468,104,181.8777641828279,223.6389306855978,branch,branch,0.4569624770005585,0.8874179287765239
78641,descending_neuron,DNpe057,DNpe057(PS226)_L,L,nt,,,acetylcholine,4.0,0.05634588392764862,0.2678466120744104,0.03211365613441985,3,1474,1216,258,865,29,379,13,366,106,27,179.4735934068999,181.9639856135832,branch,branch,0.3622772969928713,0.9976821126265476
78845,sensory_ascending,SApp08,SApp08_L,,campaniform sensilla,,,acetylcholine,39.0,0.5121575669023678,0.8075266356693378,0.08634329361061684,3,1385,1111,274,861,32,165,142,23,73,9,198.3474193960514,321.553902201235,end,branch,0.6290374006988579,0.8265030362577459
79044,ascending_neuron,AN17B012,AN17B012_L,L,BA,T1,,gaba,2.0,1.529293312477719,1.395405575789942,0.3885145958034722,3,16165,3599,12566,8047,346,4547,3975,572,952,213,192.5697488167592,155.6254615461444,branch,branch,0.8268910037828876,0.4210896100815814
79158,ascending_neuron,AN08B098,AN08B098_R,R,BA,T1,,acetylcholine,10.0,0.1235598259446074,0.3966374371302688,0.0609978419260079,3,1656,286,1370,574,58,901,834,67,250,50,188.3323578506165,169.3386134436264,branch,branch,0.4408541076068495,0.8113136865976788
79187,ascending_neuron,AN08B112,AN08B112_R,R,BA,T1,,acetylcholine,4.0,0.1146808264241949,0.3821206134536505,0.05646231012373521,3,2348,246,2102,826,70,297,131,166,104,13,199.2130261495573,154.7481336262829,branch,branch,0.4327113363343844,0.8180075954892738
79289,ascending_neuron,AN05B071,AN05B071_L,L,BA,T1,,gaba,2.0,0.07970276692083089,0.3185603783718426,0.1715529945144197,3,5016,2996,2020,2328,148,473,432,41,216,22,198.987114695611,202.1095798004015,branch,branch,0.3950880729688038,1.015208309079184
79403,ascending_neuron,AN07B069_b,AN07B069_b_R,R,,T1,,acetylcholine,10.0,0.2017421612263622,0.5068195906964738,0.176091062428976,3,1663,321,1342,951,34,205,181,24,89,10,159.7963139150908,177.9286587683867,branch,branch,0.4983388399886889,0.6777014865851978
79510,sensory_ascending,"SApp06,SApp15","SApp06,SApp15_R",,campaniform sensilla,,,acetylcholine,37.0,0.509340664485196,0.8053028472346514,0.4008818649613691,3,2737,1885,852,1324,69,341,268,73,62,14,154.8047164734013,256.8327811446928,branch,branch,0.6281706735792265,0.655295630521308
79556,ascending_neuron,AN17A015,AN17A015_R,R,BA,T3,,acetylcholine,8.0,0.242816,0.556024220060973,0.3954750791192909,3,16566,14422,2144,7964,354,6704,6657,47,1297,288,222.3775146843641,168.1867531639264,branch,branch,0.5219692211518575,0.7482515290583829
79634,ascending_neuron,ANXXX037,ANXXX037_R,R,IA,A1,,acetylcholine,2.0,0.145038528863888,0.4297310675989282,0.1285034410041877,3,14953,12748,2205,6882,297,4333,4298,35,610,150,203.3723097963021,163.0912475858915,branch,branch,0.4588771329271865,0.7986093249940679
79892,descending_neuron,DNg18_a,DNg18_a_L,L,ut,LB,,gaba,3.0,0.1598403833338986,0.4511264755103018,0.6839181727824538,3,1234,383,851,611,28,516,12,504,100,28,163.8866991911638,220.2206818136257,branch,branch,0.470161645607176,0.8169687693447337
79897,ascending_neuron,ANXXX202,ANXXX202_R,R,BA,A1,,glutamate,8.0,0.1733232605094581,0.4697680590494381,0.5220158631488413,3,3673,2978,695,1341,113,1126,1073,53,220,56,185.2873394997707,173.4377632678168,branch,branch,0.4797773951888779,0.7476907131616013
79943,descending_neuron,DNg05_b,DNg05_b_L,L,ut,LB,,acetylcholine,4.0,0.147072,0.432733042791153,0.1332940318421881,3,1171,1145,26,716,24,832,107,725,153,46,206.3484651026688,183.2756320735231,branch,branch,0.4604771340334555,0.8461312590342088
80046,ascending_neuron,AN08B099_h,AN08B099_h_R,R,IA,T1,,acetylcholine,2.0,0.3618753608941823,0.6787886414457607,0.3853817738379387,3,2096,566,1530,816,50,1130,876,254,233,56,222.9265344447853,200.4186260420655,branch,branch,0.5767204125990536,0.7340561409626538
80212,ascending_neuron,AN08B005,AN08B005_L,L,BA,T3,,acetylcholine,2.0,0.09844827234895288,0.354045524566466,0.1943469544240174,3,15876,13701,2175,7694,413,4321,4255,66,1076,217,192.0379180973355,151.1058013882697,branch,branch,0.4165120730994101,0.8238505955713464
80279,sensory_ascending,"SApp06,SApp15","SApp06,SApp15_R",,campaniform sensilla,,,acetylcholine,37.0,0.3060221870267941,0.6242111422338231,0.3189160378180106,3,888,640,248,590,15,127,100,27,43,6,180.1100959353234,413.3057794094627,end,branch,0.5530492380381455,1.072989228680316
80346,ascending_neuron,AN08B094,AN08B094_L,L,BA,T1,,acetylcholine,3.0,0.1264260745693217,0.4012115123314596,0.1243246275087469,3,2728,910,1818,1424,66,918,829,89,279,43,197.6954613225547,155.409867936765,branch,branch,0.443388814746623,0.79637852267677
80418,sensory_ascending,SApp10,SApp10_L,,campaniform sensilla,,,acetylcholine,37.0,0.3852402489872668,0.7003592786807413,0.2074876918387439,3,3333,2258,1075,1592,82,177,110,67,60,7,239.2547932126119,268.4824402369018,branch,branch,0.585812296348893,0.86672341399116
80419,ascending_neuron,AN08B101,AN08B101_L,L,BA,T1,,acetylcholine,6.0,0.2611368561226284,0.5766192606938717,0.2287482205265443,3,2203,658,1545,860,59,1208,958,250,261,52,252.9872474136531,194.9363079737324,branch,branch,0.5315481518545588,0.842677288641849
80724,ascending_neuron,AN08B101,AN08B101_L,L,IA,T1,,acetylcholine,6.0,0.193342217917041,0.4961561825864714,0.2570476117350577,3,1790,408,1382,750,48,803,670,133,189,39,198.0063411597119,200.1448453229663,branch,branch,0.4930684835470332,0.8074967266584561
80727,ascending_neuron,AN01A021,AN01A021_L,L,BA,A2,,acetylcholine,2.0,0.074546894492503,0.3080844916659304,0.09596477087003881,3,10560,7999,2561,3951,331,6057,5946,111,1414,268,236.3632419287438,143.0108816754167,branch,branch,0.3885375154554652,0.9764156832048432
80766,sensory_ascending,SApp,SApp_R,,haltere,,,acetylcholine,148.0,0.289024,0.6066273866036183,0.3497750021095711,3,939,698,241,645,19,81,50,31,34,4,131.4415478202013,444.7399864693848,branch,branch,0.5452040163422982,1.056818213033557
81109,ascending_neuron,AN17A013,AN17A013_L,L,BA,T2,,acetylcholine,4.0,0.1763650357009322,0.4738722800112449,0.06223826676235373,3,10324,8895,1429,4646,266,9592,9559,33,1639,388,186.029125879267,180.1087962649729,branch,branch,0.481868672156128,0.7598292715439473
81230,ascending_neuron,AN06B031,AN06B031_R,R,CA,T2,,gaba,2.0,0.138982713151835,0.4206641016529699,0.1619652817078298,3,8436,7184,1252,4065,166,2374,2328,46,413,94,163.1216355442467,225.170531138423,branch,branch,0.4540103631085476,0.8552495674858294
81283,sensory_ascending,"SApp09,SApp22","SApp09,SApp22_R",,campaniform sensilla,,,acetylcholine,74.0,0.3404789770924292,0.6584157484333576,0.2381665616398821,3,1611,1006,605,854,43,322,241,81,67,15,157.7373096296165,239.6517783779434,branch,branch,0.5679997506446153,0.6996289832109404
81442,sensory_ascending,LgAG6,LgAG6_L,,leg bristle,,,acetylcholine,4.0,0.06586317149491398,0.2895852111020144,0.1858800860816904,3,2849,43,2806,1472,45,282,7,275,58,10,325.5435962103168,174.9907610107312,branch,end,0.376691854756626,1.328763420022539
81566,ascending_neuron,AN19B060,AN19B060_L,L,BA,T3,,acetylcholine,4.0,0.1019782617327497,0.3603370027370067,0.03539438189870888,3,2568,1248,1320,1187,66,681,643,38,151,34,157.08527102615,258.1571873697546,branch,branch,0.4201965389447339,0.9882100872099738
81588,ascending_neuron,AN10B045,AN10B045_R,R,BA,T1,,acetylcholine,28.0,0.05855936739254534,0.2730569579389318,0.04913092458478217,3,2015,413,1602,940,49,341,256,85,145,15,240.9285616228824,185.7453643111622,branch,branch,0.3657839654633272,1.16646426913107
81707,ascending_neuron,AN19B060,AN19B060_L,L,BA,T3,,acetylcholine,4.0,0.06702734431156988,0.2921333006626773,0.03463874793189475,3,2174,824,1350,911,68,582,540,42,128,33,142.6239460385458,228.2345760027178,branch,branch,0.3783454999398194,0.9802112674797332
82131,ascending_neuron,AN10B045,AN10B045_L,L,BA,T2,,acetylcholine,28.0,0.05311079530567436,0.2600437748447735,0.482841416187217,3,1431,194,1237,621,35,409,323,86,153,30,414.9295865694191,261.022949171171,branch,branch,0.3569614120236793,1.893629151421415
82353,sensory_ascending,SApp20,SApp20_R,,campaniform sensilla,,,acetylcholine,2.0,0.3165786366773504,0.6348861624227985,0.192946928471657,3,1217,710,507,622,31,319,197,122,76,16,216.8406831685848,253.430489982037,branch,branch,0.5577582088926807,0.8431452296941585
82411,descending_neuron,DNg06,DNg06_R,R,ut,LB,,acetylcholine,12.0,0.09864222733263146,0.354394109178838,0.6083005614579412,3,863,843,20,544,16,431,53,378,137,24,189.5736017895406,288.7313013756807,branch,branch,0.4167170664823204,1.147792931071408
82508,ascending_neuron,ANXXX169,ANXXX169_R,R,BA,A5,,glutamate,10.0,0.09589764478634975,0.3494290680366279,0.5390961281932815,3,3113,1613,1500,1529,82,1112,1043,69,293,58,177.0780644657121,169.6139400549452,branch,branch,0.4137876790552706,0.8378499942584051
82770,sensory_ascending,"SApp09,SApp22","SApp09,SApp22_L",,campaniform sensilla,,,acetylcholine,74.0,0.5818352155168114,0.860706456880341,0.3094365488249223,3,1063,778,285,780,14,178,143,35,56,10,156.61444090871,366.7385282658192,branch,branch,0.6494198671671256,0.8058776696461094
82781,sensory_ascending,"SApp09,SApp22","SApp09,SApp22_R",,campaniform sensilla,,,acetylcholine,74.0,0.6960753665674156,0.9414195041689214,0.1850886431194246,3,783,534,249,514,15,69,48,21,32,5,170.8993589788035,424.6480987393521,end,branch,0.6791874240905609,0.8768528930222758
82791,ascending_neuron,AN17A013,AN17A013_R,R,BA,T1,,acetylcholine,4.0,0.250368,0.5646046743839916,0.1196271065455938,3,10615,8721,1894,5131,228,4396,4344,52,1297,186,225.9071908219682,171.0145894040878,branch,branch,0.5259812643508852,0.7546310241979782
82880,ascending_neuron,AN04A001,AN04A001_R,R,BA,T2,,acetylcholine,6.0,0.2592,0.574476883778063,0.05806239143954272,3,19578,18245,1333,9524,402,5417,5383,34,923,191,196.8136154901388,194.5920309737613,branch,branch,0.5305597733066942,0.7377220553764919
82900,ascending_neuron,AN08B097,AN08B097_L,L,BA,T1,,acetylcholine,5.0,0.2290338710236997,0.5400138717395576,0.09431940678319614,3,2770,770,2000,1051,103,686,634,52,258,41,187.8221753432747,199.288322319008,branch,branch,0.5143994529083242,0.752548424135422
82912,ascending_neuron,IN17A051,IN17A051_L,L,II,T3,,acetylcholine,1.0,0.09864066678116326,0.3543913058538841,0.3496552421573227,3,5316,3626,1690,2557,130,612,547,65,210,29,172.2135941688167,174.3060918514102,branch,branch,0.4167154183233483,0.8315499517979118
82990,sensory_ascending,"SApp09,SApp22","SApp09,SApp22_R",,campaniform sensilla,,,acetylcholine,74.0,0.1503363199388758,0.4375090256853383,0.1450159661594279,3,1354,918,436,729,45,196,135,61,46,13,204.8086877192391,391.6174144483052,end,branch,0.4630112553554349,1.288146012151891
83137,sensory_ascending,"SApp09,SApp22","SApp09,SApp22_L",,campaniform sensilla,,,acetylcholine,74.0,0.4353676610728447,0.7445316128794004,0.01241722603084044,3,996,746,250,729,15,194,145,49,52,11,157.7732384479373,368.7574421912773,branch,branch,0.6040037171333519,0.8717341726606744
83255,sensory_ascending,SApp13,SApp13_L,,campaniform sensilla,,,acetylcholine,8.0,0.2029189617304845,0.5082956289914895,0.2791227892592754,3,3194,2208,986,1285,88,156,109,47,59,8,262.6966358362564,269.3130802494164,branch,branch,0.4990639820762763,1.066015050559912
83621,ascending_neuron,AN06A030,AN06A030_R,R,BA,A1,,glutamate,2.0,0.3337323836150631,0.6518598531720017,0.4334417715719489,3,3056,1837,1219,1507,94,1281,1234,47,200,50,183.0260582811308,234.8355615998435,branch,branch,0.5651648680290388,0.7393623410071982
83661,descending_neuron,DNge046,DNge046_R,R,fl,LB,,gaba,4.0,0.2014484930360705,0.5064505776093369,0.3504667896116246,3,8611,964,7647,4229,137,6871,55,6816,844,272,188.60058847644,188.3002727487574,branch,branch,0.4981573878088882,0.7565899260933787
83880,ascending_neuron,ANXXX202,ANXXX202_L,L,BA,A1,,glutamate,8.0,0.1372704416264358,0.4180647732134793,0.5600388157018112,3,4326,3492,834,1487,145,1195,1143,52,244,56,190.4701084885519,228.9626925015151,branch,branch,0.4526055002699424,0.9267072555236502
84268,ascending_neuron,AN19B051,AN19B051_L,L,BA,A2,,acetylcholine,4.0,0.05620370898542593,0.2675084762040846,0.0665425007557787,3,3959,2266,1693,2308,84,503,448,55,217,25,198.7603187509397,133.4428527541135,branch,branch,0.3620485510812071,0.9175652561320167
84378,ascending_neuron,AN08B103,AN08B103_L,L,IA,T1,,acetylcholine,2.0,0.1579400682953425,0.4484367744195411,0.4646488140897495,3,3256,672,2584,1323,124,504,468,36,219,23,189.7871906340895,190.8497999617449,branch,branch,0.4687579540291291,0.8120118012380035
84503,ascending_neuron,AN16B112,AN16B112_L,L,IA,T1,,glutamate,4.0,0.2092023083830706,0.5161052720939847,0.1352674306950252,3,1328,501,827,684,36,555,318,237,140,31,150.9739996705629,147.6981193955751,branch,branch,0.5028832700797,0.5939193781865175
84556,sensory_ascending,SApp,SApp_L,,haltere,,,acetylcholine,148.0,1.123090304737522,1.195810598841003,0.2126244782628147,3,1260,999,261,785,26,227,197,30,84,11,168.2789535010552,376.9970844199129,branch,branch,0.7654718763168842,0.712339740742139
84623,ascending_neuron,AN07B071_a,AN07B071_a_L,L,BA,T1,,acetylcholine,2.0,0.1470356644155488,0.4326795840114085,0.5202113709262435,3,1874,1048,826,828,44,558,545,13,150,29,199.1542140160737,164.9711169376806,branch,branch,0.4604486900465568,0.7908054443958499
84693,sensory_ascending,LgAG7,LgAG7_R,,leg bristle,,,acetylcholine,5.0,0.06962833718203787,0.2977474640266887,0.1549630182796234,3,5010,589,4421,1663,165,215,15,200,37,8,315.2166773034524,248.5821920365717,branch,end,0.3819636859350342,1.47605358860192
84817,ascending_neuron,AN05B067,AN05B067_L,L,CA,T1,,gaba,1.0,0.06102601050488867,0.278748506421555,0.0224843215682009,3,5021,3036,1985,2351,128,488,443,45,218,26,200.2817874034211,5.706887357410295,branch,end,0.3695764713108262,0.5573641472094366
85089,sensory_ascending,LgAG7,LgAG7_R,,leg bristle,,,acetylcholine,5.0,0.06921136815960974,0.2968545955279103,0.05592954027532036,3,5187,99,5088,1787,151,187,14,173,35,7,314.9438503243699,329.5601886970921,branch,end,0.3813905502351573,1.689879412649513
85165,ascending_neuron,AN17A015,AN17A015_L,L,BA,T3,,acetylcholine,8.0,0.09201875589361636,0.3422892327565741,0.1354066626583047,3,15993,14060,1933,7736,360,6780,6747,33,1295,269,230.6431906890274,172.6154096943377,branch,branch,0.4095384280512896,0.9846660844556009
85220,ascending_neuron,AN05B062,AN05B062_L,L,BA,T3,,gaba,4.0,0.08595146384742403,0.330812337584944,0.1332346059361102,3,3177,943,2234,1545,89,796,725,71,326,35,193.1608669859127,170.9149363331612,branch,branch,0.4026140154249757,0.9042800036028971
85298,ascending_neuron,AN06B045,AN06B045_L,L,BA,A1,,gaba,2.0,0.1246661805160967,0.3984092254506496,0.2944799455300868,3,5546,3295,2251,2980,125,932,883,49,200,47,174.448445157266,198.4037488318485,branch,branch,0.4418376630288756,0.8438669339167388
85496,sensory_ascending,SApp19,SApp19_R,,campaniform sensilla,,,acetylcholine,9.0,0.1121065029486366,0.377807401695855,0.1687416258915121,3,3264,2151,1113,1754,77,145,75,70,58,6,222.2229151196402,274.325707337293,branch,branch,0.4302622767928522,1.154060323759209
85508,ascending_neuron,AN10B045,AN10B045_R,R,BA,T1,,acetylcholine,28.0,0.07464357755143083,0.3082842109141946,0.02926250827806665,3,1657,189,1468,715,55,390,312,78,180,22,247.2207603843854,182.9303938933207,branch,branch,0.3886634319664706,1.106744599308778
85530,ascending_neuron,AN09B040,AN09B040_R,R,BA,T3,,glutamate,6.0,0.07131961450646372,0.3013419212537432,0.06770854381761522,3,5385,3933,1452,2498,115,799,741,58,295,38,275.9479342039651,221.2245170266198,branch,branch,0.384262334108268,1.293836025808618
85538,ascending_neuron,AN05B049_b,AN05B049_b_R,R,BA,T2,,gaba,2.0,0.1267675327807515,0.4017529535983075,0.3858267105673797,3,3783,3072,711,1625,71,914,854,60,426,51,195.8196724906495,169.9330636398459,branch,branch,0.4436878939786059,0.8243468913491058
85566,sensory_ascending,"SApp06,SApp15","SApp06,SApp15_R",,campaniform sensilla,,,acetylcholine,37.0,0.1111809996248871,0.3762446615509536,0.1505622265010232,3,1649,1019,630,900,49,223,159,64,45,12,196.567661514086,254.4168485102125,branch,branch,0.4293714990075229,1.050336389505902
85602,sensory_ascending,SApp04,SApp04_L,,campaniform sensilla,,,acetylcholine,9.0,0.2179259079424743,0.5267560002645181,0.1214153536018649,3,5009,3489,1520,2204,140,227,170,57,73,11,228.8068293109074,269.2204905314351,branch,branch,0.5080457067327839,0.9802805402000753
85686,ascending_neuron,AN06B051,AN06B051(77245)_R,R,BA,T2,,gaba,4.0,0.1840803411185532,0.4841263984957649,0.2228552126671292,3,10570,7728,2842,5177,255,1559,1498,61,356,77,144.5590009447793,170.1545366166214,branch,branch,0.4870543452869759,0.6461569239793337
85758,ascending_neuron,AN10B045,AN10B045_L,L,BA,T1,,acetylcholine,28.0,0.07883210461838981,0.3168156451232063,0.2316070147224098,3,1840,333,1507,789,48,369,302,67,179,15,332.1280339176258,184.1651230864179,branch,branch,0.3940046523968608,1.310373250323978
85781,ascending_neuron,AN06B068,AN06B068_L,L,BA,T2,,gaba,6.0,0.05424496290377868,0.262805692236266,0.1684773271459867,3,2375,1152,1223,845,73,343,302,41,135,16,136.0883906578576,186.9927750741281,branch,branch,0.3588520435998245,0.9003185894972112
86060,sensory_ascending,SApp23,SApp23_R,,chordotonal organ,,,acetylcholine,22.0,0.07511188754619103,0.3092497785019595,0.1253614446425342,3,1049,499,550,310,43,104,21,83,34,4,387.3015892599071,461.1928723293258,end,branch,0.3892716165686372,2.17969773668208
86299,ascending_neuron,AN06B068,AN06B068_R,R,BA,T2,,gaba,6.0,0.0536827232092582,0.2614401768265537,0.1973344274051482,3,2546,1268,1278,849,82,419,383,36,157,27,141.1506445897582,177.1148501350082,branch,branch,0.3579185475007006,0.8892120761753576
86590,ascending_neuron,,,L,,T3,,gaba,,0.2495505048128771,0.5636821543533002,0.5002097553285922,3,3248,1398,1850,1566,97,858,744,114,306,44,275.2363674971104,165.6551558583035,branch,branch,0.5255513824861628,0.838912308192857
86646,ascending_neuron,AN05B015,AN05B015_R,R,BA,A1,,gaba,2.0,0.08310570901665229,0.3252898324775235,0.1596466034349532,3,8390,6605,1785,3549,193,2014,1943,71,549,86,189.6984821450767,154.4383607978047,branch,branch,0.3992392990600831,0.861981382476806
86887,ascending_neuron,AN05B054_a,AN05B054_a_R,R,BA,T2,,gaba,2.0,0.0967320199403961,0.3509459118300463,0.1094454917397278,3,4638,3386,1252,1898,129,1366,1257,109,544,55,231.5136381314144,187.4503399548183,branch,branch,0.4146848162119306,1.010319070549511
86945,sensory_ascending,"SApp09,SApp22","SApp09,SApp22_R",,campaniform sensilla,,,acetylcholine,74.0,0.4733988485004205,0.7763698437876279,0.1679249856584134,3,1051,589,462,622,26,126,93,33,44,4,160.845878266077,370.4767527825979,branch,branch,0.6167829630071971,0.8614418084088276
87028,ascending_neuron,AN06B068,AN06B068_L,L,BA,T2,,gaba,6.0,0.06857044979542029,0.2954769166615326,0.07152011139449216,3,1880,988,892,533,67,344,312,32,142,16,138.8335383097152,177.1204770353816,branch,branch,0.380504519242743,0.8303554869043064
87309,ascending_neuron,ANXXX171,ANXXX171_R,R,IA,T2,,acetylcholine,2.0,0.07857862518231781,0.3163058851065679,0.6673811709715877,3,5952,3965,1987,2172,166,1037,992,45,144,26,150.8893968606752,174.6336261704669,branch,branch,0.3936875457799221,0.8268562887511683
87419,ascending_neuron,AN07B072_f,AN07B072_f_R,R,,T3,,acetylcholine,2.0,0.507499011455242,0.8038456383527981,0.3289861485486279,3,1407,403,1004,688,42,406,382,24,109,17,249.6329749834982,207.6285067795162,branch,branch,0.6276020736046616,0.7285850397796042
87481,sensory_ascending,SApp08,SApp08_L,,campaniform sensilla,,,acetylcholine,39.0,0.4320301968364235,0.7416723880068953,0.08657468186699584,3,1519,1079,440,926,33,188,153,35,74,6,210.2349961797177,324.0639432249187,end,branch,0.6028428237305132,0.8862989130372101
87499,ascending_neuron,AN09B023,AN09B023_L,L,BA,A7,,acetylcholine,8.0,0.1332227623255045,0.4118549371461828,0.03105518531247243,3,6626,6069,557,3029,130,3205,3159,46,664,158,323.1354547320138,276.3027116861381,branch,branch,0.4492314761919844,1.334363681502083
87645,ascending_neuron,AN09B032,AN09B032_L,L,BA,T3,,glutamate,4.0,0.053504,0.2610046141383522,0.2558821431858987,3,7918,6289,1629,3255,187,3293,2993,300,1036,188,230.732271836376,206.7574433228389,branch,branch,0.3576202747717089,1.22333588451743
87710,sensory_ascending,LgAG2,LgAG2_L,,leg bristle,,,acetylcholine,11.0,0.05222400000000001,0.2578636499862847,0.07392246297900666,3,2683,536,2147,1238,49,450,141,309,70,15,321.7016637948686,262.9131148045374,branch,branch,0.3554619367714066,1.644662108999212
88070,ascending_neuron,AN04B004,AN04B004_R,R,IA,T1,,acetylcholine,4.0,0.1055336531675263,0.366564619832929,0.1722492356126672,3,10686,8474,2212,5162,246,1095,1045,50,381,47,200.0103211669323,141.0574419681507,branch,branch,0.4238120617893446,0.8047618128070418
88089,sensory_ascending,SAxx01,SAxx01_R,,abdomen,,,acetylcholine,13.0,0.07323327119538427,0.3053579815172313,0.6599306271578634,3,2077,1057,1020,906,54,98,59,39,53,4,297.1385191760451,167.7763191785195,branch,branch,0.3868144399365713,1.20190662590259
88111,sensory_ascending,SApp10,SApp10_R,,campaniform sensilla,,,acetylcholine,37.0,0.4122818285752126,0.7245229656247509,0.2216323950168738,3,2266,1736,530,1370,37,153,100,53,60,7,259.9970849764031,277.9730774124624,branch,branch,0.5958324035801745,0.9028883947169831
88392,ascending_neuron,AN07B042,AN07B042_R,R,BA,T1,,acetylcholine,4.0,0.1077738675020687,0.3704348120691166,0.1276072634133988,3,4401,1983,2418,1769,101,715,619,96,205,32,157.2036986053858,165.1774745980888,branch,branch,0.426043492983835,0.7566860626027831
88408,ascending_neuron,AN08B098,AN08B098_L,L,BA,T1,,acetylcholine,10.0,0.8298232177053264,1.0278928620833,0.4564008709124843,3,1519,298,1221,548,58,930,862,68,251,53,175.1773917804745,187.5744845448113,branch,branch,0.7096953588835261,0.5111374504350111
88461,ascending_neuron,AN07B069_b,AN07B069_b_L,L,,T1,,acetylcholine,10.0,0.2427192873626827,0.5559134779262914,0.2206636070032356,3,1432,570,862,685,37,699,677,22,105,32,158.7361084541098,152.5223542374356,branch,branch,0.5219172388261215,0.5963751329456319
88607,sensory_ascending,LgAG9,LgAG9_L,,leg bristle,,,glutamate,3.0,0.05516425597906156,0.2650232294883494,0.1775828191703615,3,2547,75,2472,1140,55,84,1,83,43,5,250.8286712289589,272.861046527699,branch,end,0.3603628483199831,1.453228933554352
89046,sensory_ascending,"SApp09,SApp22","SApp09,SApp22_L",,campaniform sensilla,,,acetylcholine,74.0,0.5814008810895133,0.8603851423328011,0.01706421255542237,3,1139,924,215,783,16,162,144,18,56,7,180.8096993995258,368.3234373863126,end,branch,0.6492986367944049,0.8457327732842859
89217,ascending_neuron,AN01B011,AN01B011_L,L,IA,T2,,gaba,6.0,0.10916090957477,0.3728109263552457,0.04865432177649892,3,3683,1302,2381,1721,101,271,245,26,129,11,328.9669019500955,175.6186361503607,branch,branch,0.427407713915028,1.180571902828997
89347,sensory_ascending,"SApp09,SApp22","SApp09,SApp22_L",,campaniform sensilla,,,acetylcholine,74.0,0.8625517886974134,1.047967101941466,0.1150610448487821,3,1011,792,219,750,12,240,192,48,60,12,177.7602102180503,198.1408341930932,end,branch,0.7165918503243797,0.5245678474308413
89412,sensory_ascending,SAxx01,SAxx01_L,,abdomen,,,acetylcholine,13.0,0.1471655717659819,0.4328706799911593,0.5312226907413714,3,2162,709,1453,979,51,109,44,65,54,6,208.4453730271568,199.4460889349403,branch,branch,0.460550359022407,0.8856609358158204
89420,ascending_neuron,AN08B100,AN08B100(89420)_R,R,BA,T2,,acetylcholine,10.0,0.0598545069928514,0.276060002959367,0.1073016822007012,3,2739,759,1980,1403,61,649,576,73,195,34,168.1673284985821,166.4012420247298,branch,branch,0.3677898876397906,0.9096731089327412
90051,ascending_neuron,AN07B003,AN07B003_L,L,BA,T2,,acetylcholine,2.0,0.239104,0.5517577984082839,0.1001447975303465,3,17990,16525,1465,8501,375,6291,6277,14,999,241,239.7500774326514,162.1277347470431,branch,branch,0.5199628075353651,0.7728972271778513
90118,ascending_neuron,AN08B100,AN08B100(90118)_L,L,BA,T2,,acetylcholine,10.0,0.05760360455103365,0.270819473512638,0.06320309635061121,3,2405,683,1722,1301,51,752,667,85,206,33,219.7396814695681,168.3602882197002,branch,branch,0.3642822285278169,1.065382660190992
90235,descending_neuron,DNp17,DNp17(DNp16/17)_R,R,ut,,,acetylcholine,12.0,0.1046977774383908,0.3651100525601015,0.07129374398921089,3,1876,1780,96,1056,42,489,72,417,78,26,383.9860265980282,224.7418214305144,branch,branch,0.4229703603734542,1.439173769743765
90390,ascending_neuron,IN06B027,IN06B027_L,L,BI,T3,,gaba,1.0,0.1391104622774876,0.4208573887412295,0.1977337007701565,3,6870,5411,1459,2906,165,2280,2271,9,588,119,175.2297634094655,150.3140565239459,branch,branch,0.4541146556578002,0.716875828334257
90534,ascending_neuron,AN08B099_c,AN08B099_c_R,R,,T1,,acetylcholine,2.0,0.1244904738333478,0.3981283640076858,0.1879074544593241,3,1988,544,1444,659,50,1059,818,241,244,43,180.7463227524622,205.1546436503866,branch,branch,0.4416818972561203,0.8737079078861919
90669,ascending_neuron,AN10B045,AN10B045_L,L,,T1,,acetylcholine,28.0,0.07932019363961092,0.3177949138013432,0.4217921395635723,3,1908,172,1736,766,55,397,301,96,170,20,236.130095622018,178.6441556505462,branch,branch,0.3946131114935972,1.051090901928367
90679,sensory_ascending,"SApp06,SApp15","SApp06,SApp15_R",,campaniform sensilla,,,acetylcholine,37.0,0.4759502483654343,0.7784591688363579,0.2963642860789135,3,589,479,110,364,15,125,100,25,42,7,157.310692502783,442.9186783140264,end,branch,0.6176123320739437,0.9718545755089406
90683,ascending_neuron,AN17A015,AN17A015_R,R,BA,T1,,acetylcholine,8.0,0.112128,0.3778436233047534,0.1550596428558753,3,15027,13209,1818,9021,266,3606,3564,42,1096,150,224.9652442120154,162.1746633001221,branch,branch,0.4302829016116363,0.8997334220395335
90710,ascending_neuron,AN19B059,AN19B059_R,R,BA,T3,,acetylcholine,7.0,0.09578011074403558,0.3492148688106211,0.2760663556594418,3,2525,1197,1328,1108,73,617,594,23,154,39,177.4876770865654,270.5572304970781,branch,branch,0.4136608341591023,1.083121413934287
90711,ascending_neuron,AN07B072_b,AN07B072_b_L,L,,T3,,acetylcholine,3.0,0.06426773797814558,0.2860563326417592,0.07652863544411748,3,1575,380,1195,632,56,411,384,27,120,23,252.794858716999,185.0078542580848,branch,branch,0.3743896406078326,1.16937720890006
90756,ascending_neuron,AN19B093,AN19B093_L,L,BA,T3,,acetylcholine,5.0,0.1230627184732924,0.395838754599403,0.297709390467952,3,3187,1363,1824,1553,76,815,779,36,194,38,165.3104032761088,243.3476189810676,branch,branch,0.4404100245835776,0.9279035431665668
90840,sensory_ascending,SApp08,SApp08_R,,campaniform sensilla,,,acetylcholine,39.0,0.150610020123864,0.4379071059654802,0.08952688751008923,3,2712,1668,1044,1351,69,242,160,82,40,13,143.8817007378063,267.4376117869651,branch,branch,0.4632218495743538,0.8879531760056768
90850,ascending_neuron,AN10B045,AN10B045_L,L,BA,T2,,acetylcholine,28.0,0.052100776514541,0.2575592533179941,0.257841383654087,3,1703,202,1501,747,47,422,348,74,158,23,419.5803333055917,389.5168874959138,branch,branch,0.3552520712477509,2.277529918290738
90949,ascending_neuron,AN08B106,AN08B106_R,R,,T1,,acetylcholine,4.0,0.113792,0.380636932357468,0.5525160381754105,3,1685,282,1403,533,59,244,109,135,76,11,230.9897859722672,160.9105817728142,branch,branch,0.4318704630501596,0.9074488794098523
91157,sensory_ascending,SApp13,SApp13_L,,campaniform sensilla,,,acetylcholine,8.0,0.1212395661944977,0.3928956732586539,0.3254142895706696,3,3366,2353,1013,1338,102,128,90,38,64,7,285.7933486014749,270.6421379775751,end,branch,0.4387697344812429,1.268171988291132
91194,ascending_neuron,AN16B112,AN16B112_L,L,,T1,,glutamate,4.0,0.2434714240162355,0.5567741418838105,0.1536596813748186,3,1271,522,749,774,21,569,271,298,160,48,145.2067170113806,141.9304967106931,branch,branch,0.5223210981025629,0.5497331330577259
91201,descending_neuron,DNge071,DNge071_R,R,nt,LB,,gaba,10.0,0.028416,0.190211395303211,0.4284863204117795,3,1087,349,738,415,21,162,4,158,78,9,0.5120000000000005,236.5834107269211,end,branch,0.3052926197905435,0.7766169090153194
91221,sensory_ascending,LgAG2,LgAG2_R,,leg bristle,,,acetylcholine,11.0,0.06605514561657924,0.2900069370416305,0.1534458541715145,3,2103,66,2037,1016,31,360,17,343,44,10,311.7377874963396,182.8460784085674,branch,end,0.3769660450894735,1.312011711260405
91302,sensory_ascending,LgAG2,LgAG2_L,,leg bristle,,,acetylcholine,11.0,0.05380400006245269,0.2617353253660039,0.5388778666074177,3,2439,718,1721,1162,47,517,203,314,66,16,324.1621524276224,410.6689481456389,branch,branch,0.3581205236081031,2.051910047404596
91413,ascending_neuron,AN07B082_d,AN07B082_d_L,L,BA,T1,,acetylcholine,2.0,0.1880091168708413,0.489265410969026,0.145469288154415,3,3327,1449,1878,1462,85,506,480,26,172,31,165.7034447715769,187.3785384397515,branch,branch,0.4896325677228004,0.7211162134362383
91500,sensory_ascending,"SApp06,SApp15","SApp06,SApp15_R",,campaniform sensilla,,,acetylcholine,37.0,0.1381436969390107,0.4193924388906628,0.02906961990650737,3,991,714,277,621,16,157,127,30,39,9,141.122656760196,254.8326667690657,branch,branch,0.4533236096393224,0.8734495956305812
91538,ascending_neuron,AN19B059,AN19B059_L,L,BA,T3,,acetylcholine,7.0,0.09413431406763581,0.3462015759459126,0.1208051017082382,3,3017,1607,1410,1453,69,1054,1021,33,267,55,164.4048781853156,270.4840747338446,branch,branch,0.4118722765779425,1.055883043482442
91673,sensory_ascending,LgAG1,LgAG1_L,,leg bristle,,,acetylcholine,25.0,0.06327653528471548,0.2838418344401149,0.0176898755019457,3,3410,957,2453,985,89,604,130,474,35,18,324.1366514237696,331.7818348918172,branch,end,0.3729376608438149,1.758788546137965
91740,ascending_neuron,AN09B035,AN09B035_L,L,BA,T3,,glutamate,6.0,0.1003690184357322,0.3574825916581489,0.5856737817682539,3,7176,5512,1664,3215,217,2118,1998,120,823,100,224.60045695394,164.6270183612972,branch,branch,0.4185289355737462,0.9299894039145927
92001,ascending_neuron,AN08B100,AN08B100(92001)_R,R,BA,T3,,acetylcholine,10.0,0.074409246107997,0.3077999263135597,0.1367237324205977,3,3316,1271,2045,1624,78,669,618,51,181,31,170.4856188046194,165.8079709815068,branch,branch,0.3883580357011353,0.8659369933700155
92052,ascending_neuron,AN07B072_a,AN07B072_a_R,R,,T3,,acetylcholine,3.0,0.07705523059935968,0.3132247862602698,0.5364486153138492,3,1984,690,1294,797,67,327,308,19,99,19,241.0431367875071,166.2927029330376,branch,branch,0.3917654212249113,1.039744238904368
92534,ascending_neuron,AN08B100,AN08B100(90118)_R,R,BA,T2,,acetylcholine,10.0,0.092416,0.3430272667970358,0.174684732609589,3,2943,1103,1840,1523,68,601,506,95,170,32,223.6459992652698,168.9211143819944,branch,branch,0.4099797077058174,0.9575281563178055
92774,ascending_neuron,AN05B081,AN05B081_L,L,,T1,,gaba,2.0,0.1044919515704396,0.3647509901919873,0.1435345739063752,3,5268,3428,1840,2479,115,694,595,99,275,37,195.0496132303338,193.554098625447,branch,branch,0.4227623270752419,0.9192013738410008
92777,sensory_ascending,LgAG1,LgAG1_L,,leg bristle,,,acetylcholine,25.0,0.07300167144623862,0.3048747528364964,0.07762005124847858,3,3216,1021,2195,967,86,616,100,516,40,16,313.7447177469875,331.5176613566547,branch,end,0.3865082520333598,1.669465983479052
92806,ascending_neuron,AN07B046_c,AN07B046_c_R,R,BA,T2,,acetylcholine,2.0,0.1108391229604949,0.3756657483149951,0.2479185060954487,3,10635,8262,2373,5118,264,1915,1869,46,449,98,205.6120723453553,224.9068610705199,branch,branch,0.4290410431116674,1.003444636190256
92929,sensory_ascending,LgAG2,LgAG2_L,,leg bristle,,,acetylcholine,11.0,0.0686929271755101,0.2957406825640871,0.1094761386418012,3,2230,355,1875,1031,33,406,109,297,64,12,326.9446020189519,273.4406942319572,branch,branch,0.3806743154671756,1.577162608184104
92936,descending_neuron,DNge083,DNge083_L,L,xl,,,glutamate,2.0,0.4821970152371071,0.7835510884129692,0.2872665169153823,3,19040,15715,3325,7225,583,2718,194,2524,606,95,206.9808220878947,129.7079760838621,branch,branch,0.6196289480990658,0.5433716407289728
93001,ascending_neuron,ANXXX202,ANXXX202_R,R,BA,A2,,glutamate,8.0,0.1146767735380034,0.382113861213153,0.3760505010434186,3,4159,3696,463,1424,108,1532,1497,35,291,80,168.6487361409072,167.7577971080321,branch,branch,0.4327075132170055,0.7774455561168623
93068,sensory_ascending,SApp,SApp_L,,haltere,,,acetylcholine,148.0,0.6104600545180965,0.8816245696971153,0.07118984988013974,3,1398,1088,310,922,28,167,136,31,67,6,150.5885446997226,384.0504937213679,branch,branch,0.6572640558798164,0.8134311219946759
93105,ascending_neuron,AN09B040,AN09B040_R,R,BA,T1,,glutamate,6.0,0.08689589053862766,0.3326248398853561,0.05650516826996674,3,4116,2702,1414,2013,104,548,449,99,225,31,191.8111421070445,210.9820782796051,branch,branch,0.4037154586386611,0.9977156231393237
93227,ascending_neuron,AN04A001,AN04A001_R,R,BA,T3,,acetylcholine,6.0,0.1829244748295166,0.4826040561918771,0.1172667778219227,3,16828,15675,1153,8126,422,4286,4264,22,916,141,195.204779220737,218.6230696484559,branch,branch,0.4862879677043426,0.8509933955857105
93294,sensory_ascending,LgAG2,LgAG2_R,,leg bristle,,,acetylcholine,11.0,0.06822608950160633,0.2947340413594699,0.1564464175001604,3,2431,522,1909,1132,45,473,178,295,69,12,312.8811891835596,235.4073820230965,branch,end,0.3800258942047768,1.442766347156362
93388,sensory_ascending,SApp19,SApp19_R,,campaniform sensilla,,,acetylcholine,9.0,0.152901788060922,0.4412262492416795,0.3559036691370658,3,3205,1967,1238,1627,79,75,32,43,30,2,231.2215109262265,280.817823038443,branch,branch,0.464974044574988,1.101221326090797
93756,ascending_neuron,AN08B100,AN08B100(92001)_L,L,BA,T3,,acetylcholine,10.0,0.0599673377934074,0.2763200786607042,0.08432681163241061,3,3207,1028,2179,1563,66,741,685,56,203,39,216.7068161030527,168.868174637691,branch,branch,0.3679630939968641,1.047863215173503
93812,ascending_neuron,AN08B112,AN08B112_R,R,BA,T1,,acetylcholine,4.0,0.2042941321714738,0.5100150662853721,0.3902541489409416,3,1463,18,1445,433,38,218,54,164,72,9,228.5784437051434,157.3339935738642,branch,branch,0.4999073739002379,0.7719678833063598
93833,ascending_neuron,AN08B096,AN08B096_L,L,BA,T1,,acetylcholine,3.0,0.07400304531873149,0.3069586352110611,0.1453176202624713,3,1646,745,901,491,51,370,289,81,123,23,179.5783416225596,145.3291997207553,branch,branch,0.3878269346672816,0.8377642507528632
93838,sensory_ascending,SApp,SApp_R,,haltere,,,acetylcholine,148.0,0.342085144684392,0.659966918775947,0.064410983363641,3,1134,830,304,677,24,120,103,17,39,6,178.4127401408012,331.9309399514286,end,branch,0.5686684360857511,0.8974362699027552
93955,sensory_ascending,SApp08,SApp08_L,,campaniform sensilla,,,acetylcholine,39.0,0.4842282569566888,0.7851996978065108,0.1603911100184787,3,1195,956,239,710,33,255,216,39,70,13,191.2237895669467,323.4797195214354,end,branch,0.6202804623113566,0.8297915868096791
93982,ascending_neuron,AN07B042,AN07B042_L,L,BA,T1,,acetylcholine,4.0,0.09712506114560121,0.3516581701530623,0.4213266569553237,3,3541,1625,1916,1535,68,758,669,89,192,38,167.0790126333086,138.774047076585,branch,branch,0.4151054123653419,0.7368081711271611
94243,ascending_neuron,AN08B100,AN08B100(89420)_L,L,BA,T2,,acetylcholine,10.0,0.07382424653067603,0.3065875895125802,0.1886684136194907,3,2411,707,1704,1273,54,743,630,113,262,41,173.3453658476496,167.4274987591554,branch,branch,0.3875924649179396,0.8792040492297826
94281,sensory_ascending,LgAG1,LgAG1_L,,leg bristle,,,acetylcholine,25.0,0.06573898273474073,0.2893120675819348,0.08856307802869859,3,3350,769,2581,1009,94,645,107,538,33,16,278.6698992835248,334.5083025709801,branch,end,0.3765141605771926,1.628566110009006
94367,sensory_ascending,LgAG2,LgAG2_R,,leg bristle,,,acetylcholine,11.0,0.07034936158400505,0.299285130127823,0.1154840491479396,3,2377,538,1839,1176,39,493,171,322,73,15,310.7371794069921,251.7880167957711,branch,end,0.3829487090494408,1.46893091139821
94382,sensory_ascending,SApp13,SApp13_R,,campaniform sensilla,,,acetylcholine,8.0,0.09505478852699736,0.3478900913636537,0.05675000416732526,3,2625,1817,808,1242,67,112,81,31,52,5,237.5782001424113,272.7825852578593,branch,branch,0.4128754591498389,1.236113152501643
94425,ascending_neuron,AN19B059,AN19B059_L,L,BA,T3,,acetylcholine,7.0,0.1244423430235291,0.3980513938890997,0.4181174484721846,3,2978,1433,1545,1323,80,999,962,37,203,48,167.7604776593357,367.1802839778865,branch,branch,0.4416392000328535,1.211261956813227
94603,sensory_ascending,SApp01,SApp01_R,,campaniform sensilla,,,acetylcholine,18.0,0.2391530853880643,0.5518144303672281,0.185624254016957,3,1386,922,464,864,32,189,153,36,68,10,202.5744180815641,343.182053141613,end,branch,0.5199894911245243,1.049552886238007
94612,ascending_neuron,AN19B060,AN19B060_R,R,BA,T3,,acetylcholine,4.0,0.06923097008375596,0.2968966298748019,0.08811374972245634,3,2470,1090,1380,1099,65,601,544,57,134,31,160.0943507646222,144.0291197029155,branch,branch,0.3814175515608228,0.7973504869480045
94719,sensory_ascending,LgAG1,LgAG1_L,,leg bristle,,,acetylcholine,25.0,0.06959155876622403,0.2976688169777234,0.08480764629858069,3,3400,804,2596,1010,98,466,77,389,30,17,317.2393413910635,326.3731603275693,branch,end,0.3819132366377008,1.685232246425622
94732,ascending_neuron,AN08B101,AN08B101_R,R,IA,T1,,acetylcholine,6.0,0.1472704628718069,0.4330249151028566,0.2163033063871628,3,1816,380,1436,808,56,778,665,113,231,40,231.7359919281357,201.8148302377914,branch,branch,0.4606324005108625,0.9412078301159433
94838,descending_neuron,DNg03,DNg03_L,L,ut,LB,,acetylcholine,12.0,0.1010131591969393,0.3586278695642204,0.01080318399710344,3,1893,1758,135,711,61,425,39,386,159,17,202.5073147639405,261.1870081435115,branch,branch,0.4191988264373697,1.106144134152843
94941,ascending_neuron,AN07B072_f,AN07B072_f_L,L,,T3,,acetylcholine,2.0,0.08043152300887386,0.3200134305590538,0.08984880409793818,3,1450,419,1031,723,41,370,345,25,107,20,244.3133449615939,223.1666438371115,branch,branch,0.3959881071117368,1.18054047685527
94995,sensory_ascending,LgAG1,LgAG1_L,,leg bristle,,,acetylcholine,25.0,0.06083506465727831,0.2783120730909229,0.01064631682911956,3,3207,744,2463,912,107,503,67,436,41,16,319.3259446140524,322.4166228872085,branch,end,0.3692870371601909,1.737787961462842
95011,sensory_ascending,SApp,SApp_R,,haltere,,,acetylcholine,148.0,0.188032,0.4892951850117086,0.01650708249363979,3,645,510,135,431,10,210,182,28,66,11,160.868948510324,334.4413703243596,end,branch,0.4896474656890784,1.01156516380134
95022,ascending_neuron,AN07B057,AN07B057_L,L,BA,T2,,acetylcholine,2.0,0.09711904014576139,0.3516472699457586,0.174410663406194,3,3583,1364,2219,1389,105,214,189,25,100,8,183.4912902467489,164.9585640129336,branch,branch,0.4150989788874718,0.8394379942672491
95057,sensory_ascending,LgAG3,LgAG3_L,,leg bristle,,,acetylcholine,7.0,0.05316546083231784,0.2601775684907819,0.07891621615283315,3,3320,744,2576,1316,67,202,57,145,44,10,317.8156801570515,6.381620026950536,branch,end,0.3570532293096971,0.9079803053757095
95106,ascending_neuron,AN05B049_b,AN05B049_b_L,L,BA,T2,,gaba,2.0,0.09628094244036373,0.3501266960964861,0.08577782281544745,3,3519,2807,712,1519,65,811,758,53,406,30,193.3729443298477,193.0601624991282,branch,branch,0.4142005324565363,0.9329613956242945
95401,ascending_neuron,AN19B076,AN19B076_L,L,BA,T3,,acetylcholine,3.0,0.1262508886726335,0.4009334408800962,0.3370677587539165,3,2452,1107,1345,1174,63,878,847,31,174,47,164.2850575680957,226.5297614581563,branch,branch,0.4432351362778532,0.8817324869778822
95403,ascending_neuron,AN05B045,AN05B045_R,R,BA,A2,,gaba,2.0,0.1014980543071706,0.3594876026479449,0.09812312800760417,3,6432,4786,1646,2602,154,653,594,59,320,25,191.0338679483296,212.6561883008111,branch,branch,0.4197009951113924,0.9618515584934405
95462,sensory_ascending,LgAG9,LgAG9_R,,leg bristle,,,glutamate,3.0,0.05165407256029698,0.2564527399549273,0.2400709100912421,3,2909,63,2846,1279,51,114,5,109,40,4,319.8497994295213,175.1937350096429,branch,end,0.3544881416604995,1.396502382619268
95652,ascending_neuron,AN08B100,AN08B100(92001)_L,L,BA,T3,,acetylcholine,10.0,0.05793533616234215,0.2715981609647222,0.1104487644195596,3,2486,703,1783,1299,52,701,656,45,183,31,168.3779679200401,166.0450119277249,branch,branch,0.3648055631054903,0.9167156799937843
95862,ascending_neuron,AN08B031,AN08B031_R,R,BA,T1,sexually dimorphic,acetylcholine,6.0,0.1380195529412002,0.4192039512592938,0.5782293574868407,3,5116,4537,579,3049,97,2651,2625,26,392,125,280.9260443050991,160.3953284552014,branch,branch,0.4532217295287749,0.973742748872947
95900,sensory_ascending,LgAG1,LgAG1_R,,leg bristle,,,acetylcholine,25.0,0.05657197312787188,0.2683834445529408,0.04072863260253856,3,2804,437,2367,951,66,467,66,401,41,17,271.3711979623575,292.1482795807071,branch,end,0.3626401630141661,1.553935650313093
95918,ascending_neuron,AN19B059,AN19B059_L,L,BA,T3,,acetylcholine,7.0,0.0794681123249445,0.3180910925467343,0.04505079591117194,3,3069,1543,1526,1342,81,872,830,42,218,54,243.8508298885249,331.9714907172603,branch,branch,0.3947969545828587,1.458527767049767
96002,sensory_ascending,SApp08,SApp08_R,,campaniform sensilla,,,acetylcholine,39.0,0.1200059660065893,0.390891726087587,0.1302831011174719,3,1317,830,487,686,33,146,91,55,44,9,246.754683471997,429.6463617483594,end,branch,0.4376493411201685,1.545531962847471
96040,sensory_ascending,SApp,SApp_R,,haltere,,,acetylcholine,148.0,0.3568836430196541,0.6740907707139824,0.2412103325688248,3,988,690,298,668,17,116,89,27,49,6,176.4570922535231,329.0996132871076,end,branch,0.5747212173304995,0.8796555448028726
96068,sensory_ascending,SApp,SApp_R,,haltere,,,acetylcholine,148.0,0.3093183896496032,0.6275638657664051,0.1931192686169164,3,958,625,333,616,13,124,78,46,41,6,171.9207261261285,337.1509753501925,branch,branch,0.5545325006034709,0.9180195947439019
96106,descending_neuron,DNbe002,DNbe002_R,R,xl,,,acetylcholine,4.0,0.4678189353892733,0.7717807773672047,0.3920269000677726,3,8393,8368,25,4414,212,2332,170,2162,719,99,242.3522500888556,195.2747202517673,branch,branch,0.6149573813768969,0.7116378851503024
96166,descending_neuron,DNge176,DNge176_L,L,ut,LB,,acetylcholine,2.0,0.05884579507272625,0.2737239363445891,0.07654668955725648,3,1047,1026,21,552,25,500,42,458,184,25,200.1379561664105,254.2552407495193,branch,branch,0.3662304312981768,1.240730310982739
96482,ascending_neuron,AN07B072_a,AN07B072_a_L,L,,T3,,acetylcholine,3.0,0.05150742431153555,0.2560884407404996,0.2120321095545923,3,1669,419,1250,668,59,349,319,30,103,22,245.9213104434003,185.6147447774889,branch,branch,0.3542362713823146,1.218215327123144
96994,sensory_ascending,SApp08,SApp08_L,,campaniform sensilla,,,acetylcholine,39.0,0.1765286912252187,0.4740920906831199,0.3029130181843478,3,2237,1533,704,1133,56,220,171,49,68,12,195.6466646736852,336.7263505906002,branch,branch,0.481980419140372,1.104553202003082
97180,sensory_ascending,LgAG9,LgAG9_R,,leg bristle,,,glutamate,3.0,0.06351585203969375,0.2843780837801774,0.1997112971286476,3,2743,76,2667,1273,47,111,14,97,41,6,320.2657437800694,324.9290213737609,branch,end,0.3732897816071141,1.728401892963936
97309,ascending_neuron,AN08B098,AN08B098_L,L,BA,T1,,acetylcholine,10.0,0.07667752941177786,0.3124561771507632,0.1132636595371531,3,1208,255,953,500,36,659,623,36,225,30,205.8532389736249,189.3865320944182,branch,branch,0.391284457656925,1.010108536983051
97432,ascending_neuron,AN08B094,AN08B094_R,R,BA,T1,,acetylcholine,3.0,0.1145666147922981,0.3819302874347547,0.6046788979918354,3,2064,828,1236,943,54,714,673,41,238,37,218.5571168369493,150.4322884289539,branch,branch,0.4326035608302708,0.8529504578226851
97567,sensory_ascending,"SApp06,SApp15","SApp06,SApp15_L",,campaniform sensilla,,,acetylcholine,37.0,0.4385904708259442,0.7472822300841937,0.237092336246792,3,991,757,234,649,26,158,130,28,58,6,136.8543493905331,400.6320789567398,branch,branch,0.6051184121651355,0.8882334722292238
97614,descending_neuron,DNp17,DNp17_R,R,ut,,,acetylcholine,12.0,0.1189627520268118,0.3891890032247313,0.4524521589032204,3,2016,1837,179,1076,49,604,53,551,101,28,380.9040241298261,211.9734670668921,branch,branch,0.4366951013923998,1.357646305869546
97980,descending_neuron,DNpe029,DNpe029_R,R,xl,DC,,acetylcholine,4.0,0.1431039551615873,0.4268554962979165,0.3674542184477567,3,4795,4724,71,1920,124,1643,1616,27,436,78,571.7473988872499,230.2466112815577,end,branch,0.4573392539307981,1.75360851550731
97985,ascending_neuron,AN10B033,AN10B033_L,L,BA,T2,,acetylcholine,7.0,0.07692012454237468,0.3129500668689897,0.1511141150516572,3,2442,684,1758,785,98,555,524,31,148,28,388.022042702257,325.885086222237,branch,branch,0.3915935811090434,1.823081795423247
98013,ascending_neuron,AN19B060,AN19B060_R,R,BA,T3,,acetylcholine,4.0,0.07712171372259831,0.3133598820355864,0.01754304222744841,3,2898,1671,1227,1391,77,617,583,34,136,32,183.3826720915116,212.8645961321032,branch,branch,0.3918498975340395,1.011222079467797
98227,descending_neuron,DNpe009,"DNpe009(PS222,PS226)_R",R,nt,,,acetylcholine,6.0,0.09951181734179838,0.3559527791829136,0.411743878791644,3,1840,1507,333,992,27,718,16,702,161,38,185.5309138909321,184.4369918718454,branch,branch,0.4176324482120943,0.8858696381151152
98280,sensory_ascending,SApp08,SApp08_R,,campaniform sensilla,,,acetylcholine,39.0,0.1802532906002746,0.479067445837127,0.1763201257036735,3,1542,943,599,889,38,181,109,72,45,9,183.8562572523068,424.6866189207554,branch,branch,0.4845028879792072,1.256014961461237
98400,ascending_neuron,AN19B076,AN19B076_L,L,,T3,,acetylcholine,3.0,0.1154989427461941,0.3834811876475258,0.06894174225729272,3,2044,1062,982,960,57,691,665,26,174,37,157.006976330305,244.2275908147007,branch,branch,0.4334810052900676,0.9256104933052745
98764,ascending_neuron,AN04A001,AN04A001_L,L,BA,T2,,acetylcholine,6.0,0.1883545820560205,0.4897147152228422,0.1081476392125189,3,20902,19525,1377,10338,426,6099,6076,23,1096,216,194.2531023198561,152.68155333527,branch,branch,0.489857336843282,0.7082361119480782
98875,ascending_neuron,AN05B059,AN05B059_L,L,BA,T3,,gaba,1.0,0.09834697130349808,0.353863325266335,0.2698982976778184,3,3875,1444,2431,1859,106,1119,1024,95,463,61,226.4421201970142,164.8327512837627,branch,branch,0.4164048863552205,0.9396500480712272
98952,sensory_ascending,SApp08,SApp08_R,,campaniform sensilla,,,acetylcholine,39.0,0.1242796621160879,0.3977911266136132,0.1214358167065433,3,1375,868,507,728,38,162,112,50,43,7,236.0729079342412,404.9433383526124,end,branch,0.4414947927673331,1.451922552175305
99217,sensory_ascending,SApp,SApp_R,,haltere,,,acetylcholine,148.0,0.1473656674953771,0.4331648593681247,0.3082351820134894,3,2185,1465,720,1113,57,229,184,45,62,10,213.3581430932198,420.116570194,end,branch,0.4607068277010675,1.37500613231253
99240,sensory_ascending,SApp,SApp_L,,haltere,,,acetylcholine,148.0,0.3782294315710211,0.6939572531928219,0.1359938707346288,3,1296,960,336,766,32,200,161,39,69,10,184.9346284485231,343.7386421367758,branch,branch,0.5831286771069338,0.906615111450523
99260,sensory_ascending,"SApp06,SApp15","SApp06,SApp15_R",,campaniform sensilla,,,acetylcholine,37.0,0.3663282722617209,0.6829521524954236,0.2194022694739343,3,664,498,166,417,15,114,93,21,33,5,166.1313323671102,443.6035288466169,end,branch,0.5784864343463532,1.05401756205862
99309,ascending_neuron,AN09B040,AN09B040_L,L,BA,T3,,glutamate,6.0,0.07536611745718505,0.3097726925983681,0.1066889434989051,3,5673,4005,1668,2598,153,880,811,69,354,42,235.3478803738677,203.4438234005156,branch,branch,0.3896005895442157,1.126260369081359
99327,ascending_neuron,AN06B039,AN06B039_R,R,CA,A1,,gaba,7.0,0.07014400000000001,0.2988479791230037,0.3661447411672007,3,6402,4655,1747,2426,158,1365,1345,20,347,71,174.1465123384504,150.4291802721054,branch,branch,0.3826689297163696,0.8481893025679614
99350,sensory_ascending,SApp,SApp_R,,haltere,,,acetylcholine,148.0,0.2442104622702219,0.5576185235449956,0.03789900660624167,3,1134,828,306,710,25,134,109,25,55,5,188.4731730153783,349.0238095414683,end,branch,0.5227170138201432,1.028275277723768
99407,sensory_ascending,SApp08,SApp08_R,,campaniform sensilla,,,acetylcholine,39.0,0.8104023167611761,1.015793422328241,0.02724188084610392,3,870,553,317,552,18,122,74,48,32,6,199.7093951520939,413.1741223203338,end,branch,0.7055060431639393,0.8687147663879204
99545,ascending_neuron,AN08B097,AN08B097_R,R,BA,T1,,acetylcholine,5.0,0.09911625601737581,0.3552446152827899,0.4649041011307722,3,2625,698,1927,1096,90,552,507,45,249,25,192.1638275418947,202.6656261905411,branch,branch,0.4172168039383925,0.9463412067907445
99551,ascending_neuron,AN10B033,AN10B033_L,L,BA,T3,,acetylcholine,7.0,0.07269060890457268,0.3042245187163255,0.6473886979124233,3,2336,709,1627,808,88,732,707,25,177,43,387.3401630913397,475.6870422539104,branch,branch,0.3860958613751247,2.235266657020046
99569,sensory_ascending,"SApp09,SApp22","SApp09,SApp22_R",,campaniform sensilla,,,acetylcholine,74.0,0.1571177842199323,0.447267901877593,0.05555772186355249,3,1283,858,425,856,26,123,80,43,38,7,178.3052779634402,388.9589223860137,branch,branch,0.4681466350621571,1.211723331673924
99955,descending_neuron,DNpe011,DNpe011(PS227)_R,R,xn,,potentially sexually dimorphic,acetylcholine,4.0,0.0504424077783266,0.2534270473233313,0.06141197410769582,3,1464,1446,18,506,55,271,29,242,93,17,377.901734307468,213.2214140424879,branch,branch,0.3523907677400648,1.677464912434903
100012,ascending_neuron,AN07B032,AN07B032_L,L,BA,T3,,acetylcholine,2.0,0.1224296740851695,0.3948193289268848,0.1255335310648292,3,6632,5078,1554,2840,155,1615,1588,27,424,86,158.8556175784841,147.0404499902466,branch,branch,0.4398425527096867,0.6954671977148015
100059,ascending_neuron,AN17A015,AN17A015_L,L,BA,T1,,acetylcholine,8.0,0.08963452532964289,0.3378257275923001,0.4810845810716686,3,17084,15352,1732,9845,322,4353,4293,60,1200,176,229.4978469166508,163.7476871571564,branch,branch,0.4068594431990328,0.9665390361394027
100113,ascending_neuron,AN05B063,AN05B063_L,L,,T3,,gaba,4.0,0.09226651473020543,0.3427497267823666,0.355961673763588,3,1296,733,563,592,29,443,395,48,191,20,195.0531650708709,281.0905126117143,branch,branch,0.4098138188535858,1.16185364128167
100234,ascending_neuron,AN05B050_a,AN05B050_a_R,R,,T2,,gaba,2.0,0.151168,0.4387175349795414,0.258941220085065,3,5739,4436,1303,3133,132,625,595,30,281,27,187.5997519786388,198.7540894325077,branch,branch,0.463650290779565,0.8332871759048073
100359,sensory_ascending,LgAG1,LgAG1_L,,leg bristle,,,acetylcholine,25.0,0.05949176804740359,0.2752222223298221,0.04352065428825581,3,3016,895,2121,922,105,519,113,406,38,17,326.1698776564444,488.334540510384,branch,end,0.3672313833833007,2.217959725181447
100532,sensory_ascending,"SApp09,SApp22","SApp09,SApp22_L",,campaniform sensilla,,,acetylcholine,74.0,0.632994869142337,0.8977494633841243,0.06886314467016823,3,1168,934,234,797,21,181,150,31,50,10,178.5924634397885,5.964140792256468,end,branch,0.6632474930659149,0.2782620457092377
100755,sensory_ascending,"SApp09,SApp22","SApp09,SApp22_R",,campaniform sensilla,,,acetylcholine,74.0,0.3112917218928963,0.6295624911497953,0.1664969494801269,3,861,647,214,492,21,84,59,25,35,5,136.7280039434331,336.7469818784378,branch,branch,0.5554148185486228,0.8524709280518077
100816,sensory_ascending,SApp13,SApp13_R,,campaniform sensilla,,,acetylcholine,8.0,0.06656000000000001,0.2911130778539028,0.4750327292461531,3,3067,2104,963,1508,75,71,44,27,40,2,222.5126492866063,266.9883478821362,branch,branch,0.3776842704540557,1.296058733344281
101032,sensory_ascending,LgAG1,LgAG1_R,,leg bristle,,,acetylcholine,25.0,0.07131961450646371,0.3013419212537432,0.1267761277763582,3,2850,709,2141,894,91,440,69,371,44,16,261.6685133502615,500.2306608620157,branch,end,0.384262334108268,1.982757888514798
101048,sensory_ascending,SApp,SApp_R,,haltere,,,acetylcholine,148.0,0.1355988265149988,0.4155114777458974,0.0354216264995702,3,4135,2484,1651,2066,101,202,133,69,40,7,140.2980161796301,269.5529884070013,branch,branch,0.451221258470265,0.9083149273066445
101146,ascending_neuron,AN19B093,AN19B093_R,R,BA,T3,,acetylcholine,5.0,0.081152,0.3214435184201852,0.4425955574876446,3,2755,1339,1416,1349,72,649,598,51,184,34,197.6980472335286,393.6160593338454,branch,branch,0.3968719239577054,1.489936855876936
101169,ascending_neuron,AN08B099_c,AN08B099_c_L,L,,T1,,acetylcholine,2.0,0.08499200000000001,0.3289607505252427,0.07777399314637698,3,1796,574,1222,734,43,999,791,208,241,44,178.4815676157347,144.9410310436813,branch,branch,0.4014857005640038,0.8055644278365947
101522,ascending_neuron,AN07B072_c,AN07B072_c_R,R,,T3,,acetylcholine,2.0,0.0761591831869929,0.3113982718776851,0.5463628338435513,3,1581,373,1208,715,43,373,341,32,111,18,251.5907011815659,212.6805096119087,branch,branch,0.3906214961059692,1.188544960842415
101558,sensory_ascending,"SApp09,SApp22","SApp09,SApp22_L",,campaniform sensilla,,,acetylcholine,74.0,0.6174308728469119,0.8866438988957384,0.2577711089674694,3,1044,803,241,717,15,159,125,34,63,8,186.8667624208454,353.2813122463222,end,branch,0.6591323922088124,0.8194834316321222
101681,ascending_neuron,AN08B098,AN08B098_L,L,BA,T1,,acetylcholine,10.0,0.06725233722597287,0.2926231966744491,0.1677997071020541,3,933,141,792,419,27,586,542,44,217,22,199.9557947724502,154.8175073954139,branch,branch,0.3786626022866268,0.9369113823902796
101889,descending_neuron,DNge025,DNge025_L,L,fl,MX,,acetylcholine,3.0,0.09391413106467339,0.3457964509375178,0.05016829849034308,3,2473,2013,460,1457,53,104,69,35,56,3,177.0885957306787,121.1869936943111,branch,branch,0.4116312196121472,0.7246184818198077
101919,sensory_ascending,"SApp06,SApp15","SApp06,SApp15_R",,campaniform sensilla,,,acetylcholine,37.0,0.4332994202739258,0.7427610360025513,0.2010608983476508,3,907,593,314,618,19,119,83,36,42,5,146.4339168648181,314.6874771462894,branch,branch,0.6032850964852771,0.7643507136138262
102006,sensory_ascending,SApp19,SApp19_R,,campaniform sensilla,,,acetylcholine,9.0,0.09934216017899251,0.3556492187525625,0.4953899643094823,3,2682,1528,1154,1432,58,79,32,47,35,3,220.7461424315246,279.416214020212,branch,branch,0.4174543294646201,1.198124731616003
102277,sensory_ascending,LgAG1,LgAG1_L,,leg bristle,,,acetylcholine,25.0,0.07209246755663,0.3029702635088765,0.09241790340994838,3,3157,967,2190,905,99,561,123,438,43,19,317.1202788770451,270.8064147708105,branch,end,0.3852991423807604,1.525896709800757
102868,sensory_ascending,SApp01,SApp01_L,,campaniform sensilla,,,acetylcholine,18.0,0.4676677677859342,0.7716560734829168,0.3179120044573748,3,1423,1066,357,897,31,232,185,47,78,11,200.8148292919765,333.39584245189,end,branch,0.6149076971437495,0.8687656281182992
102964,ascending_neuron,AN06A060,AN06A060_R,R,BA,T1,,gaba,2.0,0.1435927021993991,0.4275838008807802,0.5168755632811646,3,1687,661,1026,663,42,222,190,32,101,11,168.6367479456084,132.9128643937105,branch,branch,0.4577292457682623,0.6587947244515517
102965,ascending_neuron,AN06B068,AN06B068_R,R,BA,T2,,gaba,6.0,0.06834308426678158,0.2949866395239517,0.709094909150617,3,1827,1111,716,506,68,410,371,39,152,23,137.3922302324429,184.0434625514949,branch,branch,0.3801887075739314,0.8454635458141047
103156,ascending_neuron,AN06B048,AN06B048_R,R,BA,T3,,gaba,2.0,0.08421846140011677,0.327460341799401,0.3163712991358254,3,3399,2088,1311,1485,82,852,833,19,135,27,157.3578592439063,132.1799814178979,branch,branch,0.4005690545732489,0.7228162968561486
103189,ascending_neuron,AN10B045,AN10B045_R,R,BA,T2,,acetylcholine,28.0,0.06809804405715791,0.2944573358106243,0.1934018470597038,3,1995,466,1529,961,42,358,279,79,145,20,403.777243182698,183.4155055287784,branch,branch,0.3798474622097743,1.545864609165649
103235,ascending_neuron,AN10B053,AN10B053_L,L,BA,T3,,acetylcholine,11.0,0.07072076266408603,0.3000741102756857,0.2153320562430632,3,2069,643,1426,799,64,423,409,14,152,29,15.29769737088548,258.5637416064744,end,branch,0.3834531445106247,0.7141979219569856
103311,sensory_ascending,"SApp09,SApp22","SApp09,SApp22_R",,campaniform sensilla,,,acetylcholine,74.0,0.194176,0.4972248604389115,0.3044843059015022,3,2104,1477,627,1047,62,346,281,65,44,16,138.0476427804146,388.8782162695924,branch,branch,0.4935992115219255,1.067517627156098
103807,ascending_neuron,AN05B056,AN05B056_L,L,BA,T1,,gaba,2.0,0.108471816454801,0.3716323535424587,0.05364806035418115,3,3436,2090,1346,1590,95,863,805,58,429,37,193.556113763442,186.6684159614683,branch,branch,0.4267315939039489,0.8910156528285865
104118,sensory_ascending,LgAG1,LgAG1_R,,leg bristle,,,acetylcholine,25.0,0.0751566527953459,0.3093419182538392,0.1096680110701793,3,2861,992,1869,871,85,427,137,290,31,17,261.7173065624067,496.0702313101058,branch,end,0.3893296032212054,1.94639074861708
104481,sensory_ascending,SApp,SApp_R,,haltere,,,acetylcholine,148.0,0.1926091122046738,0.4952146386520928,0.4608922549413031,3,709,533,176,467,11,86,66,20,38,4,172.3730358345887,627.5385565436443,end,end,0.4926004191426611,1.623854875662564
104547,ascending_neuron,AN08B103,AN08B103_R,R,IA,T1,,acetylcholine,2.0,0.08994600563507649,0.3384121913666102,0.154912074077993,3,2612,487,2125,1095,83,353,326,27,166,17,192.2356719231749,205.8128833322407,branch,branch,0.407212443043725,0.9774960516436739
104602,sensory_ascending,SApp23,SApp23_R,,chordotonal organ,,,acetylcholine,22.0,0.06132682202391578,0.2794346702787342,0.02846609368431926,3,1048,600,448,317,40,96,30,66,31,6,348.5169660793607,322.2528569903636,branch,branch,0.3700310641508085,1.81273922125724
104605,sensory_ascending,"SApp09,SApp22","SApp09,SApp22_L",,campaniform sensilla,,,acetylcholine,74.0,0.1095767180702177,0.3735202948024341,0.2584850913025968,3,2208,1463,745,1083,62,268,204,64,46,11,189.7941026810001,390.0981352092493,branch,branch,0.4278141470933292,1.355477002876541
104610,sensory_ascending,"SApp09,SApp22","SApp09,SApp22_L",,campaniform sensilla,,,acetylcholine,74.0,0.823424,1.02392187147458,0.0695268446808938,3,924,726,198,626,21,199,162,37,55,7,170.5348083696803,428.3269541810257,end,branch,0.7083231727273535,0.8454640277330286
104738,ascending_neuron,AN05B069,AN05B069_L,L,BA,T1,,gaba,2.0,0.1159527485491834,0.3842338152395662,0.5263384800452332,3,3404,1773,1631,1397,94,474,438,36,236,23,186.740430671868,203.6281144152179,branch,branch,0.4339061758806705,0.8996611866488897
104910,ascending_neuron,AN07B062,AN07B062_L,L,BA,T1,,acetylcholine,9.0,0.1004038544647734,0.3575446237162344,0.009569678591991471,3,3024,1273,1751,1275,111,818,746,72,274,42,242.9104432422957,166.7817901559032,branch,branch,0.418565246551783,0.9788013619700118
105057,ascending_neuron,AN07B082_b,AN07B082_b_L,L,BA,T1,,acetylcholine,2.0,0.1582774436138705,0.4489154711621887,0.2832819278301926,3,3025,1405,1620,1399,57,291,269,22,114,17,218.6666659878094,152.4021835992066,branch,branch,0.4690080818807629,0.7911779432435317
105240,sensory_ascending,SApp01,SApp01_R,,campaniform sensilla,,,acetylcholine,18.0,0.2558140007090989,0.5707122758446095,0.3685773302461378,3,1338,1039,299,886,24,228,198,30,72,14,175.821510234258,308.7606128197493,end,branch,0.5288185087190677,0.9163486433706487
105291,ascending_neuron,AN06A026,AN06A026_L,L,BA,T3,,gaba,4.0,0.1117840579207504,0.3772636783678827,0.2921603487882831,3,4345,2908,1437,1939,72,1365,1351,14,311,80,97.5508609824414,226.4154063554138,branch,branch,0.4299525583134289,0.7534930565564599
105298,sensory_ascending,SApp23,SApp23_R,,chordotonal organ,,,acetylcholine,22.0,0.05725846775592492,0.2700069358697788,0.2644030681221996,3,1099,558,541,333,41,103,49,54,41,5,393.1772332425151,314.0219892647909,end,branch,0.3637353413901261,1.944268653698943
105726,ascending_neuron,AN06A026,AN06A026_R,R,BA,A1,,gaba,4.0,0.091392,0.3411215450135567,0.08952182115007579,3,4842,3401,1441,2062,93,1811,1777,34,374,108,136.5162642556272,137.2137281410382,branch,branch,0.4088392802271362,0.6695295820024705
105789,ascending_neuron,AN06B046,AN06B046_R,R,BA,T2,,gaba,2.0,0.1098878457555265,0.3740501981040705,0.122315919800652,3,1860,1389,471,399,102,733,693,40,214,43,135.1264098321874,155.9582655565071,branch,branch,0.4281175038129071,0.6799177160387777
105806,ascending_neuron,AN07B070,AN07B070_L,L,,T1,,acetylcholine,6.0,0.1336125304043884,0.4124569764023837,0.2060045856488365,3,2556,1005,1551,1080,61,527,452,75,153,26,251.6905868475934,181.8257450604576,branch,branch,0.4495596939641809,0.9643131662568303
105831,ascending_neuron,AN06A018,AN06A018_L,L,BA,T1,,gaba,2.0,0.08666687974187529,0.3321862406936241,0.5841198172921782,3,5487,4624,863,2554,85,875,856,19,197,40,154.1518693641855,253.6336825704187,branch,branch,0.4034492011887937,1.01074819514584
105893,ascending_neuron,AN10B033,AN10B033_R,R,,T2,,acetylcholine,7.0,0.06006715589125951,0.2765499561029134,0.1552962215864424,3,1995,455,1540,839,72,373,359,14,114,28,377.7705955656587,356.5786853015744,branch,branch,0.3681161209325496,1.994884872216147
105964,sensory_ascending,LgAG1,LgAG1_R,,leg bristle,,,acetylcholine,25.0,0.08416612186839742,0.3273585720427106,0.1462165573114683,3,2601,443,2158,913,56,479,77,402,40,15,313.0604696975229,340.3039525348436,branch,end,0.4005068043128958,1.631344124985017
105967,ascending_neuron,AN09B035,AN09B035_L,L,BA,T2,,glutamate,6.0,0.07121739658875056,0.3011258966111754,0.1030653866601171,3,6037,4400,1637,2589,173,1087,1050,37,464,45,234.8219061671988,173.7571727131164,branch,branch,0.3841245752870752,1.063662949903593
106045,ascending_neuron,AN07B050,AN07B050_L,L,,T3,,acetylcholine,4.0,0.08641424175040305,0.3317017181518924,0.1514531169848095,3,2899,1764,1135,1590,70,638,620,18,137,25,220.9598261554573,177.600823008244,branch,branch,0.4031548609336458,0.9886043498041794
106104,ascending_neuron,AN05B045,AN05B045_L,L,BA,A2,,gaba,2.0,0.09373045389889711,0.3454581312547903,0.1964727189961812,3,5280,4063,1217,2232,150,742,712,30,321,28,191.3341638308183,150.7059559474845,branch,branch,0.4114298048450637,0.8313450210713549
106125,sensory_ascending,"SApp06,SApp15","SApp06,SApp15_R",,campaniform sensilla,,,acetylcholine,37.0,0.4864287215728503,0.7869817558250782,0.1062005440696721,3,3112,2055,1057,1689,76,322,240,82,42,13,157.2982977929665,269.8064160949988,branch,branch,0.6209839453273235,0.6877870468339343
106132,sensory_ascending,SApp,SApp_L,,haltere,,,acetylcholine,148.0,1.005287180187674,1.131358206595174,0.168526894782284,3,1010,816,194,651,22,285,255,30,60,13,192.2425290716047,414.3601304214063,end,branch,0.7445572652466936,0.8147159228807279
106199,ascending_neuron,AN07B082_d,AN07B082_d_R,R,BA,T1,,acetylcholine,2.0,0.1542422368498077,0.4431560847213793,0.3571578147424093,3,3212,1470,1742,1406,75,374,349,25,148,24,156.8089166942045,151.0767223501478,branch,branch,0.465989786919709,0.6607132767426973
106214,ascending_neuron,AN08B079_b,AN08B079_b_L,L,BA,T3,,acetylcholine,8.0,0.10839576301233,0.3715020483779863,0.199071443439768,3,2733,1604,1129,1399,59,1258,1228,30,294,70,173.5465920525569,235.0757824579139,branch,branch,0.4266567750607194,0.9577308937665832
106293,ascending_neuron,AN08B094,AN08B094_L,L,BA,T1,,acetylcholine,3.0,0.07807813124925461,0.3152969462040082,0.07996529457543923,3,2361,1069,1292,999,65,946,900,46,267,53,201.094669280379,155.4098763675207,branch,branch,0.393059160483462,0.9069997127389162
106310,ascending_neuron,AN07B082_b,AN07B082_b_R,R,BA,T1,,acetylcholine,2.0,0.1347991295459048,0.4142844220263707,0.04852680716741709,3,3501,1528,1973,1406,93,229,210,19,109,12,183.5432468551627,155.2050188606069,branch,branch,0.4505545103457756,0.7518474633752952
106355,ascending_neuron,AN18B053,AN18B053_R,R,,T2,potentially sexually dimorphic,acetylcholine,6.0,0.1754307551053118,0.4726154618321676,0.2101130018800411,3,6275,4647,1628,3532,119,1143,1101,42,313,62,189.839151995107,188.9255148963855,branch,branch,0.481229234666559,0.787077425073596
106544,ascending_neuron,AN07B072_a,AN07B072_a_L,L,,T3,,acetylcholine,3.0,0.272164259883626,0.5886682413273291,0.4304139654029073,3,1926,591,1335,811,66,301,284,17,80,24,243.2865841797034,216.1188110561902,end,branch,0.537073028786953,0.8553872017619624
106648,ascending_neuron,AN06A026,AN06A026_R,R,BA,T3,,gaba,4.0,0.1575374695187436,0.4478648635121701,0.2445468407045262,3,4621,3347,1274,1926,83,1355,1334,21,349,81,146.7703257646241,153.1537850703413,branch,branch,0.4684589449684607,0.640235636561829
107137,sensory_ascending,SApp,SApp_R,,haltere,,,acetylcholine,148.0,0.2553786784210561,0.5702264745238448,0.2811530361601702,3,760,476,284,485,13,102,83,19,35,4,185.0884160417524,429.0889328280164,end,branch,0.5285933905344296,1.161908869592203
107282,sensory_ascending,"SApp09,SApp22","SApp09,SApp22_L",,campaniform sensilla,,,acetylcholine,74.0,0.4094718622741101,0.7220496987768551,0.02931420315796152,3,1448,1123,325,936,27,224,192,32,67,9,182.1729858890386,360.9944037044477,end,branch,0.5948145529496223,0.9131709822834309
107413,ascending_neuron,AN10B033,AN10B033_R,R,BA,T3,,acetylcholine,7.0,0.0694296678023205,0.2973223816394254,0.5465516360835879,3,2348,681,1667,871,83,592,571,21,143,32,388.7415569046769,314.8143625045832,branch,branch,0.3816909312563221,1.843260768846487
107573,sensory_ascending,SApp23,SApp23_R,,chordotonal organ,,,acetylcholine,22.0,0.1023309258080339,0.3609595287399252,0.08066244148156308,3,600,30,570,182,31,72,8,64,17,4,392.6848987117032,124.1835032678937,end,end,0.4205593526276206,1.22900227696815
107589,sensory_ascending,LgAG4,LgAG4_R,,leg bristle,,,acetylcholine,8.0,0.05488194582506586,0.2643442144562402,0.1124749824499781,3,1439,132,1307,627,25,262,38,224,44,11,313.6084723363907,507.4426450162834,branch,end,0.3599009100899269,2.281325482471054
107860,sensory_ascending,LgAG1,LgAG1_R,,leg bristle,,,acetylcholine,25.0,0.08814373117359063,0.3350046031784057,0.2204753980883903,3,2771,864,1907,891,88,462,140,322,32,15,269.2381044340348,258.9831840144754,branch,end,0.4051570751664332,1.303744450794853
108171,ascending_neuron,AN19B059,AN19B059_R,R,BA,T3,,acetylcholine,7.0,0.08927626209297929,0.3371499181416511,0.1263984487344234,3,2972,1443,1529,1377,73,758,735,23,209,44,190.6724689582829,270.8281111965436,branch,branch,0.4064522848864415,1.135436058094162
108202,ascending_neuron,AN07B062,AN07B062_R,R,BA,T1,,acetylcholine,9.0,0.1326410952160282,0.4109548487194538,0.1285076301097312,3,3671,1775,1896,1433,127,1009,939,70,306,58,250.160829821709,158.8401017573271,branch,branch,0.4487403212020649,0.9114423470648308
108261,ascending_neuron,AN08B106,AN08B106_L,L,,T1,,acetylcholine,4.0,0.06610304135796057,0.2901120581503281,0.2278984616621787,3,1930,922,1008,519,63,371,271,100,130,21,220.6010081935623,161.0133460547514,branch,branch,0.3770343598316482,1.012147419186704
108296,ascending_neuron,AN19B076,AN19B076_R,R,BA,T3,,acetylcholine,3.0,0.205552003934079,0.5115827791359158,0.2923998672074516,3,2508,1291,1217,1177,65,594,564,30,178,26,217.8416954527657,348.8042447408252,branch,branch,0.500675106008476,1.131763759358944
108339,sensory_ascending,SApp,SApp_R,,haltere,,,acetylcholine,148.0,0.2464551534356069,0.5601753719666609,0.4025288695084301,3,905,682,223,603,16,75,64,11,38,4,165.3598976525114,417.32103995723,end,branch,0.5239140504545223,1.112168946612972
108395,ascending_neuron,AN08B079_b,AN08B079_b_R,R,BA,T3,,acetylcholine,8.0,0.1554160170996686,0.4448390932197105,0.3139471736008961,3,3219,1639,1580,1698,83,1015,973,42,279,47,180.4873420964604,224.6456151666007,branch,branch,0.4668738112998608,0.867756870181041
108436,sensory_ascending,LgAG1,LgAG1_R,,leg bristle,,,acetylcholine,25.0,0.07182542737530388,0.3024086216557663,0.07267522028857748,3,2787,692,2095,948,79,447,87,360,36,16,295.2187515511333,339.1792620756158,branch,end,0.3849418457524792,1.648035984205968
108865,sensory_ascending,LgAG1,LgAG1_R,,leg bristle,,,acetylcholine,25.0,0.07298351435922903,0.3048368360220218,0.03911171761641274,3,3050,1044,2006,918,108,482,137,345,36,15,307.872305512861,491.2024338274655,branch,end,0.3864842165610268,2.067548182046266
108941,sensory_ascending,"SApp09,SApp22","SApp09,SApp22_L",,campaniform sensilla,,,acetylcholine,74.0,0.1156536405325442,0.3837379165766927,0.356635685129978,3,1837,1303,534,916,47,404,337,67,55,18,187.0306100485845,382.5828533659447,branch,branch,0.4336260821520996,1.313605170121502
109150,ascending_neuron,AN12B089,AN12B089_L,L,,T1,,gaba,7.0,0.1050221827159558,0.3656752604543499,0.1226045955180093,3,1717,738,979,887,37,208,183,25,105,6,195.38678768418,143.4877307909605,branch,branch,0.4232976229824961,0.8005585197655443
109214,sensory_ascending,SApp,SApp_L,,haltere,,,acetylcholine,148.0,0.3214920926975955,0.639794065103953,0.2759927479752528,3,981,812,169,614,24,293,263,30,100,13,172.1278386646251,316.3088865564832,end,branch,0.5599098962341502,0.8723487984517558
109328,ascending_neuron,AN06B048,AN06B048_L,L,BA,T3,,gaba,2.0,0.07881149304922648,0.3167742248509111,0.2979747661987105,3,3063,2116,947,1439,73,717,707,10,124,20,152.5648329627284,145.7499220529553,branch,branch,0.3939788955984145,0.757184606456073
109486,ascending_neuron,AN19B059,AN19B059_R,R,BA,T3,,acetylcholine,7.0,0.08493551845290068,0.3288514267063719,0.08410847168541535,3,3213,1675,1538,1497,90,907,880,27,261,46,237.250549938865,176.0355989985352,branch,branch,0.4014189819703625,1.029563043852057
109521,sensory_ascending,"SApp09,SApp22","SApp09,SApp22_R",,campaniform sensilla,,,acetylcholine,74.0,0.09327386239171787,0.3446156846217552,0.1360499476801774,3,1627,998,629,838,53,211,148,63,42,10,177.9370898692519,357.4682584178478,branch,branch,0.4109278348623515,1.302918183837424
109547,sensory_ascending,"SApp09,SApp22","SApp09,SApp22_R",,campaniform sensilla,,,acetylcholine,74.0,0.1042377132454507,0.3643069839529187,0.6752082658213325,3,1898,1326,572,964,51,370,321,49,55,17,186.1400183598959,237.6396492705375,branch,branch,0.4225049374113042,1.00301707768657
109626,ascending_neuron,ANXXX169,ANXXX169_R,R,BA,A4,,glutamate,10.0,0.07343275940018294,0.3057735978585066,0.1354691260578885,3,3408,1992,1416,1602,88,1287,1234,53,283,66,209.6623859389501,167.4910526975351,branch,branch,0.387077592932823,0.9743613309643061
109707,ascending_neuron,AN07B050,AN07B050_R,R,,T3,,acetylcholine,4.0,0.0914256760428604,0.3411843873067993,0.2273234142790184,3,2812,1551,1261,1614,70,465,445,20,103,23,241.6079640061871,147.5999086873285,branch,branch,0.4088769372076783,0.9518949035167217
109763,sensory_ascending,"SApp09,SApp22","SApp09,SApp22_R",,campaniform sensilla,,,acetylcholine,74.0,0.3144242727973206,0.6327222281144745,0.1732523331001109,3,1076,758,318,725,20,148,105,43,59,5,168.0150813384508,328.4272961218427,branch,branch,0.5568068711645829,0.8915880948486954
109776,ascending_neuron,AN07B071_c,AN07B071_c_L,L,,T1,,acetylcholine,4.0,0.0404258621928224,0.2268739878741404,0.1440146609315983,3,2431,976,1455,1018,63,357,349,8,92,17,181.522902481423,152.8671297399866,branch,branch,0.3334190367365499,1.002912237688536
110140,ascending_neuron,AN10B053,AN10B053_L,L,BA,T1,,acetylcholine,11.0,0.07382818208695699,0.306595761466172,0.215813053949901,3,2054,592,1462,841,68,208,189,19,108,8,392.0624914051979,215.8140604065778,branch,branch,0.3875976304344807,1.568318545008574
110202,sensory_ascending,"SApp09,SApp22","SApp09,SApp22_R",,campaniform sensilla,,,acetylcholine,74.0,0.2217610288092712,0.5313707851972272,0.3495260028971982,3,2100,1310,790,1049,56,296,213,83,60,14,148.9739625402041,218.438478855589,branch,branch,0.5102662880757863,0.7200405944537409
110249,sensory_ascending,LgAG1,LgAG1_R,,leg bristle,,,acetylcholine,25.0,0.09804800000000001,0.3533250498934278,0.2891049123133898,3,3490,1524,1966,1063,127,506,155,351,51,16,313.9948964501799,250.4800440953277,branch,end,0.4160880609291495,1.356623737977488
110253,sensory_ascending,LgAG1,LgAG1_L,,leg bristle,,,acetylcholine,25.0,0.07045024330413206,0.2994996422552697,0.1158495096484819,3,2839,947,1892,907,81,593,168,425,54,17,317.6689392834016,247.1433996660381,branch,end,0.3830859233971957,1.474375079983882
110353,sensory_ascending,SApp,SApp_R,,haltere,,,acetylcholine,148.0,0.3355461574808456,0.653628821877176,0.05740167078767892,3,1002,754,248,689,17,97,77,20,35,3,163.3591765819882,281.7651147796014,branch,branch,0.5659311996345635,0.7865342848194584
110429,ascending_neuron,AN10B045,AN10B045_R,R,BA,T2,,acetylcholine,28.0,0.06413877256285827,0.2857691753457776,0.05820481311235874,3,1838,372,1466,906,45,474,402,72,190,25,198.452072703576,181.6749069941778,branch,branch,0.3742016781355089,1.015834513601778
110525,sensory_ascending,SApp,SApp_R,,haltere,,,acetylcholine,148.0,0.3957237773495179,0.7098247404207457,0.1526816011953044,3,868,672,196,563,22,117,96,21,31,5,155.6206340129392,326.6696070300882,end,branch,0.5897576814304035,0.8177769552289278
110697,ascending_neuron,AN08B099_e,AN08B099_e_R,R,BA,T1,,acetylcholine,2.0,0.1861398830272224,0.4868271355652199,0.1043804284041052,3,1205,417,788,501,35,662,559,103,233,34,187.1064524222043,190.1561332989236,branch,branch,0.4884109913044113,0.7724285334233844
110937,sensory_ascending,LgAG1,LgAG1_L,,leg bristle,,,acetylcholine,25.0,0.07460739815392481,0.3082094898918238,0.1603300043252577,3,2599,821,1778,817,86,498,105,393,40,16,335.0292187992121,281.2822941061247,end,end,0.3886163275609938,1.585912554867129
111052,sensory_ascending,SApp,SApp_R,,haltere,,,acetylcholine,148.0,0.141757043451719,0.4248419393933105,0.4058598463846844,3,3292,2138,1154,1534,103,260,168,92,40,8,182.306079994703,274.3862426481727,branch,branch,0.456259301606797,1.000949067853639
111207,ascending_neuron,AN10B033,AN10B033_L,L,BA,T2,,acetylcholine,7.0,0.1241920032197091,0.3976508137036945,0.2796449911382047,3,1995,853,1142,797,80,625,593,32,154,38,388.6615018231615,328.5475159266122,branch,branch,0.441416921645297,1.624788227593347
111348,ascending_neuron,AN07B082_c,AN07B082_c_R,R,BA,T1,,acetylcholine,2.0,0.3190415076711894,0.6373509739373473,0.2902594828328789,3,3588,1579,2009,1622,81,378,356,22,165,17,162.1644119530272,139.6156309362971,branch,branch,0.5588398493569514,0.5400116746087059
111432,ascending_neuron,AN09B040,AN09B040_L,L,BA,T2,,glutamate,6.0,0.089856,0.3382428307174045,0.2543238484518742,3,4595,3217,1378,2180,123,711,622,89,273,38,277.0868418148502,173.4933753351027,branch,branch,0.4071105341937595,1.106776119272572
111439,ascending_neuron,AN10B053,AN10B053_L,L,BA,T2,,acetylcholine,11.0,0.06747020745953378,0.2930968035120202,0.2304378408198656,3,2058,663,1395,918,63,216,200,16,110,8,418.9187170362366,274.9440389725233,branch,end,0.3789689086467251,1.830922643460387
111523,sensory_ascending,SApp23,SApp23_R,,chordotonal organ,,,acetylcholine,22.0,0.0825075564414337,0.3241170831670275,0.1351171026969576,3,795,289,506,301,32,63,24,39,31,1,385.7645631844421,329.5297657108865,end,branch,0.3985189716335265,1.794881498271819
111577,sensory_ascending,SApp08,SApp08_L,,campaniform sensilla,,,acetylcholine,39.0,0.7208234870306822,0.9580088561497531,0.1161665092978015,3,1545,1207,338,968,37,207,184,23,91,5,208.0241300770654,320.2407508287299,end,branch,0.6851454878442819,0.7710258482003722
111859,sensory_ascending,SApp,SApp_R,,haltere,,,acetylcholine,148.0,0.110848,0.3756807914370967,0.2781408878882618,3,3563,2554,1009,1726,96,306,240,66,49,13,151.0767365081385,236.0555437024806,branch,branch,0.4290496332642382,0.9023018555342673
111872,sensory_ascending,LgAG1,LgAG1_R,,leg bristle,,,acetylcholine,25.0,0.05052018785206825,0.2536223589920697,0.07624206081884409,3,3119,483,2636,1033,97,427,51,376,47,15,271.300054446596,329.452541288956,branch,end,0.3525265322016403,1.704134415028738
111877,ascending_neuron,AN09B040,AN09B040_R,R,BA,T2,,glutamate,6.0,0.05829493313382939,0.2724397440236715,0.20254591342298,3,5422,3363,2059,2506,147,710,611,99,275,34,230.4255354562979,204.6822103559419,branch,branch,0.3653703252476849,1.190867773723221
112210,ascending_neuron,AN08B099_d,AN08B099_d_R,R,BA,T1,,acetylcholine,2.0,0.09457665689587236,0.3470140336768446,0.2802306253065334,3,1873,537,1336,715,53,844,681,163,227,43,179.6958146949404,150.5939679519713,branch,branch,0.4123552794637821,0.8009835185726574
112284,ascending_neuron,AN07B069_b,AN07B069_b_R,R,,T1,,acetylcholine,10.0,0.1204668085424857,0.3916415509931659,0.3481250752921708,3,1455,267,1188,737,34,289,255,34,72,19,157.3456496438707,172.0185433783738,branch,branch,0.4380688986753696,0.7518547744845028
112349,sensory_ascending,SApp,SApp_R,,haltere,,,acetylcholine,148.0,0.2278800893466835,0.5386519666853352,0.1253094453813342,3,807,571,236,501,14,99,87,12,39,3,179.1236640940964,418.4321502671743,end,branch,0.5137503904386003,1.163124788773637
112469,sensory_ascending,LgAG1,LgAG1_R,,leg bristle,,,acetylcholine,25.0,0.05149309703200893,0.2560528215467243,0.0475363298487192,3,2571,902,1669,896,87,503,130,373,44,16,312.7402020445401,674.837104907205,branch,end,0.3542116352661144,2.788099567112727
112589,ascending_neuron,AN08B099_d,AN08B099_d_L,L,BA,T1,,acetylcholine,2.0,0.07015931757596364,0.2988806075498202,0.04390121742664389,3,1982,601,1381,766,53,880,732,148,250,44,182.7284415136849,156.3573379130831,branch,branch,0.3826898191739779,0.8860590547160946
112677,ascending_neuron,AN10B033,AN10B033_R,R,BA,T2,,acetylcholine,7.0,0.05515201139933002,0.2649938148057638,0.1508790082810583,3,2351,672,1679,947,73,548,521,27,135,29,401.8120856436051,315.5868952732952,branch,branch,0.3603428495958041,1.990878913572464
112841,ascending_neuron,AN05B104,AN05B104_L,L,BA,T2,,acetylcholine,6.0,0.1123693071780643,0.3782499775460723,0.1217934912019282,3,9140,7612,1528,4245,197,1901,1869,32,523,85,306.1185681037235,220.366890104228,end,branch,0.4305142146289427,1.222922357306427
112864,sensory_ascending,SApp23,SApp23_L,,chordotonal organ,,,acetylcholine,22.0,0.11456,0.3819192614216521,0.1578190090932315,3,919,477,442,286,38,98,44,54,30,5,383.3026696806919,313.7920852925953,end,branch,0.4325973163307991,1.611417197142831
113166,descending_neuron,DNpe018,DNpe018(hb1436667616)_R,R,xn,,,acetylcholine,3.0,0.05594248198076919,0.2668860811068078,0.06700104152735192,3,1616,1608,8,569,56,223,23,200,96,12,374.987439726787,76.38081051939439,branch,end,0.3616271280508914,1.248159264707212
113192,sensory_ascending,SApp23,SApp23_R,,chordotonal organ,,,acetylcholine,22.0,0.06077627014599631,0.2781775521701735,0.152984079233113,3,1035,615,420,324,37,93,59,34,39,6,431.431949796825,311.9856123256041,end,branch,0.3691977797378865,2.013602472501924
113323,ascending_neuron,AN05B104,AN05B104_L,L,BA,T1,,acetylcholine,6.0,0.08783934128366641,0.3344256612550119,0.1198268956110487,3,8262,6773,1489,3971,157,1102,1065,37,351,54,227.4916123850214,225.0458517071442,branch,branch,0.40480683543507,1.117909641041008
113457,sensory_ascending,SApp23,SApp23_R,,chordotonal organ,,,acetylcholine,22.0,0.0566159169687984,0.268487661441111,0.7029916956736397,3,972,535,437,305,45,115,53,62,42,4,388.6055905117229,312.6123376839672,end,branch,0.3627105651978508,1.93327130631883
113651,ascending_neuron,AN06B039,AN06B039_L,L,CA,A1,,gaba,7.0,0.106207883714165,0.3677337046117864,0.4059459687194393,3,6206,4708,1498,2379,156,1236,1210,26,301,67,146.9933949002065,148.9498925385096,branch,branch,0.4244873558302713,0.6971780981788471
113655,sensory_ascending,"SApp09,SApp22","SApp09,SApp22_R",,campaniform sensilla,,,acetylcholine,74.0,0.1071941743293028,0.3694372229774677,0.7561285449762676,3,1213,741,472,689,29,189,118,71,42,10,13.59896470134527,438.0726448176366,end,branch,0.425469433989046,1.061584154904557
114184,ascending_neuron,AN05B050_a,AN05B050_a_L,L,BA,T2,,gaba,2.0,0.09578363180668863,0.3492212876595994,0.1928777920585075,3,5120,3787,1333,2813,107,555,539,16,262,20,224.3683160723747,171.4038851657773,branch,branch,0.4136646358503513,0.9567465210667122
114550,ascending_neuron,IN10B007,IN10B007_L,L,CI,T2,,acetylcholine,2.0,0.08170182481187002,0.3225306097527759,0.2124815942695823,3,10798,9680,1118,5536,254,1713,1679,34,431,73,191.0431008375758,167.1815680354131,branch,branch,0.3975424490275978,0.9010979072781244
114612,ascending_neuron,AN16B078_b,AN16B078_b_R,R,IA,T1,,glutamate,2.0,0.1463826864161751,0.431717760822555,0.120136189854155,3,1363,1037,326,939,21,303,229,74,101,17,140.1646808028017,159.8713899907704,branch,branch,0.4599366291165032,0.6523421962932464
114757,ascending_neuron,AN04B004,AN04B004_L,L,IA,T1,,acetylcholine,4.0,0.100882811092031,0.3583964068826876,0.3596047055042841,3,11763,10226,1537,5370,285,1755,1718,37,532,71,202.5679958241288,144.2039560991371,branch,branch,0.4190635266549893,0.8274925634574722
114795,ascending_neuron,AN08B031,AN08B031_L,L,BA,T1,sexually dimorphic,acetylcholine,6.0,0.08773279600673871,0.33422277786824,0.6400252454314446,3,4665,4113,552,2654,90,2514,2505,9,380,115,261.185930067599,155.5411571073767,branch,branch,0.4046840263161341,1.029759170304967
114858,sensory_ascending,LgAG3,LgAG3_R,,leg bristle,,,acetylcholine,7.0,0.04717227147608705,0.245074685470239,0.2780735312644723,3,2308,188,2120,890,45,171,35,136,37,6,326.2553724356443,421.9985530914682,branch,end,0.3465351293598055,2.15924407695534
114880,ascending_neuron,AN10B053,AN10B053_L,L,BA,T2,,acetylcholine,11.0,0.05470797921445833,0.2639249183923293,0.1354433921650311,3,1996,552,1444,743,72,303,291,12,115,15,379.2620704827003,216.9554519045367,branch,branch,0.3596153639824657,1.657931173419797
114917,sensory_ascending,SApp23,SApp23_L,,chordotonal organ,,,acetylcholine,22.0,0.09469883540959066,0.3472381057485732,0.1037077958029763,3,1165,789,376,339,38,125,87,38,54,4,384.3501510930388,231.1543719972075,end,branch,0.412488389917584,1.492174175407035
115809,sensory_ascending,SApp,SApp_R,,haltere,,,acetylcholine,148.0,0.10992605613721,0.3741152251254594,0.1175402183136627,3,2974,2015,959,1551,84,271,203,68,35,7,77.42347806618004,242.9583866788108,branch,branch,0.4281547153909146,0.748285265181478
116066,sensory_ascending,LgAG4,LgAG4_L,,leg bristle,,,acetylcholine,8.0,0.05614522844125867,0.2673692673057244,0.06788688286627508,3,808,84,724,421,22,224,42,182,48,10,320.3375047480545,241.13231988481,branch,end,0.3619543354897202,1.55121729340029
116576,ascending_neuron,AN08B079_b,AN08B079_b_L,L,BA,T3,,acetylcholine,8.0,0.08445585806329142,0.327921542858536,0.1234615430930827,3,2848,1662,1186,1514,62,1147,1116,31,262,65,186.9771852583671,262.3591886940296,branch,branch,0.4008510396652136,1.120955989855178
116672,ascending_neuron,AN19B093,AN19B093_R,R,BA,T3,,acetylcholine,5.0,0.0916843586903757,0.3416667252137224,0.07677128530848207,3,3163,1422,1741,1508,79,587,560,27,180,36,142.7065586920888,236.3508979908839,branch,branch,0.4091658531142646,0.9264151780943367
116739,ascending_neuron,AN06A041,AN06A041_R,R,BA,T1,,gaba,2.0,0.0740533374463152,0.3070629213308988,0.06159095125370379,3,4202,2502,1700,1958,123,492,475,17,195,26,198.8919036586318,167.7901869691199,branch,branch,0.3878928092297412,0.9453180927893232
117027,sensory_ascending,SApp,SApp_L,,haltere,,,acetylcholine,148.0,0.4648040420012101,0.7692898587845054,0.3388502493348381,3,1033,735,298,673,19,130,111,19,59,7,194.4608592778746,402.0855719220912,end,branch,0.6139641934220655,0.9716306546721919
117092,ascending_neuron,AN10B053,AN10B053_R,R,BA,T1,,acetylcholine,11.0,0.07628938783194669,0.3116643473855681,0.09249111454274067,3,2306,681,1625,937,78,119,98,21,58,7,388.5123875738095,208.5330456378557,branch,branch,0.3907883445279917,1.527797442200581
117433,ascending_neuron,AN08B106,AN08B106_R,R,,T1,,acetylcholine,4.0,0.06470365370967612,0.2870248257416241,0.4982174073122947,3,1902,975,927,597,58,310,234,76,136,16,230.6786620607464,163.1790916141741,branch,branch,0.3750228854528691,1.0502232502406
117465,ascending_neuron,AN10B045,AN10B045_L,L,BA,T2,,acetylcholine,28.0,0.077875344310493,0.3148872305063928,0.326972513500995,3,1594,370,1224,690,46,331,278,53,141,14,409.6917347312934,263.6832571627254,branch,branch,0.3928036951813622,1.714278659173798
117577,sensory_ascending,LgAG4,LgAG4_R,,leg bristle,,,acetylcholine,8.0,0.06480169696107187,0.2872422029172961,0.2373384195532012,3,1320,85,1235,581,26,231,36,195,39,12,314.1139724946306,497.8711322423976,branch,end,0.3751648696632923,2.16434205437673
117692,ascending_neuron,AN08B059,AN08B059_R,R,BA,T1,male-specific,acetylcholine,5.0,0.1602210628230371,0.4516633625675074,0.4910927175294517,3,4022,3265,757,2184,87,2085,2008,77,413,115,215.2088150714754,168.2663315634482,branch,branch,0.4704413328546702,0.8151391466986332
117712,ascending_neuron,AN07B071_d,AN07B071_d_R,R,,T1,,acetylcholine,4.0,0.1199439870129987,0.3907907719204111,0.6625174489671992,3,2502,1077,1425,1074,63,317,299,18,90,14,185.092223856388,142.1272736602324,branch,branch,0.4375928224285693,0.7477716286583614
117729,sensory_ascending,"SApp09,SApp22","SApp09,SApp22_R",,campaniform sensilla,,,acetylcholine,74.0,0.2026563260200532,0.5079665818530519,0.2969229303616659,3,1046,687,359,706,18,103,83,20,36,5,160.1048275145784,321.6923330047628,branch,branch,0.4989024204270764,0.9657142174353601
117741,sensory_ascending,LgAG3,LgAG3_L,,leg bristle,,,acetylcholine,7.0,0.04207644278566364,0.2314592639245479,0.1799681657772079,3,2564,775,1789,1036,63,169,69,100,45,9,318.9890317459263,278.8891403576743,branch,end,0.3367714942257263,1.775322978205701
117817,ascending_neuron,AN08B047,AN08B047_R,R,BA,T1,potentially male-specific,acetylcholine,5.0,0.2478130921657141,0.5617165020261438,0.4056895205385172,3,819,608,211,335,26,1042,967,75,155,34,252.344159963263,153.4767551591742,branch,branch,0.524634240202458,0.7735311270683164
118151,ascending_neuron,AN08B079_a,AN08B079_a_L,L,BA,T3,,acetylcholine,7.0,0.09311002145433564,0.3443128828940322,0.5158158599655047,3,2912,1571,1341,1536,73,845,809,36,226,48,163.5969529553124,238.8810936650101,branch,branch,0.4107472612423311,0.9798678764235753
118190,sensory_ascending,SApp10,SApp10_R,,campaniform sensilla,,,acetylcholine,37.0,0.1686370317468975,0.4633738636640061,0.08012339967734335,3,2232,1493,739,1244,42,111,58,53,49,4,229.2601429706149,269.1589363888556,branch,branch,0.4765009897107906,1.045997993964258
118236,sensory_ascending,SApp,SApp_R,,haltere,,,acetylcholine,148.0,0.1694380560012408,0.4644730705690384,0.5394178308694602,3,2869,2041,828,1426,81,273,214,59,40,11,182.8245206910952,225.3999943436753,branch,branch,0.4770658283495358,0.8556985027560459
118257,ascending_neuron,AN07B056,AN07B056_R,R,,T3,,acetylcholine,7.0,0.07677997414664907,0.3126648354504501,0.4831098303603073,3,2399,1440,959,1179,42,625,611,14,169,36,164.502868836492,240.099704441251,branch,branch,0.3914150857730455,1.033691822272645
118303,ascending_neuron,AN05B060,AN05B060_L,L,BA,T3,,gaba,1.0,0.06539769450657419,0.2885600990786491,0.1220231932669636,3,2477,1819,658,1221,60,282,261,21,144,10,218.8948718810234,172.9228136290482,branch,branch,0.3760245318440514,1.042000327980117
118641,sensory_ascending,"SApp06,SApp15","SApp06,SApp15_R",,campaniform sensilla,,,acetylcholine,37.0,0.095483155040409,0.348673097404327,0.06195977410635017,3,2689,1892,797,1511,67,294,224,70,50,12,159.9964656481903,261.8408264866603,branch,branch,0.4133398332221566,1.020558045050855
118766,ascending_neuron,AN08B079_b,AN08B079_b_R,R,BA,T3,,acetylcholine,8.0,0.1193774904305734,0.3898668254256183,0.2393931332335175,3,2935,1653,1282,1510,80,1059,1025,34,257,52,211.0929960500484,224.3945260580424,branch,branch,0.4370752160195691,0.99636745838408
118772,ascending_neuron,AN07B056,AN07B056_L,L,,T3,,acetylcholine,7.0,0.1282445939428063,0.4040867337670026,0.173245885734923,3,2082,1217,865,1042,47,693,684,9,179,33,142.045340535824,225.2967789269632,branch,branch,0.4449747178726352,0.8255348106494699
118792,ascending_neuron,AN08B079_a,AN08B079_a_R,R,BA,T3,,acetylcholine,7.0,0.07483424028802299,0.3086776863249499,0.05142156736130851,3,3516,1770,1746,1806,91,734,702,32,213,46,157.8949585811571,221.0732684033203,branch,branch,0.3889113861784268,0.974433355393232
119214,sensory_ascending,"SApp09,SApp22","SApp09,SApp22_L",,campaniform sensilla,,,acetylcholine,74.0,0.5126222214776657,0.8078928665951636,0.06686520558397134,3,1291,988,303,874,26,181,152,29,64,11,137.8014062802614,330.5510387151272,branch,branch,0.6291800256139971,0.7443854317185897
119228,sensory_ascending,SApp,SApp_L,,haltere,,,acetylcholine,148.0,0.2202248387957222,0.5295271225231433,0.21343405333171,3,2676,1782,894,1308,70,221,165,56,72,10,213.6521219177944,346.4428729082081,branch,branch,0.5093803000080982,1.099561555123153
119284,ascending_neuron,AN07B042,AN07B042_R,R,BA,T1,,acetylcholine,4.0,0.1418649853438085,0.4250036580466235,0.4014626842524938,3,3921,1651,2270,1592,99,650,561,89,182,30,168.97824217377,158.053988164524,branch,branch,0.4563461322755409,0.7166319756180876
119815,ascending_neuron,AN07B072_c,AN07B072_c_L,L,,T3,,acetylcholine,2.0,0.06832855406992232,0.2949552797906826,0.4300991288788908,3,1663,486,1177,729,51,353,327,26,116,15,288.6792799642686,216.7515375912419,end,branch,0.3801684982970505,1.329491580232364
119877,sensory_ascending,"SApp09,SApp22","SApp09,SApp22_L",,campaniform sensilla,,,acetylcholine,74.0,0.2270014754017348,0.5376125511878559,0.128810022059218,3,1105,769,336,705,18,169,143,26,53,6,149.6905732163579,333.6372898209926,branch,branch,0.5132544691301278,0.941692458823598
119884,ascending_neuron,ANXXX171,ANXXX171_L,L,IA,T2,,acetylcholine,2.0,0.08605967300874408,0.3310205112703898,0.1187342805750657,3,6021,4186,1835,2167,168,1199,1164,35,130,24,147.8615895795021,164.9799317368942,branch,branch,0.4027406740354034,0.776781540790925
119914,ascending_neuron,AN07B085,AN07B085_L,L,,T3,,acetylcholine,8.0,0.2236985255015485,0.5336869951268429,0.4038020690373242,3,1833,654,1179,828,49,367,344,23,117,25,201.5187592409324,177.3886654817034,branch,branch,0.5113771872230448,0.7409548845544603
119972,sensory_ascending,SApp23,SApp23_R,,chordotonal organ,,,acetylcholine,22.0,0.09625600000000001,0.3500813414308564,0.2170664323389522,3,959,544,415,266,40,112,75,37,39,7,381.6981255567453,201.3968158209408,end,branch,0.4141737042608085,1.40785118750684
119995,ascending_neuron,AN12B060,AN12B060_L,L,,T1,,gaba,9.0,0.0856485374524642,0.3302288673529437,0.1120182982376937,3,2903,1921,982,1756,68,356,313,43,172,18,198.9777771111432,146.3852914759656,branch,branch,0.4022588035120454,0.8585593791156572
120169,sensory_ascending,"SApp06,SApp15","SApp06,SApp15_L",,campaniform sensilla,,,acetylcholine,37.0,0.09202688562177512,0.3423043528096946,0.4002538770115107,3,2847,1905,942,1317,74,298,230,68,64,11,141.1275007043394,249.2978625812904,branch,branch,0.4095474732882018,0.9533091735396553
120187,ascending_neuron,AN10B053,AN10B053_R,R,BA,T3,,acetylcholine,11.0,0.06465728253241504,0.2869219562448732,0.113467585207792,3,2258,628,1630,927,70,453,434,19,180,26,390.4092806414134,146.609072996044,branch,end,0.3749556754604307,1.432218229469443
120242,sensory_ascending,"SApp09,SApp22","SApp09,SApp22_R",,campaniform sensilla,,,acetylcholine,74.0,0.0997004937846593,0.3562900662609758,0.5176068235304624,3,1660,1121,539,909,44,412,321,91,61,18,179.7383783898451,240.4299853610782,branch,branch,0.4178302675344118,1.005595803842331
120262,ascending_neuron,AN07B056,AN07B056_R,R,,T3,,acetylcholine,7.0,0.1145666147922981,0.3819302874347547,0.1587527541014651,3,1696,849,847,812,46,537,520,17,132,26,158.9869636341505,406.4758240384397,branch,branch,0.4326035608302708,1.30711542592791
120318,sensory_ascending,"SApp09,SApp22","SApp09,SApp22_L",,campaniform sensilla,,,acetylcholine,74.0,0.1263004696301706,0.4010121599799135,0.3957069644180771,3,2006,1392,614,988,53,390,325,65,58,15,186.2027214125107,393.9076811387171,branch,branch,0.4432786464405403,1.308681135916258
120476,ascending_neuron,AN14B012,AN14B012_L,L,BA,T1,,gaba,2.0,0.0780000886086547,0.3151393299945056,0.2168546473505538,3,2949,2263,686,1569,61,1234,1101,133,230,64,224.9641652928045,111.7629137764382,branch,end,0.3929609035226121,0.856897151983127
120568,ascending_neuron,AN06A062,AN06A062_L,L,BA,T1,,gaba,4.0,0.1013236694312912,0.3591786501695129,0.09114235133865924,3,2095,859,1236,882,58,529,523,6,184,22,139.2617240684332,157.9327347642426,branch,branch,0.4195206056715943,0.7084144492900621
120857,sensory_ascending,"SApp09,SApp22","SApp09,SApp22_R",,campaniform sensilla,,,acetylcholine,74.0,0.160384,0.4518929642545947,0.4250051476067992,3,1022,676,346,653,19,124,99,25,45,5,158.7349876672986,344.6584424069061,branch,branch,0.4705608913676862,1.069773198981944
120960,ascending_neuron,AN16B112,AN16B112_R,R,,T1,,glutamate,4.0,0.1443423319034187,0.4286984545793472,0.4188769268472037,3,1056,498,558,627,14,483,298,185,145,34,143.6144378140901,156.6230374401608,branch,branch,0.4583254768653824,0.6550748112622058
120984,ascending_neuron,AN07B072_d,AN07B072_d_R,R,,T3,,acetylcholine,3.0,0.2030847319413328,0.5085032071085149,0.3440823440083472,3,2047,828,1219,956,57,366,347,19,129,22,254.8054474954254,142.6143985936628,end,branch,0.4991658757198575,0.7961678981279733
121271,sensory_ascending,SApp,SApp_R,,haltere,,,acetylcholine,148.0,0.1410420163431024,0.4237691266211132,0.2150801139147128,3,2472,1473,999,1210,67,163,115,48,44,5,189.6691745507261,314.6086434667221,branch,branch,0.455682863452583,1.106642049684894
121294,ascending_neuron,AN19B093,AN19B093_L,L,BA,T3,,acetylcholine,5.0,0.1088625136813932,0.3723010305632022,0.28829640729731,3,2647,1213,1434,1339,58,555,527,28,144,32,138.5784735196119,241.3010692698024,branch,branch,0.42711532983021,0.8894074182268916
121691,ascending_neuron,AN17A024,AN17A024_L,L,BA,T3,,acetylcholine,6.0,0.1107624629776578,0.3755358144510564,0.1569372524133822,3,11921,8720,3201,5659,275,4590,4543,47,1283,203,224.0097174561444,166.9975868559422,branch,branch,0.4289668391391316,0.9115093956837693
121748,ascending_neuron,AN07B072_d,AN07B072_d_L,L,,T3,,acetylcholine,3.0,0.09991566172063934,0.356674321533103,0.4562682409189956,3,1901,718,1183,874,43,316,302,14,111,16,242.5654198567076,210.1602111356148,end,branch,0.4180555196995017,1.082931834790129
121911,ascending_neuron,AN06A062,AN06A062_L,L,BA,T1,,gaba,4.0,0.1075767911130724,0.3700959666638884,0.312160355671416,3,2157,927,1230,970,48,511,503,8,168,28,145.1122411517561,171.7544144400871,branch,branch,0.4258485924190724,0.7440828999618218
122012,ascending_neuron,AN07B045,AN07B045_L,L,,T2,,acetylcholine,7.0,0.1790501632439184,0.4774659656283819,0.1731138570345775,3,4048,2824,1224,2118,102,933,922,11,219,47,201.8731896378828,216.1789442374812,branch,branch,0.4836923848458927,0.8642933959122758
122112,ascending_neuron,AN01A014,AN01A014_R,R,BA,T1,,acetylcholine,2.0,0.004294696612379727,0.073947126783412,0.3497191046337736,3,12376,7195,5181,6757,201,2678,2572,106,472,116,168.1374180979347,57.37060928090518,branch,branch,0.1903525469329788,1.184686157407912
122141,sensory_ascending,SApp08,SApp08_R,,campaniform sensilla,,,acetylcholine,39.0,0.1255236309882487,0.3997770013057059,0.1186667620640175,3,1416,840,576,791,37,128,82,46,38,7,245.1929476311863,350.7359543694301,end,branch,0.4425954480558921,1.346441552027352
122261,ascending_neuron,AN07B062,AN07B062_L,L,,T1,,acetylcholine,9.0,0.09724252403452234,0.3518707533038422,0.1276314428865218,3,2738,1348,1390,1094,87,722,662,60,210,45,243.974195888318,150.6024895752368,branch,branch,0.415230862435444,0.9502585697730974
122413,sensory_ascending,SApp,SApp_R,,haltere,,,acetylcholine,148.0,0.1611463314069184,0.4529656517179713,0.3632683565116462,3,1080,869,211,647,23,144,134,10,33,7,135.5371952865835,333.8707848854843,branch,branch,0.4711190606861559,0.9963680507606802
122460,sensory_ascending,"SApp09,SApp22","SApp09,SApp22_R",,campaniform sensilla,,,acetylcholine,74.0,0.1460630295782338,0.4312461307453425,0.1808281217567465,3,1608,1017,591,968,44,155,105,50,41,8,240.3372430984369,275.337738106387,end,branch,0.4596853315750001,1.121799948321146
122489,sensory_ascending,"SApp09,SApp22","SApp09,SApp22_L",,campaniform sensilla,,,acetylcholine,74.0,0.3547381022129895,0.6720614404664818,0.01991954899924004,3,887,621,266,589,11,107,85,22,33,5,145.1249831145388,376.7037264139551,branch,branch,0.5738554746872909,0.9093382089154977
122597,ascending_neuron,AN10B045,AN10B045_L,L,BA,T1,,acetylcholine,28.0,0.07372800000000002,0.3063876713483004,0.2929045245371204,3,2059,818,1241,977,71,539,470,69,192,29,230.7698611917375,181.4447657765617,branch,branch,0.3874660745932051,1.063872823965497
122753,sensory_ascending,"SApp09,SApp22","SApp09,SApp22_L",,campaniform sensilla,,,acetylcholine,74.0,0.4862110068988355,0.7868056183512535,0.2323923302401298,3,1308,889,419,770,35,232,168,64,44,13,180.9150642871889,371.2086798207516,branch,branch,0.6209144490121922,0.8892106553266874
122754,ascending_neuron,AN10B048,AN10B048_L,L,BA,T1,,acetylcholine,6.0,0.06208,0.2811453555319008,0.2032830449070822,3,1730,468,1262,627,67,209,193,16,94,10,402.7989637232191,216.5272937138529,branch,branch,0.3711619918723243,1.668614435203574
122992,sensory_ascending,"SApp09,SApp22","SApp09,SApp22_L",,campaniform sensilla,,,acetylcholine,74.0,0.1876776913294935,0.488833978222986,0.2687715678616747,3,1099,827,272,698,28,175,139,36,39,7,168.2288680067175,358.6981605971211,branch,branch,0.489416641859738,1.076643055294492
123191,sensory_ascending,LgAG2,LgAG2_R,,leg bristle,,,acetylcholine,11.0,0.05703287311619842,0.2694745060324015,0.1299389523200458,3,1985,416,1569,954,39,360,113,247,68,14,310.0541286014156,517.2269443658763,branch,end,0.3633765374317345,2.276649667076286
123315,ascending_neuron,AN07B070,AN07B070_L,L,,T1,,acetylcholine,6.0,0.06380158150410507,0.2850170110496391,0.05243803477852602,3,2431,1183,1248,1031,55,452,392,60,170,18,294.1423270285437,153.955366920735,branch,branch,0.3737088912700943,1.199055479858575
123524,sensory_ascending,SApp,SApp_R,,haltere,,,acetylcholine,148.0,0.146304,0.4316017126390178,0.164913236648618,3,1090,656,434,654,26,122,82,40,34,6,138.7278650865347,336.6615165659625,branch,branch,0.4598748081740494,1.033736515248681
123566,sensory_ascending,"SApp09,SApp22","SApp09,SApp22_R",,campaniform sensilla,,,acetylcholine,74.0,0.227072,0.5376960571755226,0.2912120180998305,3,1686,1149,537,870,54,198,152,46,35,9,153.1223069859059,380.4457776104399,branch,branch,0.5132943288367855,1.039497330518933
123771,sensory_ascending,LgAG1,LgAG1_R,,leg bristle,,,acetylcholine,25.0,0.03746651830255789,0.2184121166656293,0.101254520375288,3,2546,1054,1492,878,86,452,140,312,45,15,302.8575041629696,602.2135968504839,branch,end,0.3271420748943161,2.766599500555955
123827,ascending_neuron,AN19B063,AN19B063_L,L,BA,T3,,acetylcholine,4.0,0.1035676091567989,0.3631341013070956,0.1152423614303567,3,1410,991,419,803,43,993,985,8,173,47,183.0286215517661,312.3833183059049,end,branch,0.4218242639304629,1.174451026694232
124001,sensory_ascending,SApp13,SApp13_L,,campaniform sensilla,,,acetylcholine,8.0,0.09652861612665128,0.3505767408870885,0.6170276644653478,3,3410,2469,941,1452,88,78,45,33,48,2,267.3370614523822,276.6108053600927,branch,branch,0.4144666488810329,1.312404431770354
124174,ascending_neuron,AN08B079_b,AN08B079_b_L,L,BA,T3,,acetylcholine,8.0,0.08966970383070978,0.3378920136403786,0.169253269973067,3,3111,1638,1473,1660,81,1070,1015,55,279,58,171.7516674472919,242.1273700428368,branch,branch,0.4068993569468813,1.017153333924188
124189,sensory_ascending,"SApp09,SApp22","SApp09,SApp22_L",,campaniform sensilla,,,acetylcholine,74.0,0.3898038103229695,0.704495298771858,0.3474576195271323,3,787,532,255,403,18,72,63,9,29,4,143.9966782331654,334.6113020159257,branch,branch,0.5875395275198175,0.8145970744631268
124222,ascending_neuron,AN06A026,AN06A026_L,L,BA,A1,,gaba,4.0,0.2424703861734475,0.5556283686991148,0.4244643483979661,3,4274,3014,1260,1865,91,1786,1772,14,331,86,137.207375711268,123.7009005606055,branch,branch,0.5217833848088363,0.5000317830500897
124465,sensory_ascending,SApp08,SApp08_L,,campaniform sensilla,,,acetylcholine,39.0,0.09680234493723049,0.3510734589757186,0.1530617086979544,3,1497,911,586,910,31,125,80,45,37,8,184.074809907523,411.1486300178056,branch,branch,0.4147601655150867,1.435102715773407
124505,sensory_ascending,SApp,SApp_L,,haltere,,,acetylcholine,148.0,0.1459681410245547,0.4311060303729723,0.08780617228273652,3,2366,1679,687,1125,69,210,165,45,69,10,229.1372513280138,358.5435195353232,end,branch,0.4596106557541463,1.278649142498771
124567,sensory_ascending,"SApp06,SApp15","SApp06,SApp15_R",,campaniform sensilla,,,acetylcholine,37.0,0.09385797832597045,0.3456930569067325,0.3155270441985196,3,2113,1418,695,1165,49,321,234,87,43,16,200.5311698863385,285.0982053192803,end,branch,0.4115696756131323,1.179944500240832
124570,sensory_ascending,"SApp06,SApp15","SApp06,SApp15_R",,campaniform sensilla,,,acetylcholine,37.0,0.1393661800390271,0.4212440285919429,0.319708831389424,3,2073,1393,680,1162,50,282,227,55,38,13,206.9230861902285,388.9727725036428,end,branch,0.4543232043491197,1.311612202479453
124578,ascending_neuron,ANXXX086,ANXXX086_R,R,CA,A1,,acetylcholine,2.0,0.1248,0.3986229988133503,0.05265453510263111,3,13354,12930,424,5680,254,7306,7276,30,2192,298,254.9033337349118,149.7543512918118,end,branch,0.4419561849533749,0.9156058876501838
124689,ascending_neuron,AN05B054_a,AN05B054_a_L,L,BA,T2,,gaba,2.0,0.08140800000000001,0.3219501279046184,0.2007947626788534,3,3855,2808,1047,1547,135,1439,1338,101,574,66,230.1181933452643,195.1830498565383,branch,branch,0.3971845448570009,1.070790011114165
125223,ascending_neuron,AN10B048,AN10B048_L,L,BA,T3,,acetylcholine,6.0,0.063488,0.2843157262905906,0.1640392871151538,3,1823,705,1118,687,81,567,546,21,131,34,385.1950966930423,477.989362477411,branch,branch,0.3732488524863665,2.312624549065378
125469,ascending_neuron,AN07B085,AN07B085_L,L,BA,T3,,acetylcholine,8.0,0.05556262114157244,0.2659784322959063,0.06025624392406859,3,2032,704,1328,971,59,349,302,47,141,18,238.837970815263,179.6909527086551,branch,branch,0.3610116782390759,1.15932239523496
125557,ascending_neuron,AN07B032,AN07B032_R,R,BA,T3,,acetylcholine,2.0,0.07716958694403425,0.3134571258529988,0.5676313984907482,3,6985,5428,1557,2860,162,1505,1481,24,393,75,172.052925558269,147.7156720421579,branch,branch,0.3919106934850967,0.8159221039795047
125825,sensory_ascending,"SApp09,SApp22","SApp09,SApp22_R",,campaniform sensilla,,,acetylcholine,74.0,0.312704,0.6309889845289411,0.04813097719980246,3,983,658,325,651,14,149,107,42,52,8,205.740590636901,327.7711972544772,end,branch,0.556043705493715,0.9594781536420225
125885,ascending_neuron,AN07B071_c,AN07B071_c_R,R,,T1,,acetylcholine,4.0,0.08135713550024198,0.3218495334240599,0.160516910539777,3,2624,1148,1476,985,77,250,241,9,71,14,187.8258258282774,132.9077972155821,branch,branch,0.3971224891362731,0.8076440690665576
125886,ascending_neuron,AN06A018,AN06A018_R,R,BA,T1,,gaba,2.0,0.124911394421581,0.3988008612899026,0.09891392979893039,3,5409,4443,966,2502,82,745,738,7,173,39,157.3558152156361,253.524836846827,branch,branch,0.4420547726606425,0.9294790543476132
125890,sensory_ascending,SApp,SApp_R,,haltere,,,acetylcholine,148.0,0.2062485266457648,0.5124488073639665,0.1147636711426069,3,1126,727,399,734,21,121,95,26,46,5,140.6758021524857,335.5857834460654,branch,branch,0.5010987084480897,0.9504346699945415
125942,sensory_ascending,SApp08,SApp08_R,,campaniform sensilla,,,acetylcholine,39.0,0.1658045940818914,0.4594659572632404,0.4163780311559071,3,1135,754,381,650,28,165,119,46,46,8,224.2759396585915,401.1945026638622,end,branch,0.4744874277143576,1.31820235013474
125949,ascending_neuron,AN12B080,AN12B080_R,R,BA,T1,,gaba,3.0,0.06452382367484787,0.2866256860093582,0.1138421813365396,3,1456,715,741,763,44,216,181,35,101,6,205.9310698063587,6.00681001347527,branch,end,0.3747620393590919,0.5655265410079542
126209,ascending_neuron,AN06B046,AN06B046_L,L,BA,T2,,gaba,2.0,0.1616970050503451,0.4537389349563698,0.4742201717252034,3,1634,1163,471,434,89,693,670,23,236,33,136.6844820506331,152.2350709674106,branch,branch,0.4715210261787073,0.6127394898155458
126215,sensory_ascending,SApp08,SApp08_L,,campaniform sensilla,,,acetylcholine,39.0,0.2334475753945105,0.545192337267165,0.09383694405193825,3,1023,823,200,649,24,100,83,17,33,5,177.9901621103786,335.294351016249,end,branch,0.5168599861286525,0.9930823180397351
126597,ascending_neuron,AN10B045,AN10B045_L,L,BA,T3,,acetylcholine,28.0,0.04131714807973485,0.2293613455026738,0.6304739406882338,3,2437,1242,1195,1040,88,580,508,72,187,29,412.0875392719869,185.6939057187073,branch,branch,0.3352417922877608,1.783135213874461
126615,ascending_neuron,AN07B062,AN07B062_R,R,BA,T1,,acetylcholine,9.0,0.1437679134404164,0.4278445893737586,0.05302968325404914,3,3308,1805,1503,1396,118,867,806,61,278,49,269.5206114924092,149.0923021306319,branch,branch,0.4578688117716052,0.9142638739758805
126727,ascending_neuron,AN08B047,AN08B047_L,L,BA,T1,potentially male-specific,acetylcholine,5.0,0.09407750262919905,0.3460970913160388,0.1408207964519851,3,969,594,375,388,32,629,569,60,136,22,178.6798837505209,138.1272324497445,branch,branch,0.4118101197698509,0.7693038635799431
126986,ascending_neuron,AN19B065,AN19B065_L,L,BA,T3,,acetylcholine,6.0,0.1051541987991923,0.3659050207445566,0.2856666005182944,3,1214,783,431,648,37,793,763,30,153,46,174.8094578251949,313.7002413923269,branch,branch,0.4234305848245173,1.15369488347181
127217,ascending_neuron,AN10B053,AN10B053_L,L,BA,T3,,acetylcholine,11.0,0.065024,0.2877344750926785,0.1951274399430201,3,2115,878,1237,850,75,370,358,12,158,17,213.1151350338124,212.2978397117661,branch,branch,0.3754862085289051,1.132965645828321
127742,descending_neuron,DNge179,DNge179_R,R,nt,LB,,gaba,6.0,0.03824191972617978,0.2206606545398608,0.04769999383215006,3,1476,316,1160,715,34,440,6,434,128,26,170.047093151181,247.4574365364508,branch,branch,0.3288217157131381,1.269698775161979
127914,ascending_neuron,AN08B099_e,AN08B099_e_L,L,BA,T1,,acetylcholine,2.0,0.1332564954671611,0.4119070764403199,0.1130403089129137,3,975,338,637,451,26,766,689,77,255,45,174.7774684992038,186.4671298224938,branch,branch,0.4492599108041543,0.8040882118217194
128061,sensory_ascending,SApp08,SApp08_L,,campaniform sensilla,,,acetylcholine,39.0,0.1249357786035215,0.3988397847134622,0.5072678589580073,3,1625,1081,544,822,53,153,106,47,42,9,210.6035780527742,240.1720956807546,branch,branch,0.4420763446618655,1.019678341030252
128197,ascending_neuron,AN08B079_a,AN08B079_a_L,L,BA,T3,,acetylcholine,7.0,0.4650954088489316,0.7695309393528165,0.4613047994730316,3,2816,1402,1414,1472,62,664,644,20,195,37,172.9524959035431,230.368608665375,branch,branch,0.6140603881401894,0.6568101645352189
128531,sensory_ascending,"SApp09,SApp22","SApp09,SApp22_L",,campaniform sensilla,,,acetylcholine,74.0,0.3592945874483255,0.6763638643130738,0.1531370009660788,3,1104,734,370,692,24,156,141,15,52,5,186.703589625972,321.8002241200178,end,branch,0.5756894071575455,0.8832954148951894
128832,ascending_neuron,AN10B053,AN10B053_R,R,BA,T2,,acetylcholine,11.0,0.09699876067597105,0.3514294493677904,0.363569791946823,3,2490,798,1692,1079,70,274,260,14,113,16,384.263096124478,320.8529554493635,branch,branch,0.4149703967636936,1.699196031989174
128834,sensory_ascending,SApp,SApp_L,,haltere,,,acetylcholine,148.0,0.08612644523659363,0.3311489029465421,0.1364399650197726,3,3010,2031,979,1441,98,310,230,80,55,9,229.3894036452123,241.9699928997202,branch,branch,0.4028187712157983,1.170152510823324
129014,sensory_ascending,SApp23,SApp23_L,,chordotonal organ,,,acetylcholine,22.0,0.07668855937107655,0.3124786495426928,0.0994668018483254,3,1032,635,397,340,41,121,50,71,37,4,377.2545471979678,287.9143126979862,end,end,0.3912985283334444,1.69990125628362
129205,sensory_ascending,SApp,SApp_R,,haltere,,,acetylcholine,148.0,0.04296780652721009,0.2338980769928935,0.08291224545077977,3,2215,1455,760,1142,65,212,169,43,41,9,170.2271463613618,263.3237040990276,branch,branch,0.3385410724365919,1.280644759999077
129361,sensory_ascending,SApp08,SApp08_R,,campaniform sensilla,,,acetylcholine,39.0,0.1337013434004275,0.4125940348594971,0.4259863519172204,3,1373,796,577,679,41,209,130,79,54,10,177.449335513094,413.6095362810818,branch,branch,0.4496343815603446,1.314532197789352
129431,ascending_neuron,AN07B056,AN07B056_R,R,,T3,,acetylcholine,7.0,0.09986803665768565,0.3565893065245034,0.1967165171484621,3,1948,1121,827,972,42,632,614,18,165,27,152.5386968356277,206.8142941606284,branch,branch,0.4180056939767766,0.8596844401268394
129436,ascending_neuron,AN07B062,AN07B062_R,R,,T1,,acetylcholine,9.0,0.05986627316437052,0.2760871355003597,0.176713671238045,3,2607,1247,1360,1093,72,592,536,56,168,35,267.0527838897294,148.582677490316,branch,branch,0.3678079612993393,1.130033890271836
129503,sensory_ascending,SApp08,SApp08_L,,campaniform sensilla,,,acetylcholine,39.0,0.2928424098914086,0.610621434809887,0.1937610063745021,3,1509,1029,480,878,39,151,114,37,46,10,256.8631797909097,246.5324738083801,end,branch,0.5469958894332246,0.9202914744403076
130140,ascending_neuron,AN05B104,AN05B104_R,R,BA,T2,,acetylcholine,6.0,0.1249357786035215,0.3988397847134622,0.2979858802417701,3,9447,7853,1594,4481,190,1662,1631,31,427,85,228.6390206326665,135.0571513754557,branch,branch,0.4420763446618655,0.8226999168804325
130228,sensory_ascending,LgAG1,LgAG1_R,,leg bristle,,,acetylcholine,25.0,0.05033918834780303,0.2531676228396798,0.03327813366104126,3,2536,1165,1371,851,82,464,145,319,53,16,309.0482236716467,419.3360072311459,branch,end,0.3522103564511456,2.06803751667599
130333,ascending_neuron,AN12B089,AN12B089_L,L,,T1,,gaba,7.0,0.06783805087879213,0.2938946903512109,0.08551041219992606,3,1380,671,709,770,33,252,214,38,100,14,196.4760823141958,143.3549186472927,branch,branch,0.3794843847539623,0.8955072056043016
130347,sensory_ascending,LgAG1,LgAG1_L,,leg bristle,,,acetylcholine,25.0,0.06580254467731889,0.2894518993327988,0.1707441072070731,3,1942,222,1720,587,61,369,72,297,38,15,310.9121346488047,427.2476587303407,branch,end,0.3766051389360897,1.960036433555974
130639,ascending_neuron,AN05B068,AN05B068_L,L,,T3,,gaba,5.0,0.07903837162223928,0.3172298540505111,0.1750417608363129,3,1501,1112,389,603,53,453,375,78,211,25,184.0089103066633,170.9299768452378,branch,branch,0.3942621316900095,0.9002611679454257
131108,ascending_neuron,AN07B082_c,AN07B082_c_L,L,BA,T1,,acetylcholine,2.0,0.091045660944562,0.3404745745149939,0.188508788324323,3,3212,1719,1493,1437,66,296,283,13,126,17,177.4714061226067,175.6635657713258,branch,branch,0.408451394308242,0.8645703670371989
131125,ascending_neuron,AN07B062,AN07B062_L,L,BA,T1,,acetylcholine,9.0,0.1148155286870798,0.3823449639711036,0.1235725797565309,3,3075,1605,1470,1362,101,874,840,34,282,52,233.0577267667418,154.9894626027107,branch,branch,0.4328383443571523,0.8965175900618896
131199,ascending_neuron,AN10B045,AN10B045_L,L,BA,T3,,acetylcholine,28.0,0.04585386629043604,0.2416256522805098,0.4063336448736533,3,1602,306,1296,698,40,345,274,71,149,18,243.7405756251932,22.05412741131137,branch,end,0.3440880259722064,0.7724613557403305
131295,ascending_neuron,AN07B071_d,AN07B071_d_L,L,,T1,,acetylcholine,4.0,0.06865342758484731,0.2956556423994635,0.09749718091534364,3,2257,905,1352,967,61,380,373,7,97,19,236.1795099726845,143.3217446788946,branch,branch,0.380619580126584,0.9970618288354133
131384,ascending_neuron,AN07B072_d,AN07B072_d_R,R,,T3,,acetylcholine,3.0,0.07979720490377969,0.3187490499481166,0.5286856829088034,3,1761,880,881,877,47,350,333,17,123,19,244.2838363220299,163.8442943041302,end,branch,0.3952050537057656,1.032699675267857
131475,sensory_ascending,SApp01,SApp01_R,,campaniform sensilla,,,acetylcholine,18.0,0.1595345489305374,0.4506946820740699,0.1966446047668543,3,1523,1205,318,914,31,228,204,24,76,9,179.2891838332852,343.4927482664087,end,branch,0.4699365853136934,1.112452080637061
131604,ascending_neuron,AN07B071_d,AN07B071_d_L,L,BA,T1,,acetylcholine,4.0,0.06418301106843805,0.2858677103006039,0.4492441553368543,3,1811,831,980,837,36,559,551,8,118,24,236.7861947230244,167.3864690453038,branch,branch,0.3742661860859138,1.07990697208096
131792,ascending_neuron,AN07B082_a,AN07B082_a_L,L,BA,T1,,acetylcholine,2.0,0.08613692028777638,0.3311690401775163,0.03806142058117885,3,2740,1284,1456,1256,49,296,288,8,126,15,209.6420794635959,166.6677650233987,branch,branch,0.402831018774601,0.9341630285366729
132009,sensory_ascending,SApp,SApp_L,,haltere,,,acetylcholine,148.0,0.08807703311392097,0.3348778307735413,0.2208158623463055,3,4052,2510,1542,2031,96,269,192,77,48,9,144.8873571033835,195.2025750368741,branch,branch,0.4050804081648917,0.8395615420675219
132257,ascending_neuron,AN07B056,AN07B056_L,L,,T3,,acetylcholine,7.0,0.07022968571019957,0.2990304550719676,0.524085673774723,3,2251,1395,856,1181,44,577,559,18,165,29,158.537712004804,225.4521415351829,branch,branch,0.3827857403107698,1.003145658530121
132393,sensory_ascending,"SApp06,SApp15","SApp06,SApp15_R",,campaniform sensilla,,,acetylcholine,37.0,0.1316399120139692,0.4094009546174056,0.3966300365833111,3,2073,1461,612,1053,63,270,211,59,38,11,178.0629665003969,346.548180094166,branch,end,0.4478911338288901,1.17129165319665
132581,ascending_neuron,AN05B104,AN05B104_R,R,BA,T1,,acetylcholine,6.0,0.1314022995075641,0.4090312995385126,0.1082175549057157,3,7863,6252,1611,3479,174,520,490,30,217,27,296.0523882905262,137.3071574580733,end,branch,0.447688883906973,0.9679926424946682
132618,ascending_neuron,AN06B045,AN06B045_R,R,BA,A1,,gaba,2.0,0.05915530962047065,0.2744428528671054,0.07171945747910397,3,5776,3899,1877,2888,144,968,929,39,201,39,157.9939726504529,171.8465887385519,branch,branch,0.3667110550622678,0.8994562799122531
132923,ascending_neuron,AN08B110,AN08B110_L,L,BA,T1,,acetylcholine,2.0,0.085968825912766,0.3308457476930702,0.5755492073325953,3,2965,819,2146,1190,118,254,213,41,115,16,192.239153873922,198.9105834990796,branch,branch,0.4026343457401571,0.971476332089744
133115,sensory_ascending,SApp13,SApp13_R,,campaniform sensilla,,,acetylcholine,8.0,0.04142627736939888,0.2296640471164044,0.1094657735284475,3,2718,1849,869,1399,60,50,34,16,34,1,226.1638731223372,263.9992336658052,branch,branch,0.3354629384701656,1.461154275412558
133389,sensory_ascending,"SApp09,SApp22","SApp09,SApp22_R",,campaniform sensilla,,,acetylcholine,74.0,0.09357911747269283,0.345179131651451,0.6513470033108303,3,1763,1080,683,907,44,186,142,44,44,8,214.9216859139694,385.0483999817686,end,branch,0.4112636313962261,1.458845470626371
133408,sensory_ascending,SApp08,SApp08_L,,campaniform sensilla,,,acetylcholine,39.0,0.4885917172960129,0.7887295453394317,0.218439215272429,3,1167,913,254,755,22,118,99,19,43,5,174.0726562325498,334.3743082661189,end,branch,0.6216731273075277,0.8178686550289818
133485,ascending_neuron,AN08B079_a,AN08B079_a_L,L,BA,T3,,acetylcholine,7.0,0.05823228581042885,0.2722933144132597,0.6058002400968654,3,3068,1639,1429,1546,72,875,858,17,221,49,163.7063342146262,163.0989846511664,branch,branch,0.3652721233032946,0.8946900078504977
133908,sensory_ascending,"SApp06,SApp15","SApp06,SApp15_L",,campaniform sensilla,,,acetylcholine,37.0,0.07936493278896567,0.3178845244615715,0.06147352315333396,3,1755,1190,565,855,43,305,242,63,47,14,224.70503005456,250.8332351132472,end,branch,0.3946687433610243,1.204904804768913
134030,ascending_neuron,AN08B043,AN08B043_L,L,BA,T1,sexually dimorphic,acetylcholine,2.0,0.091264,0.3408825806794913,0.3638983158836646,3,3312,2797,515,1907,81,2260,2205,55,396,109,238.458329868713,153.9623538783873,branch,branch,0.4086960539728157,0.9601773247685969
134187,sensory_ascending,SApp,SApp_L,,haltere,,,acetylcholine,148.0,0.206949996540968,0.513319510031292,0.3351931808723383,3,1042,816,226,693,18,146,120,26,52,7,197.0224101793593,230.3148378310325,end,branch,0.5015242366180651,0.8520769622063744
134221,ascending_neuron,AN06A062,AN06A062_R,R,BA,T1,,gaba,4.0,0.08529583023822564,0.329548212042375,0.2123980928716108,3,2162,980,1182,911,51,464,455,9,177,20,136.0423916669385,144.7168187079321,branch,branch,0.4018440293207848,0.6986770734143364
134546,sensory_ascending,SApp,SApp_R,,haltere,,,acetylcholine,148.0,0.192990454819005,0.4957046286166611,0.4166861355896913,3,821,549,272,496,16,96,77,19,36,4,179.458598301024,347.2439830181602,branch,branch,0.4928440605527918,1.068700271498485
134828,ascending_neuron,AN10B048,AN10B048_R,R,BA,T3,,acetylcholine,6.0,0.05288157159769207,0.2594819996568651,0.6356613637391971,3,2178,765,1413,842,68,723,699,24,152,37,391.8155216534518,456.6948492550726,branch,branch,0.35657562989058,2.37960841902993
135049,ascending_neuron,AN07B070,AN07B070_L,L,,T1,,acetylcholine,6.0,0.05909674123810667,0.274306959279816,0.1454017561308571,3,2167,1159,1008,980,54,517,469,48,171,29,253.081934735836,156.4910780162957,branch,branch,0.3666202531872862,1.117158719932756
135305,sensory_ascending,SApp23,SApp23_L,,chordotonal organ,,,acetylcholine,22.0,0.100736,0.3581355312984755,0.1734234203990495,3,862,356,506,307,35,73,24,49,29,1,340.9641087006539,215.0276804335279,branch,branch,0.4189109813984983,1.327231354208121
135347,sensory_ascending,SApp,SApp_R,,haltere,,,acetylcholine,148.0,0.205743465027548,0.5118209801716905,0.183454448910815,3,1040,755,285,645,23,136,107,29,56,4,181.6407394015927,340.5079478383855,branch,branch,0.5007916535687553,1.042646544763731
135600,ascending_neuron,AN19B061,AN19B061_R,R,,T3,,acetylcholine,4.0,0.08439498103302223,0.3278033362069671,0.2319499019859463,3,1741,1093,648,847,44,582,557,25,141,33,159.814892754936,402.6537351219522,branch,branch,0.4007787852936004,1.403439125314076
135694,ascending_neuron,AN07B045,AN07B045_R,R,,T2,,acetylcholine,7.0,0.09194674189076421,0.3421552685329836,0.4349205378256719,3,4563,3376,1187,2296,115,1046,1027,19,251,59,214.0007051575614,208.9000284378667,branch,branch,0.4094582781934711,1.032829853779645
135809,ascending_neuron,AN06A080,AN06A080_L,L,BA,T1,,gaba,4.0,0.0881577278018591,0.3350312003550199,0.05688515645361673,3,2083,1073,1010,958,54,608,606,2,151,36,146.1072719257717,185.3301115990247,branch,branch,0.4051731582594776,0.8180141669516519
136203,sensory_ascending,SApp08,SApp08_R,,campaniform sensilla,,,acetylcholine,39.0,0.1520657654347254,0.4400183472901032,0.2898232471613573,3,1914,1209,705,986,44,208,147,61,52,11,171.4512691284837,401.1920283679988,branch,branch,0.4643371514020287,1.23324893510552
136369,ascending_neuron,AN05B068,AN05B068_R,R,BA,T3,,gaba,5.0,0.07042401602192645,0.2994438880628213,0.04968680120739,3,1316,794,522,539,32,474,398,76,208,24,191.7985598480599,148.6198261368853,branch,branch,0.3830502645225329,0.888704218516262
136454,sensory_ascending,SApp,SApp_L,,haltere,,,acetylcholine,148.0,0.1078645942801659,0.3705906999835822,0.07896351163160592,3,3992,2895,1097,1779,127,357,278,79,57,14,162.9036365212392,220.3476601977142,branch,branch,0.4261331282497938,0.8993698713194068
136663,ascending_neuron,AN10B048,AN10B048_L,L,,T1,,acetylcholine,6.0,0.080768,0.3206821035685802,0.1267241354580169,3,1854,930,924,714,78,434,418,16,124,28,397.4766420993381,216.4813142667834,branch,branch,0.3964016028582684,1.548828137775314
136883,sensory_ascending,SApp,SApp_L,,haltere,,,acetylcholine,148.0,0.1107965855448591,0.3755936556138121,0.3235281928227187,3,4367,2953,1414,2037,117,249,185,64,44,7,164.2536257375016,202.3756784865243,branch,branch,0.4289998732526245,0.8546140152543341
137572,ascending_neuron,AN10B047,AN10B047_L,L,,T3,,acetylcholine,16.0,0.1376476494846553,0.4186387829187685,0.3717587274361258,3,2679,1260,1419,1335,77,452,426,26,200,16,225.6129850896911,7.380077343935032,branch,end,0.4529161110296216,0.5144287358291565
137815,ascending_neuron,AN08B102,AN08B102_L,L,BA,T1,,acetylcholine,2.0,0.1004088733559857,0.3575535599027729,0.09642917430857782,3,1362,657,705,576,47,611,509,102,195,44,176.8080049702608,175.1071230634205,branch,branch,0.4185704771628772,0.840754776636436
137825,sensory_ascending,"SApp09,SApp22","SApp09,SApp22_L",,campaniform sensilla,,,acetylcholine,74.0,0.224512,0.5346564847334977,0.1237909175738046,3,1201,778,423,674,33,205,148,57,41,11,142.9240308862466,372.5373666993548,branch,branch,0.5118414574059177,1.007072385652444
137839,ascending_neuron,AN05B054_b,AN05B054_b_R,R,BA,T2,,gaba,4.0,0.0873999249840781,0.3335881303293254,0.6167256779586544,3,3075,2540,535,1349,81,618,565,53,357,19,249.3045460647525,166.8995642775811,branch,branch,0.40429962139652,1.029444719499596
137843,ascending_neuron,AN07B071_c,AN07B071_c_L,L,,T1,,acetylcholine,4.0,0.126440495528122,0.4012343940420792,0.4809952814894029,3,1540,623,917,654,37,235,224,11,72,13,179.2290761939362,149.5923256127976,branch,branch,0.443401458139933,0.7415884539174452
138205,sensory_ascending,SApp,SApp_R,,haltere,,,acetylcholine,148.0,0.05228839442689064,0.2580225794674312,0.09223338596529092,3,3318,2262,1056,1656,81,174,130,44,36,10,168.8574286279545,220.2397271241923,branch,branch,0.3555714610862931,1.094286798393298
138315,ascending_neuron,AN07B085,AN07B085_L,L,,T3,,acetylcholine,8.0,0.08239253885850244,0.3238910907477602,0.1327617430699959,3,1639,643,996,827,30,329,300,29,134,18,220.1537273341723,154.3608393309032,branch,branch,0.3983800126341713,0.9400937667246592
138437,sensory_ascending,LgAG8,LgAG8_R,,leg bristle,,,glutamate,9.0,0.07481511499852912,0.3086382396269718,0.1396492676421752,3,855,40,815,485,11,36,9,27,28,0,335.8665664889103,511.8852755454361,branch,end,0.3888865354023152,2.179946500737858
138523,ascending_neuron,AN08B079_a,AN08B079_a_R,R,BA,T3,,acetylcholine,7.0,0.07504475140309678,0.3091115415367767,0.04124767397157326,3,2941,1438,1503,1520,75,700,668,32,213,40,144.6748695368534,221.1689513912699,branch,branch,0.3891846031808305,0.9400264500138455
138625,sensory_ascending,SApp,SApp_L,,haltere,,,acetylcholine,148.0,0.245149463519996,0.5586895303514011,0.1755992708642558,3,1063,853,210,727,18,123,104,19,55,6,170.6843342417996,300.300026543434,end,branch,0.5232187590981295,0.9001671912472478
138981,sensory_ascending,SApp,SApp_R,,haltere,,,acetylcholine,148.0,0.08870642897437159,0.3360722143266398,0.06307563618760476,3,2429,1629,800,1358,60,239,178,61,38,14,161.8727893875565,372.8371908490724,branch,branch,0.4058021500929406,1.317661772157108
139028,ascending_neuron,AN09B040,AN09B040_L,L,BA,T1,,glutamate,6.0,0.05216209395726048,0.2577107695898158,0.0567151172357408,3,3396,2433,963,1510,103,617,545,72,225,34,234.7051428373,173.9906791580579,branch,branch,0.355356549255828,1.150100716734307
139217,sensory_ascending,SApp01,SApp01_R,,campaniform sensilla,,,acetylcholine,18.0,0.159596896019487,0.4507827406068212,0.06178841347730882,3,1293,1078,215,878,23,301,286,15,89,16,158.0440835570314,348.9938911969408,end,branch,0.4699824921178898,1.078844389434803
139218,sensory_ascending,SApp,SApp_R,,haltere,,,acetylcholine,148.0,0.1572832879135301,0.4475034099283184,0.355069300665931,3,3612,2418,1194,1737,84,164,115,49,40,5,221.3752875174223,164.2108299632962,branch,branch,0.4682698696957514,0.8234271355772796
139436,ascending_neuron,AN06A010,AN06A010_L,L,BA,T2,,gaba,2.0,0.06527095478853819,0.2882803509769401,0.04263558931216157,3,2887,2362,525,929,79,1617,1610,7,310,87,163.0093780527891,173.5105635952533,branch,branch,0.3758422168659351,0.89537557662949
139538,sensory_ascending,SApp,SApp_R,,haltere,,,acetylcholine,148.0,0.05759910252649546,0.2708088903230266,0.3871275162213275,3,4300,3191,1109,1928,120,197,154,43,32,9,146.3191516130374,205.614301735949,branch,branch,0.3642751106763719,0.9661199544913459
139623,ascending_neuron,AN08B110,AN08B110_R,R,BA,T1,,acetylcholine,2.0,0.1251014629589362,0.3991041590155867,0.4554297685861936,3,3052,871,2181,1347,93,323,291,32,144,16,189.8700106814098,195.9343970029151,branch,branch,0.4422228373994693,0.8724208137984959
139941,ascending_neuron,AN11B012,AN11B012_L,L,IA,T1,,gaba,2.0,0.2918781040214938,0.6096152428232822,0.463094531822099,3,3912,3213,699,2236,54,1725,1721,4,281,84,145.3549826408521,223.0913753231946,branch,branch,0.5465450292367575,0.6741372407660114
140146,ascending_neuron,AN05B053,AN05B053_L,L,,A5,,gaba,4.0,0.04629136702761858,0.2427756146720947,0.2250881718623275,3,3635,3189,446,1533,175,4265,3985,280,943,289,199.0819191069751,184.5301124317516,branch,branch,0.344905858444484,1.112222428661567
140179,ascending_neuron,AN12B089,AN12B089_L,L,,T1,,gaba,7.0,0.0794658032085698,0.3180864711038391,0.1610194236143768,3,1299,603,696,782,34,227,191,36,105,9,195.2704313925457,144.6522860048104,branch,branch,0.3947940866336287,0.8610126871348163
140194,ascending_neuron,AN12B060,AN12B060_L,L,BA,T1,,gaba,9.0,0.04731156244420522,0.2454362488043872,0.03243903924811702,3,2060,1382,678,1406,37,260,215,45,142,7,200.1479276263258,134.9219736048464,branch,branch,0.3467906600734076,0.9662022072919888
140213,ascending_neuron,AN12B060,AN12B060_L,L,BA,T1,,gaba,9.0,0.04013189542073725,0.2260475973215788,0.1060052752444315,3,1958,1200,758,1327,35,263,239,24,133,8,203.0521279899237,136.5971027649111,branch,branch,0.3328112418287183,1.020546147685827
140432,sensory_ascending,"SApp09,SApp22","SApp09,SApp22_L",,campaniform sensilla,,,acetylcholine,74.0,0.1507633267184202,0.4381299230521922,0.07700996716618322,3,1207,862,345,790,29,150,110,40,37,8,203.3049624943724,375.9579140766423,end,branch,0.4633396834888786,1.25019051294992
140650,ascending_neuron,AN10B047,AN10B047_L,L,BA,T1,,acetylcholine,16.0,0.074112,0.3071845196936401,0.1089049105893575,3,2333,933,1400,1083,61,190,170,20,106,5,232.3742249184805,213.3711868554725,branch,branch,0.3879696053170708,1.148918383463737
140748,sensory_ascending,"SApp09,SApp22","SApp09,SApp22_L",,campaniform sensilla,,,acetylcholine,74.0,0.2174959228354021,0.5262360779846831,0.0755007811365222,3,1096,847,249,647,22,98,82,16,32,4,178.0114998017041,331.8124000821437,end,branch,0.5077949174740671,1.003995672937952
140790,sensory_ascending,LgAG8,LgAG8_R,,leg bristle,,,glutamate,9.0,0.05590961864029916,0.2668076786449203,0.212592422531648,3,1193,81,1112,622,28,57,14,43,27,2,308.1630069973102,248.7936238123918,branch,end,0.3615740069971995,1.540366895936786
140838,sensory_ascending,SApp,SApp_R,,haltere,,,acetylcholine,148.0,0.09035040402040968,0.3391720909532275,0.05193378682438717,3,3605,2459,1146,1891,91,236,178,58,45,8,137.2855702226366,173.1123248168228,branch,branch,0.4076693814441814,0.7613961439533802
140895,ascending_neuron,AN10B047,AN10B047_L,L,BA,T2,,acetylcholine,16.0,0.064,0.2854598585844434,0.2343118515981935,3,1950,822,1128,956,51,203,181,22,100,6,225.7196142707637,235.0045223369276,branch,branch,0.3739991052213591,1.231885665434954
141234,sensory_ascending,LgAG8,LgAG8_R,,leg bristle,,,glutamate,9.0,0.05356151409262928,0.2611448598357343,0.2606214123029564,3,993,102,891,526,23,50,19,31,28,2,324.4133564584635,667.801862674109,branch,end,0.3577163419799405,2.773748645758578
141369,ascending_neuron,AN19B061,AN19B061_L,L,,T3,,acetylcholine,4.0,0.0925764401369482,0.3433248964074262,0.06722017479041684,3,1408,1024,384,673,40,668,659,9,131,30,172.3804124483695,413.3329857953318,end,branch,0.4101575297853726,1.428020591381545
141508,sensory_ascending,SApp,SApp_L,,haltere,,,acetylcholine,148.0,0.1462450841749125,0.4315148020573815,0.2761969472880444,3,1716,1166,550,918,53,189,134,55,41,9,247.6521512780733,232.9030898973568,end,branch,0.4598285039100087,1.045074929216388
141639,ascending_neuron,AN07B060,AN07B060_L,L,BA,T2,,acetylcholine,6.0,0.1660309475152403,0.459779477604484,0.3685733746114963,3,3115,1791,1324,1546,96,711,694,17,197,43,163.9294833266055,311.4754588791509,branch,branch,0.4746492852898834,1.001592032136763
141892,ascending_neuron,AN10B034,AN10B034_L,L,BA,T3,,acetylcholine,8.0,0.07140191446441212,0.3015157393335995,0.1260941476506308,3,2580,1724,856,1297,71,1058,1031,27,362,50,251.4072422803038,266.9467674469741,branch,branch,0.3843731419772507,1.348569796164262
142316,ascending_neuron,AN05B054_b,AN05B054_b_R,R,CA,T2,,gaba,4.0,0.07616836678244653,0.3114170461700886,0.3396460589837358,3,2898,2389,509,1307,64,661,603,58,353,20,197.3155473172255,195.1832364697503,branch,branch,0.3906332712703098,1.004775610921721
142571,sensory_ascending,SApp23,SApp23_L,,chordotonal organ,,,acetylcholine,22.0,0.1130713281065947,0.3794296856085998,0.370050682536557,3,584,163,421,236,25,71,19,52,29,2,397.1844269314394,216.0914299112171,end,branch,0.4311850483820304,1.422303159963222
142880,sensory_ascending,SApp08,SApp08_L,,campaniform sensilla,,,acetylcholine,39.0,0.2471900836175906,0.5610099727529876,0.3617448432136228,3,1526,1068,458,923,40,267,232,35,82,11,204.6341161114604,326.3049212612638,end,branch,0.5243041928584625,1.012654570771386
142953,ascending_neuron,AN10B034,AN10B034_L,L,BA,T1,,acetylcholine,8.0,0.126336,0.4010685616246448,0.1541382575867533,3,3060,2195,865,1584,81,433,401,32,166,14,214.5264095651287,216.8302083708191,branch,branch,0.4433098185198202,0.9730364632486975
143017,sensory_ascending,"SApp09,SApp22","SApp09,SApp22_L",,campaniform sensilla,,,acetylcholine,74.0,0.1847560827122882,0.4850141757099951,0.419931587966394,3,2623,1942,681,1266,68,437,351,86,43,18,144.4140781116093,231.5483739587478,branch,branch,0.4875007139460388,0.7712039004561787
143082,sensory_ascending,"SApp06,SApp15","SApp06,SApp15_L",,campaniform sensilla,,,acetylcholine,37.0,0.3726230342053436,0.6887948768896635,0.1521396191805849,3,904,760,144,586,22,161,136,25,51,7,138.3574361429752,384.820501135537,branch,branch,0.5809556692863364,0.9005470897998119
143196,sensory_ascending,"SApp06,SApp15","SApp06,SApp15_R",,campaniform sensilla,,,acetylcholine,37.0,0.116282733498879,0.3847801640686185,0.4292446416730278,3,2248,1415,833,1207,47,282,199,83,60,13,181.3514081924357,259.8006526323072,branch,branch,0.4342145557136737,1.015977136233185
143244,ascending_neuron,AN08B097,AN08B097_L,L,BA,T1,,acetylcholine,5.0,0.07792404660909913,0.3149856784498162,0.1264113088374219,3,2125,859,1266,880,53,897,799,98,238,44,176.4418477776618,147.1650527791644,branch,branch,0.3928650944540759,0.8237099837197532
143861,ascending_neuron,AN05B083,AN05B083_L,L,BA,T1,,gaba,1.0,0.09728,0.3519385499086973,0.142286491762799,3,2553,1580,973,1251,70,812,763,49,297,46,282.0411692699255,170.893509701466,branch,branch,0.4152708627573836,1.09069698741665
144434,sensory_ascending,"SApp09,SApp22","SApp09,SApp22_R",,campaniform sensilla,,,acetylcholine,74.0,0.08839606445989615,0.3354837773563698,0.3288361094260031,3,2732,2173,559,1338,84,401,347,54,49,15,135.0292288631395,241.1450161950737,branch,branch,0.4054467300455402,0.9278018964808541
144505,descending_neuron,DNg65,DNg65_L,L,xl,MX,,unclear,2.0,0.1566466217877879,0.4465967682478057,0.007896037584877507,3,9814,3053,6761,4365,252,2391,122,2269,454,78,213.8204130961352,137.9208642966105,branch,branch,0.4677952719314559,0.751912852689723
144519,ascending_neuron,AN07B062,AN07B062_R,R,BA,T1,,acetylcholine,9.0,0.09392643263671588,0.3458190976926666,0.05006182837196948,3,3254,1856,1398,1295,119,691,626,65,234,45,267.4538289475929,157.4010528837915,branch,branch,0.4116446985804707,1.032091226478728
144662,sensory_ascending,SApp13,SApp13_L,,campaniform sensilla,,,acetylcholine,8.0,0.07225705684159336,0.3033159114799174,0.7850321669922623,3,3209,2337,872,1440,75,71,46,25,43,0,249.4126737424852,279.4254187366786,branch,branch,0.3855188667564267,1.37175671045248
144990,sensory_ascending,LgAG8,LgAG8_L,,leg bristle,,,glutamate,9.0,0.05394415459498994,0.2620760020254587,0.0638581645497748,3,857,67,790,458,17,79,25,54,37,5,321.4693157881359,663.2451611407017,branch,end,0.3583535139948745,2.747885644963766
145101,ascending_neuron,AN07B089,AN07B089_L,L,BA,A1,,acetylcholine,11.0,0.05475155819155048,0.2640300153871724,0.1374360544336211,3,1669,646,1023,874,39,211,200,11,91,7,162.239359990202,273.2257869020428,branch,branch,0.3596869577003237,1.210678167694522
145433,sensory_ascending,SApp,SApp_R,,haltere,,,acetylcholine,148.0,0.06857523426108392,0.2954872248519209,0.3863356045349503,3,2337,1547,790,1211,67,233,167,66,40,9,187.442773269569,384.594754909877,branch,branch,0.3805111564428055,1.503339701067159
145544,ascending_neuron,AN07B046_b,AN07B046_b_L,L,BA,T2,,acetylcholine,2.0,0.08732761556573901,0.3334501064413218,0.07250645882510798,3,3583,2625,958,1966,104,790,784,6,178,50,266.3053412768016,217.6041197715201,branch,branch,0.404215972168651,1.197155714684179
145554,sensory_ascending,SApp08,SApp08_L,,campaniform sensilla,,,acetylcholine,39.0,0.1095283258102419,0.3734378069909862,0.07973538042465199,3,2223,1356,867,1098,53,270,179,91,52,11,170.8891672792467,269.4298269927048,branch,branch,0.4277669054819263,1.029343291005376
145804,sensory_ascending,"SApp06,SApp15","SApp06,SApp15_R",,campaniform sensilla,,,acetylcholine,37.0,0.2951590828858633,0.6130319863743202,0.3475539143313131,3,1579,958,621,802,39,281,214,67,35,12,199.8328544218087,392.419022114826,end,branch,0.5480745143896192,1.080604664123481
145821,sensory_ascending,SApp,SApp_L,,haltere,,,acetylcholine,148.0,0.1317748134968487,0.4096106731327794,0.2258905641873073,3,3165,2135,1030,1602,88,318,236,82,40,16,148.4939574173504,217.2901015381068,branch,branch,0.4480058368314657,0.8164716369377587
145823,ascending_neuron,AN07B046_a,AN07B046_a_R,R,BA,T2,,acetylcholine,4.0,0.07656696628653357,0.3122308269476583,0.08007555732416054,3,3863,2626,1237,2069,107,755,745,10,197,36,205.0280682408324,219.0381788820418,branch,branch,0.3911433307680863,1.084170977145737
146059,ascending_neuron,AN08B079_a,AN08B079_a_L,L,BA,T3,,acetylcholine,7.0,0.06341800486179583,0.2841589548795626,0.2256747807001327,3,3135,1559,1576,1595,82,677,649,28,185,35,179.9044216929503,232.2117395699092,branch,branch,0.3731459337725465,1.104436961422358
146224,sensory_ascending,SApp,SApp_L,,haltere,,,acetylcholine,148.0,0.4459229617781511,0.753502985290283,0.1812461676250663,3,1190,882,308,800,22,138,118,20,56,5,179.6124741780203,332.5991333879226,end,branch,0.6076318480726949,0.8429637274454773
146426,sensory_ascending,SApp01,SApp01_L,,campaniform sensilla,,,acetylcholine,18.0,0.3041553628212786,0.6223042950898885,0.1005536557624039,3,2047,1714,333,1165,45,294,265,29,92,16,184.2921109470339,343.5698314746818,end,branch,0.552203861444345,0.9559186004984455
146485,sensory_ascending,"SApp06,SApp15","SApp06,SApp15_L",,campaniform sensilla,,,acetylcholine,37.0,0.3670288307846578,0.683604872285838,0.4581838956705492,3,2184,1401,783,1107,53,239,173,66,43,12,229.5735840055078,244.0443371155638,end,branch,0.5787628075646021,0.8183281906348239
146502,ascending_neuron,AN07B046_a,AN07B046_a_R,R,,T2,,acetylcholine,4.0,0.09755962880682471,0.3524440060017094,0.09545284336015791,3,4374,2745,1629,2132,124,825,812,13,197,41,203.2814043987162,229.5049524030214,branch,branch,0.4155689629181149,1.04143089455652
146824,sensory_ascending,SApp,SApp_L,,haltere,,,acetylcholine,148.0,0.2562812832666617,0.5712332837209222,0.3668027059966903,3,1023,738,285,604,17,131,110,21,40,5,190.4732826411487,342.2496787610655,end,branch,0.5290598350123091,1.006923841402211
146936,ascending_neuron,AN10B047,AN10B047_L,L,BA,T3,,acetylcholine,16.0,0.05893491352618143,0.2739311272328894,0.1263436865504406,3,2154,927,1227,1027,63,314,287,27,143,18,223.4291581972312,8.266887357410297,branch,end,0.3663690111678603,0.6324116901046651
147170,sensory_ascending,SApp,SApp_L,,haltere,,,acetylcholine,148.0,0.2444501494768314,0.5578921016023827,0.2264285807418492,3,1139,819,320,752,23,163,131,32,60,6,201.6848643782866,329.6185479961247,end,branch,0.5228452254588996,1.016177228945885
147266,sensory_ascending,SApp,SApp_L,,haltere,,,acetylcholine,148.0,0.08183333899409875,0.3227900916772455,0.1803764305393227,3,3644,2562,1082,1687,107,213,157,56,41,7,180.1472746572639,214.4204432781299,branch,branch,0.39770233205483,0.9921181902473631
147452,sensory_ascending,"SApp09,SApp22","SApp09,SApp22_L",,campaniform sensilla,,,acetylcholine,74.0,0.2433753658847007,0.5566642974529532,0.05665798097851809,3,836,591,245,439,25,80,54,26,30,5,158.6326934800634,394.3400000625813,branch,branch,0.5222695719185132,1.058787881345157
147493,sensory_ascending,SApp,SApp_L,,haltere,,,acetylcholine,148.0,0.08180073607355472,0.3227257844630547,0.4596785790055138,3,4295,3137,1158,1925,126,203,156,47,41,6,174.3995927358187,235.6282068208054,branch,branch,0.3976627143533786,1.03109440427009
147617,ascending_neuron,AN19B065,AN19B065_R,R,BA,T3,,acetylcholine,6.0,0.1012543950962236,0.3590558451198783,0.2849539097327726,3,1239,860,379,665,35,753,736,17,131,28,201.5372281523786,304.214297788839,end,branch,0.4194488814012267,1.205752472748729
147822,ascending_neuron,AN10B053,AN10B053_R,R,BA,T1,,acetylcholine,11.0,0.0841528855713273,0.3273328301789892,0.0697860285574362,3,2412,902,1510,1106,62,137,117,20,78,3,395.7393675985147,210.7247090085545,branch,branch,0.4004910570633315,1.514301170802838
147908,sensory_ascending,"SApp09,SApp22","SApp09,SApp22_L",,campaniform sensilla,,,acetylcholine,74.0,0.1453718405443264,0.4302245647007744,0.05735765527313984,3,1865,1368,497,948,52,331,285,46,49,17,197.4039349417833,397.0209346877558,end,branch,0.4591405413415149,1.294646880653908
148063,ascending_neuron,AN12B060,AN12B060_R,R,BA,T1,,gaba,9.0,0.0813375024418299,0.3218106968062601,0.4222309003650366,3,2475,1704,771,1639,41,365,335,30,184,15,211.3666658318278,135.9231165482185,branch,branch,0.3970985286236496,0.8745682931230158
148129,ascending_neuron,AN07B046_a,AN07B046_a_L,L,,T2,,acetylcholine,4.0,0.081152,0.3214435184201852,0.03498544144082615,3,3824,2560,1264,2047,106,792,782,10,205,49,185.9139841042769,217.1651102515509,branch,branch,0.3968719239577054,1.015640235611083
148303,ascending_neuron,AN07B071_c,AN07B071_c_R,R,,T1,,acetylcholine,4.0,0.05437379482599596,0.2631175892443799,0.1063798082359088,3,1568,606,962,653,46,242,235,7,67,14,255.637727680904,135.9325350630389,branch,branch,0.3590649227225435,1.090527751290584
148634,sensory_ascending,SApp,SApp_L,,haltere,,,acetylcholine,148.0,0.4220626946967047,0.7330667863471433,0.07415904661409728,3,1224,909,315,609,31,122,109,13,37,7,142.73290295492,338.319188324875,branch,branch,0.5993352361659543,0.8026427652696746
148730,ascending_neuron,AN08B099_a,AN08B099_a_L,L,,T1,,acetylcholine,4.0,0.0655965031654849,0.288998376858142,0.8569589515491733,3,1827,166,1661,638,39,442,364,78,176,19,187.9161164420071,193.7534373167252,branch,branch,0.3763099848004163,1.014242430907483
148769,sensory_ascending,"SApp09,SApp22","SApp09,SApp22_R",,campaniform sensilla,,,acetylcholine,74.0,0.3267276037695592,0.6449825621487485,0.1048836342116848,3,1398,969,429,681,36,267,235,32,44,14,194.3327453784455,310.602679666648,end,end,0.5621756446635577,0.8981808974440355
148994,ascending_neuron,AN08B047,AN08B047_R,R,BA,T1,potentially male-specific,acetylcholine,5.0,0.13248,0.4107052165318993,0.3480405060614959,3,865,748,117,402,24,1578,1477,101,212,59,178.5644851345292,142.0101178650959,branch,branch,0.4486040081192216,0.7146048568394171
149075,ascending_neuron,AN19B051,AN19B051_R,R,BA,A3,,acetylcholine,4.0,0.03894722035926861,0.2226861942710756,0.04677112445852002,3,3123,1846,1277,1835,64,655,621,34,220,37,64.24247941085952,127.4946069160038,end,branch,0.3303274666037129,0.5804454842893412
149207,ascending_neuron,AN10B045,AN10B045_L,L,BA,T3,,acetylcholine,28.0,0.04258454526009482,0.2328525864570052,0.24010322525418,3,1616,676,940,735,55,262,221,41,111,18,419.9739781939253,267.7007450382026,branch,branch,0.3377836102654072,2.035843961439693
149433,ascending_neuron,AN07B089,AN07B089_L,L,BA,A1,,acetylcholine,11.0,0.04696717993517659,0.2445413478292755,0.1440957845596279,3,2398,970,1428,1219,50,233,226,7,103,9,163.8409497543391,212.1954119092278,branch,branch,0.3461578547950992,1.086314686940019
149456,sensory_ascending,SApp,SApp_L,,haltere,,,acetylcholine,148.0,0.08529162852717949,0.3295400950956752,0.07552832196482988,3,3631,2588,1043,1775,86,237,167,70,44,10,254.4775939061221,186.9013902183466,end,branch,0.4018390804748598,1.098397357476739
149458,ascending_neuron,AN19B099,AN19B099_L,L,,T3,,acetylcholine,4.0,0.094464,0.3468072957044913,0.3872680247947459,3,2251,1264,987,1116,65,533,517,16,147,32,143.0345848867313,229.5756143936229,branch,branch,0.4122324282430977,0.9038837649633478
149486,ascending_neuron,AN07B045,AN07B045_L,L,,T2,,acetylcholine,7.0,0.05449807875547848,0.2634181257688363,0.1556381970489633,3,2887,2714,173,1342,74,564,564,0,214,28,83.64554403770363,217.7340175619222,end,branch,0.3592699286424203,0.8388666503162516
149586,sensory_ascending,SApp,SApp_R,,haltere,,,acetylcholine,148.0,0.254637439619845,0.5693983295497967,0.1816771587116,3,1707,1165,542,1041,32,150,114,36,49,7,214.7907117995601,225.7822856357955,branch,branch,0.5282094106312385,0.8340877473365105
149631,ascending_neuron,AN08B061,AN08B061_R,R,BA,T1,potentially male-specific,acetylcholine,7.0,0.1138576498468732,0.3807467166708709,0.1422100958267084,3,1539,1147,392,661,45,1384,1283,101,228,65,220.6421711730705,145.0959704469959,branch,branch,0.4319327391721155,0.846747904132194
149788,sensory_ascending,SApp23,SApp23_L,,chordotonal organ,,,acetylcholine,22.0,0.0878865770566691,0.3345155681877379,0.1902022384295722,3,1049,673,376,359,34,113,54,59,40,5,375.8242170769821,310.6986577728566,end,branch,0.4048612458756599,1.695699160745759
149920,descending_neuron,DNg106,DNg106_R,R,lt,MX,,gaba,16.0,0.1621089228750842,0.4543165098903845,0.05468335355522241,3,2283,1008,1275,1349,53,109,11,98,78,2,203.7803013259812,209.5031767111012,branch,branch,0.4718210358242714,0.8759327089244255
150027,sensory_ascending,"SApp06,SApp15","SApp06,SApp15_L",,campaniform sensilla,,,acetylcholine,37.0,0.3051808943756908,0.6233525351009446,0.3961392447284102,3,1467,1014,453,741,35,287,231,56,43,12,221.0201634766603,246.4376869143567,end,branch,0.5526687454519776,0.8458192257800387
150232,ascending_neuron,AN07B069_a,AN07B069_a_R,R,,T1,,acetylcholine,4.0,0.06952150559800033,0.2975189576092606,0.404056083618754,3,1226,521,705,652,24,447,428,19,145,32,179.6666684117836,143.9818973273374,branch,branch,0.3818170887068017,0.8476534322633517
150265,sensory_ascending,SApp,SApp_L,,haltere,,,acetylcholine,148.0,0.1665651634330837,0.4605185695042898,0.157833921778805,3,1326,944,382,872,26,143,116,27,46,6,219.0504241833868,338.2369119934654,end,branch,0.4750306295988733,1.173160847854039
150277,sensory_ascending,"SApp06,SApp15","SApp06,SApp15_L",,campaniform sensilla,,,acetylcholine,37.0,0.09292838477287112,0.3439768805038857,0.140444072292018,3,1989,1380,609,1095,48,263,199,64,38,12,168.0437259200926,263.9277900000896,branch,branch,0.4105467956846137,1.052185817696717
150303,sensory_ascending,SApp,SApp_R,,haltere,,,acetylcholine,148.0,0.151808,0.4396452533658877,0.06877029328435443,3,1169,813,356,759,20,144,122,22,38,5,186.2651755330772,341.7414383989075,end,branch,0.4641402526707686,1.137601427356741
150355,ascending_neuron,AN11B012,AN11B012_R,R,IA,T1,,gaba,2.0,0.4562912366260178,0.7622125992059928,0.2195625313256205,3,3894,3120,774,2385,53,1475,1467,8,254,67,153.6579102924346,187.8918339371982,branch,branch,0.6111335153719983,0.5588790921108797
150442,ascending_neuron,AN08B100,AN08B100_R,R,,T2,,acetylcholine,10.0,0.034304,0.2089909312448629,0.1365746006037583,3,1153,295,858,662,34,343,278,65,118,17,172.7789964950665,237.3198593822665,branch,branch,0.3200086816165818,1.281524156799885
150463,ascending_neuron,AN19B065,AN19B065_L,L,BA,T3,,acetylcholine,6.0,0.07811724273897128,0.3153759067857498,0.1289766658911933,3,1046,795,251,530,32,572,550,22,130,41,167.9370357092768,416.123743069795,end,branch,0.3931083747836179,1.485750027840444
150489,ascending_neuron,AN09B016,AN09B016_R,R,BA,T2,,acetylcholine,2.0,0.0246698624786756,0.177230484034288,0.156532044943685,3,18494,1501,16993,8271,438,2359,1917,442,751,116,226.117795698733,164.822784389142,branch,branch,0.2946912573810107,1.32661071645713
150724,sensory_ascending,SApp08,SApp08_L,,campaniform sensilla,,,acetylcholine,39.0,0.1381023216758663,0.4193296283086242,0.4994247045188178,3,1643,1180,463,815,42,183,150,33,45,11,226.7902272509319,244.2539907605483,end,branch,0.4532896622152615,1.039168234522382
151156,sensory_ascending,SApp,SApp_L,,haltere,,,acetylcholine,148.0,0.2670249340254016,0.5830837893745968,0.2146557846821445,3,1178,876,302,730,23,130,114,16,50,5,178.8936258227307,326.7703144986801,end,branch,0.534519463437537,0.9460159543479408
151406,descending_neuron,DNge117,DNge117_R,R,nt,LB,,gaba,4.0,0.06679183140497015,0.2916196169843379,0.1617453005288567,3,1495,727,768,597,38,259,4,255,96,12,159.2886141697534,207.0317339271606,branch,branch,0.3780127144982369,0.9690688541605194
151469,ascending_neuron,AN10B047,AN10B047_R,R,,T3,,acetylcholine,16.0,0.0567273103721221,0.2687516601478975,0.05158904928080413,3,2697,1604,1093,1487,69,612,574,38,260,29,428.4139263442995,241.7668091203099,end,branch,0.3628888445136744,1.846793434399319
151517,ascending_neuron,AN10B047,AN10B047_L,L,BA,T2,,acetylcholine,16.0,0.06321741705150824,0.2837092090609596,0.08228715902130412,3,2627,1490,1137,1306,81,390,364,26,157,24,226.5597248419079,262.2905091610696,branch,branch,0.3728505229175227,1.311115859990666
151556,sensory_ascending,LgAG2,LgAG2_R,,leg bristle,,,acetylcholine,11.0,0.04958546314184487,0.2512651438544645,0.1165745711966075,3,910,44,866,552,19,193,23,170,56,10,311.9239489308353,396.1237979901585,branch,end,0.3508844831118749,2.017894153202672
151896,ascending_neuron,ANXXX202,ANXXX202_R,R,BA,A5,,glutamate,8.0,0.1193718370462797,0.3898575938147225,0.2545143524787815,3,2184,1567,617,907,62,1074,996,78,177,44,301.8350973586175,380.6424943440286,branch,branch,0.4370700412625121,1.561483348827237
152076,ascending_neuron,AN08B096,AN08B096_R,R,BA,T1,,acetylcholine,3.0,0.08088133274765567,0.3209070134559205,0.2929578700506528,3,1453,769,684,458,50,265,198,67,109,17,200.2469132669739,158.685883265734,branch,branch,0.3965405863129284,0.9051603011689138
152243,descending_neuron,DNpe057,DNpe057(PS226)_R,R,nt,,,acetylcholine,4.0,0.2081560517412703,0.5148130889487214,0.4247875827381424,3,959,870,89,562,19,197,11,186,82,10,186.1625205269881,208.4499330182638,branch,branch,0.5022533360614676,0.7856840865203486
152496,ascending_neuron,AN09B037,AN09B037_L,L,BA,A4,,unclear,4.0,0.1272285517655674,0.4024828236425813,0.0900480643275039,3,3321,114,3207,1742,64,2101,1658,443,419,98,235.6304635959386,331.1244762207451,branch,branch,0.4440907380084219,1.276214276294894
152565,ascending_neuron,AN19B079,AN19B079_L,L,BA,T3,,acetylcholine,6.0,0.1717455538227797,0.4676250963748678,0.1878385725000177,3,1528,1235,293,786,38,983,975,8,163,59,156.8130942545582,313.3703500232666,end,branch,0.4786818329785299,0.9822462685750469
152604,ascending_neuron,AN07B082_a,AN07B082_a_R,R,BA,T1,,acetylcholine,2.0,0.0880066060700169,0.3347439186098459,0.1155779217434744,3,3099,1441,1658,1361,81,295,284,11,131,16,193.6674504708341,171.5681768863722,branch,branch,0.4049994075536709,0.9018176830513138
152698,ascending_neuron,AN10B035,AN10B035_L,L,BA,T3,,acetylcholine,11.0,0.06716111674023749,0.2924246735524297,0.2456704770366744,3,2818,1928,890,1324,86,521,491,30,209,26,185.7837441989523,235.2012598375399,branch,branch,0.3785341332570823,1.112145423753845
152914,ascending_neuron,AN06A112,AN06A112_L,L,BA,T1,,gaba,6.0,0.07540225914237735,0.3098469591628152,0.08050262585138829,3,1593,749,844,835,38,417,413,4,126,21,173.5067107214652,181.7409480770413,branch,branch,0.3896472892113834,0.9117159765630628
153028,descending_neuron,DNge074,DNge074_R,R,xl,GNG,,acetylcholine,2.0,0.3325654278508143,0.6507191820988724,0.1317384961620673,3,10932,10932,0,4713,293,2897,2882,15,589,131,306.8235244676054,136.598133204375,branch,branch,0.5646701685306631,0.78527551548511
153120,ascending_neuron,AN06A080,AN06A080_L,L,BA,T1,,gaba,4.0,0.07828355572644051,0.3157114487207945,0.07574609267849916,3,2163,1180,983,961,69,490,486,4,147,33,159.6296757818806,197.1500332116483,branch,branch,0.3933174416081612,0.9071037061940606
153256,ascending_neuron,AN06A095,AN06A095_L,L,BA,T1,,gaba,3.0,0.1537076715399177,0.4423874836992868,0.4243428597406497,3,1149,477,672,575,31,594,583,11,159,38,175.9217892468424,256.1041319290676,branch,branch,0.4655855098826106,0.9279196023193205
153337,ascending_neuron,AN06A080,AN06A080_R,R,BA,T1,,gaba,4.0,0.1384652389149832,0.4198802421616892,0.2389514668650042,3,2338,1295,1043,1056,60,401,395,6,121,28,170.7299626055084,185.0782247050674,branch,branch,0.4535871676527321,0.7844317755986071
153427,ascending_neuron,AN07B060,AN07B060_R,R,BA,T2,,acetylcholine,6.0,0.0933755788674146,0.3448035375783277,0.5089439985956291,3,3481,2232,1249,1629,97,614,602,12,185,30,158.2936016452311,219.7466505698822,branch,branch,0.4110398197418111,0.9197168596769382
153564,sensory_ascending,"SApp06,SApp15","SApp06,SApp15_R",,campaniform sensilla,,,acetylcholine,37.0,0.337131322075324,0.6551709174216672,0.2906943863887846,3,700,523,177,462,12,99,85,14,36,4,162.3277651529699,336.3480388938651,end,branch,0.566598402342097,0.880122149984016
153572,sensory_ascending,SApp,SApp_L,,haltere,,,acetylcholine,148.0,0.1556329936454713,0.4451495051945248,0.5857567757879331,3,2751,1751,1000,1307,72,164,120,44,46,5,181.1715168617557,356.4566433139806,branch,branch,0.4670366768737945,1.151147622440405
153644,sensory_ascending,"SApp09,SApp22","SApp09,SApp22_L",,campaniform sensilla,,,acetylcholine,74.0,0.4191214111632394,0.7305080114127714,0.202279841168394,3,944,744,200,575,19,137,129,8,39,7,162.3409329978796,329.1398372739405,end,branch,0.5982883298145284,0.8214781164529499
154234,ascending_neuron,AN10B047,AN10B047_L,L,BA,T2,,acetylcholine,16.0,0.0675879463488646,0.293352426338718,0.2732937766481229,3,2342,1232,1110,1154,58,234,213,21,116,9,224.9972227703383,244.8383197379385,branch,branch,0.3791341304946995,1.239233043712601
154274,ascending_neuron,AN08B061,AN08B061_L,L,BA,T1,potentially male-specific,acetylcholine,7.0,0.07328262511017503,0.3054608587565301,0.2537514885082219,3,1688,1187,501,682,49,1194,1131,63,214,53,247.2858179169815,186.9889204644317,branch,branch,0.386879594694137,1.122506186258664
154348,sensory_ascending,"SApp06,SApp15","SApp06,SApp15_R",,campaniform sensilla,,,acetylcholine,37.0,0.106368,0.3680107931764907,0.2344576572800559,3,1587,1038,549,811,37,306,238,68,45,13,195.26624828053,401.7724285228495,end,branch,0.4246472520298235,1.40596382986001
154435,ascending_neuron,AN10B035,AN10B035_R,R,BA,T3,,acetylcholine,11.0,0.054121976965898,0.2625076023893916,0.5760146647497143,3,2643,1578,1065,1353,70,274,237,37,151,11,204.6835447892821,208.9929523773533,branch,branch,0.3586484701916375,1.153431651180875
154567,ascending_neuron,AN07B076,AN07B076_R,R,BA,T3,,acetylcholine,4.0,0.0875056263093491,0.3337897898436694,0.08795051276815474,3,2357,1565,792,1227,50,546,532,14,180,36,156.6410935474426,240.7872487914294,branch,branch,0.4044218058208509,0.9827075014716766
154666,ascending_neuron,AN10B062,AN10B062_R,R,,T3,,acetylcholine,3.0,0.05885675599885817,0.2737494277849266,0.1197133531659118,3,2773,1659,1114,1388,61,479,431,48,210,25,188.2087031051032,234.106867719318,branch,branch,0.3662474841068727,1.153087977803521
154726,ascending_neuron,AN18B003,AN18B003_R,R,BA,T3,,acetylcholine,2.0,0.07031149518469261,0.2992045723557824,0.560973298771567,3,14892,14368,524,6547,252,5779,5773,6,609,170,201.3541563362042,192.4102677127647,branch,branch,0.382897166944773,1.028381659731014
154829,ascending_neuron,AN07B069_a,AN07B069_a_L,L,BA,T1,,acetylcholine,4.0,0.07562198525448435,0.3102980858422895,0.09554426672026825,3,1183,435,748,606,25,426,407,19,129,27,157.4272655540949,171.9953735857314,branch,branch,0.3899308426666475,0.8448232432371352
154893,ascending_neuron,AN18B003,AN18B003_L,L,BA,T3,,acetylcholine,2.0,0.09307603571346093,0.344250038979752,0.02228569569702821,3,15081,14846,235,6709,261,6975,6973,2,653,188,222.1957742338323,229.5587964372632,end,branch,0.4107097747802923,1.09993625282661
155035,sensory_ascending,"SApp06,SApp15","SApp06,SApp15_L",,campaniform sensilla,,,acetylcholine,37.0,0.1537376393101677,0.4424306068570941,0.1321202071194843,3,936,725,211,583,19,113,92,21,29,6,181.9047623051249,404.1834264408448,end,branch,0.4656082015600413,1.258758301039919
155172,ascending_neuron,AN07B045,AN07B045_L,L,,T2,,acetylcholine,7.0,0.1031874836878494,0.3624670809233363,0.2257858629076504,3,4221,3254,967,2148,93,1131,1114,17,317,62,227.2586081735016,162.5983180701969,branch,branch,0.4214366733596339,0.9250664474351835
155279,ascending_neuron,AN07B089,AN07B089_L,L,BA,A1,,acetylcholine,11.0,0.075239664239975,0.3095127070782915,0.1157653305788485,3,2016,919,1097,1037,46,225,212,13,110,8,165.6125603398402,239.4086771629697,branch,branch,0.3894370635524601,1.040017182258387
155298,ascending_neuron,AN05B054_b,AN05B054_b_L,L,CA,T2,,gaba,4.0,0.07831946229304246,0.3157838446056038,0.06629017495031753,3,2363,1790,573,1086,59,583,515,68,326,14,194.5085916333569,195.5132963940742,branch,branch,0.3933625348921093,0.9915074605018128
155303,ascending_neuron,,,R,,T2,,acetylcholine,,0.06866409694505284,0.2956786152801216,0.1167331393136565,3,2155,1200,955,1046,58,688,657,31,199,41,171.425979315449,168.8537083032298,branch,branch,0.3806343671914815,0.8939804624827742
155935,sensory_ascending,SApp08,SApp08_R,,campaniform sensilla,,,acetylcholine,39.0,0.0960867514642278,0.3497734290785882,0.1475293473702037,3,1073,506,567,583,26,98,72,26,33,5,238.8847592367507,342.9568834271072,end,branch,0.4139915219524528,1.405443377003945
156076,ascending_neuron,AN05B104,AN05B104_L,L,BA,T3,,acetylcholine,6.0,0.2185111593389526,0.5274628413796375,0.4267643734809504,3,7676,6879,797,3627,150,1589,1559,30,412,60,281.7723659424973,151.5714462454652,end,branch,0.5083864595718718,0.8523905466579402
156120,ascending_neuron,AN07B085,AN07B085_L,L,BA,T3,,acetylcholine,8.0,0.06391264438278235,0.2852649754820142,0.1039959490534031,3,2054,956,1098,1052,52,365,335,30,134,25,148.5224054732433,181.5855489311589,branch,branch,0.3738714190549833,0.8829451452555532
156308,sensory_ascending,SApp,SApp_L,,haltere,,,acetylcholine,148.0,0.6649647768483814,0.9201409944890795,0.3110997940492993,3,1140,848,292,746,18,133,107,26,33,6,184.2982958589705,407.1798535794023,end,branch,0.6714678602134647,0.8808733589279126
156614,ascending_neuron,AN06A092,AN06A092_R,R,,T1,,gaba,5.0,0.09957849755141668,0.3560720164345653,0.1081357531496895,3,1781,1088,693,765,55,780,768,12,242,52,185.1246526016588,222.8814850804752,branch,branch,0.4177023917251815,0.9767866925468149
157196,ascending_neuron,AN08B079_b,AN08B079_b_L,L,BA,T3,,acetylcholine,8.0,0.06390803763286634,0.2852546945110429,0.1487878160111423,3,2212,1232,980,1231,51,892,855,37,246,50,177.04020983179,236.7506158099193,branch,branch,0.3738646818173803,1.106793034394812
157371,ascending_neuron,AN08B061,AN08B061_R,R,BA,T1,potentially male-specific,acetylcholine,7.0,0.0593612207261802,0.2749200859383054,0.3850941091827949,3,1225,1001,224,521,38,1578,1506,72,230,57,288.750516462347,141.9370892716599,branch,branch,0.3670297564364089,1.173440567641352
157603,ascending_neuron,AN05B048,AN05B048_R,R,BA,T2,,gaba,2.0,0.04384470053796948,0.2362727376402403,0.0505065140566419,3,5073,4462,611,2700,133,583,571,12,208,29,224.2930579578516,171.915395783406,branch,branch,0.3402552592447584,1.164444760150643
158217,ascending_neuron,AN09B044,AN09B044_L,L,BA,T3,,glutamate,2.0,0.08844800000000001,0.3355823166567865,0.5446713707847879,3,4049,3291,758,1913,118,867,783,84,274,44,276.1092931024801,286.9842764602595,branch,branch,0.4055062701880519,1.388618650216203
158228,ascending_neuron,AN07B089,AN07B089_R,R,BA,A1,,acetylcholine,11.0,0.07368569462525894,0.306299755595983,0.04640811225229133,3,1939,807,1132,1010,47,225,211,14,89,12,174.0836210844382,256.0103202465291,branch,branch,0.3874104802945213,1.110176319969446
158419,ascending_neuron,AN12B089,AN12B089_R,R,,T1,,gaba,7.0,0.06061854573350856,0.2778163594395407,0.142985053337201,3,1387,610,777,794,33,319,283,36,128,12,206.4686124893743,5.84407734393503,branch,end,0.3689580140414014,0.5754386183612895
158437,ascending_neuron,AN06A080,AN06A080_R,R,BA,T1,,gaba,4.0,0.0905522689924438,0.3395507763894454,0.0958419732168048,3,2274,1223,1051,1043,66,415,404,11,140,24,173.2954118939428,199.5197625662911,branch,branch,0.4078968992660134,0.9139936467550821
158477,ascending_neuron,AN07B110,AN07B110_L,L,,T1,,acetylcholine,6.0,0.09330546527092783,0.3446740607049777,0.6861885939014947,3,1206,371,835,424,46,206,198,8,83,7,200.8719260641714,162.5304614672849,branch,branch,0.4109626378947837,0.8842711089091659
158563,sensory_ascending,SApp,SApp_R,,haltere,,,acetylcholine,148.0,0.1379566429961036,0.4191084028286123,0.2931887538416246,3,1260,825,435,798,22,121,99,22,47,4,208.8154105275455,321.3882025760379,end,branch,0.4531700755632702,1.169988138436908
158610,sensory_ascending,LgAG4,LgAG4_L,,leg bristle,,,acetylcholine,8.0,0.03802191541079894,0.2200250128226437,0.1139274962542026,3,729,70,659,369,16,150,35,115,34,10,12.73769737088551,299.5969062156061,end,branch,0.328347767288123,0.9512310869847334
159121,ascending_neuron,IN07B063,IN07B063_R,R,BI,T2,,acetylcholine,2.0,0.09433396494475398,0.3465685135428799,0.04163445825132917,3,2065,1317,748,898,68,688,679,9,225,42,147.4545393767591,187.9235648707237,branch,branch,0.4120904896209219,0.8138457758537302
159329,sensory_ascending,"SApp06,SApp15","SApp06,SApp15_L",,campaniform sensilla,,,acetylcholine,37.0,0.190231826204832,0.4921490463174534,0.05007298429890851,3,839,679,160,507,20,147,124,23,37,6,174.0306592781941,338.6851424538738,end,branch,0.4910733475719815,1.044071734430494
159437,ascending_neuron,AN07B046_a,AN07B046_a_L,L,BA,T2,,acetylcholine,4.0,0.1307891295369096,0.4080758406814632,0.1851280567442751,3,3857,2635,1222,1830,110,834,828,6,199,47,184.1557872066495,221.6907440848061,branch,branch,0.44716569852116,0.9075976369244046
159470,sensory_ascending,SApp,SApp_L,,haltere,,,acetylcholine,148.0,0.143469360816748,0.4274001212561375,0.1278435818974321,3,1190,792,398,713,25,109,90,19,32,5,215.7333748996951,321.7163840821188,end,branch,0.4576309205194808,1.174417494280601
160004,sensory_ascending,SApp,SApp_L,,haltere,,,acetylcholine,148.0,0.08840388123904439,0.3354986102826989,0.5403647303374596,3,3366,2579,787,1577,94,285,236,49,38,10,171.1490967238693,191.4987204980134,branch,branch,0.4054556930646337,0.8944203359948211
160012,sensory_ascending,LgAG1,LgAG1_L,,leg bristle,,,acetylcholine,25.0,0.072114899562482,0.3030173953547165,0.1622558359999835,3,2472,941,1531,834,92,464,163,301,63,17,277.3692897269252,668.079675689369,branch,end,0.385329110921834,2.453614166742993
160013,ascending_neuron,AN07B060,AN07B060_L,L,,T2,,acetylcholine,6.0,0.07310493367426722,0.3050903021554737,0.5374214219404573,3,1977,1295,682,926,69,673,660,13,225,43,160.7202005944353,311.2448492907078,branch,branch,0.3866448603773004,1.220668107225283
160440,ascending_neuron,ANXXX202,ANXXX202_R,R,BA,A4,,glutamate,8.0,0.2176158150701139,0.5263810989264748,0.518632401313027,3,3138,1459,1679,1597,73,1389,1035,354,295,56,285.6758032745125,166.7593889435647,branch,branch,0.5078648821034711,0.8908574074745714
160651,ascending_neuron,AN17A014,AN17A014_R,R,IA,T1,,acetylcholine,6.0,0.2355676455959985,0.5476623429020689,0.05760171099318452,3,13735,10082,3653,5281,355,1183,1047,136,458,60,187.976429458595,156.2779874546628,branch,branch,0.5180294856685416,0.6645459890550076
160875,sensory_ascending,SApp,SApp_R,,haltere,,,acetylcholine,148.0,0.1521920659043556,0.4402010412349858,0.266186272723956,3,795,541,254,541,19,99,86,13,42,3,178.3000202485182,339.1037531443674,end,branch,0.4644335369082889,1.114053426970879
161212,sensory_ascending,SApp,SApp_L,,haltere,,,acetylcholine,148.0,0.0628860311692507,0.2829646297616329,0.09648895804328561,3,3625,2510,1115,1792,104,186,131,55,38,6,188.1755273288465,161.7519775296725,branch,branch,0.3723609385840573,0.9397535256763397
161298,ascending_neuron,AN12B089,AN12B089_R,R,,T1,,gaba,7.0,0.094592,0.3470421804559044,0.5662106236646383,3,1068,525,543,693,19,243,221,22,93,10,207.242221120916,134.8277105740808,branch,branch,0.412372002472759,0.8295178373987545
161406,descending_neuron,"DNp51,DNpe019","DNp51,DNpe019(PS296)_L",L,xn,,,acetylcholine,4.0,0.3420558412021188,0.6599386513352502,0.2908512622012808,3,4243,2512,1731,2400,88,3025,103,2922,512,139,200.3879498757559,175.9707246650494,branch,branch,0.5686562574651514,0.6618386232457302
161422,sensory_ascending,"SApp06,SApp15","SApp06,SApp15_L",,campaniform sensilla,,,acetylcholine,37.0,0.1376484703561217,0.4186400312078623,0.5057139578732618,3,1319,1039,280,787,28,241,197,44,52,10,197.1620925050163,339.5468382207541,end,branch,0.4529167862774049,1.185005605857682
161542,sensory_ascending,"SApp09,SApp22","SApp09,SApp22_R",,campaniform sensilla,,,acetylcholine,74.0,0.1488042117956907,0.4352739446387987,0.1978728065621767,3,793,614,179,471,15,102,90,12,33,5,158.5208575567626,325.9494333073703,end,branch,0.4618270594854867,1.049029676615036
161649,ascending_neuron,AN05B104,AN05B104_R,R,BA,T3,,acetylcholine,6.0,0.06520126025211262,0.2881264009415984,0.0570474235075359,3,7774,7003,771,3569,160,1420,1402,18,404,61,227.5920256857356,145.5646387013011,branch,branch,0.3757418481635805,0.9931197874573229
161704,sensory_ascending,SApp01,SApp01_R,,campaniform sensilla,,,acetylcholine,18.0,0.203136,0.5085673880218058,0.5178985739566603,3,1149,994,155,710,26,194,187,7,69,6,136.9275618735107,348.4826166031428,end,branch,0.4991973759252795,0.9723812701878272
161900,ascending_neuron,AN05B048,AN05B048_L,L,BA,T2,,gaba,2.0,0.07780840544284315,0.3147518684974159,0.1374399054143301,3,4778,4235,543,2585,108,590,575,15,227,24,225.5937847858114,162.9338010166928,branch,branch,0.3927192579486443,0.9893265429150705
162371,ascending_neuron,AN06A010,AN06A010_R,R,BA,T2,,gaba,2.0,0.05631378898504228,0.2677703177158127,0.05249204455178821,3,3225,2699,526,1006,87,1294,1281,13,285,67,153.2765554209511,167.9062201963291,branch,branch,0.3622256971568254,0.8866924079056276
162384,ascending_neuron,AN08B098,AN08B098_R,R,,T1,,acetylcholine,10.0,0.05184,0.2569138727259991,0.1146255057646098,3,632,91,541,296,19,260,223,37,124,11,194.9781617335584,151.8129233514233,branch,branch,0.3548067046093401,0.9774084891287946
162471,ascending_neuron,AN09B020,AN09B020_R,R,CA,T2,,acetylcholine,4.0,0.2738942446608655,0.5905361829537472,0.07372016602849579,3,7151,5031,2120,3220,165,6959,6036,923,1351,281,196.7246600644422,134.0465306678782,branch,branch,0.5379244646298735,0.6149026721807718
162487,ascending_neuron,AN08B098,AN08B098_L,L,,T1,,acetylcholine,10.0,0.07436887663052144,0.3077164191646435,0.1136999336343451,3,592,102,490,272,21,273,235,38,118,8,189.1421839758361,158.8215509705858,branch,branch,0.3883053507108488,0.8961085246685996
162650,ascending_neuron,AN08B061,AN08B061_L,L,BA,T1,potentially male-specific,acetylcholine,7.0,0.06263674245327708,0.2824032178373755,0.06602344056641707,3,1290,1029,261,570,33,1787,1719,68,288,73,295.1620497987754,188.6673325258654,branch,branch,0.3719913664862586,1.300646805044905
162704,sensory_ascending,LgAG2,LgAG2_L,,leg bristle,,,acetylcholine,11.0,0.06907031422387547,0.296551943910543,0.1698243969756728,3,1814,763,1051,856,52,405,234,171,91,17,14.78569737088551,4.820077343935029,end,branch,0.3811960814543691,0.05143225670111574
163274,sensory_ascending,"SApp09,SApp22","SApp09,SApp22_L",,campaniform sensilla,,,acetylcholine,74.0,0.09219934283002455,0.3426249396786253,0.3226078625508816,3,1649,1068,581,813,45,218,169,49,29,9,169.3990191485105,379.0046411058812,branch,branch,0.4097392102820115,1.338421235978225
163382,ascending_neuron,AN08B079_b,AN08B079_b_R,R,BA,T3,,acetylcholine,8.0,0.07628709511640867,0.311659664145337,0.46460198746578,3,2930,1836,1094,1532,65,1135,1115,20,296,61,181.4297267537109,230.1573606321903,branch,branch,0.3907854084164544,1.053230439318959
163530,ascending_neuron,AN05B054_b,AN05B054_b_L,L,BA,T2,,gaba,4.0,0.07115863030691782,0.3010016313177685,0.1911462754482191,3,2105,1608,497,876,61,616,568,48,301,24,261.3596587303397,206.0883059546311,branch,branch,0.3840453089750043,1.217168791704717
163569,ascending_neuron,AN10B035,AN10B035_L,L,BA,T3,,acetylcholine,11.0,0.04590133819634012,0.2417506958580323,0.1209592427841736,3,2494,1735,759,1212,66,325,303,22,179,14,188.305770387515,165.9949208004824,branch,branch,0.3441770488722858,1.029414054042483
163571,ascending_neuron,AN07B085,AN07B085_R,R,,T3,,acetylcholine,8.0,0.04874880982453799,0.2491363330134242,0.2359992449984738,3,1599,717,882,843,43,301,272,29,106,20,231.3437927032997,142.4282085819167,branch,branch,0.3493949100610623,1.069769451477968
164157,ascending_neuron,AN07B085,AN07B085_R,R,,T3,,acetylcholine,8.0,0.04401967278962117,0.2367437182736811,0.02664233882144286,3,1523,747,776,750,37,300,282,18,121,15,242.3252608091657,134.9738586199521,end,branch,0.340594218908812,1.107767244664047
165031,descending_neuron,DNpe018,DNpe018(PS227)_L,L,xn,,,acetylcholine,3.0,0.0864813643002438,0.3318305183519415,0.3556792079678102,3,704,696,8,298,13,113,14,99,59,4,387.7915537927981,208.02963294009,branch,branch,0.4032331261100101,1.477609720413536
165035,ascending_neuron,ANXXX169,ANXXX169_L,L,BA,A3,,glutamate,10.0,0.2603556715420329,0.5757561434352182,0.2116291969021887,3,3246,2415,831,1657,83,1821,1795,26,251,74,243.2748426068304,167.3162205336063,end,branch,0.531150176770428,0.7730225482310271
165331,sensory_ascending,"SApp09,SApp22","SApp09,SApp22_L",,campaniform sensilla,,,acetylcholine,74.0,0.3456751604589332,0.6634208950048125,0.1732340301017048,3,911,716,195,573,16,78,60,18,35,3,178.7741948438985,426.584874580717,end,branch,0.5701545742624171,1.06174552788205
165664,ascending_neuron,ANXXX169,ANXXX169_L,L,BA,A5,,glutamate,10.0,0.07021380379194204,0.2989966414095254,0.2534578106713517,3,1800,1594,206,841,56,964,947,17,217,55,306.4322957477871,207.624060070527,end,branch,0.3827640974421027,1.343010902155134
165790,ascending_neuron,AN07B063,AN07B063_L,L,BA,T2,,acetylcholine,2.0,0.1091291264522663,0.37275664887622,0.3239260334213607,3,1751,1103,648,876,50,831,821,10,243,49,180.2723577935507,222.8396101411315,branch,branch,0.4273765996745116,0.9432242388602714
165905,sensory_ascending,SApp,SApp_L,,haltere,,,acetylcholine,148.0,0.2034383675518579,0.5089457480747749,0.1275085806970137,3,1456,1074,382,863,41,213,191,22,65,7,199.2888676932392,397.2806009953453,branch,branch,0.4993830359119538,1.194613004022359
166044,sensory_ascending,SApp,SApp_R,,haltere,,,acetylcholine,148.0,0.145801889542119,0.430860454743916,0.04557939105257591,3,793,486,307,522,13,99,78,21,33,3,208.3494774118064,319.4110496919898,end,branch,0.4594797305915886,1.148604588986537
166158,ascending_neuron,AN08B112,AN08B112_L,L,BA,T1,,acetylcholine,4.0,0.1010797995649671,0.3587461469897902,0.5381674522589011,3,2497,169,2328,788,94,241,114,127,92,9,204.1730240392944,156.329712811968,branch,branch,0.4192679477672925,0.8598385323062024
166323,ascending_neuron,AN10B045,AN10B045_R,R,BA,T2,,acetylcholine,28.0,0.04087797470245319,0.228139110850917,0.0597421609250335,3,1635,758,877,791,50,324,294,30,125,17,368.1529433919088,264.4035960529116,branch,branch,0.3343473707343148,1.891914203050438
166366,ascending_neuron,AN19B093,AN19B093_R,R,BA,T3,,acetylcholine,5.0,0.0935339119105654,0.3450957481892628,0.4067687755293602,3,2673,1473,1200,1290,67,474,456,18,128,29,190.6474035670893,239.2596646924231,branch,branch,0.4112139547884273,1.045458363592507
166368,ascending_neuron,AN08B035,AN08B035_R,R,BA,T1,potentially male-specific,acetylcholine,1.0,0.06758726843885719,0.2933509551663055,0.2096909981679695,3,984,773,211,412,33,1460,1383,77,250,70,178.1145507916851,142.5108109156556,branch,branch,0.3791331798082169,0.8456800374726577
166468,ascending_neuron,AN19B099,AN19B099_L,L,,T3,,acetylcholine,4.0,0.07052584532750317,0.2996602996675613,0.2150281924585148,3,1914,1152,762,1043,52,714,684,30,159,34,162.9876291698989,249.4218874496593,branch,branch,0.3831886569786546,1.076257110195543
166563,ascending_neuron,IN05B070,IN05B070_L,L,BI,T3,,gaba,1.0,0.050304,0.2530791221305259,0.167609296714159,3,2420,1956,464,1185,82,414,402,12,161,19,224.1847816320736,176.905425633903,branch,branch,0.3521487893546671,1.138979372898022
166807,ascending_neuron,AN08B113,AN08B113_R,R,BA,T1,,acetylcholine,11.0,0.0409375819674151,0.2283053837007573,0.04998937036210799,3,943,265,678,530,20,227,138,89,86,12,113.6949404242189,147.7169233514231,end,branch,0.3344691884365001,0.7815723325596305
166882,sensory_ascending,SNpp23,SNpp23_L,,notum,,,serotonin,1.0,0.057088,0.2696047090275705,0.0403363029581951,3,2109,1337,772,817,63,142,110,32,54,7,225.7664691285314,202.8348611711521,branch,branch,0.3634643138239427,1.179211586938057
167019,ascending_neuron,AN08B047,AN08B047_L,L,BA,T1,potentially male-specific,acetylcholine,5.0,0.09531210256216911,0.3483606436927216,0.4750780700728893,3,837,756,81,331,23,1362,1324,38,169,47,286.8430074406585,171.3731338706933,branch,branch,0.4131545902073867,1.10906704698923
168208,ascending_neuron,AN07B071_d,AN07B071_d_R,R,,T1,,acetylcholine,4.0,0.07586369134831662,0.310793583965724,0.1599439173366083,3,1917,934,983,863,43,350,345,5,81,16,203.9096086299994,129.956664020062,branch,branch,0.3902420481485879,0.8555363888489512
168334,sensory_ascending,"SApp06,SApp15","SApp06,SApp15_R",,campaniform sensilla,,,acetylcholine,37.0,0.1001691458765188,0.3571264729648713,0.2290737823368061,3,922,835,87,517,25,178,173,5,45,7,146.6356945444878,353.3426327234341,end,branch,0.4183204175662323,1.195204217324058
168451,sensory_ascending,SApp04,SApp04_R,,campaniform sensilla,,,acetylcholine,9.0,0.07682875662604803,0.3127641461374977,0.2419528052078758,3,3778,3048,730,1758,100,204,180,24,54,6,271.2853759350434,281.3869203836294,end,branch,0.391477242770731,1.411760981065113
168542,sensory_ascending,SApp,SApp_R,,haltere,,,acetylcholine,148.0,0.1266386299150243,0.401548641510453,0.4081000501670351,3,2715,1748,967,1314,75,175,128,47,53,5,198.4012171871436,350.7811590775077,branch,branch,0.443575060547955,1.238082176185104
168586,ascending_neuron,AN19B063,AN19B063_L,L,BA,T3,,acetylcholine,4.0,0.1886929016274749,0.4901543268838122,0.2649820235038568,3,1828,1525,303,968,45,1147,1139,8,157,58,154.4543250925226,314.9942760711711,end,branch,0.4900771573671517,0.9579075337559474
168613,sensory_ascending,SApp,SApp_L,,haltere,,,acetylcholine,148.0,0.2097087989826804,0.5167296544070853,0.1412597109674625,3,1234,972,262,649,31,151,141,10,36,6,162.1724226881151,326.4724367516712,end,branch,0.5031873713235178,0.9710992113226516
168845,ascending_neuron,AN19B065,AN19B065_L,L,BA,T3,,acetylcholine,6.0,0.09592692148568119,0.3494824027619623,0.1581313517696323,3,1075,752,323,590,34,655,643,12,148,35,196.1380998029968,414.0358884565177,end,branch,0.4138192568662815,1.474493944240689
168970,ascending_neuron,AN10B045,AN10B045_L,L,BA,T2,,acetylcholine,28.0,0.03642834933073531,0.2153648414140964,0.1833505855139649,3,2136,1323,813,959,73,399,353,46,149,16,222.9250127023007,181.0512596906686,branch,branch,0.3248519236404599,1.243570510113656
168997,ascending_neuron,AN10B035,AN10B035_L,L,,T3,,acetylcholine,11.0,0.09304730710065733,0.3441969072081761,0.2445708626870409,3,2431,1641,790,1272,69,214,184,30,130,7,189.0043050484345,154.1678354344514,branch,branch,0.4106780789523666,0.8356232242984888
169117,ascending_neuron,AN07B089,AN07B089_R,R,BA,A1,,acetylcholine,11.0,0.04634975483615447,0.2429286741950644,0.1018660894891721,3,2116,916,1200,1031,55,254,248,6,102,11,164.5646188539544,252.6959208048562,branch,branch,0.3450145654252608,1.209399780396229
169650,ascending_neuron,AN16B081,AN16B081_R,R,IA,T1,,glutamate,1.0,0.08735294307061403,0.3334984579672074,0.1692464817539177,3,995,571,424,548,17,429,366,63,147,28,131.0215676121481,167.6361071204559,branch,branch,0.4042452775282992,0.7388031260592682
169746,descending_neuron,DNge114,DNge114_L,L,xn,LB,,acetylcholine,6.0,0.02041531846762028,0.1612252796286494,0.9363218018167667,3,184,139,45,128,3,100,3,97,51,5,275.1425566940098,242.5943608843878,branch,branch,0.2810700749244541,1.842020776198087
169825,ascending_neuron,AN07B089,AN07B089_L,L,BA,A1,,acetylcholine,11.0,0.05563415893803519,0.26614960303932,0.08645160464596834,3,2231,1031,1200,1106,59,289,273,16,122,17,167.7585300926442,209.6562679312099,branch,branch,0.3611278243077744,1.045100301388571
169836,ascending_neuron,AN07B085,AN07B085_R,R,BA,T3,,acetylcholine,8.0,0.09130315482604702,0.3409556969513784,0.4874273249759268,3,2599,1371,1228,1274,56,464,424,40,147,32,154.1286057197513,181.0589639714389,branch,branch,0.4087398824511445,0.8200510497804291
169850,ascending_neuron,AN08B005,AN08B005_R,R,BA,T3,,acetylcholine,2.0,0.08845141869472208,0.3355888020629521,0.1196329608510663,3,15706,14597,1109,7604,401,3603,3557,46,924,183,177.1388352006157,149.7502247050671,branch,branch,0.4055101885413565,0.8061179944245582
170107,descending_neuron,DNge182,DNge182_L,L,xn,,,glutamate,2.0,0.2562180394836547,0.5711627963594131,0.08856131485767678,3,9103,8926,177,4172,195,5983,5933,50,1074,263,322.5394413754864,22.1657747148206,end,end,0.5290271923220132,0.6515831720810461
170189,ascending_neuron,AN08B113,AN08B113_L,L,BA,T1,,acetylcholine,11.0,0.046305149600136,0.2428117534135668,0.1619529563821551,3,1053,307,746,491,35,206,165,41,70,14,272.9594760223735,148.4266752754259,branch,branch,0.344931528238066,1.221651594014235
170347,ascending_neuron,AN19B100,AN19B100_L,L,BA,T3,,acetylcholine,2.0,0.06508954789659427,0.2878794649343319,0.1223770521855308,3,2340,1629,711,1191,55,660,642,18,180,29,196.4358758166354,266.8986609936366,branch,branch,0.3755808006512349,1.233648088525498
170523,ascending_neuron,AN10B034,AN10B034_R,R,BA,T3,,acetylcholine,8.0,0.07338229674284195,0.3056685166916552,0.08451277164104473,3,2742,1895,847,1408,74,1088,1069,19,335,59,388.0074283734039,264.4247767272242,end,branch,0.3870110763000343,1.685823081184434
170689,ascending_neuron,AN19B100,AN19B100_R,R,BA,T3,,acetylcholine,2.0,0.06837344403766638,0.2950521526077949,0.07993694534383913,3,2867,1798,1069,1409,73,736,709,27,203,42,184.5651354064136,231.8132444094882,branch,branch,0.3802309229636899,1.095067114927062
170698,ascending_neuron,AN08B113,AN08B113_L,L,BA,T1,,acetylcholine,11.0,0.034048,0.2082096540008239,0.1209005684441607,3,980,381,599,505,23,201,140,61,97,7,252.0034217596952,146.3897059252976,branch,branch,0.3194099723872186,1.247278301010663
170770,sensory_ascending,SApp,SApp_L,,haltere,,,acetylcholine,148.0,0.1475853476560589,0.4334876017364063,0.126889541237341,3,1017,731,286,609,20,96,77,19,33,3,143.0559954769055,412.8948802924912,branch,branch,0.4608784274088331,1.206285308025987
171303,ascending_neuron,AN06A092,AN06A092_R,R,BA,T1,,gaba,5.0,0.1167163194848688,0.3854968657253625,0.2563356984823357,3,1492,695,797,787,35,480,468,12,166,27,165.9095930134542,221.7408566475396,branch,branch,0.4346187573096997,0.891932166159968
171388,ascending_neuron,AN05B100,AN05B100_L,L,BA,T1,,acetylcholine,6.0,0.1801475396952526,0.4789268957019883,0.0645852207895272,3,9243,7779,1464,3754,267,1189,1173,16,348,48,213.0486557001207,163.2940536758525,branch,branch,0.4844318103654778,0.7768744771158665
171693,ascending_neuron,AN06A095,AN06A095_L,L,BA,T1,,gaba,3.0,0.1625914253191673,0.4549921233946998,0.05775605236436786,3,1675,966,709,841,52,809,802,7,206,49,165.5250735491625,223.1607430317391,branch,branch,0.4721717277256262,0.8231873993242615
171800,ascending_neuron,AN08B100,AN08B100(92001)_R,R,BA,T3,,acetylcholine,10.0,0.06521213035965392,0.2881504176126348,0.1934855005276568,3,785,318,467,476,19,155,116,39,81,7,4.096000000000004,160.454731939634,end,branch,0.3757575077496005,0.4379173497427184
171851,ascending_neuron,AN10B045,AN10B045_R,R,BA,T3,,acetylcholine,28.0,0.07107349275017585,0.3008215111190883,0.1282498778169494,3,1299,219,1080,639,39,317,253,64,136,22,393.0759608284021,180.036852418063,branch,branch,0.3839303848985559,1.492751904483663
171997,ascending_neuron,AN10B062,AN10B062_L,L,,T3,,acetylcholine,3.0,0.06330659290480103,0.2839092417108735,0.1199236104428604,3,2776,1980,796,1347,66,590,564,26,223,30,190.3344066986513,236.8418124582047,branch,branch,0.3729819411691777,1.145300005190055
172063,ascending_neuron,AN07B076,AN07B076_R,R,BA,T3,,acetylcholine,4.0,0.2430031492368651,0.5562384552541805,0.3943625883206978,3,2474,1915,559,1388,50,891,882,9,234,50,156.691703592015,238.0555893891036,branch,branch,0.5220697683974321,0.7561198078809503
172264,ascending_neuron,AN05B068,AN05B068_L,L,CA,T3,,gaba,5.0,0.04673366378127088,0.2439326726715212,0.1613699692737275,3,1624,1265,359,626,54,615,576,39,299,23,195.0144778199238,177.877967041448,branch,branch,0.3457267846277539,1.078575515237754
172332,sensory_ascending,SApp,SApp_L,,haltere,,,acetylcholine,148.0,0.2201145938476447,0.5293945648192285,0.1793446783430783,3,1326,968,358,778,38,209,183,26,85,9,212.5942860391198,329.4367596727696,end,branch,0.509316538864999,1.064232170665013
172868,sensory_ascending,"SApp09,SApp22","SApp09,SApp22_L",,campaniform sensilla,,,acetylcholine,74.0,0.1136569296508909,0.3804109585234062,0.375209632090684,3,892,726,166,493,20,111,105,6,39,5,180.4256557963904,333.8532700385477,end,branch,0.4317422491214741,1.191171183458215
173256,sensory_ascending,SApp,SApp_R,,haltere,,,acetylcholine,148.0,0.1699583202550825,0.4651856127456375,0.1847689194672329,3,995,648,347,631,19,118,106,12,42,5,188.8725980109679,232.645085932988,end,branch,0.4774316183971923,0.8828859834609454
173420,ascending_neuron,AN10B047,AN10B047_R,R,,T3,,acetylcholine,16.0,0.1109625518279342,0.3758748581270778,0.2543540832551668,3,2314,1160,1154,1246,58,408,374,34,172,23,237.6824231752103,233.7432799075483,branch,branch,0.429160436762603,1.098483603565571
173593,descending_neuron,DNpe008,DNpe008(PS225)_R,R,ht,,,acetylcholine,19.0,0.05986922199774865,0.2760939350294785,0.8097452872944054,3,1474,1356,118,645,36,254,27,227,59,13,179.52476854457,393.3904647822256,branch,branch,0.3678124904954214,1.557628542073471
174202,ascending_neuron,AN19B061,AN19B061_R,R,,T3,,acetylcholine,4.0,0.06759122552273251,0.2933595425628007,0.06896500385247366,3,1361,1056,305,693,40,591,577,14,129,36,181.8646100204936,407.83364416514,end,branch,0.3791387290369744,1.555362744617221
174277,sensory_ascending,SApp01,SApp01_L,,campaniform sensilla,,,acetylcholine,18.0,0.1877418465011649,0.488917521844822,0.1705024681520721,3,1595,1385,210,910,40,271,251,20,79,13,174.8899770216005,340.0990148788708,end,branch,0.4894584616736774,1.052160769965021
174420,ascending_neuron,AN09A005,AN09A005_R,R,BA,T3,,unclear,11.0,0.06364908628517638,0.2846761908634916,0.386178249842558,3,415,352,63,350,1,478,466,12,102,16,180.9141866801496,137.4583955842173,branch,branch,0.373485385956547,0.8524365188987818
174691,ascending_neuron,AN07B089,AN07B089_R,R,BA,A1,,acetylcholine,11.0,0.0587010857645991,0.273387168159696,0.2372967631173753,3,2321,1127,1194,1100,69,274,264,10,126,14,159.8068886405586,254.2512936100535,branch,branch,0.3660050715471727,1.131290832939308
176396,sensory_ascending,"SApp09,SApp22","SApp09,SApp22_L",,campaniform sensilla,,,acetylcholine,74.0,0.1582877845321639,0.4489301356724338,0.0475473687181696,3,1341,1042,299,859,32,137,113,24,39,6,200.1071508112156,321.8161930620955,end,branch,0.4690157422512516,1.112805598737701
176451,ascending_neuron,AN07B089,AN07B089_L,L,BA,A1,,acetylcholine,11.0,0.0321851840552101,0.2024338141064213,0.1439013012871398,3,1876,955,921,935,53,417,411,6,162,21,154.6992976537813,211.3448777147422,branch,branch,0.3149485178757735,1.162234951405308
177157,ascending_neuron,AN19B104,AN19B104_L,L,BA,T3,potentially sexually dimorphic,acetylcholine,9.0,0.06162205964190212,0.2801064854017102,0.09043284561815321,3,1908,1089,819,987,45,432,410,22,168,21,142.8416141611836,254.7795074766101,branch,branch,0.3704756103265612,1.073272060439565
177187,sensory_ascending,LgAG4,LgAG4_L,,leg bristle,,,acetylcholine,8.0,0.03536413149644779,0.2121956896039399,0.08220339905643535,3,885,3,882,441,18,192,11,181,36,14,321.2587018172555,208.1440418344426,branch,end,0.322452923549982,1.641798554106264
177410,ascending_neuron,AN07B091,AN07B091_L,L,BA,T1,,acetylcholine,5.0,0.03702633708389569,0.2171253015470791,0.2343231407367438,3,1233,560,673,494,41,529,435,94,118,27,186.0466872823686,135.9855353332803,branch,branch,0.326176942407137,0.9872930325457693
177685,descending_neuron,DNg02_e,DNg02_e_L,L,ut,LB,,acetylcholine,2.0,0.6391228378604804,0.9020845143928163,0.3092940878958725,3,2579,2384,195,1239,70,1469,152,1317,346,89,226.184821452533,260.4854559920789,branch,branch,0.6648469087334917,0.7320035199858272
178260,ascending_neuron,AN07B045,AN07B045_R,R,,T2,,acetylcholine,7.0,0.06715802184932948,0.2924179357781502,0.05476662863536284,3,4366,3622,744,2044,121,998,982,16,295,56,249.955443471767,215.406461212647,branch,branch,0.3785297723182334,1.229393138178785
178495,sensory_ascending,SApp,SApp_R,,haltere,,,acetylcholine,148.0,0.1958760334583551,0.4993967477517706,0.1863853160742318,3,920,566,354,528,26,117,94,23,39,5,184.5197856887698,343.6429583317064,end,branch,0.4946760620834281,1.067694162915449
178516,descending_neuron,DNpe029,DNpe029_L,L,xl,DC,,acetylcholine,4.0,0.09156253863865053,0.3414396652573792,0.1066532325407532,3,4644,4598,46,1870,119,1550,1519,31,443,67,563.8144553122447,234.3620515362266,end,branch,0.4090298717405806,1.951389279838954
179345,ascending_neuron,AN07B089,AN07B089_R,R,BA,A1,,acetylcholine,11.0,0.04986526244547878,0.2519730621597888,0.3722380845473583,3,1586,650,936,761,48,166,160,6,81,6,154.2183345398831,259.4469335362022,branch,branch,0.351378429130612,1.177264264911152
179459,sensory_ascending,"SApp09,SApp22","SApp09,SApp22_R",,campaniform sensilla,,,acetylcholine,74.0,0.4336143786043584,0.7430309374479865,0.2218333487438425,3,1026,797,229,621,25,77,61,16,30,5,159.2246195124563,426.8601677283223,end,branch,0.6033946961562667,0.9713124609384945
179513,ascending_neuron,AN07B085,AN07B085_R,R,BA,T3,,acetylcholine,8.0,0.04780396933423103,0.2467101622383034,0.1146452130236798,3,1642,762,880,865,31,238,203,35,116,11,155.009058505,158.5507656601045,branch,branch,0.3476894871818368,0.9018386684815611
179610,sensory_ascending,SApp,SApp_L,,haltere,,,acetylcholine,148.0,0.1957000173011174,0.4991723158721226,0.5097114552470656,3,885,685,200,503,22,131,112,19,31,5,191.67112773726,419.7544509700705,end,branch,0.4945648944045059,1.236289889607983
180085,ascending_neuron,AN19B079,AN19B079_L,L,BA,T3,,acetylcholine,6.0,0.08133513720676003,0.3218060177624202,0.1276006874913398,3,1641,1244,397,886,42,1103,1096,7,157,65,155.4702007150736,315.3268824573342,end,branch,0.3970956417584885,1.185601234724062
180214,ascending_neuron,AN06A112,AN06A112_R,R,BA,T1,,gaba,6.0,0.0881577278018591,0.3350312003550199,0.2414033829672486,3,1486,648,838,774,31,346,334,12,128,15,156.9771949567856,241.8543924233415,branch,branch,0.4051731582594776,0.9843484921197831
181823,ascending_neuron,AN10B035,AN10B035_L,L,BA,T3,,acetylcholine,11.0,0.05632,0.2677850839002882,0.1118585734803982,3,2231,1590,641,1185,62,272,253,19,133,12,192.2773517424981,246.9861101716945,branch,branch,0.362235684480617,1.212645470155763
182107,ascending_neuron,AN10B037,AN10B037_L,L,BA,T2,,acetylcholine,14.0,0.0415363281162241,0.2299689011598558,0.02958695077264727,3,2236,1549,687,1221,65,282,261,21,110,12,246.2518791375586,248.2208268908759,end,branch,0.3356855099171385,1.473023682644185
182110,ascending_neuron,AN06A112,AN06A112_L,L,,T1,,gaba,6.0,0.1517074424890878,0.4394996188937392,0.2724612692400032,3,1176,622,554,667,27,437,424,13,144,24,145.3291285820625,216.7408522096368,branch,branch,0.4640633720279292,0.780216674307811
182152,sensory_ascending,"SApp06,SApp15","SApp06,SApp15_L",,campaniform sensilla,,,acetylcholine,37.0,0.08499200000000001,0.3289607505252427,0.3405016738594325,3,1539,1038,501,784,36,248,205,43,38,11,193.4433077736876,243.0053730412544,end,branch,0.4014857005640038,1.087083998762154
182601,ascending_neuron,AN12B060,AN12B060_L,L,BI,T1,,gaba,9.0,0.03924460619995408,0.2235347501650253,0.09621367937923593,3,1832,1409,423,1212,31,259,240,19,140,8,226.7173161073184,136.0595600818956,branch,branch,0.3309562321227119,1.096147589856243
182945,ascending_neuron,AN10B037,AN10B037_L,L,,T3,,acetylcholine,14.0,0.03367647243646255,0.2070705590693371,0.2223192525616607,3,2344,1667,677,1225,59,333,313,20,156,12,213.8593423181348,240.3918030000503,branch,branch,0.3185350435100904,1.426063331407979
183307,ascending_neuron,AN07B110,AN07B110_L,L,BA,T1,,acetylcholine,6.0,0.06851722858450969,0.2953622266462931,0.07478367463174108,3,1005,342,663,450,29,179,165,14,68,11,182.7745031971,170.457606436509,branch,branch,0.3804306652422798,0.9285058800626671
183387,ascending_neuron,AN08B100,AN08B100_R,R,BA,T3,,acetylcholine,10.0,0.03948595962873953,0.2242210633752488,0.1291542226442128,3,768,188,580,432,16,282,252,30,86,13,221.4828705784881,225.7771308612701,branch,branch,0.3314639061102609,1.349347525310879
183524,ascending_neuron,AN07B060,AN07B060_R,R,,T2,,acetylcholine,6.0,0.07881388845335334,0.3167790388475151,0.0548289264209963,3,2192,1426,766,1085,60,613,602,11,198,34,174.3922896796252,225.0133809049858,branch,branch,0.3939818892224392,1.01376657534405
183575,ascending_neuron,AN08B097,AN08B097_R,R,BA,T1,,acetylcholine,5.0,0.07655657729184484,0.3122096436972292,0.4070190241173877,3,2040,860,1180,903,49,633,556,77,217,36,177.9775732946472,147.1399705516227,branch,branch,0.3911300620147246,0.8312261710889163
183722,ascending_neuron,AN08B079_a,AN08B079_a_R,R,BA,T3,,acetylcholine,7.0,0.0582453626361815,0.2723238862197478,0.09694020373591193,3,2930,1587,1343,1540,63,787,759,28,236,41,149.8021006992795,125.4728960518672,branch,end,0.3652926282416283,0.7535739170982171
183736,ascending_neuron,AN08B061,AN08B061_L,L,BA,T1,potentially male-specific,acetylcholine,7.0,0.06784000000000001,0.2938989124083882,0.3806033839993007,3,1462,1330,132,552,44,1891,1838,53,286,76,283.3300451269951,154.5699829410626,branch,branch,0.3794871105585936,1.153925959233456
183777,ascending_neuron,IN10B007,IN10B007_R,R,CI,T2,,acetylcholine,2.0,0.08891553061964012,0.3364680812886061,0.2514823244582545,3,11979,11241,738,5641,302,2135,2114,21,524,98,205.2626937975704,175.0155899942881,branch,branch,0.4060410814577965,0.9365512534509001
183815,ascending_neuron,IN07B063,IN07B063_L,L,BI,T2,,acetylcholine,2.0,0.07627152354479294,0.3116278548436089,0.06945612551376978,3,1755,1101,654,769,44,622,607,15,187,43,145.3185779086818,188.3099315081868,branch,branch,0.3907654653028699,0.85378197164451
183820,ascending_neuron,AN10B046,AN10B046_L,L,BA,T2,,acetylcholine,13.0,0.04575303821099472,0.241359850725048,0.04598897033263768,3,2124,1597,527,1244,42,289,273,16,132,13,208.7035131622205,228.9884971936292,branch,branch,0.3438987159837522,1.27273522700948
184114,ascending_neuron,AN08B061,AN08B061_L,L,BA,T1,potentially male-specific,acetylcholine,7.0,0.07047566205363522,0.299553667759351,0.3134280945704369,3,1306,1162,144,543,33,1887,1816,71,262,82,303.6063011238812,154.2214441245168,end,branch,0.3831204734833183,1.194996814150504
184141,ascending_neuron,AN10B046,AN10B046_L,L,BA,T1,,acetylcholine,13.0,0.04512730268553049,0.2397037052831072,0.7776591285933526,3,2161,1409,752,1201,46,139,124,15,88,2,207.7136040958097,212.6906018141229,branch,branch,0.3427168154449421,1.226681000067448
184173,ascending_neuron,AN19B099,AN19B099_R,R,,T3,,acetylcholine,4.0,0.07691018506032408,0.3129298467895067,0.4188506950968551,3,2242,1374,868,1156,56,680,658,22,173,40,183.1017253341858,237.7838189504097,branch,branch,0.3915809302390226,1.074836673041471
184205,ascending_neuron,AN07B071_a,AN07B071_a_R,R,,T1,,acetylcholine,2.0,0.06410270349270206,0.2856888114913517,0.02192637200458332,3,1725,912,813,765,43,492,480,12,139,24,172.3612195670514,147.5192782735976,branch,branch,0.374149058038053,0.8549547058010111
184704,ascending_neuron,AN19B063,AN19B063_R,R,BA,T3,,acetylcholine,4.0,0.1205099160011701,0.3917116166076805,0.3387680807147583,3,1979,1636,343,987,50,973,967,6,148,55,158.8476358145686,314.6058464933406,end,branch,0.4381080827122041,1.080677351070292
184894,sensory_ascending,SApp,SApp_L,,haltere,,,acetylcholine,148.0,0.8160446571475827,1.019323465711523,0.1276336345796014,3,1541,1267,274,970,32,82,70,12,25,7,142.2711994777794,372.5771859941798,branch,branch,0.7067308527287076,0.7284928675239171
185564,ascending_neuron,AN07B063,AN07B063_R,R,BA,T2,,acetylcholine,2.0,0.08486026206334503,0.3287057064239075,0.1639243030853829,3,1931,1210,721,897,61,658,644,14,230,43,160.4369604556693,323.4848713061752,branch,branch,0.4013300339467689,1.205795208005864
185977,descending_neuron,DNge102,DNge102_L,L,xl,,,glutamate,2.0,0.1758058017298273,0.473120385268153,0.1114410822373257,3,8658,8539,119,4218,187,5633,5601,32,1050,253,295.4862600546086,25.55575877525554,branch,end,0.4814862290672444,0.6667730029409158
186220,ascending_neuron,AN07B110,AN07B110_R,R,,T1,,acetylcholine,6.0,0.0639113763813048,0.2852621456960775,0.05116119285808289,3,1204,355,849,415,44,120,112,8,56,5,221.6213505496251,143.5719519034523,branch,branch,0.3738695646760751,0.9767933444100619
186380,descending_neuron,DNge144,DNge144_L,L,xl,,,acetylcholine,2.0,0.1669483221118724,0.4610479428866586,0.1900172142139084,3,5989,4537,1452,2841,150,1519,142,1377,346,73,190.6392875547646,190.0333092087807,branch,branch,0.4753035787940826,0.8009041247477442
186674,ascending_neuron,AN10B039,AN10B039_L,L,BA,T2,,acetylcholine,12.0,0.05380400006245269,0.2617353253660039,0.2099524141920063,3,1931,1512,419,902,58,504,458,46,181,27,240.4957679336816,265.7851812513568,end,branch,0.3581205236081031,1.4137166562927
186858,ascending_neuron,AN10B037,AN10B037_L,L,,T2,,acetylcholine,14.0,0.0548514598502226,0.2642707849304506,0.1315406438442395,3,2122,1466,656,1162,53,321,298,23,132,14,217.8118164761811,237.4893779090407,branch,branch,0.3598509199875982,1.265249493876278
187182,sensory_ascending,SApp08,SApp08_L,,campaniform sensilla,,,acetylcholine,39.0,0.4769595310423487,0.7792841177397732,0.3660683943801575,3,1066,754,312,605,29,151,123,28,48,6,198.7098307412534,410.2455642831445,end,branch,0.6179394935529601,0.9854612002917851
187243,ascending_neuron,AN07B045,AN07B045_R,R,BA,T2,,acetylcholine,7.0,0.05790433057377459,0.2715254748599975,0.1758765076124526,3,3768,3083,685,1795,89,812,798,14,291,50,251.3368327087005,209.2014030523388,branch,branch,0.3647567445317478,1.262590048478061
188027,ascending_neuron,AN10B045,AN10B045_R,R,BA,T3,,acetylcholine,28.0,0.04065912408478039,0.2275275909401677,0.8995283798478333,3,1629,916,713,798,42,434,414,20,144,21,356.4691351654171,261.7568763082197,branch,branch,0.3338989660970548,1.851536165865025
188043,sensory_ascending,SApp01,SApp01_L,,campaniform sensilla,,,acetylcholine,18.0,0.1769393725632967,0.4746432409380937,0.3229244875225555,3,1411,1086,325,866,36,290,260,30,96,11,207.2827801260183,339.8871717769096,end,branch,0.4822604981331831,1.134594174768631
188093,sensory_ascending,"SApp06,SApp15","SApp06,SApp15_R",,campaniform sensilla,,,acetylcholine,37.0,0.1127232798327478,0.3788452685402078,0.596110214434221,3,1436,1116,320,761,40,193,165,28,52,11,208.6118043298972,345.088141623178,end,branch,0.4308528537502123,1.285125399851903
188368,sensory_ascending,SApp,SApp_R,,haltere,,,acetylcholine,148.0,0.3413600689281855,0.6592671224571165,0.2217520562764756,3,1462,1199,263,834,30,101,86,15,30,7,174.4761360792086,328.1978585736841,end,branch,0.568366862162096,0.8844181955659688
188632,ascending_neuron,AN19B079,AN19B079_R,R,BA,T3,,acetylcholine,6.0,0.1142687386006914,0.3814334499141438,0.08470088900702807,3,1518,1247,271,840,34,910,907,3,142,52,158.2770716392032,305.476890383339,end,branch,0.4323220911056136,1.072704753154171
188688,ascending_neuron,AN19B101,AN19B101_L,L,BA,T3,,acetylcholine,8.0,0.04618332103297487,0.2424921249162182,0.5395911827002706,3,1485,878,607,838,47,620,606,14,162,37,190.8228941586719,265.2533890498115,branch,branch,0.3447044258621391,1.323093784095729
188811,ascending_neuron,AN19B065,AN19B065_R,R,,T3,,acetylcholine,6.0,0.1088710048212071,0.3723155497872919,0.3058946453395476,3,1445,1231,214,717,47,625,619,6,134,39,162.708840668973,404.8337726038502,end,branch,0.4271236582018994,1.328754805252554
188933,descending_neuron,DNg92_a,DNg92_a_L,L,ut,LB,,acetylcholine,2.0,0.09258273405523716,0.3433365668827409,0.6299671211248131,3,3008,1396,1612,1607,59,1799,55,1744,488,80,223.2255992621024,211.9299943666724,branch,branch,0.4101645008683017,1.060929438572982
188947,descending_neuron,DNg60,DNg60_R,R,xn,MD,,gaba,2.0,0.2374964782142705,0.5498999070719528,0.1164977693128069,3,8521,2624,5897,3881,170,4313,45,4268,469,153,217.1927414475889,158.840363198951,branch,branch,0.5190866541005046,0.7244129697345928
189067,sensory_ascending,,,,leg bristle,,,acetylcholine,,0.04717448741885635,0.2450804416600789,0.1113264046548852,3,413,41,372,144,14,68,12,56,20,3,217.385112510969,284.1622802998198,branch,end,0.3465391989565374,1.447303492133057
189543,ascending_neuron,AN08B107,AN08B107_L,L,BA,T1,,acetylcholine,2.0,0.0884075974708582,0.3355056618820688,0.1669188980540881,3,2249,810,1439,967,83,281,238,43,138,8,186.8392903843398,206.2080470293615,branch,branch,0.4054599540302515,0.9693863315151857
191517,sensory_ascending,SApp,SApp_R,,haltere,,,acetylcholine,148.0,0.09908647983597697,0.3551912505619602,0.1132338618304964,3,851,580,271,558,19,134,106,28,50,5,230.9504273249007,316.8143211074234,end,branch,0.4171854656808653,1.313000556091635
191906,ascending_neuron,AN10B046,AN10B046_L,L,BA,T1,,acetylcholine,13.0,0.04629136702761858,0.2427756146720947,0.06045313430180139,3,1986,1299,687,1113,50,221,186,35,111,7,209.6953695592756,216.928897719609,branch,branch,0.344905858444484,1.236929605089773
192123,ascending_neuron,AN12B060,AN12B060_L,L,BA,T1,potentially sexually dimorphic,gaba,9.0,0.05003945710273176,0.2524127880680313,0.06787070051195962,3,1788,1333,455,1170,32,211,185,26,115,7,212.8433859057271,144.6519127783865,branch,branch,0.3516848961120385,1.016521615333244
192150,ascending_neuron,AN10B047,AN10B047_R,R,BA,T1,,acetylcholine,16.0,0.05216642335405786,0.2577214642240386,0.1003023755123638,3,2354,1301,1053,1327,55,190,160,30,91,8,229.0025983930134,206.539496231212,branch,branch,0.3553639225776569,1.225622712246619
192465,sensory_descending,LN-DN2,LN-DN2_L,,,,potentially sexually dimorphic,unclear,,0.113408,0.3799941450724278,0.4702154252461773,3,2816,1434,1382,1055,90,181,75,106,89,9,227.3280521276482,177.5474985699757,branch,branch,0.4315056559136735,0.938285617230989
193940,sensory_ascending,SApp,SApp_L,,haltere,,,acetylcholine,148.0,0.1185977171781964,0.3885914350916607,0.09760548063054111,3,1998,1472,526,1185,45,206,162,44,56,7,198.1611124780052,216.0500429373335,branch,branch,0.4363597176583945,0.9492424223713637
194659,ascending_neuron,AN19B061,AN19B061_L,L,,T3,,acetylcholine,4.0,0.09847352749179768,0.3540909336768198,0.1812309883769558,3,1419,996,423,706,32,791,772,19,152,39,181.8275471092498,403.9434826626544,end,branch,0.4165387827101358,1.406282089654867
194743,ascending_neuron,AN10B039,AN10B039_L,L,,T3,,acetylcholine,12.0,0.04725495664931047,0.2452893790824379,0.195150221412117,3,2154,1754,400,969,54,601,569,32,238,28,230.1801596259308,257.6934084181984,end,branch,0.3466868843068548,1.407245529404882
194974,ascending_neuron,AN10B046,AN10B046_L,L,BA,T1,,acetylcholine,13.0,0.05902706619801894,0.2741452076783725,0.2594054517288426,3,1701,1185,516,1021,27,100,91,9,70,1,209.8270853390374,211.3650521530576,branch,branch,0.366512144085844,1.149190127226573
195227,ascending_neuron,AN10B039,AN10B039_L,L,BA,T1,,acetylcholine,12.0,0.04882919648503973,0.2493416609842723,0.137017832363554,3,1617,1181,436,819,43,307,271,36,142,12,229.3791976040426,218.870031614555,branch,branch,0.349538858901687,1.282401706714601
195264,ascending_neuron,AN09A005,AN09A005_L,L,BA,A1,,unclear,11.0,0.1184614165519307,0.388368072940172,0.5336294174983053,3,610,610,0,522,6,445,445,0,97,15,613.6282325933859,135.3863825309606,branch,branch,0.4362342899643313,1.717000777691249
195309,ascending_neuron,AN10B039,AN10B039_L,L,BA,T2,,acetylcholine,12.0,0.03712065711746439,0.2174016756340908,0.267024108329616,3,2300,1741,559,1034,71,1089,1053,36,315,56,240.888707103529,214.335000046254,end,branch,0.3263844681670751,1.394746844744939
195620,ascending_neuron,AN08B031,AN08B031_L,L,BA,T1,sexually dimorphic,acetylcholine,6.0,0.1401864627198197,0.4224818907023306,0.2528445968435605,3,3260,3148,112,1853,75,1853,1840,13,291,78,14.41088735741025,153.4716449580215,end,branch,0.454990248735225,0.3689805062462527
196242,ascending_neuron,AN06A112,AN06A112_R,R,,T1,,gaba,6.0,0.05751648101792212,0.2706145932983434,0.09562200432595964,3,1253,658,595,686,25,345,334,11,125,19,141.9797934683888,265.7079615937392,branch,branch,0.3641444091513534,1.119577137027185
196847,ascending_neuron,AN10B037,AN10B037_L,L,,T3,,acetylcholine,14.0,0.0395675284883063,0.224452538321015,0.1285109801170134,3,2091,1541,550,1203,50,324,300,24,146,15,223.8560829168954,265.4081666158546,end,branch,0.3316349556022364,1.475309647754907
197252,descending_neuron,DNg92_a,DNg92_a_R,R,ut,LB,,acetylcholine,2.0,0.09387715751590185,0.3457283750237721,0.05919664201601278,3,2863,1649,1214,1487,54,1759,62,1697,481,80,191.1588507550225,73.74664567456364,branch,end,0.4115906993138309,0.643613903013878
197418,sensory_ascending,SApp01,SApp01_R,,campaniform sensilla,,,acetylcholine,18.0,0.1388456324966262,0.4204565969377458,0.3515164116124827,3,846,752,94,498,21,156,149,7,60,6,141.5395014744893,328.9397034365873,end,branch,0.4538983724353893,1.036529834611926
199331,ascending_neuron,AN06B042,AN06B042_R,R,BA,T2,,gaba,2.0,0.09690241042559558,0.3512548660645504,0.2258237972985171,3,8729,7931,798,4615,166,1675,1661,14,403,94,171.5556904926393,210.4892028996642,branch,branch,0.4148673093552078,0.9208845449550669
199352,descending_neuron,DNge130,DNge130_L,L,xn,LB,,acetylcholine,2.0,0.3141143084701688,0.6324102775187624,0.1811776023042384,3,8599,2539,6060,3536,238,1020,146,874,344,44,210.9321016002712,188.7278632445193,branch,branch,0.5566695931916827,0.717948258235783
199469,ascending_neuron,AN08B113,AN08B113_L,L,BA,T1,,acetylcholine,11.0,0.02848344094690499,0.1904369800845629,0.1162985158638846,3,428,59,369,201,8,77,58,19,49,0,190.2270512112261,13.11250738436083,branch,end,0.3054735999091179,0.665653459598744
199504,ascending_neuron,IN17A037,IN17A037_L,L,II,T3,,acetylcholine,1.0,0.138425314714667,0.4198197049771774,0.1220194668342548,3,5624,2992,2632,2576,154,607,500,107,212,28,171.2576540232497,175.8869830598443,branch,branch,0.4535544679956498,0.7653868754004284
199565,ascending_neuron,AN10B037,AN10B037_R,R,BA,T2,,acetylcholine,14.0,0.04145056738869105,0.2297313682347084,0.1255096453688612,3,2200,1560,640,1250,54,332,308,24,132,13,213.3934815050423,178.3285270211285,branch,branch,0.3355121017713177,1.167534662559401
199644,ascending_neuron,AN19B104,AN19B104_L,L,BA,T3,potentially sexually dimorphic,acetylcholine,9.0,0.05897687674241773,0.2740286329809674,0.2218397842980923,3,1466,773,693,832,31,273,262,11,126,8,183.3438995252002,226.5310411521152,branch,branch,0.3664342098667563,1.118549877824877
199796,ascending_neuron,AN07B076,AN07B076_R,R,,T3,,acetylcholine,4.0,0.05728077858484784,0.2700595350056119,0.2549970134761352,3,2300,1749,551,1148,50,766,755,11,231,44,16.02177471482054,215.4503242723455,end,branch,0.3637707686892253,0.6363130820577727
199918,sensory_ascending,"SApp09,SApp22","SApp09,SApp22_L",,campaniform sensilla,,,acetylcholine,74.0,0.27968,0.5967408448158467,0.1335638088169309,3,820,697,123,549,13,87,80,7,37,4,160.6378180672098,335.26086478036,end,branch,0.5407430202598688,0.917069040686373
200165,sensory_ascending,SApp01,SApp01_R,,campaniform sensilla,,,acetylcholine,18.0,0.2324210132320573,0.543992302403692,0.3904890176743141,3,1250,918,332,798,27,179,155,24,46,7,184.9275742881473,344.2829137457016,end,branch,0.5162908368137179,1.025023979313413
200336,ascending_neuron,AN05B023b,AN05B023b_L,L,BA,A2,,gaba,2.0,0.06624272972887667,0.2904184275179682,0.03994971557391417,3,8119,7907,212,4210,142,8743,8702,41,1686,263,35.90192940269061,210.4037459519536,end,branch,0.3772333886121487,0.6529264979985178
200512,ascending_neuron,AN07B110,AN07B110_L,L,BA,T1,,acetylcholine,6.0,0.06443576694005795,0.2864300378162535,0.235216365575325,3,896,224,672,372,32,140,138,2,57,8,202.6692990787966,150.2462747494463,branch,branch,0.374634112875435,0.9420273320000268
200867,sensory_ascending,SApp,SApp_L,,haltere,,,acetylcholine,148.0,0.2635373052569409,0.5792634276096489,0.2022742590134901,3,1356,1120,236,739,34,139,127,12,34,6,139.0487213411878,332.9534046033269,branch,branch,0.5327655014438604,0.885947240700328
201119,ascending_neuron,AN07B110,AN07B110_R,R,BA,T1,,acetylcholine,6.0,0.06723966927194304,0.2925956354629229,0.2477544022321541,3,994,380,614,404,27,186,176,10,53,8,247.8306958994391,149.5402612791924,branch,branch,0.3786447693773575,1.049455820641778
202300,ascending_neuron,AN10B031,AN10B031_L,L,BA,T1,,acetylcholine,2.0,0.0665827199195369,0.2911627586034656,0.08792674492332886,3,2131,1642,489,1201,47,315,291,24,126,17,238.1294968329962,218.0261580720191,end,branch,0.3777164964834051,1.207666753112162
202710,ascending_neuron,AN10B035,AN10B035_L,L,,T2,,acetylcholine,11.0,0.03346064306245838,0.2064059445350116,0.1078581762049057,3,2296,1894,402,1258,44,303,293,10,162,12,188.6945811004162,159.0244861112735,branch,branch,0.318023446969175,1.093375568768654
203133,ascending_neuron,AN06B042,AN06B042_L,L,BA,T2,,gaba,2.0,0.07578625123002622,0.3106349175693281,0.2059967006214311,3,7920,7208,712,4125,163,1584,1577,7,373,91,183.0936972392649,199.1524294603138,branch,branch,0.3901424222113903,0.9797604796036941
203146,descending_neuron,DNg06,DNg06_R,R,xn,LB,,acetylcholine,12.0,0.230234540215154,0.5414274846790217,0.05703470608084232,3,2706,2600,106,1449,61,668,34,634,227,32,187.0659426641942,202.8219698763131,branch,branch,0.5150722934625008,0.7569576494195421
203325,sensory_ascending,SApp08,SApp08_L,,campaniform sensilla,,,acetylcholine,39.0,0.1068900243235107,0.3689127348119027,0.4463201601366661,3,1385,916,469,772,39,150,106,44,46,10,245.241334947725,247.3348036890433,end,branch,0.4251673083126598,1.158546598024271
204045,ascending_neuron,AN10B039,AN10B039_R,R,BA,T1,,acetylcholine,12.0,0.06335306182223106,0.2840134214999638,0.1251007548620477,3,1946,1247,699,937,50,332,282,50,137,16,193.487620626874,208.2417102840249,branch,branch,0.3730503672897029,1.076876921016203
204318,ascending_neuron,AN06A092,AN06A092_L,L,,T1,,gaba,5.0,0.09982604736210283,0.3565143350498471,0.3296785127047311,3,1727,1315,412,817,48,848,838,10,244,54,215.1175616783914,220.3319558907109,end,branch,0.4179617496547083,1.041840594094654
204366,ascending_neuron,AN19B063,AN19B063_R,R,BA,T3,,acetylcholine,4.0,0.1105534966312395,0.3751814010843817,0.4132472310176288,3,1494,1183,311,826,37,976,970,6,164,44,170.221231154438,312.4193766376422,end,branch,0.4287643718073448,1.125654647464373
204507,ascending_neuron,AN06A016,AN06A016_R,R,BA,T1,,gaba,2.0,0.2179407477799701,0.5267739348929578,0.3754584415712711,3,3883,2277,1606,1422,61,1609,1574,35,347,90,144.5466617938504,144.5853913592121,branch,branch,0.5080543554557418,0.5690966922106225
204984,ascending_neuron,AN07B076,AN07B076_L,L,BA,T3,,acetylcholine,4.0,0.05806073732286671,0.2718919394832341,0.3784714334291457,3,2103,1655,448,1058,58,973,963,10,247,51,142.6745872062482,208.7766690427976,branch,branch,0.3650028086834192,0.9628727447789935
205202,ascending_neuron,AN19B101,AN19B101_R,R,BA,T3,,acetylcholine,8.0,0.06254262794727043,0.2821909763513413,0.03337342456353882,3,1758,1038,720,937,59,650,611,39,167,43,160.8008146476853,239.4406906935118,branch,branch,0.3718515542688469,1.076347539082287
205423,ascending_neuron,AN10B053,AN10B053_L,L,BA,T1,,acetylcholine,11.0,0.08712626665771897,0.3330654711820913,0.1743514571626906,3,1981,574,1407,860,63,208,182,26,119,5,385.2576818928269,214.8466224486828,branch,branch,0.403982772998088,1.485470035981831
205440,sensory_ascending,SApp08,SApp08_L,,campaniform sensilla,,,acetylcholine,39.0,0.1201904386756352,0.3911920492812773,0.5041075352096677,3,1258,706,552,726,28,104,70,34,39,4,240.4113603793671,246.6777082779587,end,branch,0.4378174324393969,1.112539228836552
205491,ascending_neuron,AN10B039,AN10B039_L,L,,T3,,acetylcholine,12.0,0.03991094840313392,0.2254244835299724,0.0504976405761229,3,1887,1587,300,935,49,817,796,21,295,43,221.641328906296,260.4850248994964,end,branch,0.3323522181807825,1.450648822038373
205625,ascending_neuron,AN16B078_b,AN16B078_b_L,L,IA,T1,,glutamate,2.0,0.1519394649650953,0.4398355774598754,0.07664765589684829,3,1594,1316,278,1065,21,323,291,32,121,21,132.9783786576581,153.2091164922574,branch,branch,0.4642407058362493,0.6164635964750186
206151,ascending_neuron,AN10B046,AN10B046_R,R,BA,T1,,acetylcholine,13.0,0.05372074010659413,0.2615327334697435,0.09678104392408561,3,1600,967,633,926,29,102,76,26,68,1,226.3829232554374,203.7268043314819,branch,branch,0.3579818981459458,1.201484571746608
206176,ascending_neuron,AN10B035,AN10B035_L,L,,T2,,acetylcholine,11.0,0.04040942027670343,0.2268278463419378,0.1329040242461378,3,1994,1497,497,1030,55,292,282,10,152,7,207.4724346976332,247.9708835772535,branch,branch,0.3333851297036949,1.366117675013503
206485,sensory_ascending,SApp,SApp_L,,haltere,,,acetylcholine,148.0,0.1650457629876951,0.458413342003612,0.1337198512259664,3,1369,941,428,836,36,240,212,28,75,14,191.823469764864,348.1083715624107,branch,branch,0.4739436016888189,1.139232261820431
207525,ascending_neuron,AN10B046,AN10B046_L,L,BA,T3,,acetylcholine,13.0,0.05121917108403203,0.2553708559580465,0.3103984483158364,3,2092,1591,501,1216,39,211,200,11,118,8,210.6356452370883,239.0946699651185,branch,branch,0.3537396209352902,1.271359747639002
207692,ascending_neuron,AN08B113,AN08B113_R,R,BA,T1,,acetylcholine,11.0,0.035712,0.2132367947179429,0.1829620754269546,3,662,119,543,304,19,107,84,23,57,4,177.2136064020786,153.9324454815083,branch,branch,0.3232429881865839,1.024449296615341
208308,ascending_neuron,AN10B046,AN10B046_L,L,BA,T1,,acetylcholine,13.0,0.06526856894329455,0.2882750821817174,0.623713323943494,3,1450,1007,443,783,38,51,40,11,42,0,213.3021381157185,208.7866156204274,branch,branch,0.3758387822844279,1.123058006868267
209300,ascending_neuron,AN08B102,AN08B102_R,R,BA,T1,,acetylcholine,2.0,0.08888452567011063,0.3364094127669625,0.05636976712704443,3,1115,773,342,471,43,552,508,44,179,36,181.6361448163494,186.7139058233345,branch,branch,0.4060056800782615,0.9072534417958904
209655,descending_neuron,DNg06,DNg06_L,L,ut,LB,,acetylcholine,12.0,0.1112748559181854,0.3764034363415685,0.4233847513746307,3,1200,1183,17,608,23,562,69,493,165,27,215.7890787774307,285.457149192393,branch,branch,0.4294620865773468,1.167148960609235
210037,ascending_neuron,AN06A095,AN06A095_R,R,BA,T1,,gaba,3.0,0.1420566523463363,0.4252906622065085,0.1845546231726594,3,1732,912,820,906,45,757,735,22,244,36,160.8375745937842,237.8039736931463,branch,branch,0.4565001911075056,0.873256038118614
210215,ascending_neuron,AN09B023,AN09B023_R,R,BA,A7,,acetylcholine,8.0,0.1412098494756153,0.424021183973694,0.09842255271554762,3,5618,4727,891,2352,125,2628,2578,50,480,111,192.9305048773706,275.3397482577533,branch,branch,0.4558183631087169,1.027317657721124
210615,ascending_neuron,AN07B091,AN07B091_L,L,BA,T1,,acetylcholine,5.0,0.04660487329353297,0.2435963211025525,0.1326370317991737,3,1452,596,856,565,56,402,324,78,104,14,177.5536999302504,177.2273676580782,branch,branch,0.3454883461714023,1.026897351299705
210655,ascending_neuron,AN10B045,AN10B045_L,L,BA,T3,,acetylcholine,28.0,0.07183657749175812,0.3024320935696778,0.660618817487873,3,1270,278,992,592,39,348,278,70,137,18,415.6195462746604,271.7451727591115,branch,branch,0.3849567843916277,1.785563333089607
211648,sensory_ascending,LgAG1,LgAG1_L,,leg bristle,,,acetylcholine,25.0,0.06346448098448174,0.2842630592875812,0.3016451330506724,3,2328,859,1469,805,67,445,139,306,45,15,315.70679946814,671.1201669479078,branch,end,0.373214280341622,2.644129708843818
212347,ascending_neuron,AN07B110,AN07B110_R,R,BA,T1,,acetylcholine,6.0,0.05109716907813255,0.255066533073818,0.1458587866067926,3,971,383,588,362,32,128,123,5,53,6,215.8052355336782,141.2332487483578,branch,branch,0.3535287841267961,1.009927622057448
212840,sensory_ascending,SApp,SApp_L,,haltere,,,acetylcholine,148.0,0.2038991366411012,0.5095217796216452,0.1719070050438965,3,1127,814,313,709,30,138,115,23,58,7,191.453760731728,326.7040970496863,end,branch,0.4996655601646027,1.037009350035491
213643,ascending_neuron,AN10B061,AN10B061_L,L,BA,T1,,acetylcholine,6.0,0.03367477865495842,0.2070653516252698,0.1108817286803305,3,1248,950,298,726,26,130,122,8,78,3,219.2677449419571,211.5154307071925,end,branch,0.3185310381993915,1.352405649648156
214629,ascending_neuron,AN19B104,AN19B104_R,R,BA,T3,potentially sexually dimorphic,acetylcholine,9.0,0.03938438850305036,0.2239324918079032,0.1669008046014071,3,1517,866,651,784,38,232,220,12,112,10,173.541014637101,218.3942381983186,branch,branch,0.331250541110309,1.183198830473464
214843,ascending_neuron,AN10B035,AN10B035_R,R,,T2,,acetylcholine,11.0,0.05003655636591443,0.2524054719047354,0.2108699974431897,3,1980,1453,527,1027,55,263,234,29,148,7,200.5518232167418,179.068925077797,branch,branch,0.3516797992966335,1.079449968561708
215118,ascending_neuron,AN10B037,AN10B037_L,L,BA,T1,,acetylcholine,14.0,0.03342533585010687,0.2062970174297486,0.1449312462696862,3,1384,867,517,700,39,65,50,15,36,1,240.4875151710366,208.6879262716379,end,branch,0.3179395202559392,1.412770079923034
215209,ascending_neuron,AN09B037,AN09B037_L,L,BA,A5,,unclear,4.0,0.1336650630175599,0.4125380515582469,0.05046769894796067,3,3125,324,2801,1575,64,1697,1555,142,347,75,222.7342589223219,157.0412094931897,branch,branch,0.4496038759436366,0.844689044591602
215290,sensory_ascending,"SApp06,SApp15","SApp06,SApp15_L",,campaniform sensilla,,,acetylcholine,37.0,0.1598368665534931,0.4511215126797486,0.5792834492860383,3,1025,806,219,567,25,147,127,20,44,6,198.703108671409,341.9645729077412,end,branch,0.4701590594820829,1.149967592190477
215306,sensory_ascending,SApp,SApp_L,,haltere,,,acetylcholine,148.0,0.2287395376970821,0.5396667720365638,0.1130419336996637,3,1576,1272,304,827,40,143,128,15,39,9,164.2793923749343,333.1168147021897,end,end,0.5142341084544239,0.9672563505600442
215424,ascending_neuron,AN08B113,AN08B113_R,R,BA,T1,,acetylcholine,11.0,0.08282463358806237,0.324739278133276,0.4689420239448017,3,1064,424,640,572,29,215,153,62,88,10,249.7191997419838,148.5863674381474,branch,branch,0.3989012989265706,0.9985065685470506
215515,ascending_neuron,AN10B037,AN10B037_R,R,,T3,,acetylcholine,14.0,0.04279354592325831,0.2334232956003593,0.0903328127630289,3,2238,1675,563,1279,42,394,375,19,182,14,194.2866644915509,184.0040149525665,branch,branch,0.3381973016512343,1.118550259263243
215622,ascending_neuron,AN10B039,AN10B039_R,R,BA,T2,,acetylcholine,12.0,0.05038180476324532,0.2532747641587892,0.1175687199797821,3,1499,1108,391,743,42,445,405,40,156,26,257.8747120210174,263.4416372404018,end,branch,0.3522848768224471,1.479814728249503
215925,ascending_neuron,AN19B104,AN19B104_R,R,BA,T3,potentially sexually dimorphic,acetylcholine,9.0,0.07558900946543934,0.3102304240379365,0.384233878099342,3,1841,1079,762,1028,44,357,332,25,134,20,172.6252592693583,216.0991391306099,branch,branch,0.3898883273176935,0.9970147120696513
216011,ascending_neuron,AN19B101,AN19B101_R,R,BA,T3,,acetylcholine,8.0,0.06788163277203742,0.2939890800804486,0.1692802863458239,3,1646,932,714,930,46,652,621,31,170,37,193.3845230655083,229.6796692011618,branch,branch,0.3795453190851125,1.114660545113451
216291,ascending_neuron,AN19B104,AN19B104_R,R,BA,T3,potentially sexually dimorphic,acetylcholine,9.0,0.04729401235677775,0.2453907226482755,0.1329584596307393,3,1517,818,699,867,24,218,196,22,112,11,172.9475110791513,205.3219721433291,branch,branch,0.3467584953503735,1.090873009009534
217221,ascending_neuron,AN08B097,AN08B097_R,R,BA,T1,,acetylcholine,5.0,0.08200309387847837,0.3231247157317258,0.1129122147503926,3,1027,359,668,455,39,396,333,63,174,20,264.0681728513596,196.262852441061,branch,branch,0.3979084200020724,1.156876814242893
217233,ascending_neuron,AN10B039,AN10B039_L,L,BA,T1,,acetylcholine,12.0,0.06642525510166077,0.2908182620891535,0.5359214476427759,3,1505,1131,374,783,35,455,425,30,179,20,229.2058294624016,188.8479262716379,branch,branch,0.3774929779793065,1.107447767563391
217430,descending_neuron,DNg06,DNg06_L,L,xn,LB,,acetylcholine,12.0,0.10048,0.3576801776098155,0.0554551045248704,3,2315,2247,68,1182,53,470,64,406,190,24,208.1079178072794,219.702974603786,branch,branch,0.4186445831834081,1.02189520561321
217516,descending_neuron,DNpe009,"DNpe009(PS222,PS226)_R",R,nt,,,acetylcholine,6.0,0.06993667145507178,0.2984059914340666,0.07944262527263556,3,1297,1185,112,749,18,526,9,517,129,28,200.2517328620261,183.7247181430789,branch,branch,0.3823858467604321,1.004159683885135
217594,ascending_neuron,AN08B099_b,AN08B099_b_R,R,,T1,,acetylcholine,2.0,0.1397939089937041,0.4218899537129234,0.378118097114667,3,1415,282,1133,632,36,1060,1010,50,285,62,230.9073649908788,207.9227133904963,branch,branch,0.4546713948769291,0.9651587571286686
218015,sensory_ascending,SApp23,SApp23_R,,chordotonal organ,,,acetylcholine,22.0,0.05779331142441439,0.2712650540094667,0.02658065708830936,3,1096,687,409,331,47,132,66,66,45,7,380.7806926746363,314.3293907301903,end,branch,0.3645817829577318,1.906595765058878
218325,sensory_ascending,"SApp09,SApp22","SApp09,SApp22_L",,campaniform sensilla,,,acetylcholine,74.0,0.2790500015276247,0.5960683659643241,0.2444702601068854,3,1951,1312,639,936,65,242,176,66,44,15,175.1996691776995,377.6204907008334,branch,branch,0.5404382474645173,1.022910873669851
218722,ascending_neuron,ANXXX086,ANXXX086_L,L,CA,A1,,acetylcholine,2.0,0.1671122260812999,0.461274207663331,0.2213660291894202,3,10885,10589,296,4644,206,7579,7552,27,1825,334,237.2494328644256,176.8635576610696,branch,branch,0.4754201949381538,0.8710462763984312
218845,descending_neuron,DNg06,DNg06_L,L,ut,LB,,acetylcholine,12.0,0.09331267467422844,0.3446873763575263,0.05199829141664552,3,1403,1388,15,713,23,775,55,720,190,32,205.70177612084,238.7297988804012,branch,branch,0.4109705760941869,1.08141945154581
218878,ascending_neuron,AN19B104,AN19B104_R,R,BA,T3,potentially sexually dimorphic,acetylcholine,9.0,0.0539911198833345,0.2621900625500486,0.1353000981014656,3,1973,1271,702,1003,48,375,354,21,137,21,166.4267737608278,153.1244478924043,branch,branch,0.3584314866882147,0.8915266474097377
219573,sensory_ascending,LgAG2,LgAG2_L,,leg bristle,,,acetylcholine,11.0,0.09581522683521335,0.3492788796855077,0.1423411930550455,3,2544,138,2406,1051,61,382,55,327,70,13,38.83673941616586,34.55420475524641,branch,branch,0.4136987443126928,0.1774019021820863
219685,ascending_neuron,AN10B037,AN10B037_L,L,BA,T2,,acetylcholine,14.0,0.033152,0.2054517884737442,0.139186465343014,3,1743,1343,400,1078,34,308,294,14,130,14,233.1537929699062,220.3008179063629,end,branch,0.3172875294620554,1.429159890541799
220203,descending_neuron,DNge061,DNge061_L,L,fl,LB,,acetylcholine,4.0,0.2186242283661352,0.5275992920701981,0.08059010181546888,3,1983,1982,1,1520,25,522,522,0,180,28,273.251267514957,183.0906961469091,end,branch,0.5084522132063121,0.8975120017359399
220627,ascending_neuron,AN07B100,AN07B100_R,R,BA,A1,,acetylcholine,1.0,0.02584342386092565,0.1813969934455442,0.1220310477710238,3,886,339,547,493,18,124,116,8,66,3,188.3280329219542,356.1357616147105,branch,branch,0.2981350814451675,1.8262318942724
220941,sensory_ascending,,,,leg bristle,,,acetylcholine,,0.02930170895419959,0.1931530340657566,0.1984685898904785,3,859,566,293,412,23,195,144,51,55,12,14.94843004042575,5.544154687870055,end,end,0.3076442534685488,0.06661130346902712
221015,ascending_neuron,ANXXX008,ANXXX008_L,L,BA,T1,,unclear,2.0,0.04921138347712755,0.2503155598323952,0.8485722537410458,3,1335,1069,266,1208,2,1533,1472,61,477,72,172.5886527841008,65.33842821190837,branch,branch,0.3502208222220284,0.6793630358310655
221125,ascending_neuron,AN19B104,AN19B104_L,L,BA,T3,potentially sexually dimorphic,acetylcholine,9.0,0.0374480290068561,0.2183582180819367,0.04995578342624254,3,1184,622,562,698,19,290,265,25,128,12,176.7228045050858,262.4991423865806,branch,branch,0.3271017072106915,1.342768738925463
221619,ascending_neuron,AN10B039,AN10B039_R,R,,T3,,acetylcholine,12.0,0.0253479436071993,0.1796496706882676,0.1493647947583258,3,1777,1508,269,815,54,651,626,25,228,32,256.2600862098581,185.4669869120509,end,branch,0.296695700402367,1.488821956377717
222154,ascending_neuron,AN00A002,AN00A002_M,M,BA,T1,,gaba,1.0,0.0005468872778911758,0.02638784774709019,0.1337136342890092,3,14640,10208,4432,5729,411,4555,4277,278,1252,194,233.8487782595997,131.0963001417355,branch,branch,0.1137103574705233,3.209426885285612
222611,ascending_neuron,AN19B079,AN19B079_R,R,BA,T3,,acetylcholine,6.0,0.09015976994084389,0.3388140853519923,0.09074411603200522,3,1849,1609,240,930,42,805,800,5,143,39,156.832362725515,309.0142981710035,end,branch,0.4074541714383056,1.143310569755829
222690,ascending_neuron,AN07B089,AN07B089_R,R,BA,A1,,acetylcholine,11.0,0.03171639428050218,0.2009541425657792,0.06403289860690192,3,1833,1016,817,935,52,307,296,11,135,12,153.2686660672667,176.2366614921187,branch,branch,0.3137953630269762,1.05006436163003
222777,ascending_neuron,AN09A005,AN09A005_R,R,BI,A3,,unclear,11.0,0.1614507834458543,0.4533933413844263,0.2162081056401287,3,423,354,69,338,6,422,413,9,101,13,385.7788956798097,234.4947708761115,end,branch,0.4713414232574608,1.315975290839458
222954,ascending_neuron,AN10B045,AN10B045_R,R,BA,T2,,acetylcholine,28.0,0.03337497435630149,0.206141546406747,0.07205820271282631,3,1803,1266,537,843,58,382,340,42,147,19,242.0759704715912,184.2473755665265,branch,branch,0.3178196937562335,1.34140002779408
223170,descending_neuron,DNge145,DNge145_R,R,xn,LB,,acetylcholine,4.0,0.1663381729882483,0.4602046714752427,0.1310397762163523,3,2472,734,1738,1165,55,1001,13,988,318,39,150.6488146359868,180.1031026734433,branch,branch,0.4748687071421625,0.6965123461176232
223783,ascending_neuron,AN05B105,AN05B105_L,L,BA,T1,,acetylcholine,2.0,0.00601165994479972,0.08748876025650043,0.192457466640147,3,7366,4502,2864,2810,183,2007,1584,423,512,84,232.758445593949,500.7361720037954,branch,branch,0.2070494929375226,3.542605235063663
223870,ascending_neuron,AN08B084,AN08B084_R,R,BA,T1,potentially male-specific,acetylcholine,4.0,0.1664092497812634,0.4603029843822607,0.05192519123533573,3,3063,612,2451,1052,128,909,385,524,243,43,223.6478357001848,192.7883408580914,branch,branch,0.4749194272161413,0.8768564785806316
223886,ascending_neuron,AN19B101,AN19B101_R,R,BA,T3,,acetylcholine,8.0,0.05242407901149208,0.2583571374933396,0.1565080740238577,3,1407,897,510,785,42,656,631,25,170,39,195.4456811462084,242.746772848496,branch,branch,0.35580190748749,1.231562970218509
224051,ascending_neuron,AN19B104,AN19B104_L,L,BA,T3,potentially sexually dimorphic,acetylcholine,9.0,0.04209559054557818,0.2315119231089617,0.1337173294965044,3,1433,856,577,806,27,303,289,14,135,18,167.4250444646004,201.5047600884103,branch,branch,0.3368098014063593,1.09536540508184
224116,ascending_neuron,AN10B035,AN10B035_R,R,,T2,,acetylcholine,11.0,0.03709870489069729,0.2173373831748592,0.143961217162173,3,1977,1486,491,1033,59,284,260,24,166,10,196.8633628018561,177.9553415433421,branch,branch,0.3263362035626464,1.148566111431288
224753,descending_neuron,DNg05_b,DNg05_b_L,L,ut,LB,,acetylcholine,4.0,0.2486445989334849,0.56265809862378,0.2631665613626415,3,1408,1405,3,822,26,966,123,843,150,49,197.582599087309,184.6825972931809,branch,branch,0.5250737741743079,0.7280218803188406
225466,descending_neuron,DNg02_c,DNg02_c_R,R,ut,LB,,acetylcholine,4.0,0.2195308574727782,0.5286921306620328,0.2798803479899024,3,2548,2419,129,1240,49,1489,216,1273,367,81,207.3054250878934,266.7864563755729,branch,branch,0.5089785300230217,0.9314575242339249
225781,descending_neuron,DNge179,DNge179_R,R,nt,LB,,gaba,6.0,0.04183201432785078,0.2307859936784456,0.3058141311243061,3,1261,399,862,586,31,449,5,444,113,27,164.874428627436,232.9462464809338,branch,branch,0.3362813359412596,1.182999567891153
225823,ascending_neuron,AN10B037,AN10B037_R,R,BA,T3,,acetylcholine,14.0,0.03829425934267065,0.2208116059708643,0.5349982906509511,3,1858,1512,346,1134,39,366,350,16,152,18,234.6073076104284,210.2937077100867,end,branch,0.3289341680727673,1.352553363267794
225843,sensory_ascending,SApp19,SApp19_L,,campaniform sensilla,,,acetylcholine,9.0,0.07128615473399116,0.3012712253094,0.02516467465225924,3,3056,2082,974,1376,74,71,44,27,29,4,235.6777701921194,275.3258983037196,branch,branch,0.3842172567722668,1.329986249937548
225850,ascending_neuron,AN10B046,AN10B046_R,R,BA,T3,,acetylcholine,13.0,0.04092135216017528,0.2282601230928627,0.7017832626938015,3,2139,1580,559,1209,46,241,229,12,121,10,201.9679133315049,169.7652688481902,branch,branch,0.3344360332193628,1.11152251927312
226016,descending_neuron,DNge009,DNge009_L,L,fl,MX,,acetylcholine,7.0,0.07544548036516281,0.3099357499103089,0.07622605559262273,3,1674,1464,210,882,43,473,70,403,135,25,224.3113535759528,119.3247800005468,branch,branch,0.3897031145064809,0.8817895489793034
226164,sensory_descending,LN-DN2,LN-DN2_R,,,,potentially sexually dimorphic,unclear,,0.0802466088005081,0.3196453591962499,0.1359608021037252,3,2715,1638,1077,934,98,156,84,72,95,5,228.4521045705026,205.1787351963755,branch,branch,0.3957603138342227,1.095690559686888
226581,ascending_neuron,AN12B076,AN12B076_R,R,BA,T1,,gaba,3.0,0.3435372773940641,0.6613661971017082,0.3465332747152509,3,1942,373,1569,954,56,297,200,97,141,16,212.1038305258201,157.397148490676,branch,branch,0.5692709693808714,0.6490775024385286
226775,ascending_neuron,AN10B039,AN10B039_R,R,BA,T2,,acetylcholine,12.0,0.05666818608286675,0.2686115698348021,0.03402681100745261,3,1729,1324,405,824,49,784,762,22,227,39,199.103003381737,240.8902829025934,branch,branch,0.3627942519101605,1.212790125443572
227102,ascending_neuron,AN14A003,AN14A003_R,R,CA,T3,,glutamate,5.0,0.7009757398283633,0.9447274907874011,0.3880248394169162,3,9580,8128,1452,4471,176,6894,6851,43,857,257,173.3447456682709,145.937413974567,branch,branch,0.6803796517282292,0.4692705886071559
227788,ascending_neuron,AN19B079,AN19B079_L,L,BA,T3,,acetylcholine,6.0,0.07399238781598215,0.3069365311863166,0.1348941607345047,3,2132,1906,226,1069,58,1048,1041,7,174,52,148.1074653013617,327.4690309965962,end,branch,0.3878129707491681,1.226303739607394
228085,ascending_neuron,AN09B044,AN09B044_R,R,BA,T3,,glutamate,2.0,0.06944137890049353,0.2973474561132923,0.2046845647355147,3,4016,2960,1056,1866,102,738,659,79,257,33,273.130943413685,235.1717616600949,branch,branch,0.3817070257350698,1.331656665461997
228310,ascending_neuron,IN08B021,IN08B021_L,L,BI,T3,,acetylcholine,2.0,0.03781289672806925,0.2194194052839553,0.1363782760012492,3,6411,6053,358,2818,157,2028,2020,8,477,90,222.1597870192557,148.5242449449442,branch,branch,0.3278955757388899,1.130494155430091
228354,ascending_neuron,AN07B060,AN07B060_L,L,,T2,,acetylcholine,6.0,0.06601018936794947,0.289908232823302,0.1075673025673913,3,1833,1165,668,916,49,653,643,10,187,46,197.9958728187872,341.2890228553028,branch,branch,0.3769018892011792,1.430836276297452
228438,ascending_neuron,AN06A112,AN06A112_R,R,,T1,,gaba,6.0,0.06402396385504004,0.2855132966972496,0.07882363516587537,3,1249,821,428,661,24,318,310,8,99,19,168.4880619172345,239.2018187898215,branch,branch,0.374034109917334,1.089980485462036
228714,descending_neuron,DNge061,DNge061_R,R,fl,LB,,acetylcholine,4.0,0.1623991097786277,0.4547229580744034,0.2297991815349774,3,1612,1612,0,1332,11,353,353,0,131,17,256.295071233037,188.195447154556,end,branch,0.4720320428280877,0.9416532736305675
229702,ascending_neuron,AN10B047,AN10B047_L,L,,T3,,acetylcholine,16.0,0.05822133304401596,0.2722677057214777,0.05111043803609267,3,2689,1425,1264,1296,79,437,408,29,206,18,204.0121080310784,259.9543882408857,branch,branch,0.3652549463094566,1.270253834916929
229839,ascending_neuron,AN10B039,AN10B039_R,R,,T3,,acetylcholine,12.0,0.03991541702325796,0.2254371029768772,0.1123352479237883,3,1955,1553,402,900,54,995,972,23,286,49,240.1341410990264,321.839708590205,branch,branch,0.332361520725053,1.690851120380226
230604,ascending_neuron,AN19B101,AN19B101_L,L,BA,T3,,acetylcholine,8.0,0.06997472883784073,0.2984871720668391,0.0948199670592908,3,1456,1004,452,814,43,683,656,27,157,46,160.6521750861825,205.1420536829494,branch,branch,0.3824378567986583,0.9564801764949518
230783,descending_neuron,DNg97,DNg97_R,R,xl,MX,,acetylcholine,2.0,2.824576,1.896407619766876,0.1305236688758791,3,25021,16041,8980,13440,384,17959,636,17323,1501,477,92.36502466843203,102.6698751155733,branch,branch,0.963970815785296,0.2023244859597962
232250,sensory_ascending,SApp,SApp_R,,haltere,,,acetylcholine,148.0,0.1545769015932538,0.4436365898020208,0.2134628373662914,3,998,899,99,661,18,90,85,5,34,2,140.5902004865731,330.8140440770666,end,branch,0.4662423500744974,1.011071269026328
232796,ascending_neuron,AN08B099_a,AN08B099_a_R,R,,T1,,acetylcholine,4.0,0.09876696725079344,0.3546181163128485,0.1531458752296338,3,2338,198,2140,827,50,511,448,63,175,25,190.2299134839702,192.0469036982216,branch,branch,0.4168487459418533,0.9170636133700064
233071,descending_neuron,DNg04,DNg04_L,L,ut,LB,,acetylcholine,4.0,0.724482399068517,0.96043721291849,0.09933647936951454,3,4521,2127,2394,2356,75,3925,89,3836,371,105,165.2542511355343,225.458845529891,branch,branch,0.6860132901992935,0.5695415850499332
234225,ascending_neuron,AN19B106,AN19B106_R,R,BA,T3,,acetylcholine,2.0,0.04727935365637303,0.2453526904780405,0.766244345733443,3,1361,775,586,771,32,234,223,11,104,12,171.5742437486915,223.5574690592806,branch,branch,0.346731622922167,1.139589488486517
235061,ascending_neuron,AN09A005,AN09A005_R,R,BA,A1,,unclear,11.0,0.01212955907049919,0.1242732242631559,0.5307364311503898,3,336,311,25,274,1,450,437,13,87,13,79.29634918339235,223.2857360048995,end,branch,0.246766853302761,1.226186098896558
235648,ascending_neuron,AN10B037,AN10B037_R,R,,T2,,acetylcholine,14.0,0.04621640411936718,0.2425789631032323,0.03936826199891479,3,2120,1741,379,1189,57,397,392,5,144,25,209.2708604747735,211.7252777742879,end,branch,0.344766140913785,1.221106391518705
236146,ascending_neuron,AN12B060,AN12B060_R,R,BA,T1,potentially sexually dimorphic,gaba,9.0,0.03657900730596311,0.2158097277907293,0.09990243349472365,3,1915,1506,409,1312,31,225,215,10,130,7,213.7977846031895,133.7158652619508,branch,branch,0.3251872792983411,1.068656961659057
236642,ascending_neuron,AN12B080,AN12B080_R,R,BA,T1,,gaba,3.0,0.1008806569273325,0.3583925804180954,0.1806282835996673,3,1820,517,1303,825,47,276,219,57,132,11,205.6386259596282,133.2021245703147,branch,branch,0.4190612895566312,0.8085708677325886
236699,ascending_neuron,AN10B047,AN10B047_R,R,BA,T1,,acetylcholine,16.0,0.0945148549558965,0.3469006354775898,0.4045345611540072,3,2454,1299,1155,1318,65,152,119,33,94,4,229.6599348053185,209.1505815972434,branch,branch,0.4122878986630811,1.064330332822004
237744,ascending_neuron,AN19B106,AN19B106_L,L,BA,T3,,acetylcholine,2.0,0.02803718161004175,0.1889392715896477,0.1176287352382765,3,1358,770,588,784,21,300,287,13,109,19,173.2946620222399,242.4551912141994,branch,branch,0.3042700167268003,1.366384561018824
237936,descending_neuron,DNg09_a,DNg09_a_R,R,xn,LB,,acetylcholine,6.0,0.09159562946246187,0.341501358059548,0.1784391085076077,3,3351,619,2732,1594,86,622,8,614,196,36,183.0281455387727,164.3459926732622,branch,branch,0.4090668227187075,0.8491867805444213
238250,ascending_neuron,AN10B034,AN10B034_L,L,BA,T2,,acetylcholine,8.0,0.08656046228112052,0.3319822338422331,0.04270234428805521,3,2655,1815,840,1350,73,863,836,27,282,42,385.1225794400543,326.0605192005054,branch,branch,0.4033252962345583,1.763299017641986
238699,descending_neuron,DNg07,DNg07_R,R,ut,LB,,acetylcholine,16.0,0.1012358219754644,0.3590229127547855,0.4901738779640337,3,2405,779,1626,1175,63,524,19,505,232,23,198.866375124264,238.7699263203037,branch,branch,0.4194296451728763,1.043408129304229
238896,descending_neuron,DNge071,DNge071_L,L,nt,LB,,gaba,10.0,0.05608337236585479,0.2672219442678942,0.263774133802437,3,791,244,547,311,25,252,5,247,97,15,155.0154922615777,171.8047253428026,branch,branch,0.3618546015891854,0.9031810461137103
240034,descending_neuron,DNg01_d,DNg01_d_L,L,lt,LB,,acetylcholine,2.0,0.11712,0.3861629390288279,0.1264138379075591,3,1790,1725,65,992,27,815,109,706,181,42,215.6332664486063,193.9180522839338,branch,branch,0.4349940690677583,0.9415101212994813
240137,sensory_ascending,"SApp06,SApp15","SApp06,SApp15_L",,campaniform sensilla,,,acetylcholine,37.0,0.086386983419807,0.3316493983719541,0.1702443049286184,3,1435,1149,286,775,39,183,167,16,51,10,236.9613328935545,335.6539374610746,end,branch,0.4031230645873013,1.420447800328284
241203,ascending_neuron,AN10B046,AN10B046_R,R,,T1,,acetylcholine,13.0,0.03679788620812223,0.2164544383533077,0.2006608256340899,3,1331,920,411,751,26,91,82,9,64,1,201.7074507017292,203.3173482899677,branch,branch,0.325672649746829,1.243656166112059
241849,ascending_neuron,AN10B039,AN10B039_R,R,BA,T1,,acetylcholine,12.0,0.07180800000000001,0.3023719319453156,0.5128902182451193,3,1524,1207,317,816,30,294,268,26,152,8,250.6029167532665,209.024235647378,end,branch,0.3849184935193484,1.19408955438391
242405,descending_neuron,DNge046,DNge046_R,R,fl,LB,,gaba,4.0,0.1235598259446074,0.3966374371302687,0.1610948599233042,3,8053,544,7509,4029,98,8141,47,8094,929,275,192.441865863735,130.7017328939729,branch,branch,0.4408541076068495,0.7329944151181302
242617,sensory_ascending,"SApp06,SApp15","SApp06,SApp15_L",,campaniform sensilla,,,acetylcholine,37.0,0.09129296743889621,0.3409366749110783,0.09354654996639471,3,2133,1515,618,1090,47,307,236,71,34,10,184.3815930925028,255.8278485694825,branch,branch,0.4087284804199829,1.077021697165939
242782,sensory_ascending,SApp23,SApp23_L,,chordotonal organ,,,acetylcholine,22.0,0.1174619873994306,0.3867263210076843,0.4559195650159367,3,1050,711,339,319,32,133,81,52,51,7,381.2741468265178,318.6732225950638,end,branch,0.4353112648367433,1.607923860376289
243928,ascending_neuron,AN19B102,AN19B102_L,L,BA,T3,,acetylcholine,2.0,0.118416947752055,0.3542381179686723,0.6348647441462568,2,1730,1289,441,1003,30,498,485,13,154,31,12.22569737088551,248.5378584032156,end,branch,0.4166253446499018,0.6258946056035685
244400,descending_neuron,DNge020,DNge020_R,R,fl,MX,,acetylcholine,6.0,0.05823423271171932,0.272297866216155,0.04213780827493879,3,1171,872,299,627,28,642,17,625,108,36,177.7360965885026,126.5700427176411,branch,branch,0.365275176334111,0.833087379110044
244965,sensory_ascending,"SApp06,SApp15","SApp06,SApp15_L",,campaniform sensilla,,,acetylcholine,37.0,0.08582556131094005,0.3305699602356226,0.3385968600162124,3,2020,1449,571,1035,53,321,257,64,47,15,169.6530147363214,261.1425587734618,branch,branch,0.4024664961403062,1.070388660027991
247786,ascending_neuron,AN01B011,AN01B011_L,L,IA,A1,,gaba,6.0,0.110464,0.3750295095984115,0.1354812100735859,3,5529,2766,2763,2938,130,990,962,28,205,43,322.4299380600229,192.9671475025341,branch,branch,0.4286775707956058,1.202295432919441
248176,sensory_ascending,SNpp19,SNpp19_L,,hair plate,,,acetylcholine,1.0,0.07919437417958135,0.3175427670818473,0.160560214327432,3,2876,2492,384,1822,38,105,93,12,26,2,192.0714075010997,185.6776943214624,end,branch,0.3944565322948843,0.9576444320109974
248280,sensory_ascending,SApp23,SApp23_L,,chordotonal organ,,,acetylcholine,22.0,0.08061943401456186,0.3203870338535991,0.2783584093302366,3,868,427,441,323,37,120,56,64,57,2,381.7066813720164,216.3590818989274,end,branch,0.3962191900807727,1.509431593025625
248583,descending_neuron,DNge009,DNge009_L,L,fl,MX,,acetylcholine,7.0,0.0845869665360883,0.3281759752982194,0.217272083413602,3,1003,712,291,553,16,249,25,224,103,12,174.5881689556973,166.7252144581151,branch,branch,0.4010065185207436,0.8511417337375693
249310,sensory_descending,LN-DN2,LN-DN2_R,,,,potentially sexually dimorphic,unclear,,0.1110239929995329,0.3759789067240411,0.02846423273278438,3,1453,1263,190,498,54,80,58,22,49,3,253.1427482460608,325.7148596829408,end,branch,0.429219832131252,1.348627357349116
249650,sensory_ascending,SApp,SApp_R,,haltere,,,acetylcholine,148.0,0.1249319537362654,0.3988336794931404,0.09683926589831,3,880,632,248,559,21,90,78,12,33,5,187.1443558790985,321.3078785370534,end,branch,0.4420729611180023,1.150154565278719
250223,ascending_neuron,AN10B061,AN10B061_R,R,BA,T1,,acetylcholine,6.0,0.03273456565733907,0.2041542149323733,0.1355337771769166,3,1255,904,351,696,22,131,120,11,86,2,214.936129517578,202.1068136290485,branch,branch,0.3162839947212994,1.3185711262883
250291,ascending_neuron,AN19B079,AN19B079_R,R,BA,T3,,acetylcholine,6.0,0.06660890314368842,0.2912200019126063,0.09665377561432656,3,2074,1857,217,1042,54,870,862,8,168,44,159.1410670596291,166.9240860613893,end,branch,0.3777536246512759,0.8631688270947131
250927,sensory_ascending,SApp,SApp_L,,haltere,,,acetylcholine,148.0,0.0915678404818737,0.3414495504866317,0.09340733833042346,3,2687,2044,643,1413,72,314,250,64,51,12,219.3895307126126,266.0572137860135,end,branch,0.4090357927351218,1.18680749489565
251962,sensory_ascending,SApp,SApp_R,,haltere,,,acetylcholine,148.0,0.04356140285823312,0.2355081755337631,0.1756907496856415,3,799,639,160,533,16,131,117,14,43,5,2.048000000000002,319.7252259649774,end,branch,0.3397042920122498,0.9472156623601747
253152,sensory_ascending,"SApp09,SApp22","SApp09,SApp22_R",,campaniform sensilla,,,acetylcholine,74.0,0.1111282082752024,0.3761553260443789,0.123972670564825,3,1001,728,273,696,15,119,102,17,42,6,184.1838495394535,327.0921323091111,end,branch,0.4293205210116862,1.190895745313436
253454,ascending_neuron,IN10B058,IN10B058_L,L,BI,T1,,acetylcholine,3.0,0.03400828416540674,0.20808818382596,0.1162059014299549,3,1178,1178,0,612,34,502,502,0,141,30,244.1495131546068,224.2729615702925,end,branch,0.3193167863967072,1.46695223890594
253904,ascending_neuron,AN08B061,AN08B061_R,R,BA,T1,potentially male-specific,acetylcholine,7.0,0.05740976061335908,0.2703634173972285,0.1229955914052261,3,1220,1129,91,506,35,1558,1514,44,244,65,306.0670031277094,167.1180995316431,branch,branch,0.3639753762614196,1.300047018344161
254178,sensory_ascending,SApp,SApp_L,,haltere,,,acetylcholine,148.0,0.1258830645498014,0.4003489675236546,0.1489936823070773,3,1325,1022,303,834,26,130,116,14,50,4,203.1612374430028,310.7939759470023,branch,branch,0.4429119484576937,1.160400425366031
254322,sensory_ascending,SAxx01,SAxx01_L,,abdomen,,,acetylcholine,13.0,0.1396950041162711,0.4217406826982402,0.01838542682790606,3,623,482,141,381,14,67,55,12,33,3,184.2342200516773,226.0212714289548,end,branch,0.4545909529699614,0.9024717469635632
254884,ascending_neuron,AN08B043,AN08B043_R,R,BA,T1,sexually dimorphic,acetylcholine,2.0,0.04664923171513264,0.2437122207670772,0.1276043605283788,3,3130,2922,208,1867,59,2034,2013,21,338,95,261.2810940919094,170.5043476076401,branch,branch,0.3455705256179523,1.249485733563147
255915,sensory_ascending,SApp,SApp_L,,haltere,,,acetylcholine,148.0,0.1697679891741928,0.4649250662706338,0.1519349866478822,3,1191,928,263,761,29,114,104,10,52,2,225.3347368512624,337.411595753323,end,branch,0.4772978969916068,1.179025376293416
256420,descending_neuron,DNge050,DNge050_R,R,xl,,,acetylcholine,2.0,3.059072,1.973558066182012,0.03825632603718946,3,26150,20845,5305,13452,446,16978,244,16734,1568,392,83.76756206202782,108.4906273562537,branch,branch,0.983383675087799,0.1955067938270545
257825,descending_neuron,DNg36_b,DNg36_b_R,R,ut,LB,,acetylcholine,7.0,0.05816847991661933,0.2721440958150165,0.3816781009686264,3,1321,845,476,526,49,353,149,204,92,21,162.261740677063,212.9921089760807,branch,branch,0.3651720237769565,1.0276084289588
258513,descending_neuron,DNge093,DNge093_R,R,ut,LB,,acetylcholine,4.0,0.1615994433374441,0.4536020300488337,0.06756519834898098,3,1687,1397,290,791,45,689,30,659,223,39,171.3055925102924,220.3862502983236,branch,branch,0.4714498856972271,0.8308239214637693
258572,sensory_ascending,SApp,SApp_L,,haltere,,,acetylcholine,148.0,0.1699705266481053,0.4652023172425406,0.01760768764086136,3,1054,705,349,610,27,133,111,22,43,5,208.589914700139,337.1215377141754,end,branch,0.4774401904415304,1.142994375713631
258676,sensory_ascending,SApp23,SApp23_L,,chordotonal organ,,,acetylcholine,22.0,0.07630135159822213,0.3116887841607361,0.06451858361726355,3,1025,671,354,337,28,141,65,76,42,6,381.6547262806214,281.789418597221,end,end,0.3908036645666986,1.697640541865011
258686,sensory_ascending,SApp,SApp_L,,haltere,,,acetylcholine,148.0,0.08076543953423371,0.3206770204783982,0.3185017962238142,3,966,704,262,631,19,137,120,17,53,8,191.2484078809989,320.3683313009561,end,branch,0.3963984611907759,1.290662778167869
259442,descending_neuron,DNpe015,DNpe015_R,R,ut,,,acetylcholine,11.0,0.09111098088760278,0.3405966879253312,0.1501976223521508,3,1386,1158,228,630,42,537,30,507,149,32,183.2245294300884,212.8504228713532,branch,branch,0.4085246346102182,0.9695252593013023
260457,ascending_neuron,AN10B048,AN10B048_R,R,BA,T1,,acetylcholine,6.0,0.0719237768693578,0.3026155926530795,0.08561400730097075,3,1979,621,1358,797,68,251,226,25,104,13,375.3003737798905,206.471503990317,branch,branch,0.3850735519352231,1.510807155792598
261128,sensory_ascending,SApp,SApp_L,,haltere,,,acetylcholine,148.0,0.2068017682697209,0.5131356441353164,0.04550906728922603,3,897,670,227,525,26,132,107,25,40,5,215.6260374015594,419.1530545548574,end,branch,0.5014344080997085,1.265926473538276
261364,ascending_neuron,AN10B061,AN10B061_R,R,,T1,,acetylcholine,6.0,0.02944826498647969,0.1936354706778328,0.1674705494664826,3,1420,1051,369,813,29,134,126,8,85,4,187.054994397224,202.9967778359786,branch,branch,0.3080282140196545,1.266285861100745
261604,descending_neuron,DNg07,DNg07_R,R,ut,LB,,acetylcholine,16.0,0.0577528363640663,0.2711700482710953,0.154778313305315,3,2940,749,2191,1642,57,673,6,667,238,42,156.0723210696292,261.5007084701215,branch,branch,0.3645179332390063,1.145548658825401
262161,sensory_ascending,SApp23,SApp23_R,,chordotonal organ,,,acetylcholine,22.0,0.1328232245017243,0.4112368926723766,0.1039262773711284,3,962,27,935,280,42,121,6,115,26,6,319.8349601815435,180.5282994980619,branch,end,0.4488942831106947,1.114657233351797
262979,descending_neuron,DNg02_b,DNg02_b_R,R,ut,LB,,acetylcholine,5.0,0.1857628063253401,0.4863337855366437,0.4243959297741894,3,2633,2619,14,1410,42,656,102,554,183,44,190.943107764487,236.2893310628076,branch,branch,0.4881634510212285,0.8751831746795722
263403,sensory_ascending,SApp01,SApp01_L,,campaniform sensilla,,,acetylcholine,18.0,0.09289709115081288,0.3439189585412266,0.07357300966077975,3,1031,851,180,635,23,210,200,10,58,9,183.3781328644939,345.7457939255198,end,branch,0.4105122284234673,1.288935846861525
263534,ascending_neuron,AN19B098,AN19B098_L,L,BA,T3,,acetylcholine,4.0,0.02312886824549542,0.1716059138699309,0.2492590009475106,3,2018,1633,385,1124,46,760,746,14,157,44,165.5438596845842,229.2936419246028,branch,branch,0.2899774091136517,1.361614695489734
265275,ascending_neuron,AN19B065,AN19B065_R,R,BA,T3,,acetylcholine,6.0,0.07896112287185725,0.3170747926548889,0.5522289939351467,3,982,729,253,516,29,529,514,15,126,24,195.5273262055611,311.6809591802297,end,branch,0.3941657625934748,1.286789299122621
266941,sensory_ascending,SApp23,SApp23_L,,chordotonal organ,,,acetylcholine,22.0,0.06016000000000001,0.276763601312144,0.07808843221619625,3,1030,533,497,313,39,140,53,87,49,5,379.4265686609559,318.2762351258983,end,branch,0.3682582852332729,1.894601782943988
267327,descending_neuron,DNge089,DNge089_R,R,xn,LB,,acetylcholine,6.0,0.04400716604546202,0.2367100844087737,0.1947680227249637,3,1690,616,1074,1054,26,257,19,238,97,12,197.4677548750367,211.8373692294062,branch,branch,0.3405700241658081,1.201823692813231
268258,descending_neuron,DNge173,DNge173_L,L,fl,,,acetylcholine,2.0,0.08824139192561836,0.3351901395956799,0.4764735238842187,3,11452,2549,8903,5585,176,5436,116,5320,433,128,206.0536783406513,149.8327026566118,branch,branch,0.4052692542025402,0.8781479900259167
268363,ascending_neuron,AN06A027,AN06A027_R,R,BA,T1,,unclear,2.0,0.4306493666791464,0.7404861940448603,0.1340788942570993,3,4122,252,3870,1869,96,913,794,119,201,26,165.5238769316541,170.8724059754223,branch,branch,0.6023605523953087,0.5584633349069495
271536,ascending_neuron,AN19B102,AN19B102_R,R,BA,T3,,acetylcholine,2.0,0.03233292022532368,0.2028978871936558,0.08131783573514018,3,2270,1757,513,1202,62,407,391,16,153,25,147.4630129923569,280.3664042362134,branch,branch,0.3153093159500545,1.356856253801074
273577,ascending_neuron,AN10B045,AN10B045_R,R,BA,T1,,acetylcholine,28.0,0.07520319568362491,0.309437687806201,0.2040667656176889,3,1582,585,997,808,37,277,213,64,131,12,86.94046541829813,209.3479602948224,end,branch,0.3893898650774549,0.7609043077024739
274021,descending_neuron,DNg01_a,DNg01_a_R,R,ut,LB,,acetylcholine,2.0,0.2003467148720603,0.5050637187849544,0.3242748946078759,3,2475,2077,398,1451,48,1059,85,974,242,63,181.6724063715718,191.0543349106786,branch,branch,0.4974748458008983,0.7492373623076107
275924,ascending_neuron,AN08B113,AN08B113_L,L,BA,T1,,acetylcholine,11.0,0.02665260525832585,0.1842149586356027,0.1069091970655408,3,917,330,587,502,22,209,159,50,83,11,241.9029098081808,16.18450738436083,branch,end,0.3004418907733162,0.8590260716581261
278337,ascending_neuron,AN10B046,AN10B046_R,R,,T1,,acetylcholine,13.0,0.04429499212831021,0.2374829164624212,0.1130932201854094,3,949,276,673,439,29,26,17,9,22,0,244.6808414257614,203.2918056069522,end,branch,0.3411255327098608,1.313219340323405
280007,sensory_ascending,SApp,SApp_L,,haltere,,,acetylcholine,148.0,0.03743015229417244,0.2183060926002752,0.1575385378163617,3,1153,917,236,723,27,124,107,17,36,4,209.3052399123139,321.2668501932067,end,branch,0.3270626627637812,1.622233750627545
280052,ascending_neuron,AN27X024,AN27X024_L,L,BA,T1,,glutamate,2.0,0.02390463635696703,0.1744601052166492,0.2413684818613823,3,7835,35,7800,3184,155,1906,732,1174,422,99,63.01663193167803,28.41768356458084,branch,branch,0.2923789519718513,0.312725368497325
280938,ascending_neuron,AN27X018,AN27X018_L,L,BA,T1,,glutamate,6.0,0.02962285295601934,0.1942086193027455,0.185685860733046,3,8201,24,8177,2896,238,2542,744,1798,447,92,13.32458472829583,34.47383825245089,branch,branch,0.3084837490992763,0.154946324142878
281933,sensory_ascending,SApp,SApp_R,,haltere,,,acetylcholine,148.0,0.0408753517979618,0.2281317915463044,0.2527482007127293,3,963,719,244,627,16,99,82,17,29,6,191.1243320349371,317.4960542859837,end,branch,0.3343420073183882,1.521257799462125
282479,ascending_neuron,AN10B034,AN10B034_R,R,BA,T2,,acetylcholine,8.0,0.0838505157008003,0.326744230915705,0.3415380321531767,3,2900,1930,970,1495,78,743,717,26,249,35,389.2873467783888,323.9378938602341,branch,branch,0.4001308200435146,1.782480141272444
282502,ascending_neuron,AN10B031,AN10B031_R,R,BA,T1,,acetylcholine,2.0,0.07716958694403425,0.3134571258529988,0.1386292881622139,3,1912,1376,536,1037,48,169,155,14,96,4,254.309403154813,205.8790889816041,end,branch,0.3919106934850967,1.174217748549178
282750,sensory_ascending,SApp,SApp_R,,haltere,,,acetylcholine,148.0,0.045696,0.2412093576879181,0.2733594032297565,3,850,649,201,597,17,102,88,14,34,4,177.6980659569504,329.7616142411578,end,branch,0.3437914851579077,1.476068204438006
282841,sensory_ascending,SApp,SApp_L,,haltere,,,acetylcholine,148.0,0.04242045040784987,0.2324035175395401,0.0854437343880708,3,1184,999,185,697,32,85,75,10,27,6,186.8936310947327,343.2129525988107,end,branch,0.3374577360120444,1.570882890278809
284115,ascending_neuron,AN08B113,AN08B113_R,R,BA,T1,,acetylcholine,11.0,0.0357862604704419,0.2134583846775746,0.03874460092099424,3,857,327,530,456,17,160,137,23,76,5,111.8448085041692,150.7633806684078,end,branch,0.3234108972994131,0.8119954873674368
284997,ascending_neuron,AN14B012,AN14B012_R,R,BA,T1,,gaba,2.0,0.07904113852379317,0.3172354066452598,0.221341057565498,3,2929,2253,676,1502,72,969,865,104,212,41,202.6477488832208,172.2053816012143,branch,branch,0.3942655821349073,0.9507630071451943
285158,ascending_neuron,AN05B049_a,AN05B049_a_L,L,BA,T2,,gaba,2.0,0.12340997631401,0.396396849202699,0.09639422719752319,3,3581,2530,1051,1502,67,773,721,52,343,39,191.1769053680411,202.9400511320087,branch,branch,0.4407203831334812,0.8942562485944368
285201,ascending_neuron,AN07B069_a,AN07B069_a_R,R,BA,T1,,acetylcholine,4.0,0.08414409144192973,0.3273157262944702,0.06079151645465289,3,1718,690,1028,884,39,517,502,15,162,26,174.6976926052723,149.6084926090992,branch,branch,0.4004805936425515,0.8097925102054526
285743,sensory_ascending,SApp08,SApp08_L,,campaniform sensilla,,,acetylcholine,39.0,0.09110651357442322,0.3405883378301531,0.07683012811212298,3,2690,1793,897,1349,66,287,229,58,55,14,182.0254306817584,239.9053424112244,branch,branch,0.4085196268684957,1.032828646024403
285848,sensory_ascending,SApp01,SApp01_R,,campaniform sensilla,,,acetylcholine,18.0,0.1092917065772868,0.3730342112002513,0.08924296084063393,3,740,646,94,448,21,125,121,4,51,3,139.1036485150121,349.0692873118342,end,branch,0.4275356868006729,1.141829678546679
287217,sensory_ascending,SApp,SApp_L,,haltere,,,acetylcholine,148.0,0.151296,0.4389032355317641,0.07795382789509311,3,1135,823,312,735,26,134,110,24,42,6,141.1367211576023,343.6613153271132,branch,branch,0.4637484074480088,1.04539019153196
287529,ascending_neuron,AN10B035,AN10B035_R,R,BA,T3,,acetylcholine,11.0,0.07680291652236838,0.3127115451454791,0.2688845860620452,3,2580,1600,980,1273,79,369,329,40,187,13,188.3438953295152,165.4188750104207,branch,branch,0.3914443218661944,0.9037371359824221
289020,ascending_neuron,AN10B045,AN10B045_R,R,,T1,,acetylcholine,28.0,0.10048,0.3576801776098155,0.1410461155279219,3,1671,109,1562,821,44,383,257,126,162,19,243.9124768204753,178.3578056885817,branch,branch,0.4186445831834081,1.008660566674669
293304,ascending_neuron,AN10B045,AN10B045_R,R,BA,T3,,acetylcholine,28.0,0.04847340306766784,0.2484315874715642,0.08861440840665179,3,1349,251,1098,631,29,330,247,83,137,19,403.1618421215139,486.33571142032,branch,branch,0.3489003838648883,2.549431283762336
293452,descending_neuron,DNg10,DNg10_L,L,nt,LB,,gaba,12.0,0.09610105363248321,0.3497994593700687,0.2003821375420408,3,1381,397,984,721,32,528,10,518,158,30,144.3857884481369,170.6545660061492,branch,branch,0.4140069263808683,0.7609543086833835
293667,sensory_ascending,SApp,SApp_L,,haltere,,,acetylcholine,148.0,0.08438686130803477,0.3277875666853023,0.1849099510468221,3,2283,1633,650,1155,68,242,193,49,44,9,145.1035963603702,267.8594889649091,branch,branch,0.4007691451144887,1.030426344840761
295340,descending_neuron,DNg02_c,DNg02_c_R,R,ut,LB,,acetylcholine,4.0,0.1247752035483592,0.3985833957406532,0.009057419159938095,3,1685,1668,17,831,43,747,128,619,233,44,201.5375039156726,269.4937107121909,branch,branch,0.4419342303023381,1.065840078297668
296168,sensory_ascending,SApp,SApp_R,,haltere,,,acetylcholine,148.0,0.1273734166261765,0.4027118957722445,0.2162422412177534,3,1482,1396,86,872,35,89,87,2,34,5,132.2064437507448,338.3161336428142,end,branch,0.4442170966187589,1.059217623488671
296698,sensory_ascending,SApp,SApp_R,,haltere,,,acetylcholine,148.0,0.03761970598663218,0.2188581671391092,0.3362128132059627,3,661,511,150,455,12,118,107,11,48,4,184.1596792602726,312.2955615546759,end,branch,0.3274759562138318,1.516005164332671
296779,ascending_neuron,AN10B061,AN10B061_L,L,,T1,,acetylcholine,6.0,0.03657900730596311,0.2158097277907293,0.1018138980986017,3,1414,1191,223,798,31,168,164,4,107,3,218.2972081369834,208.2235302543966,end,branch,0.3251872792983411,1.311615692076538
297676,ascending_neuron,IN08B021,IN08B021_R,R,BI,T3,,acetylcholine,2.0,0.03530866444689552,0.2120292146039594,0.375683035161756,3,7065,6694,371,3084,160,1652,1647,5,414,79,241.9237173293476,108.437475991335,end,branch,0.3223264108880005,1.086976373904475
300102,ascending_neuron,AN10B047,AN10B047_R,R,BA,T2,,acetylcholine,16.0,0.0704,0.2993928254807644,0.1068325632597893,3,2708,1292,1416,1346,79,366,336,30,131,19,196.8984368966223,240.3894232692184,branch,branch,0.3830176033625277,1.141691286058062
300401,ascending_neuron,AN10B053,AN10B053_R,R,,T3,,acetylcholine,11.0,0.09320974658706593,0.3444972210474211,0.5620109808681562,3,2197,830,1367,1027,63,343,326,17,140,16,385.9311564153853,309.2704445193509,branch,branch,0.4108571994175547,1.692075986304433
302599,descending_neuron,DNg02_c,DNg02_c_L,L,ut,LB,,acetylcholine,4.0,0.07744,0.3140058444428877,0.09687511723335815,3,1206,1168,38,653,21,614,126,488,234,32,216.1360679277788,234.3305115644852,branch,branch,0.392253570763881,1.148406574387629
304430,ascending_neuron,AN07B057,AN07B057_R,R,BA,T2,,acetylcholine,2.0,0.06786319445529575,0.2939491500456067,0.0782558690345103,3,3777,1503,2274,1463,121,205,185,20,91,8,128.0555500411749,179.9347978419482,branch,branch,0.3795195430045036,0.8115269781494973
306404,ascending_neuron,AN12B060,AN12B060_R,R,BA,T1,,gaba,9.0,0.04360392370965222,0.2356230887938284,0.0998208069913542,3,2188,1620,568,1417,48,320,297,23,143,16,204.4874671092598,139.404199363309,branch,branch,0.3397871591290287,1.012079642309206
306725,ascending_neuron,AN10B047,AN10B047_R,R,BA,T3,,acetylcholine,16.0,0.062464,0.2820135367714415,0.0991748688287159,3,2621,1212,1409,1227,73,359,342,17,183,13,242.2107242888608,178.6049047562906,branch,end,0.3717346271441583,1.132032364802969
308684,sensory_ascending,SApp19,SApp19_L,,campaniform sensilla,,,acetylcholine,9.0,0.2085711991467091,0.5153262060544008,0.2503515119911518,3,3807,2296,1511,1851,86,157,82,75,45,9,237.0285928706529,272.9224136651514,branch,branch,0.5025035730884472,1.014820657695197
309831,descending_neuron,DNg01_unclear,DNg01_unclear_L,L,lt,LB,,acetylcholine,1.0,0.087481756972304,0.3337442620031819,0.08751424585706505,3,1228,1186,42,507,45,596,82,514,214,32,213.0055202594771,257.9679005608651,branch,branch,0.4043942239715586,1.164639336820662
312400,sensory_ascending,"SApp06,SApp15","SApp06,SApp15_L",,campaniform sensilla,,,acetylcholine,37.0,0.3236267503887056,0.6419146176315318,0.2628968542658461,3,722,578,144,386,19,113,97,16,27,5,169.8206316138987,431.1163217260671,end,branch,0.5608370196763499,1.071500154691566
312712,descending_neuron,DNde003,DNde003(LAL107)_L,L,xl,,,acetylcholine,4.0,0.06311552099961332,0.2834804706205884,0.7708510915486796,3,5546,1611,3935,2909,115,2633,141,2492,415,113,218.7491322284506,162.8589897876166,branch,branch,0.3727001886289948,1.023901070240508
314801,ascending_neuron,AN19B098,AN19B098_R,R,BA,T3,,acetylcholine,4.0,0.03860587693205048,0.2217082072659144,0.07006700248148405,3,2445,2121,324,1085,77,942,940,2,178,49,141.9920534761784,278.1632122091395,branch,branch,0.3296013069760162,1.274737862965728
321015,ascending_neuron,AN05B053,AN05B053_R,R,,A4,,gaba,4.0,0.06484778020612399,0.2873443198442092,0.2567583777063278,3,4673,3932,741,2009,192,5366,4677,689,1128,352,202.764636855944,174.8556849422667,branch,branch,0.3752315508105128,1.0063661250834
321904,sensory_ascending,SApp,SApp_R,,haltere,,,acetylcholine,148.0,0.0415591270162154,0.2300320063854526,0.208066145548992,3,885,739,146,600,17,66,54,12,32,2,190.6144459529972,320.4276441624902,end,branch,0.3357315640938036,1.522174691840122
322714,descending_neuron,DNg12_b,DNg12_b_L,L,xn,MX,,acetylcholine,10.0,0.06937563708458233,0.2972066698061897,0.1286293167566387,3,1425,895,530,681,34,439,23,416,105,24,169.5516206709066,121.7428003769883,branch,branch,0.3816166508487712,0.7633168531824112
323454,sensory_ascending,"SApp09,SApp22","SApp09,SApp22_L",,campaniform sensilla,,,acetylcholine,74.0,0.1285814202531998,0.4046170399088312,0.4200336619971496,3,1226,796,430,699,34,197,143,54,36,12,177.464131323641,394.0498978768354,branch,branch,0.4452666050304326,1.283532209116413
326964,descending_neuron,DNg12_a,DNg12_a_L,L,nt,MX,,acetylcholine,8.0,0.05723958207529714,0.269962403720189,0.03324088224245413,3,2076,675,1401,937,44,749,20,729,181,36,173.7270514914241,194.2216456071183,branch,branch,0.3637053447818613,1.011667005661482
331721,ascending_neuron,AN27X004,AN27X004_R,R,BA,T3,,histamine,2.0,0.1066686142747767,0.3685304571901045,0.106570384076219,3,5445,4428,1017,4018,82,3743,3526,217,1020,136,189.4980842187033,122.2869226235255,branch,branch,0.4249469661300704,0.7337033363989135
338479,ascending_neuron,AN10B035,AN10B035_R,R,BA,T3,,acetylcholine,11.0,0.04379138566313505,0.2361290408760685,0.07851465585880381,3,2516,1649,867,1353,49,239,214,25,127,10,258.2206821121054,159.2255328053369,branch,branch,0.3401517749906261,1.227235150923279
338575,sensory_ascending,SApp,SApp_R,,haltere,,,acetylcholine,148.0,0.04044783569315594,0.2269356382401771,0.09678261298635256,3,768,631,137,568,11,83,71,12,32,5,187.0774127983967,8.704000000000008,end,end,0.3334643350310296,0.5871134997995475
341116,sensory_ascending,SApp23,SApp23_L,,chordotonal organ,,,acetylcholine,22.0,0.07291392080913295,0.3046914625254146,0.4660542399582041,3,930,569,361,302,36,109,59,50,44,5,385.19747553976,318.0122122764485,end,branch,0.3863920504325279,1.819938290730967
342502,ascending_neuron,AN18B004,AN18B004_L,L,BA,T2,,acetylcholine,2.0,1.224802195788366,1.248786046589329,0.07881917214119893,3,13453,8878,4575,5794,296,6449,6354,95,1207,314,166.6863330501163,151.8346942815998,branch,branch,0.7822436722842643,0.4071890110681098
343341,sensory_ascending,SApp,SApp_R,,haltere,,,acetylcholine,148.0,0.05126769096891245,0.2554917836426078,0.1531982089429458,3,924,733,191,647,19,104,90,14,42,4,186.9997973510202,346.9012033834131,end,branch,0.3538233655157299,1.508947833211138
351504,descending_neuron,DNge094,DNge094_R,R,xn,LB,,acetylcholine,13.0,0.04894166015681524,0.249628638374379,0.062937419342293,3,1557,301,1256,626,44,609,28,581,169,26,201.4743548027574,205.7830004639342,branch,branch,0.3497399502536788,1.164457634797779
351792,ascending_neuron,AN07B069_b,AN07B069_b_L,L,BA,T1,,acetylcholine,10.0,0.09697605235305322,0.351388310488859,0.2691991683036584,3,1250,465,785,633,33,457,444,13,141,31,167.1334632266648,153.8718949658887,branch,branch,0.4149461075122177,0.7736073489570011
353164,ascending_neuron,AN07B069_b,AN07B069_b_R,R,BA,T1,,acetylcholine,10.0,0.2413991916539703,0.5543996725115712,0.2371975758407216,3,1518,452,1066,764,37,539,505,34,103,25,171.8130417032157,154.2640941725455,branch,branch,0.5212061391912703,0.6256202898563683
356694,sensory_ascending,SApp,SApp_L,,haltere,,,acetylcholine,148.0,0.1076652452903963,0.3702480896606271,0.08594713826067234,3,863,786,77,443,30,171,168,3,64,11,148.9234756956845,316.2159611962518,end,branch,0.425936103111379,1.092040410508019
358750,ascending_neuron,AN10B037,AN10B037_R,R,,T3,,acetylcholine,14.0,0.05660027266493519,0.2684505641636615,0.2039999884034628,3,2667,1926,741,1517,60,349,322,27,175,16,218.236830343406,231.9730251079232,branch,branch,0.362685506245003,1.241322985614984
363021,ascending_neuron,AN10B047,AN10B047_R,R,BA,T2,,acetylcholine,16.0,0.06623336241951873,0.2903978929216035,0.05248651733676156,3,2554,1246,1308,1352,66,274,249,25,116,13,235.6310579478852,247.8890043235688,branch,branch,0.3772200518683831,1.281798408850652
363069,sensory_ascending,SApp,SApp_R,,haltere,,,acetylcholine,148.0,0.03106569939760984,0.1988820679646412,0.2549521698759316,3,472,310,162,345,5,45,38,7,25,1,186.5774995107338,331.282431535769,end,branch,0.3121733705854396,1.658885670085586
366006,ascending_neuron,AN07B097,AN07B097_R,R,BA,T1,,acetylcholine,1.0,0.06685856298335625,0.2917652588890181,0.5944175108783785,3,1677,359,1318,813,49,281,174,107,120,11,231.1328586631249,183.7781015710706,branch,branch,0.3781070970712118,1.097337139260446
366232,ascending_neuron,AN07B070,AN07B070_R,R,,T1,,acetylcholine,6.0,0.06692555706792344,0.2919114006206506,0.1280177966981855,3,2815,1340,1475,1265,70,606,545,61,188,27,266.2205891314754,160.7051962346681,branch,branch,0.3782017798796283,1.128830714392785
374883,sensory_ascending,,,,,,,acetylcholine,,0.03189059889816528,0.201505264503019,0.4885129504106038,3,598,5,593,320,13,65,3,62,22,4,315.8767192220936,84.53695511372284,branch,end,0.3142253643588934,1.274288201249352
378525,ascending_neuron,AN10B034,AN10B034_R,R,BA,T1,,acetylcholine,8.0,0.092416,0.3430272667970358,0.2998357052640926,3,2815,2086,729,1631,66,388,363,25,180,18,229.1915364233929,211.0168281347789,branch,branch,0.4099797077058174,1.073732080598596
382580,ascending_neuron,AN08B031,AN08B031_R,R,BA,T1,sexually dimorphic,acetylcholine,6.0,0.0778951818013859,0.314927334180219,0.1788735750954081,3,4883,4491,392,2781,98,2534,2509,25,364,100,253.6801892359293,156.7805028370643,branch,branch,0.3928287078973573,1.04488466301257
396040,sensory_ascending,SApp01,SApp01_R,,campaniform sensilla,,,acetylcholine,18.0,0.205184,0.5111246254554164,0.2167120142234489,3,995,792,203,606,21,141,127,14,55,10,170.9897292816542,353.4896629702394,end,branch,0.5004508631955329,1.048013762835638
402239,descending_neuron,DNpe048,DNpe048(SMP367)_R,R,,CG,,unclear,2.0,0.05187227029522878,0.2569938244687534,0.3623520618796787,3,7064,6,7058,3755,112,2347,0,2347,580,119,296.3983558903876,45.30409083718637,branch,end,0.3548619083385664,0.962916668986525
403537,sensory_ascending,SApp,SApp_L,,haltere,,,acetylcholine,148.0,0.03405946841434222,0.20824471675843,0.02799998898674819,3,1153,934,219,754,22,101,94,7,30,4,195.532202281939,320.1198436285628,end,branch,0.3194368657679177,1.614253397681222
411306,descending_neuron,DNg08,DNg08_L,L,ut,MX,,gaba,23.0,0.02471424501701932,0.1773898364448847,0.1115718146952493,3,1678,235,1443,918,32,520,10,510,152,28,208.3765621319419,178.2796717291048,branch,branch,0.2948237097961992,1.311482831989082
411507,ascending_neuron,AN10B048,AN10B048_R,R,BA,T1,,acetylcholine,6.0,0.113664,0.3804227906064219,0.1697641207711954,3,1645,705,940,727,59,366,350,16,122,25,395.0369065449773,211.7498305896623,branch,branch,0.4317489634001994,1.405415620123199
414262,ascending_neuron,AN10B046,AN10B046_R,R,BA,T1,,acetylcholine,13.0,0.07338229674284195,0.3056685166916552,0.2963320512177927,3,1830,1291,539,1110,28,107,93,14,76,1,212.2790647044773,160.5092141320306,branch,branch,0.3870110763000343,0.963249637195138
419224,ascending_neuron,AN19B101,AN19B101_R,R,BA,T3,,acetylcholine,8.0,0.03715021967390816,0.2174882267719752,0.138994160904577,3,1280,962,318,739,36,692,676,16,175,37,231.3074193487993,229.9318717185208,end,branch,0.3264494311807999,1.41289659901986
420551,ascending_neuron,AN08B113,AN08B113_L,L,,T1,,acetylcholine,11.0,0.02584592587687911,0.1814057741548938,0.6589087995243512,3,388,113,275,229,7,118,89,29,54,6,277.8275239922907,145.7277445972651,branch,branch,0.2981422971265532,1.420648035088319
422646,ascending_neuron,AN10B045,AN10B045_R,R,BA,T3,,acetylcholine,28.0,0.04410542187652678,0.2369741911483638,0.3155111226018329,3,2065,1189,876,939,74,571,500,71,180,27,243.59726809659,183.4155055287783,branch,branch,0.3407599648765949,1.253118962434479
427343,sensory_ascending,SApp,SApp_R,,haltere,,,acetylcholine,148.0,0.3233304170148137,0.6416206612625343,0.1486947159175668,3,1300,957,343,717,32,123,104,19,40,8,135.1904706122941,336.2906130068674,branch,branch,0.560708590997714,0.8408665235184236
428860,ascending_neuron,AN06A112,AN06A112_L,L,,T1,,gaba,6.0,0.05777377863193618,0.271219209502123,0.03282579520466143,3,1242,815,427,667,27,485,479,6,134,30,169.2004027138761,233.9459962685089,branch,branch,0.3645509740160356,1.105871133853154
431420,ascending_neuron,AN08B099_a,AN08B099_a_R,R,,T1,,acetylcholine,4.0,0.1241533616464577,0.3975889455959205,0.6184329678175957,3,2639,158,2481,804,73,431,326,105,150,23,178.8994050318962,191.8775072334803,branch,branch,0.441382581602402,0.8400352159781711
435098,ascending_neuron,AN05B053,AN05B053_R,R,,A5,,gaba,4.0,0.04198246811373396,0.2312006457343688,0.09559317907299623,3,3819,3438,381,1755,167,4185,3964,221,981,294,202.4092538102147,177.1175029778379,branch,branch,0.3365832978771239,1.127586422682822
437575,ascending_neuron,AN10B047,AN10B047_R,R,BA,T2,,acetylcholine,16.0,0.073984,0.3069191334499794,0.07764890834609893,3,2597,904,1693,1106,74,237,225,12,116,9,239.6368397453822,237.3766245819433,branch,branch,0.3878019796113603,1.230043912631311
447301,ascending_neuron,AN08B057,AN08B057_L,L,BA,T1,,acetylcholine,2.0,0.1901222339256955,0.492007262718331,0.1951794953759595,3,6451,1632,4819,2927,144,753,631,122,272,38,217.4352257523483,157.629848124875,branch,branch,0.4910026056264693,0.7638759338123644
452754,sensory_ascending,"SApp09,SApp22","SApp09,SApp22_L",,campaniform sensilla,,,acetylcholine,74.0,0.08734696005690921,0.3334870367148617,0.01479602557440705,3,1193,870,323,741,34,136,127,9,52,6,190.5730713721445,318.241698413348,end,branch,0.4042383554170512,1.258699880817965
457929,sensory_ascending,LgAG8,LgAG8_L,,leg bristle,,,glutamate,9.0,0.03420358452436754,0.208072676904934,0.108560061385251,2,831,85,746,435,17,44,23,21,28,2,11.55096470134527,284.6801345734654,end,end,0.3193048882861295,0.927737438862375
467191,ascending_neuron,AN07B070,AN07B070_R,R,,T1,,acetylcholine,6.0,0.05083419331843689,0.2544093260038748,0.1747503930920778,3,2246,1211,1035,1006,58,502,448,54,170,22,8.26688735741024,148.1302825085511,end,branch,0.3530730374043006,0.4429598221822654
469267,sensory_ascending,SApp,SApp_R,,haltere,,,acetylcholine,148.0,0.02875325221336728,0.1913368175699676,0.1446045758329528,3,745,627,118,490,10,60,57,3,20,3,133.4371586727166,351.5735130844103,branch,branch,0.306194449017751,1.583995638435004
482128,descending_neuron,DNg12_b,DNg12_b_R,R,xn,MX,,acetylcholine,10.0,0.07969559633663767,0.3185460481579671,0.01906543055388176,3,1579,836,743,782,39,572,13,559,104,29,171.8817569988907,126.3394130017685,branch,branch,0.3950791864897514,0.7548389796241397
495250,sensory_ascending,SApp,SApp_L,,haltere,,,acetylcholine,148.0,0.03274355461883638,0.2041822435372336,0.03168442158833983,3,972,843,129,614,31,64,58,6,22,3,184.1610467254851,308.8304361031398,end,branch,0.3163057055021999,1.558591812455296
506334,descending_neuron,DNp42,DNp42_R,R,xn,,,acetylcholine,2.0,1.669189149133385,1.457833197701117,0.07872077050598811,3,25056,18290,6766,12104,501,8993,419,8574,1392,302,181.1929925692607,135.3940814429247,branch,branch,0.8451853446869197,0.3745770983871687
511810,ascending_neuron,ANXXX308,ANXXX308_R,R,BA,T1,,acetylcholine,2.0,0.4275908832818742,0.7378520322955813,0.1100679182734045,3,2545,250,2295,1302,49,1173,344,829,277,55,299.8957291478316,146.5320433678869,branch,branch,0.6012881969778177,0.7424522462931163
511823,ascending_neuron,AN09A005,AN09A005_R,R,XA,T2,,unclear,11.0,0.7222149878321207,0.9589330958457323,0.09764296629153976,3,1583,261,1322,1252,21,1054,327,727,362,29,198.5578946835759,156.7788384500452,branch,branch,0.6854759054586884,0.5183796108717292
511828,ascending_neuron,AN09A005,AN09A005_L,L,XA,T1,,unclear,11.0,1.459864594880141,1.363362509445002,0.1096961950467342,3,1182,60,1122,913,20,1178,137,1041,393,32,162.6961783119531,344.1085645561825,branch,branch,0.8173418070966705,0.6200646271458784
511867,ascending_neuron,AN05B096,AN05B096_R,R,BA,T3,,acetylcholine,4.0,0.281216,0.5983772487421656,0.1552529121565492,3,9854,6148,3706,3830,246,3890,3718,172,522,122,191.362827758891,151.7574514942177,branch,branch,0.5414839350190005,0.6336665911262329
511881,ascending_neuron,AN05B076,AN05B076_R,R,BA,T2,,gaba,2.0,0.1682582149157389,0.4628531224451948,0.06071252114670609,3,4799,1147,3652,2592,93,2351,475,1876,312,75,251.050652306993,212.5725069784441,branch,branch,0.4762331676795994,0.9735213562389966
511926,ascending_neuron,ANXXX068,ANXXX068_L,L,BA,A1,potentially male-specific,acetylcholine,2.0,0.4505303394341628,0.7573856641569946,0.2866389117983527,3,15592,216,15376,5055,408,2845,2538,307,546,91,157.718760129509,497.6548469000923,branch,branch,0.609195350800486,1.07580204965195
511997,ascending_neuron,AN17B013,AN17B013_L,L,BA,A1,,gaba,4.0,0.3511844685642598,0.6686867374733988,0.2677513547256791,3,2681,540,2141,1248,53,1425,1041,384,429,67,253.5701634620437,253.4743091845187,branch,branch,0.5724128766563218,0.8858020029325671
512002,ascending_neuron,AN12B005,AN12B005_R,R,BA,T3,,gaba,2.0,0.4522773569880107,0.7588526972380327,0.3295908030462535,3,16253,12967,3286,8737,260,6438,6423,15,550,167,197.452945159878,150.3926699036265,branch,branch,0.609785061842807,0.5704397120065456
512006,descending_neuron,DNg13,DNg13_R,R,xl,,sexually dimorphic,acetylcholine,2.0,1.300749076033228,1.286920806181651,0.05185465847221801,3,16127,15654,473,7954,259,6458,377,6081,878,253,368.2073578125793,128.1579568690134,branch,branch,0.7940977238533107,0.6250683005021227
512037,descending_neuron,DNpe009,"DNpe009(PS222,PS226)_R",R,nt,,,acetylcholine,6.0,0.1374742927036112,0.4183750779560542,0.1271722270427225,3,2528,1674,854,1402,36,1173,25,1148,235,63,164.4959346934325,196.6476084340043,branch,branch,0.4527734402529223,0.7976252823613055
512048,descending_neuron,DNge061,DNge061_R,R,fl,LB,,acetylcholine,4.0,0.1578343436604808,0.4482866581394585,0.07138533728578303,3,1473,1473,0,1208,11,273,273,0,99,12,267.1934018599,199.9131120474222,end,branch,0.4686794880174879,0.9966438170426033
512059,ascending_neuron,ANXXX027,ANXXX027(15443)_L,L,BA,A6,,acetylcholine,14.0,0.990336,1.12291360209717,0.09247264856124326,3,12387,3947,8440,5310,373,11126,10560,566,1684,506,215.4567202471316,171.8309098755546,branch,branch,0.7417733245592035,0.5221104848342054
512071,descending_neuron,DNae001,DNae001(DNa01)_L,L,xl,,,acetylcholine,2.0,0.8324943075584645,1.029545857720944,0.2506092487106221,3,13942,9884,4058,6606,280,5954,234,5720,857,207,174.0166049640735,164.0725155013038,branch,branch,0.7102657743994586,0.4760036772871918
512119,ascending_neuron,ANXXX055,ANXXX055_R,R,BA,A7,,acetylcholine,2.0,0.4372150833742887,0.7461095989912109,0.1005517257600574,3,15817,8676,7141,6164,484,6534,6214,320,1820,406,115.9168430668645,177.1715823396507,branch,branch,0.6046434515528083,0.4847293469462431
512245,descending_neuron,DNc01,DNc01_R,R,xn,,,unclear,2.0,0.0005348561572759621,0.02609597689661846,0.1587787388431981,3,5913,689,5224,4398,90,1844,136,1708,1114,33,228.5995003061491,192.1351934753006,branch,branch,0.1130797447792621,3.720690160759977
512260,ascending_neuron,AN19B018,AN19B018_L,L,BA,T1,,acetylcholine,2.0,0.2870347762692838,0.6045362088909665,0.4015249244188778,3,6988,4131,2857,2892,124,2502,2319,183,358,81,180.1946754340489,134.8360042992173,branch,branch,0.5442634861503879,0.5788201629352344
512307,ascending_neuron,AN27X015,AN27X015_R,R,BA,T1,,glutamate,2.0,0.5125120000000001,0.8078060073751048,0.06734644654950689,3,15960,191,15769,4984,548,2992,2527,465,781,165,164.6170661610718,153.5422699293783,branch,branch,0.6291462020975739,0.5057001616312817
512461,descending_neuron,DNge172,DNge172_R,R,ad,MX,,acetylcholine,4.0,0.3341851077612797,0.65230184306289,0.328612404256628,3,10044,9143,901,2870,230,1085,255,830,330,43,199.8345961782434,200.5409435550761,branch,branch,0.5653564389841298,0.7081825059828467
512468,ascending_neuron,AN06B007,AN06B007_L,L,CA,T2,,gaba,4.0,0.8573316896319256,1.044791180185773,0.2747694385819126,3,12024,5663,6361,5817,208,4895,4745,150,816,230,167.7074221843308,136.9038919912382,branch,branch,0.7155051909602255,0.4257290066152745
512498,ascending_neuron,AN09B017f,AN09B017f_L,L,BA,A10,male-specific,glutamate,2.0,0.3992575843720926,0.7129870580578471,0.09047596271235847,3,16667,1296,15371,7904,231,1667,990,677,509,55,275.4548188700033,213.106588384301,branch,branch,0.5910699268685095,0.8265712482492628
512510,ascending_neuron,ANXXX084,ANXXX084_L,L,BA,A5,potentially sexually dimorphic,acetylcholine,8.0,0.1511519307408133,0.4386942163765941,0.1396487712257786,3,10500,6981,3519,4609,257,2756,2645,111,606,119,165.6323682270167,157.7713941156644,branch,branch,0.4636379687046037,0.6975351118163713
512519,ascending_neuron,ANXXX027,ANXXX027_R,R,,A9,,acetylcholine,14.0,0.9677156317348872,1.110015229797874,0.1149286369088785,3,13529,5915,7614,5896,431,9046,8221,825,3154,489,196.3143949147144,181.1156783329162,branch,branch,0.7375008221018865,0.5117690203679368
512530,ascending_neuron,AN17B002,AN17B002_R,R,BA,A1,,gaba,2.0,1.661962845668297,1.45467412742011,0.07789686554742911,3,12245,3941,8304,6421,245,2810,1565,1245,1150,109,209.1762463719976,184.9832176758357,branch,branch,0.8442691054609625,0.4668647253562905
512555,ascending_neuron,AN09B018,AN09B018_L,L,BA,A8,,acetylcholine,8.0,0.3112871264859972,0.6295578442120692,0.1723465604268009,3,11828,7164,4664,4737,262,11426,8587,2839,689,150,223.0693663761927,149.9549610441334,branch,branch,0.5554127687260295,0.6716164057156007
512614,descending_neuron,DNge055,DNge055_L,L,xl,,,glutamate,2.0,0.4294215967425801,0.739429887369972,0.04545026543310134,3,8719,3930,4789,4315,143,5228,73,5155,777,149,208.3962497639744,173.1999086201182,branch,branch,0.6019307641342866,0.6339535726055051
512720,descending_neuron,DNge016,DNge016_L,L,ut,LB,,acetylcholine,2.0,1.039872,1.150654662295705,0.1853613335537541,3,4344,4302,42,2253,97,2574,105,2469,479,133,203.4988070788904,176.3370933478996,branch,branch,0.7508800067420196,0.5058543269447983
512751,descending_neuron,DNge105,DNge105_R,R,fl,MX,,acetylcholine,2.0,0.1693689297740588,0.4643783145645416,0.4044526747577056,3,6418,1852,4566,2988,147,2922,129,2793,677,112,255.4727264205902,132.6262952534586,branch,branch,0.4770171633564408,0.8135955086883322
512782,ascending_neuron,AN06B039,AN06B039_L,L,CA,T2,,gaba,7.0,0.1998685353427664,0.5044606257644968,0.2891513155846513,3,8763,2154,6609,4749,131,1069,913,156,260,45,170.2952060112713,152.0773411011979,branch,branch,0.4971777414814579,0.648405027449307
512825,ascending_neuron,ANXXX170,ANXXX170_L,L,CA,A4,,acetylcholine,4.0,0.4292493830092151,0.7392816033153419,0.1731286426149091,3,7661,2494,5167,4220,113,2738,2481,257,863,136,228.9427980861841,151.8229832290116,branch,branch,0.6018704060049118,0.6326374872667992
512879,descending_neuron,DNge117,DNge117_L,L,nt,LB,,gaba,4.0,0.09050014985943176,0.3394530447727445,0.1567154347286281,3,1587,651,936,637,41,377,7,370,130,19,165.0436228504508,223.3849301591648,branch,branch,0.4078381933299587,0.95240847807346
512880,ascending_neuron,ANXXX200,ANXXX200_R,R,BA,T1,,gaba,4.0,0.100224,0.3572242434823495,0.2232632768007695,3,2032,1055,977,920,53,313,241,72,108,19,218.1512321180082,148.3208822455627,branch,branch,0.418377675439729,0.8759361119791976
512916,ascending_neuron,ANXXX296,ANXXX296_R,R,BA,A8,,acetylcholine,2.0,0.1558735497925716,0.4454933979018629,0.1225353518661176,3,4862,1636,3226,2542,95,877,476,401,252,35,238.5121904812702,158.4042763941906,branch,branch,0.4672170426813568,0.849533365901121
512929,ascending_neuron,AN05B106,AN05B106_L,L,CA,T3,,acetylcholine,4.0,0.4889600000000001,0.7890267471979041,0.1650775886976442,3,10180,1685,8495,4956,177,1538,1150,388,340,54,288.9239584276611,213.0611303796308,branch,branch,0.6217902428689058,0.8073222353750044
512938,descending_neuron,DNd05,DNd05(CL124)_R,R,xl,,,acetylcholine,2.0,0.8757549787038726,1.055957324130323,0.1409740519387502,3,15430,12388,3042,7876,338,4683,290,4393,831,196,187.2274468415351,141.9083575454609,branch,branch,0.7193184891436185,0.4575661676357676
512947,ascending_neuron,AN05B076,AN05B076_L,L,BA,T2,,gaba,2.0,0.138496,0.419926879334535,0.01819622597559761,3,5124,1080,4044,2593,92,2200,499,1701,306,77,223.0037672080375,209.1353930010416,branch,branch,0.4536123574969295,0.9526617894487239
513052,descending_neuron,DNg15,DNg15_R,R,xn,,,acetylcholine,2.0,11.659008,3.85288334082199,0.8660417085976378,3,18857,18455,402,8035,421,15834,687,15147,4228,449,52.50501742559635,160.5719577157119,branch,branch,1.374013404957453,0.1550763437769417
513055,ascending_neuron,AN08B059,AN08B059_L,L,BA,T1,male-specific,acetylcholine,5.0,0.1697478311829493,0.4648974632057694,0.5464655667452843,3,3786,2672,1114,2124,75,1962,1793,169,419,102,195.6700918510566,154.7458979630009,branch,branch,0.4772837279552142,0.7341880087035749
513056,descending_neuron,DNge086,DNge086_L,L,nt,LB,,gaba,2.0,0.1711200187034469,0.4667727227559996,0.07342531828831923,3,4292,1188,3104,1493,81,2061,12,2049,280,80,163.4456894045998,208.3995697518471,branch,branch,0.4782453702341924,0.7775198304049606
513057,descending_neuron,DNge046,DNge046_L,L,fl,LB,,gaba,4.0,0.1291304375826468,0.4054799373078545,0.2139567881290325,3,5971,430,5541,2839,95,2209,38,2171,457,113,182.759991163956,129.232210980392,branch,branch,0.445741146048745,0.6999403239077
513079,descending_neuron,DNp44,DNp44_R,R,xn,,,acetylcholine,2.0,0.1524537955265499,0.4405793926290379,0.3148435191051819,3,15576,8006,7570,6029,454,1273,66,1207,347,34,280.5221206565289,156.7308804750161,branch,branch,0.4646330836135418,0.9410716037070442
513114,ascending_neuron,AN01A055,AN01A055_R,R,XA,T1,,acetylcholine,2.0,0.01646588883114341,0.1447930274530677,0.8021904081983572,3,19196,14,19182,8657,323,5446,12,5434,932,188,259.9570599029391,132.9181406748339,branch,branch,0.2663617529826742,1.474968519986156
513134,ascending_neuron,ANXXX152,ANXXX152_L,L,BA,A2,potentially male-specific,acetylcholine,2.0,0.4360214664926634,0.7450904465176538,0.1795430988019495,3,10515,5452,5063,3887,337,2154,2014,140,457,77,272.2470408970935,131.7195099949393,branch,branch,0.6042303524266638,0.6685638172092037
513169,ascending_neuron,AN09B018,AN09B018_L,L,BA,A3,,acetylcholine,8.0,0.268049524625338,0.5842013819740948,0.08796859887367892,3,8583,4274,4309,3665,199,7478,5689,1789,819,197,220.9965921694561,152.4470024885646,branch,branch,0.5350314730623857,0.6979843494449465
513235,ascending_neuron,AN00A006,AN00A006_M,M,BA,T3,potentially sexually dimorphic,gaba,5.0,0.014442528043613,0.1356053016333603,0.3931787634387857,3,15209,8229,6980,4913,607,2683,2550,133,654,135,167.4001633469369,164.2742382127419,branch,branch,0.2577723759450313,1.286694900272815
513296,descending_neuron,DNb03,DNb03_L,L,ut,,,acetylcholine,4.0,0.1950361216598331,0.4983248967782742,0.4975741230222505,3,7290,5212,2078,2794,130,1649,91,1558,199,41,207.618524454558,236.6212717919669,branch,branch,0.4941449174294463,0.899007114264113
513403,ascending_neuron,ANXXX050,ANXXX050_L,L,CA,A6,potentially male-specific,acetylcholine,2.0,1.232237000606235,1.252570508058411,0.2799330175195124,3,13720,6249,7471,6214,316,3452,2963,489,774,136,217.212391344455,145.3533070986506,branch,branch,0.7834280751598204,0.4627938542656155
513405,ascending_neuron,AN05B040,AN05B040_L,L,,T1,,gaba,1.0,0.3064396858014918,0.624636795296817,0.281832526828516,3,6205,3614,2591,3150,157,4522,2683,1839,1339,204,224.596254121041,193.9404535418556,branch,branch,0.5532377695850494,0.7565222959683607
513531,ascending_neuron,ANXXX150,ANXXX150_R,R,BA,A9,potentially sexually dimorphic,acetylcholine,4.0,0.21888,0.527907824863046,0.03543306319263589,3,5190,691,4499,1985,166,1490,1215,275,324,61,309.2888095089193,367.8948100914859,branch,branch,0.508600859400466,1.331463773770778
513585,sensory_ascending,SAxx02,SAxx02_R,,leg,,,unclear,12.0,0.1045700302001301,0.3648872396302122,0.04488690685858755,3,5206,2950,2256,1576,202,348,196,152,53,11,253.7589288289011,231.6837024227764,branch,branch,0.4228412792275655,1.148049292014418
513643,descending_neuron,DNpe039,DNpe039(CL306)_R,R,xn,CG,,acetylcholine,2.0,0.2472790754086958,0.5611109492746509,0.4711525844072679,3,8093,5997,2096,3352,190,3009,279,2730,688,160,215.7654034401017,145.2999745389259,branch,branch,0.5243513756485997,0.6885943181371567
513644,ascending_neuron,ANXXX434,ANXXX434_R,R,XA,T2,,acetylcholine,2.0,0.3813755222330137,0.6968374245841689,0.1053499716399899,3,7917,12,7905,4160,133,1673,28,1645,367,60,265.4340100838814,212.0328938673332,branch,branch,0.5843375206558643,0.8171080703756667
513660,ascending_neuron,ANXXX145,ANXXX145(37417)_R,R,BA,T3,,acetylcholine,5.0,0.1222857657212889,0.394587218083106,0.2245317977294062,3,12491,7305,5186,5212,267,2420,2286,134,486,93,321.1742697516947,189.5997443888387,branch,branch,0.4397132438996146,1.161607072852101
513698,ascending_neuron,AN08B032,AN08B032_R,R,BA,T1,,acetylcholine,2.0,0.6214383077731412,0.8895166260784924,0.229905367849292,3,10894,1690,9204,4711,291,2176,1832,344,694,106,181.1630756733047,140.830303104903,branch,branch,0.6601993235216629,0.4877214612408524
513711,descending_neuron,DNa09,DNa09_L,L,xn,,potentially sexually dimorphic,acetylcholine,2.0,0.9262859717465949,1.085994442417272,0.173954446923777,3,12895,9358,3537,6723,220,7972,453,7519,1186,364,185.4902120472403,181.2853609403279,branch,branch,0.7294773997763491,0.5027922360583318
513783,descending_neuron,DNg01_d,DNg01_d_R,R,lt,LB,,acetylcholine,2.0,0.1763519907080541,0.4738547545000075,0.5380678563927497,3,1831,1804,27,936,41,750,95,655,185,40,203.9477292008521,198.8822844146827,branch,branch,0.481859761450366,0.8359901486752971
513811,ascending_neuron,AN19B018,AN19B018_R,R,BA,T1,,acetylcholine,2.0,0.245888,0.5595304506243067,0.152963738664476,3,6419,3715,2704,2702,109,1694,1522,172,312,64,187.2486559910527,129.3182736373318,branch,branch,0.5236123764827473,0.6045825955353733
513875,descending_neuron,DNge003,DNge003_R,R,xl,,,acetylcholine,2.0,1.074020056350893,1.169395060526871,0.2402488493803932,3,14835,7231,7604,7266,249,4926,270,4656,640,144,141.6422366705094,131.6576840868325,branch,branch,0.7569699991797343,0.3610445870424117
513906,ascending_neuron,ANXXX404,ANXXX404_R,R,CA,T1,,gaba,2.0,0.2413975668932873,0.5543978067880366,0.3485938480319124,3,4804,979,3825,2046,90,2815,542,2273,1069,142,192.3484363633665,142.9910635378894,branch,branch,0.5212052621819334,0.6433923911232526
513933,ascending_neuron,AN08B084,AN08B084_R,R,BA,T1,potentially male-specific,acetylcholine,4.0,0.3048132044653732,0.6229769062194503,0.4355086097823706,3,3854,665,3189,1229,134,977,450,527,276,50,224.480513529719,203.5215345911705,branch,branch,0.5525022027535552,0.7746612520055431
513968,ascending_neuron,AN05B017,AN05B017_L,L,BA,T1,,gaba,1.0,0.4503563763029996,0.757239425500686,0.09418140595591734,3,5882,4320,1562,3783,107,4849,3437,1412,2055,173,223.1182145482814,153.3138167697046,branch,branch,0.6091365351834809,0.6179764462898274
514020,ascending_neuron,AN08B018,AN08B018_f_R,R,BA,A1,,acetylcholine,14.0,0.710647586427989,0.9512226918081353,0.1382159874293185,3,8721,674,8047,3771,149,2405,2195,210,560,129,90.90945274832131,292.9938346607467,branch,branch,0.6827145223195317,0.5623189120172096
514021,descending_neuron,DNg04,DNg04_R,R,ut,LB,,acetylcholine,4.0,0.6349434381013112,0.8991301874927192,0.2496095634230526,3,4981,2758,2223,2439,97,4302,97,4205,348,115,166.4225327771784,222.9459894826429,branch,branch,0.6637573290528944,0.5866127652637834
514025,descending_neuron,DNg106,DNg106_R,R,lt,MX,,gaba,16.0,0.3017819214606512,0.6198714998206178,0.3223308976674107,3,3601,1548,2053,2135,76,341,20,321,177,13,166.0897674093615,221.4193825702442,branch,branch,0.5511234298341006,0.7031258861490498
514197,descending_neuron,DNge032,DNge032_R,R,xl,MD,,acetylcholine,2.0,0.8328210164704334,1.02974785838898,0.2912646756790487,3,14441,11433,3008,6195,374,2528,163,2365,717,120,225.6244406354424,126.9960214484053,branch,branch,0.710335449355162,0.496414000461267
514333,descending_neuron,DNg61,DNg61_R,R,fl,,,acetylcholine,2.0,0.2970043906537843,0.6149453106906082,0.05659603505140601,3,8231,705,7526,3689,97,2648,30,2618,463,90,166.3478794452174,118.5810871738174,branch,branch,0.5489291413637993,0.5190632909579852
514384,ascending_neuron,AN09B004,AN09B004_c_L,L,BA,A3,,acetylcholine,10.0,0.48041757956812,0.7821039958292515,0.0548307287729403,3,12831,1587,11244,6124,278,9561,8290,1271,1437,366,230.804221772375,240.8180134403287,branch,branch,0.6190565062709003,0.7618403658394327
514395,ascending_neuron,AN19B028,AN19B028_L,L,BA,T3,,acetylcholine,2.0,0.3143562791029249,0.6326538118826502,0.3752190603511302,3,17359,5671,11688,8669,334,1716,1561,155,456,73,168.8390140669709,133.7073257744524,branch,branch,0.5567767665972589,0.5433889450711731
514413,ascending_neuron,AN27X020,AN27X020_L,L,XA,T1,,unclear,2.0,0.2992715950761565,0.6172879631638151,0.03506621014463028,3,6544,34,6510,3305,122,2011,32,1979,301,80,242.3292327380412,225.0537211187858,branch,branch,0.5499737284182485,0.8498277821397822
514441,ascending_neuron,AN00A006,AN00A006(514441)_M,M,BA,A2,potentially sexually dimorphic,gaba,5.0,0.0108620630803498,0.1176010554855236,0.5271251166533564,3,9329,3129,6200,3965,295,1729,1110,619,690,65,313.1186020765013,155.5890149381945,branch,branch,0.2400510720407359,1.952532904894329
514446,ascending_neuron,AN17B007,AN17B007_R,R,BA,T3,,gaba,2.0,0.3062126717682965,0.6244053833803834,0.02194304499480269,3,12013,7174,4839,5695,348,1674,1552,122,700,90,242.8434020989776,188.2317868422816,branch,branch,0.5531352798876491,0.7793304904160473
514483,ascending_neuron,ANXXX170,ANXXX170_L,L,CA,A3,,acetylcholine,4.0,0.2568951552277671,0.5719170136364813,0.03909063170836985,3,7595,2040,5555,4141,110,2746,2351,395,785,128,238.2236066255502,139.9002752245212,branch,branch,0.529376365813469,0.7142817591960784
514484,ascending_neuron,ANXXX196,ANXXX196_L,L,BA,A8,,acetylcholine,2.0,0.1513475063402372,0.4389779380213154,0.04239118457959659,3,6403,3674,2729,3158,137,4146,3257,889,520,101,236.3773300539295,195.6695071735228,branch,branch,0.4637878713705701,0.9315613104557524
514485,descending_neuron,DNg106,DNg106_R,R,lt,MX,,gaba,16.0,0.175232,0.4723476599952963,0.3710479289840752,3,3347,1440,1907,2030,65,1155,23,1132,405,57,193.4300185343718,223.9234224354917,branch,branch,0.481092873983491,0.8675111678835326
514489,descending_neuron,DNg49,DNg49(hb1405978277)_R,R,nt,GNG,,gaba,2.0,1.653402166388082,1.450922817242907,0.1462622020081242,3,9492,4892,4600,4081,156,8074,84,7990,801,260,183.9911748221295,133.5149377828804,branch,branch,0.8431798031553082,0.3765580145739418
514525,ascending_neuron,AN01B011,AN01B011_R,R,IA,T3,,gaba,6.0,0.4018583792223346,0.7153055150137287,0.4478357946911514,3,5221,2142,3079,2868,95,829,795,34,174,34,303.6963580566344,197.3323205470231,branch,branch,0.592030153249585,0.8462891220211826
514548,sensory_ascending,LgAG4,LgAG4_L,,leg bristle,,,acetylcholine,8.0,0.04407886390092956,0.2369028336801034,0.258569652075113,3,1192,235,957,601,24,270,49,221,52,14,323.7336022697025,162.3777825847108,branch,end,0.3407086563374207,1.426765583475499
514625,ascending_neuron,ANXXX462a,ANXXX462a_L,L,XA,T1,,acetylcholine,2.0,0.2070926992708183,0.5134964597127741,0.1700288105243108,3,6518,19,6499,3411,113,2249,2,2247,608,76,275.3697745259606,21.40319673315041,branch,end,0.5016106709981949,0.5916400675219667
514660,ascending_neuron,AN09B003,AN09B003(18338)_L,L,CA,T3,,acetylcholine,2.0,0.5130261571458258,0.8082111053193846,0.1638841751899263,3,12388,5156,7232,5097,248,7492,5249,2243,1225,308,232.5825021162428,170.5676339738904,branch,branch,0.6293039342054827,0.640628659979893
514863,ascending_neuron,AN08B041,AN08B041_L,L,BA,T1,,acetylcholine,2.0,0.4678402586018864,0.7717983660717653,0.3379307391206888,3,5814,1623,4191,2614,134,2224,2009,215,506,97,175.2517265112656,158.8627185260895,branch,branch,0.6149643887048786,0.5433069803293874
514952,ascending_neuron,AN08B041,AN08B041_R,R,BA,T1,,acetylcholine,2.0,0.3080935583799191,0.6263201274168703,0.1211705508969585,3,5454,1551,3903,2511,128,2364,2187,177,511,109,188.7788597064471,172.9053519208149,branch,branch,0.5539827275595028,0.6528799430635925
515029,descending_neuron,DNpe027,DNpe027(PS166)_L,L,xn,,,acetylcholine,2.0,0.07842806640673505,0.3160027144917753,0.202649182551677,3,11434,1497,9937,4662,215,4541,25,4516,720,177,269.6640420672118,158.8719581610954,branch,branch,0.3934988311303731,1.089040084305423
515061,ascending_neuron,AN01B018,AN01B018_R,R,IA,T2,,gaba,2.0,0.2549876919979472,0.5697897970941005,0.279446664698317,3,5110,150,4960,3109,64,193,127,66,118,3,286.3872288880478,241.829261461078,branch,branch,0.5283909542905795,0.999669820347913
515072,ascending_neuron,AN05B027,AN05B027_L,L,BA,T1,,gaba,1.0,0.227712,0.5384532692915267,0.243527602707163,3,5829,4167,1662,2901,172,3323,2792,531,1076,160,220.4923790673713,156.4269967704179,branch,branch,0.5136556258358785,0.7337978148772796
515131,sensory_ascending,SAxx01,SAxx01_R,,abdomen,,,acetylcholine,13.0,0.1420034723606362,0.425211049361689,0.113034644508301,3,3950,246,3704,1952,81,185,38,147,119,3,232.6641418042168,170.8819806823774,branch,branch,0.456457461530894,0.8840826506223765
515249,ascending_neuron,AN05B099,AN05B099_R,R,BA,A5,,acetylcholine,6.0,0.3733915224707086,0.6895047875675515,0.1464156773395434,3,12412,3787,8625,5724,304,11317,9795,1522,2069,456,234.2914475959601,174.1013538058436,branch,branch,0.5812549749534194,0.702605257588602
515307,ascending_neuron,AN10B019,AN10B019_R,R,BA,T3,,acetylcholine,6.0,1.639808,1.444945809147553,0.1133291156798029,3,4363,1600,2763,2150,104,4242,4097,145,640,228,235.243714710262,184.3086602285744,branch,branch,0.841441291167899,0.498611583889006
515447,ascending_neuron,ANXXX196,ANXXX196_R,R,BA,A8,,acetylcholine,2.0,0.1210790058844316,0.3926354267374249,0.02559323282175283,3,6436,3888,2548,3287,146,4267,3501,766,539,118,36.90960622064577,189.6797686967766,end,branch,0.4386243941019903,0.5165909100457715
515545,sensory_ascending,LgAG8,LgAG8_L,,leg bristle,,,glutamate,9.0,0.08485010874793822,0.3286860414330884,0.3432935616462615,3,1626,24,1602,851,30,73,3,70,35,2,8.26688735741024,80.99145575145802,end,end,0.4013180288776139,0.2224129909102302
515547,sensory_ascending,LgAG8,LgAG8_R,,leg bristle,,,glutamate,9.0,0.03526020467378376,0.2118836637075098,0.1762630859748228,3,1899,59,1840,970,35,97,10,87,47,3,312.5164266509557,496.4008025681484,branch,end,0.3222157587963068,2.510483137885482
515575,descending_neuron,DNp26,DNp26_R,R,xn,CG,,acetylcholine,2.0,3.32788673371914,2.058445284619133,0.02073734347309642,3,11378,5553,5825,5662,238,10232,459,9773,1253,360,40.9213910740084,174.9746318490227,branch,branch,1.004309807511296,0.2149695455608731
515679,ascending_neuron,AN27X020,AN27X020_R,R,XA,T1,,unclear,2.0,0.309716270883049,0.6279673588142982,0.06249537111860645,3,7663,50,7613,3718,134,2252,21,2231,326,89,255.9435568652692,251.2005002566288,branch,end,0.5547107406739175,0.9142495717782017
515758,ascending_neuron,AN05B049_a,AN05B049_a_R,R,BA,T2,,gaba,2.0,0.1685872925909415,0.4633055230262467,0.1432084815384594,3,3313,2243,1070,1352,68,589,512,77,307,21,193.0550739560489,174.7497757564556,branch,branch,0.4764658500699298,0.7719437807736328
515767,ascending_neuron,ANXXX264,ANXXX264_L,L,BA,T2,,gaba,2.0,0.100608,0.3579079268704666,0.1575342997300528,3,5359,3796,1563,2476,118,3752,3312,440,859,238,200.1932341209248,158.8305450001207,branch,branch,0.4187778458401645,0.8573132095867235
515775,ascending_neuron,ANXXX169,ANXXX169_R,R,BA,A3,,glutamate,10.0,0.1636304630697944,0.4564436178804441,0.5208719113973693,3,4924,2495,2429,2516,98,2252,2136,116,365,88,187.5699684181126,170.200181844241,branch,branch,0.4729242780418633,0.7565062037916431
515785,descending_neuron,DNg76,DNg76_L,L,xn,LB,,acetylcholine,2.0,0.4074571332157747,0.7202711536600279,0.1374378516663622,3,7910,3560,4350,3010,173,3495,245,3250,596,124,171.1672773823501,133.8308088863909,branch,branch,0.5940815308469146,0.5133943245701307
515804,ascending_neuron,ANXXX191,ANXXX191_R,R,IA,T1,potentially sexually dimorphic,acetylcholine,2.0,0.351616,0.6690974486288219,0.2332154436638746,3,4918,28,4890,1451,103,845,610,235,272,51,163.5111216654197,215.962538140643,branch,branch,0.5725886392761584,0.6627334770137541
515950,ascending_neuron,AN09B033,AN09B033_R,R,CA,A8,,acetylcholine,6.0,0.2990619221204444,0.6170716859233272,0.03418313595437956,3,5351,159,5192,2883,105,1680,246,1434,333,49,202.4684769967044,24.37650738436084,branch,branch,0.5498773736956543,0.4125374042151791
515978,descending_neuron,DNg08,DNg08_R,R,ut,MX,,gaba,23.0,0.1395455410639273,0.4215150070567557,0.5887987710498903,3,2522,1844,678,1315,65,443,16,427,168,26,190.3611572514083,221.0777856550355,branch,branch,0.454469309698477,0.9053173319435315
516109,ascending_neuron,ANXXX098,ANXXX098(17448)_R,R,BA,A2,,acetylcholine,6.0,0.3412229276113123,0.6591346789579704,0.2607971846873809,3,6980,25,6955,2862,113,1995,1809,186,409,89,517.508658377949,611.9123082375197,branch,branch,0.5683097682509122,1.987333369425427
516170,descending_neuron,DNa13,DNa13(LAL041)_R,R,xl,,,acetylcholine,4.0,1.623216354131811,1.437617213218268,0.125651107955656,3,16163,14682,1481,9273,249,11259,576,10683,1026,345,241.7284884003573,157.4902850361626,branch,branch,0.8393047327859834,0.4756541430564264
516204,ascending_neuron,AN12B019,AN12B019_R,R,CA,T3,,gaba,6.0,0.1579176886728516,0.4484050022373198,0.09300180058773076,3,6535,3071,3464,3210,142,1479,1417,62,322,50,202.7062991015588,188.9383459435162,branch,branch,0.468741347756187,0.8355239982984959
516215,descending_neuron,DNg67,DNg67_L,L,xl,,,acetylcholine,2.0,0.07410496615561302,0.3071699421665267,0.09247507793621279,3,5842,1420,4422,2688,137,1131,55,1076,478,53,303.5448827530799,234.8546153663997,branch,branch,0.3879603996049056,1.387769212187067
516239,ascending_neuron,ANXXX255,ANXXX255_L,L,IA,T1,,acetylcholine,2.0,0.2514254817131351,0.5657957810652631,0.01905216310952737,3,10417,2532,7885,4640,230,1130,685,445,225,34,225.706424803829,137.325754017306,branch,branch,0.5265357848446569,0.6894729461326922
516294,ascending_neuron,AN10B022,AN10B022(21870)_R,R,BA,T1,,acetylcholine,6.0,0.5018753386923308,0.799379464178577,0.2605558887058541,3,3898,1591,2307,1625,75,1715,1558,157,447,101,387.3478405084769,188.6147591796389,branch,branch,0.6258561635451892,0.920279503880813
516367,ascending_neuron,AN19A018,AN19A018_L,L,BA,A3,,acetylcholine,12.0,0.1334081441565943,0.4121413892463424,0.05030656749863141,3,6024,2526,3498,2780,148,1588,1485,103,342,80,194.1134623461367,162.4114101828537,branch,branch,0.4493876730960783,0.7933570364151177
516431,ascending_neuron,AN07B036,AN07B036_L,L,BA,T3,,acetylcholine,2.0,0.2266467619934281,0.5371923492160059,0.4180450566168609,3,8267,719,7548,4217,155,2728,2444,284,322,95,236.5478374486632,443.047412236014,branch,branch,0.5130538481639553,1.324608035037095
516514,ascending_neuron,AN09B032,AN09B032_R,R,BA,T3,,glutamate,4.0,0.07514877942995152,0.3093257145935246,0.5277771494288946,3,6799,5477,1322,2813,179,2784,2541,243,959,162,231.4451080022307,180.8712250743415,branch,branch,0.3893194063372992,1.05906956181719
516607,sensory_ascending,SApp08,SApp08_L,,campaniform sensilla,,,acetylcholine,39.0,0.2476524373764057,0.5615343948661455,0.2244754047866626,3,1575,1016,559,815,31,216,162,54,47,8,187.5601596072344,248.4924362748521,branch,branch,0.5245491907194322,0.8312901889792826
516615,ascending_neuron,AN17A068,AN17A068_R,R,IA,T1,,acetylcholine,2.0,0.2355125921725334,0.5475983433477082,0.2197095990938686,3,5080,2515,2565,2300,122,1306,1075,231,374,63,193.9281727214982,161.239329893512,branch,branch,0.5179992164476478,0.6856525866017513
516654,sensory_ascending,LgAG5,LgAG5_L,,leg bristle,,,acetylcholine,4.0,0.07754848835292477,0.3142257182430776,0.09891173267131019,3,5520,1070,4450,1544,221,181,38,143,56,10,315.4851509172703,324.2662467134138,branch,end,0.3923908790212994,1.630393140702839
516662,ascending_neuron,AN05B100,AN05B100_L,L,BA,T3,,acetylcholine,6.0,0.2659663528445499,0.5819268665482514,0.1923466642466265,3,16126,11071,5055,5711,429,2488,2409,79,595,86,229.815013235073,155.8695706505125,branch,branch,0.5339889180578967,0.7222707641355366
516667,descending_neuron,DNg02_e,DNg02_e_R,R,ut,LB,,acetylcholine,2.0,0.4012468931940426,0.7147610870890925,0.183903415505381,3,2535,2313,222,1265,61,1794,155,1639,380,105,196.3381003389306,236.010015900411,branch,branch,0.5918048096067278,0.7305586389651852
516680,descending_neuron,DNg64,DNg64_R,R,xl,MD,,gaba,2.0,0.04798992173931867,0.2471895347850434,0.08644198041431915,3,7912,856,7056,3354,134,2377,39,2338,445,102,207.0000413589567,242.5558149876703,branch,branch,0.3480271139504382,1.291726530280188
516819,ascending_neuron,AN19B051,AN19B051_L,L,BA,A3,,acetylcholine,4.0,0.04131372781069693,0.2293518519415184,0.01631410252204797,3,3161,2059,1102,1797,73,563,540,23,186,36,205.478069921175,128.7441337607757,branch,branch,0.3352348541714361,0.996979280415253
516821,descending_neuron,DNge094,DNge094_R,R,xn,LB,,acetylcholine,13.0,0.04430058782200872,0.2374979163487429,0.4665072024731575,3,2021,361,1660,879,70,500,28,472,118,27,198.2672892991854,229.8366612836923,branch,branch,0.3411363056182733,1.254935178497008
516848,ascending_neuron,AN07B116,AN07B116_L,L,BA,T1,,acetylcholine,1.0,0.1008054958581005,0.3582590454589671,0.3850088157125603,3,2955,1393,1562,1248,100,758,680,78,230,45,254.6757289337934,158.7590902538916,branch,branch,0.418983212402232,0.9867574808481336
516904,descending_neuron,DNde007,DNde007_L,L,xl,,sexually dimorphic,glutamate,2.0,0.2839932521114962,0.601324736749038,0.08978781858385987,3,6947,5155,1792,2479,208,1286,175,1111,333,45,264.5714265208446,200.8253375037999,branch,branch,0.5428159181592122,0.8573749377190149
516930,descending_neuron,DNg81,DNg81_L,L,xn,GNG,,gaba,2.0,0.7098798183640959,0.9507087128824377,0.1415392007636496,3,7764,1848,5916,3723,145,3853,41,3812,1236,157,153.2938130853602,125.5985358129833,branch,branch,0.6825300501167655,0.4086154871139099
516956,descending_neuron,DNge071,DNge071_L,L,nt,LB,,gaba,10.0,0.0593594938527519,0.2749160870680134,0.1570222500702381,3,1474,295,1179,669,37,214,4,210,98,15,167.3375723788943,237.8523359913848,branch,branch,0.3670270870975691,1.103978214726601
517005,ascending_neuron,AN05B009,AN05B009_R,R,BA,A3,,gaba,4.0,0.2212276492838976,0.530731374102813,0.2913605953935465,3,14533,11684,2849,7263,231,13992,11485,2507,3370,758,211.3679472757307,175.6621284529462,branch,branch,0.5099591878870096,0.758943234913203
517104,ascending_neuron,AN10B037,AN10B037_R,R,BA,T1,,acetylcholine,14.0,0.05652591424405443,0.2682741681896315,0.1129708768903425,3,1407,982,425,774,32,117,94,23,61,4,192.060732310092,205.3160036155729,branch,branch,0.3625663282944508,1.096011143105776
517601,ascending_neuron,AN05B035,AN05B035_R,R,BA,A2,potentially male-specific,gaba,2.0,0.1340906216820843,0.4131942425830156,0.1267012205064803,3,10138,5265,4873,5472,117,4468,3145,1323,841,89,286.4112316710194,226.2925579488949,branch,branch,0.449961308187357,1.139439725796229
517654,descending_neuron,DNg23,DNg23_R,R,xn,LB,,gaba,2.0,0.2687217140242265,0.5849334259765454,0.3154282368260466,3,4505,3653,852,2072,119,1860,109,1751,588,69,191.7405201474968,188.3142070139203,branch,branch,0.5353665835000418,0.7098962446941505
517748,ascending_neuron,AN10B037,AN10B037_R,R,,T2,,acetylcholine,14.0,0.0365676399001484,0.2157761923347994,0.1899315896919699,3,2081,1453,628,1213,50,238,214,24,114,11,119.1274478085797,176.8659545630709,end,branch,0.3251620123016397,0.9102951487982228
517755,ascending_neuron,AN08B081,AN08B081_L,L,BA,T1,potentially sexually dimorphic,acetylcholine,4.0,0.1998313234412787,0.5044136628623364,0.1563422518789203,3,4143,1938,2205,1587,162,1437,1364,73,350,74,201.9884966789749,142.8203207450111,branch,branch,0.4971545984928076,0.6935645742176001
517830,descending_neuron,DNge030,DNge030_R,R,ut,LB,,acetylcholine,2.0,0.2376041213188678,0.550024511504018,0.4372184820286713,3,4934,3825,1109,2454,108,1960,133,1827,411,80,193.5418525144579,188.1835111652759,branch,branch,0.5191454619246602,0.7352955802879211
517915,ascending_neuron,AN09B033,AN09B033_R,R,CA,A5,,acetylcholine,6.0,0.2560775485884149,0.5710061833129392,0.2227725013438069,3,4458,585,3873,2549,92,767,531,236,274,35,295.9915882117961,233.0504988383737,branch,branch,0.5289546576251505,1.000165287182482
518123,ascending_neuron,AN06B090,AN06B090_R,R,BA,T2,,gaba,2.0,0.5161132801898416,0.810639153940078,0.2466659362353003,3,9310,2314,6996,3895,205,1052,850,202,302,45,204.8485352767039,206.6110093265017,branch,branch,0.6302485108515832,0.6528528628290561
518177,descending_neuron,DNp08,DNp08(PS271)_L,L,xn,,,glutamate,2.0,0.6507110421251326,0.9102258132076606,0.1083272580752595,3,19837,15350,4487,6017,639,4691,163,4528,845,191,179.6846038062251,148.2682335824356,branch,branch,0.6678402866492509,0.4910647709411116
518309,descending_neuron,DNpe007,DNpe007(hb1343489608)_R,R,xl,CG,,acetylcholine,2.0,0.1801760865999055,0.4789648405411685,0.05079175236137758,3,11853,5366,6487,5281,228,2950,601,2349,805,137,200.4067236577116,179.7479049446497,branch,branch,0.4844510004790706,0.7847122376183118
518330,ascending_neuron,ANXXX033,ANXXX033_R,R,BA,A1,,acetylcholine,2.0,0.2749592969530809,0.5916832345717099,0.03163913699080063,3,9018,3392,5626,3566,247,3240,2939,301,675,141,183.4163170335173,143.065764087095,branch,branch,0.5384466407548085,0.6063406406676458
518426,ascending_neuron,AN01A086,AN01A086_L,L,XA,T1,,acetylcholine,2.0,0.02231513176754334,0.1685601026708635,0.2824795714592401,3,15366,4,15362,7233,313,2257,14,2243,633,126,253.1111564082222,123.2521386380058,branch,branch,0.2873925021790289,1.309579380786265
518543,ascending_neuron,vMS16,vMS16_R,R,BA,T2,male-specific,unclear,2.0,0.6836501183081103,0.9329792952647762,0.2309953827577368,3,5340,4351,989,3450,111,1257,1121,136,635,44,165.8762473843101,122.5093762040553,branch,branch,0.6761359735140117,0.4265201599754684
518563,descending_neuron,DNg85,DNg85_L,L,fl,LB,,acetylcholine,2.0,0.3589573086773765,0.6760463299802331,0.1640446548023153,3,8371,3302,5069,4127,188,8363,173,8190,2489,236,221.4041292368797,184.79535209439,branch,branch,0.5755542560787072,0.7057535880261508
518625,ascending_neuron,AN05B009,AN05B009_L,L,BA,A3,,gaba,4.0,0.2055030192997771,0.5115218184349027,0.05953989437286405,3,15609,12531,3078,7894,257,13071,10624,2447,3262,713,227.3290718049333,188.2530431099127,branch,branch,0.5006452746537235,0.8300929539428644
518733,ascending_neuron,AN17B013,AN17B013_R,R,BA,T3,,gaba,4.0,0.3041369947257951,0.6222855041713506,0.2500188929292073,3,3031,583,2448,1664,47,1186,951,235,325,70,244.2048410439877,230.5526995317093,branch,branch,0.5521955242882377,0.859763470896734
518862,sensory_ascending,LgAG4,LgAG4_R,,leg bristle,,,acetylcholine,8.0,0.05715961283423441,0.269773755992496,0.06928495936750259,3,1017,67,950,457,24,205,49,156,47,13,313.3374551213553,679.0468661287748,branch,end,0.3635782452737279,2.729493126033962
519206,descending_neuron,DNp17,DNp17_R,R,ut,,,acetylcholine,12.0,0.09916506543746653,0.3553320739410284,0.1409772483689937,3,1499,1406,93,733,42,348,44,304,79,19,382.7947172287693,212.6945383069066,branch,branch,0.4172681586595171,1.427114058855336
519228,descending_neuron,DNae005,DNae005(VES009)_L,L,xl,,potentially sexually dimorphic,acetylcholine,2.0,0.9121348434670857,1.077666995334417,0.245743887029161,3,16569,8445,8124,8353,304,8037,270,7767,918,242,222.7958299740417,147.5071002134335,branch,branch,0.7266751872149374,0.5095852131771582
519268,descending_neuron,DNp28,DNp28_L,L,xn,,,acetylcholine,2.0,2.027570917266992,1.606730677997803,0.071125071339943,3,5208,2786,2422,2701,113,306,233,73,202,6,184.6467403223912,27.37754956454255,branch,branch,0.8872981642147828,0.2389549516025036
519337,descending_neuron,DNge120,DNge120_R,R,xl,MX,,glutamate,2.0,0.4386978701512408,0.7473737194119495,0.1644382510335589,3,9329,6533,2796,3570,331,948,156,792,315,46,249.3745339084555,146.4524683970385,branch,branch,0.6051554531786484,0.6540914408460955
519385,ascending_neuron,AN07B069_b,AN07B069_b_L,L,BA,T1,,acetylcholine,10.0,0.4132627890930889,0.7253843983991303,0.3803124535070513,3,1424,271,1153,717,42,341,309,32,86,22,161.8022973352665,156.4506639810958,branch,branch,0.5961865104273778,0.5338144284549844
519400,descending_neuron,DNg04,DNg04_L,L,ut,LB,,acetylcholine,4.0,0.50304,0.8003064541683869,0.2258719167742378,3,4694,2620,2074,2416,95,3593,104,3489,338,96,170.5501031524587,211.2584103241167,branch,branch,0.6262189413795383,0.6097045110699856
519410,descending_neuron,DNp34,DNp34_R,R,xl,,,acetylcholine,2.0,1.01352973880616,1.135986858732575,0.04888880829487564,3,17063,10646,6417,8517,309,4468,460,4008,944,141,163.5750028157008,143.8752982605597,branch,branch,0.7460787899270169,0.4120882475513558
519460,descending_neuron,DNa16,DNa16(PS014)_L,L,ut,,,acetylcholine,2.0,2.363392,1.734694253783855,0.008993534127325516,3,15713,12465,3248,7481,248,10535,516,10019,842,210,145.4805232429985,122.2445286306926,branch,branch,0.9219545457093256,0.2903885588716428
519516,ascending_neuron,AN09B004,AN09B004_a_R,R,CA,T3,,acetylcholine,10.0,0.5332944018387784,0.8240215539699294,0.1134486391509004,3,19036,5861,13175,9247,346,8064,6870,1194,1223,274,275.5256764894459,229.629288802078,branch,branch,0.6354294307358334,0.7949820087913612
519538,descending_neuron,DNg24,DNg24_R,R,xn,MD,,gaba,2.0,0.7024487560997253,0.9457195855094657,0.1083584153817285,3,15295,5276,10019,6822,333,3187,92,3095,719,88,240.8395885056093,139.8720954228065,branch,branch,0.6807368044256444,0.5592641406389541
519570,descending_neuron,DNg82,DNg82_R,R,ut,LB,,acetylcholine,4.0,0.392489879879906,0.7069184082844712,0.1918034770335874,3,3616,2371,1245,1674,98,1841,135,1706,417,111,168.2099835573549,224.7575762964188,branch,branch,0.5885490804167405,0.6676886820985612
519624,descending_neuron,DNa03,DNa03_L,L,it,,,acetylcholine,2.0,0.259584,0.5749022647203023,0.05209847734005683,3,17182,2055,15127,9107,239,18053,43,18010,984,343,230.7707788738405,179.7706153784509,branch,branch,0.5307561678520072,0.7735028231772979
519626,ascending_neuron,AN17A008,AN17A008_L,L,BA,T3,,acetylcholine,2.0,2.163030350799396,1.659534808041146,0.06403942177843229,3,14190,1109,13081,5966,176,3035,2300,735,837,132,208.2156183668469,149.560863591602,branch,branch,0.9017605313719166,0.3967533169966271
519654,ascending_neuron,AN10B024,AN10B024_L,L,BA,T3,,acetylcholine,4.0,0.2923826960688661,0.6101419595726576,0.2038710464528011,3,11936,3147,8789,5551,196,1772,1625,147,402,72,173.8993090714264,172.3683696277364,branch,branch,0.5467810898253543,0.6332839323498971
519660,ascending_neuron,AN10B009,AN10B009_L,L,BA,T2,potentially male-specific,acetylcholine,2.0,0.2700532098506109,0.5863807858077046,0.2663848649205139,3,10990,5180,5810,5158,239,1548,1272,276,407,52,199.1123155513935,186.1104030953488,branch,branch,0.5360285300669874,0.7186608492622606
519715,descending_neuron,DNbe002,DNbe002_L,L,xl,,,acetylcholine,4.0,0.4767718019853867,0.7791307413409105,0.01470047449892754,3,9508,9456,52,4934,258,2416,152,2264,681,110,375.6274186565257,194.8733839450293,branch,branch,0.6178786800473424,0.9233217151267346
519751,ascending_neuron,AN27X009,AN27X009_R,R,BA,T1,,acetylcholine,4.0,0.9436565395239939,1.096129929693505,0.1801906255063448,3,18376,94,18282,8952,339,1495,1067,428,492,51,313.2208520763238,146.1609892083289,branch,branch,0.7328735672336788,0.6268227724717181
519771,descending_neuron,DNp71,DNp71(DNp09)_L,L,xl,CG,,acetylcholine,2.0,0.5969576467015066,0.8718199827443739,0.3674999253915205,3,20806,10435,10371,10949,340,6034,180,5854,1063,333,193.3877488651597,140.7226894227298,branch,branch,0.6535991061382682,0.5111855801975481
519773,descending_neuron,DNge119,DNge119_R,R,xn,,,glutamate,2.0,0.8163393845997711,1.019507521501041,0.0984810559361495,3,20626,6534,14092,10406,400,6458,178,6280,1050,242,168.661043281183,136.828035676766,branch,branch,0.7067946558481537,0.4322175845986866
519839,descending_neuron,DNge062,DNge062_L,L,xl,,,acetylcholine,2.0,0.18816,0.4894616969052514,0.08027202877131781,3,13920,4500,9420,6438,258,2740,141,2599,534,114,191.4349371986472,122.0571748860062,branch,branch,0.4897307744910189,0.6401315343322426
519872,descending_neuron,DNg09_a,DNg09_a_L,L,xn,LB,,acetylcholine,6.0,0.06942206276830813,0.2973060974714386,0.5202736317096655,3,3077,609,2468,1570,64,613,14,599,231,31,165.9720428300819,173.7853167947266,branch,branch,0.3816804786218506,0.8901617417049581
519896,descending_neuron,DNa06,DNa06(PS039)_L,L,xn,,,acetylcholine,2.0,0.8803953271590619,1.058751219852411,0.182486527357073,3,23058,8515,14543,10796,329,10468,131,10337,943,274,151.2849162419402,140.0165643652643,branch,branch,0.7202694618874811,0.4044340292365622
519981,ascending_neuron,AN04B001,AN04B001_L,L,IA,T1,,acetylcholine,4.0,1.052969204197568,1.157878244969072,0.06602457415196714,3,24568,13548,11020,12954,344,6613,6469,144,1370,258,201.2417266119245,169.0617012493921,branch,branch,0.7532332573876735,0.491618531483308
519983,ascending_neuron,AN10B026,AN10B026_R,R,BA,T1,potentially male-specific,acetylcholine,2.0,0.4045897770108063,0.7177323341509284,0.05866803340846013,3,9931,1173,8758,3932,259,552,384,168,325,18,286.501129690376,143.4335606376316,branch,branch,0.5930335941023535,0.7249752705473272
520068,ascending_neuron,AN08B018,AN08B018_c_R,R,BA,T2,,acetylcholine,14.0,0.9671217931694102,1.109674597185352,0.1571991974343528,3,11751,522,11229,5339,184,2533,2372,161,478,115,340.6125145278435,195.0087073485179,branch,branch,0.7373876542367811,0.7263767148783443
520116,ascending_neuron,AN05B100,AN05B100_R,R,BA,T2,,acetylcholine,6.0,0.155648,0.4451709656513311,0.07456435056715055,3,17632,11898,5734,5928,514,2925,2857,68,575,91,224.8091821987007,162.9087722846668,branch,branch,0.4670479345518533,0.8301459567643623
520118,descending_neuron,DNge148,DNge148_L,L,xn,,,acetylcholine,2.0,0.3926665468388178,0.7070774889146061,0.07483819523513381,3,16366,4596,11770,8202,263,3322,245,3077,759,184,178.7396705455541,129.5670661222351,branch,branch,0.5886152984489589,0.523783084605851
520135,ascending_neuron,AN19A018,AN19A018(24115)_L,L,BA,A2,,acetylcholine,12.0,0.2835380021096743,0.6008425723275934,0.2162544887678826,3,9771,2824,6947,3780,272,1353,1218,135,399,68,162.39126263447,167.8472878968415,branch,branch,0.5425982495737713,0.6086244303049719
520143,ascending_neuron,ANXXX116,ANXXX116(520143)_L,L,BA,A7,potentially male-specific,acetylcholine,4.0,0.2865630737719057,0.604039268249383,0.04052872935021316,3,10414,2511,7903,4754,245,1716,1383,333,551,80,175.1028741913559,162.5232618282852,branch,branch,0.5440397425208913,0.6205909414911469
520177,ascending_neuron,AN05B097,AN05B097_L,L,BA,T1,,acetylcholine,8.0,0.7286742279760405,0.9632117328440617,0.08924715263639685,3,9875,127,9748,3882,175,4905,4037,868,890,228,160.7216512116024,233.7484883753341,branch,branch,0.687003456391298,0.5741894540953478
520195,ascending_neuron,AN05B023d,AN05B023d_R,R,BA,A9,,gaba,2.0,0.5588939376373258,0.8435673433180015,0.1087478069894798,3,20768,6125,14643,10120,387,9387,9016,371,1757,336,237.3250312153837,158.1641062958068,branch,branch,0.6429214557205418,0.6151437846602174
520300,descending_neuron,DNg75,DNg75(hb1874217622)_R,R,xl,,,acetylcholine,2.0,1.884857753859862,1.549153132655088,0.1191086063597326,3,25440,14923,10517,12716,438,18305,155,18150,1238,409,170.3978909433762,112.6830566148158,branch,branch,0.8712548622538602,0.3249117563899572
520333,ascending_neuron,AN17A062,AN17A062_R,R,IA,T3,,acetylcholine,6.0,0.2145436967577274,0.522652388099019,0.3652718619760301,3,8379,3064,5315,4030,195,1602,1420,182,451,80,303.3203609546256,157.6786464724023,branch,branch,0.5060629112753862,0.9109519728786533
520386,ascending_neuron,ANXXX108,ANXXX108_L,L,BA,T1,,gaba,2.0,0.6197166972888478,0.8882836289839137,0.2009565392776361,3,8167,1392,6775,3571,229,2574,1692,882,917,128,188.6196745824153,115.4373985157901,branch,branch,0.6597415995691932,0.4608729740503748
520485,descending_neuron,DNpe016,DNpe016(PS211)_R,R,xn,,,acetylcholine,2.0,0.2759514338221165,0.5927497599904086,0.01123105355573824,3,12274,7342,4932,6512,193,3226,69,3157,521,125,174.3354867196057,202.1369375964831,branch,branch,0.5389317047597962,0.698553120907748
520622,ascending_neuron,AN17A062,AN17A062_R,R,IA,T2,,acetylcholine,6.0,0.2302478037939473,0.5414430799990674,0.3002375656838537,3,10356,2908,7448,5119,220,2095,1966,129,426,100,302.522902124467,243.6717469848614,branch,branch,0.5150797115006016,1.060408004652481
520634,ascending_neuron,AN16B078_d,AN16B078_d_L,L,IA,T1,,glutamate,6.0,0.2269495133663056,0.5375510162546265,0.0914266195554311,3,1483,660,823,866,20,536,206,330,123,28,150.0914638802623,139.3726465940431,branch,branch,0.5132250948314657,0.5640100482018723
520643,descending_neuron,DNp46,DNp46(CL206)_L,L,xn,CG,,acetylcholine,2.0,0.279552,0.5966042752191809,0.2651818731615329,3,12718,4719,7999,5684,275,2489,106,2383,669,101,175.7431575350962,164.179276253417,branch,branch,0.5406811397278424,0.6286929741244843
520709,ascending_neuron,AN10B017,AN10B017_L,L,BA,T2,,acetylcholine,2.0,1.220650669485011,1.246667839761565,0.05637605867981128,3,15530,890,14640,3974,648,2028,1645,383,410,84,195.3446571360204,165.8598698592321,branch,branch,0.7815799648680656,0.4621466046103492
520754,ascending_neuron,AN08B081,AN08B081_R,R,BA,T1,potentially sexually dimorphic,acetylcholine,4.0,0.1474126716622562,0.4332339355999771,0.07289201210107167,3,3734,1410,2324,1477,136,1345,1248,97,378,68,180.3568670905396,162.3242539328555,branch,branch,0.4607435603934023,0.7437567238721675
520863,ascending_neuron,AN05B105,AN05B105_R,R,BA,T1,,acetylcholine,2.0,0.3696467468134056,0.6860385234267348,0.1788742753807885,3,7901,4315,3586,3305,157,2317,1666,651,579,95,202.3787069947596,240.4826587219821,branch,branch,0.5797920976342296,0.7638278747223066
520883,ascending_neuron,AN05B101,AN05B101_R,R,BA,T2,,gaba,4.0,0.4073471288368118,0.7201739184873039,0.3426663330865169,3,12972,687,12285,5258,293,3960,2427,1533,695,127,224.0202420690023,143.3561553990785,branch,branch,0.5940414295811184,0.6184356497275484
520898,descending_neuron,DNb04,DNb04_L,L,xn,,,glutamate,2.0,0.2332658637645868,0.5449801117305815,0.393199894672185,3,13079,5035,8044,6970,260,6451,54,6397,1076,284,174.210035750748,196.3480097517615,branch,branch,0.5167593779971341,0.717080446490832
521101,ascending_neuron,AN27X018,AN27X018_R,R,BA,T3,,glutamate,6.0,0.2982366624903052,0.6162196948917574,0.171538102332215,3,4684,89,4595,2030,99,2089,911,1178,370,89,407.095578412298,467.0107432470195,branch,branch,0.5494976346600239,1.590737187067475
521152,ascending_neuron,AN05B103,AN05B103_L,L,BA,T2,potentially sexually dimorphic,acetylcholine,2.0,0.8816507327441743,1.059505817621883,0.3144363620311639,3,10235,184,10051,3726,297,2267,1252,1015,623,95,171.7492209060498,279.7226008161642,branch,branch,0.720526092958973,0.6265863597918597
521190,descending_neuron,DNae007,DNae007(VES009)_L,L,xn,,,acetylcholine,2.0,0.143495102153767,0.4274384616971056,0.4000065330285614,3,13997,2641,11356,6856,225,9949,263,9686,1050,312,235.1237133895174,167.7543966075476,branch,branch,0.4576514462247243,0.8803164795402753
521197,descending_neuron,DNp56,DNp56(VES055)_R,R,fl,,,acetylcholine,2.0,0.4079058053394637,0.7206676084612439,0.09753511392356838,3,12485,5102,7383,6788,200,3928,116,3812,546,129,184.0551375323895,158.009127829251,branch,branch,0.5942450068330482,0.5756283375179335
521262,descending_neuron,DNae002,DNae002(DNa04)_R,R,ut,,,acetylcholine,2.0,4.88896,2.494958357293448,0.06207492147976403,3,12585,8459,4126,6849,207,12132,372,11760,1115,349,165.699342683457,169.9475773637057,branch,branch,1.105680602648789,0.3035658934805229
521273,ascending_neuron,ANXXX380,ANXXX380_R,R,BA,A5,,acetylcholine,4.0,0.1118389225433099,0.37735624921646,0.3799485410360246,3,1726,2,1724,647,52,369,272,97,112,8,376.1853318941482,548.607385844219,branch,branch,0.4300053047534011,2.150654207088715
521274,ascending_neuron,ANXXX380,ANXXX380_R,R,BA,A6,,acetylcholine,4.0,0.226304,0.5367859926746843,0.3655542821367115,3,2324,55,2269,853,72,504,411,93,133,16,364.9931677935693,528.8398162493177,branch,branch,0.5128597629085316,1.742840925897128
521298,descending_neuron,DNge130,DNge130_R,R,xn,LB,,acetylcholine,2.0,0.4629239336057673,0.7677324133259048,0.1773498896808829,3,7525,2280,5245,2789,199,1038,163,875,304,41,209.9417218679654,222.3473038641787,branch,branch,0.6133423860534125,0.7048086608097202
521317,descending_neuron,DNp104,DNp104(CL324)_R,R,xn,,,acetylcholine,2.0,0.1296583635606011,0.4063079568393979,0.2421657715921851,3,13819,1896,11923,6980,208,6923,73,6850,1084,273,171.5472323638941,156.3310650059665,branch,branch,0.4461960318641404,0.7348301507748377
521359,sensory_ascending,"SNxx27,SNxx29","SNxx27,SNxx29_L",,notum,,,unclear,4.0,0.112533718440482,0.3785265914496819,0.1869529686929454,3,1909,843,1066,879,45,166,64,102,82,5,185.4901104018804,173.9845530849252,branch,branch,0.4306716032086909,0.8346839234548155
521373,ascending_neuron,AN09B004,AN09B004_e_R,R,BA,A9,,acetylcholine,10.0,0.3045783856281823,0.6227368987408709,0.10255633779991,3,13916,4425,9491,6203,280,4718,3952,766,923,231,217.5171465083909,169.4543223802914,branch,branch,0.5523957642696282,0.7005330125952934
521377,descending_neuron,DNpe024,DNpe024(CL325)_R,R,xn,,,acetylcholine,2.0,1.061084642367752,1.162331676834883,0.5161112759421119,3,11682,4970,6712,5642,218,4299,277,4022,876,229,213.2165378518715,166.9755294818499,branch,branch,0.7546804102725155,0.5037789005235129
521383,ascending_neuron,AN10B020,AN10B020_R,R,BA,T1,,acetylcholine,6.0,0.5751525736245918,0.8557493797806881,0.4094180992419904,3,4963,2190,2773,2155,93,1683,1547,136,461,89,375.1118312451243,191.1188606114457,branch,branch,0.6475470609095042,0.8744240010313346
521445,descending_neuron,DNge063,DNge063_R,R,xl,GNG,sexually dimorphic,gaba,2.0,1.27345544813281,1.273347491858028,0.2297967566171677,3,14836,13667,1169,7703,278,3794,230,3564,706,152,207.7855439761666,121.0133062436723,branch,branch,0.7898988992335879,0.4162543466497564
521550,ascending_neuron,AN27X024,AN27X024_R,R,BA,T1,,glutamate,2.0,0.02174708094937234,0.1664008517024404,0.3162275208627184,3,8377,80,8297,3269,156,1905,672,1233,476,92,181.0091015552175,111.3728394564654,branch,branch,0.2855458235278461,1.02394052695073
521624,descending_neuron,DNpe023,DNpe023(LAL201)_R,R,it,,,acetylcholine,2.0,0.06159550296549429,0.2800461214755872,0.1825223696532831,3,13789,869,12920,6786,247,6355,28,6327,724,197,220.5833624667208,178.6534660328345,branch,branch,0.3704356887815181,1.077749365383161
521656,ascending_neuron,AN05B106,AN05B106_R,R,CA,T3,,acetylcholine,4.0,0.3455636174088355,0.663313849475994,0.1168080759191965,3,9441,1875,7566,4714,143,1433,1103,330,353,57,299.0952670305906,225.815311134651,branch,branch,0.5701085740832504,0.9207203715701198
521675,ascending_neuron,AN05B006,AN05B006_R,R,BA,T2,,gaba,3.0,0.6465224163655046,0.9072915226509572,0.4115578168038015,3,21716,16069,5647,9245,533,10431,10146,285,1279,349,175.0384127983838,148.197246158676,branch,branch,0.6667629609531178,0.484783465618732
521770,ascending_neuron,AN09B031,AN09B031_R,R,BA,T2,,acetylcholine,2.0,0.004514550256460697,0.07581625098367784,0.406533543668621,3,12336,2159,10177,6129,219,1992,1347,645,683,102,253.8071095688437,245.9738652151653,branch,branch,0.1927432566446934,2.592988120488775
522300,ascending_neuron,AN10B027,AN10B027(31054)_R,R,CA,T2,,acetylcholine,6.0,0.2185756075334734,0.5275406212095247,0.1720037972903312,3,7431,1503,5928,2953,152,1837,1685,152,316,90,86.68542858635234,208.7920781568171,branch,branch,0.5084239416005771,0.5811636364191902
522310,ascending_neuron,ANXXX027,ANXXX027_R,R,CA,A5,,acetylcholine,14.0,1.379072,1.32509962094818,0.05251985183708727,3,10547,5527,5020,4663,294,18140,14689,3451,3675,911,233.4484990179342,175.3340342753082,branch,branch,0.8057908005584379,0.5073060315530328
522345,descending_neuron,DNpe037,DNpe037(CL338)_L,L,xn,,,acetylcholine,2.0,0.07802163501859594,0.3151828533574917,0.08384662115490986,3,11312,2130,9182,4891,293,3252,47,3205,768,173,176.8032828131472,226.3858462970251,branch,branch,0.3929880381705923,1.025957764483284
522355,ascending_neuron,AN08B007,AN08B007_R,R,CA,T3,,gaba,2.0,1.463579049134637,1.365095865572857,0.09882381858104544,3,11683,2089,9594,7166,173,5379,3436,1943,900,190,232.4958270995832,193.3394498295449,branch,branch,0.8178612193585779,0.5206693591158374
522432,descending_neuron,DNp56,DNp56(VES055)_L,L,fl,,,acetylcholine,2.0,0.3020970052949184,0.6201950124658839,0.1375760703744812,3,12934,5482,7452,7116,209,3824,99,3725,477,121,193.3460628479814,160.3169145070054,branch,branch,0.5512672274934209,0.6415454424219468
522822,ascending_neuron,AN17A076,AN17A076_L,L,IA,T1,,acetylcholine,2.0,0.1869863618606806,0.4879328132511457,0.0420643233869236,3,10406,1227,9179,4123,211,10440,3988,6452,2427,483,196.8255527484836,149.3188496127011,branch,branch,0.4889653142024099,0.7079119772039626
522918,ascending_neuron,AN06B039,AN06B039_R,R,CA,T2,,gaba,7.0,0.3433032701527421,0.6611409073679906,0.4142915971823803,3,8518,2236,6282,4449,144,1257,1100,157,311,48,173.856483383302,143.412158038835,branch,branch,0.5691740020506166,0.5574194188052923
522961,descending_neuron,DNp47,DNp47(PS293)_L,L,xn,,,acetylcholine,2.0,0.727417355209265,0.9623806638638895,0.1438118457409417,3,17160,9829,7331,8662,328,3746,189,3557,750,158,200.5757051235996,198.0783690700939,branch,branch,0.6867070156138685,0.5805300734219591
522969,descending_neuron,DNp53,DNp53(PS126)_R,R,xn,,,acetylcholine,2.0,1.51182552246627,1.387413435117288,0.04636730005637672,3,7599,5697,1902,3910,155,3568,117,3451,462,157,151.3549649697877,202.6571886454983,branch,branch,0.8245196075336664,0.4293556519222391
522975,ascending_neuron,ANXXX006,ANXXX006_R,R,BA,T1,,acetylcholine,2.0,0.3677951709759599,0.6843181687265234,0.05183311158045883,3,17171,13148,4023,8229,275,4825,4694,131,799,161,249.0752382636056,143.2430977157382,branch,branch,0.5790646791818651,0.6775034811890669
523039,descending_neuron,DNge055,DNge055_R,R,xl,,,glutamate,2.0,0.4871937461003464,0.7876003704180334,0.09108773944956523,3,8341,3517,4824,4235,138,4881,62,4819,711,160,197.0640312323995,174.6889719163177,branch,branch,0.6212279625908965,0.5984164035345129
523329,descending_neuron,DNa10,DNa10_L,L,xn,,,acetylcholine,2.0,3.896421080962577,2.227347616161717,0.08988242434339581,3,14734,11222,3512,7548,319,16000,455,15545,2099,668,50.52317373336663,216.3448192905524,branch,branch,1.044701072996118,0.2554491422685756
523373,ascending_neuron,AN09B012,AN09B012(14085)_R,R,CA,A5,,acetylcholine,4.0,0.5397093631458618,0.8289627879592314,0.1406053479355386,3,14311,379,13932,6644,273,5691,4761,930,972,255,219.7241525183491,227.1377020165075,branch,branch,0.6373317551323042,0.7011448134136863
523378,descending_neuron,DNae008,DNae008(PS012)_L,L,xl,,,acetylcholine,2.0,0.2150478138901789,0.5232660706120963,0.1170769270320661,3,9827,6300,3527,4937,180,2365,161,2204,570,119,172.4516447668588,171.6405577938595,branch,branch,0.5063599259419402,0.6795407474646252
523435,descending_neuron,DNg09_a,DNg09_a_R,R,xn,LB,,acetylcholine,6.0,0.1281681729901533,0.4039663181844748,0.4073079135954038,3,3526,426,3100,1957,65,701,1,700,271,42,186.2026870279474,230.2263127598893,branch,branch,0.4449084129462969,0.9359881442343104
523509,ascending_neuron,ANXXX255,ANXXX255_R,R,IA,T1,,acetylcholine,2.0,0.3612190866071676,0.6781728580394244,0.2089649063893375,3,10522,2261,8261,4567,235,989,507,482,204,36,225.7211350588086,128.340259592139,branch,branch,0.576458758663027,0.6142007373990074
523515,ascending_neuron,ANXXX250,ANXXX250_L,L,BA,T1,,gaba,2.0,1.05011752942838,1.156309286085606,0.06467079067361979,3,18746,22,18724,4943,574,1141,260,881,265,55,250.1725128607012,138.0092949997902,branch,branch,0.7527227578477662,0.515703562584458
523539,ascending_neuron,ANXXX027,ANXXX027(14994)_L,L,CA,A3,,acetylcholine,14.0,0.7050609156819851,0.9474763528940908,0.07228419034510694,3,15693,7613,8080,6847,438,18302,14282,4020,4136,895,182.0280365969606,180.931565932513,branch,branch,0.6813687789428751,0.5326918604820658
523547,ascending_neuron,AN05B097,AN05B097_L,L,BA,T2,,acetylcholine,8.0,0.554818082253995,0.8404857657687681,0.1465695622821397,3,8957,158,8799,3916,196,3143,2653,490,807,153,209.3040525062576,214.7034498531911,branch,branch,0.6417460753496638,0.660709147505768
523602,ascending_neuron,AN05B096,AN05B096_R,R,BA,T2,,acetylcholine,4.0,0.1917967383182875,0.4941691934733138,0.1711846203524549,3,12775,7967,4808,4548,362,4331,3996,335,739,191,200.4814375493607,157.6593421895229,branch,branch,0.4920801812732594,0.7278098028906447
523675,ascending_neuron,AN27X013,AN27X013_L,L,XA,T2,,unclear,4.0,1.827456,1.525381672062288,0.2208937975828893,3,1997,58,1939,1558,18,1321,112,1209,438,49,218.2239071830877,244.8679304454421,branch,branch,0.8645443998491467,0.5356484151760559
523679,descending_neuron,DNge051,DNge051_L,L,fl,,,gaba,2.0,0.3538209300024644,0.6711920737271185,0.113700203503277,3,7549,994,6555,4252,114,4090,39,4051,580,141,168.712645193601,134.2415164655815,branch,branch,0.5734841899532088,0.5282694221856419
523712,ascending_neuron,ANXXX131,ANXXX131_R,R,CA,T1,,acetylcholine,2.0,0.5121058208780105,0.8074858402665306,0.1478805052660453,3,7249,1094,6155,3519,99,2253,1736,517,420,96,211.9472108239218,24.99674885431105,branch,end,0.6290215113417028,0.3766865765414468
523769,descending_neuron,DNa02,DNa02_L,L,xl,,,acetylcholine,2.0,5.305216000000001,2.599001886217419,0.0120381486945129,3,24134,18511,5623,11793,406,24527,771,23756,1627,559,67.06981176901219,165.0943861991233,branch,branch,1.12849941260354,0.2057282399753437
523771,descending_neuron,DNge001,DNge001_R,R,fl,MX,,acetylcholine,3.0,0.1024806866205119,0.3612235634296958,0.09124051202278177,3,4673,2062,2611,2288,93,1309,98,1211,292,57,169.9715736638546,124.6244705201797,branch,branch,0.4207131398952865,0.7002301954661029
523773,descending_neuron,DNg52,DNg52_L,L,xl,MX,,gaba,4.0,0.2153887573268534,0.5236807074161844,0.4923098159796554,3,6434,2261,4173,3333,108,3178,14,3164,546,148,204.3229602707453,113.4907390484989,branch,branch,0.5065605063898393,0.627395336411522
523839,ascending_neuron,AN08B026,AN08B026_L,L,BA,T1,,acetylcholine,6.0,0.6213105058594528,0.8894251545912468,0.2264257638423356,3,11621,507,11114,5239,242,1393,1056,337,560,73,204.9827142011134,223.9744043467677,branch,branch,0.6601653775757336,0.649772213324943
523843,ascending_neuron,AN19A018,AN19A018(14863)_L,L,BA,A1,,acetylcholine,12.0,0.63170289472739,0.8968328194767331,0.07162014071246633,3,20332,8911,11421,8565,401,6995,6556,439,1113,303,157.3756317645432,158.8395279292134,branch,branch,0.6629088033384375,0.4770115558901666
523998,descending_neuron,pIP10,pIP10_L,L,xn,,male-specific,acetylcholine,2.0,0.9142934203082356,1.078941397031189,0.2805658108382315,3,14783,11787,2996,4293,317,11256,879,10377,1228,380,230.6688141111707,140.4541362044666,branch,branch,0.7271047273572648,0.5104119617878442
524001,descending_neuron,DNp05,DNp05_L,L,xn,CG,,acetylcholine,2.0,2.068040749301672,1.622686433706348,0.2580978122476414,3,9871,8621,1250,4879,190,6281,414,5867,952,247,,,,,,
524083,ascending_neuron,AN12B019,AN12B019_L,L,CA,T3,,gaba,6.0,0.2228995748034637,0.53273309747417,0.4983103867991321,3,6619,2904,3715,3401,136,1628,1564,64,346,54,190.2756529351017,135.5619982527676,branch,branch,0.5109199719744211,0.6377469448467403
524141,descending_neuron,DNge091,DNge091_R,R,ut,LB,,acetylcholine,14.0,0.3495474148084285,0.6671263683096604,0.25708764749457,3,3406,2733,673,1701,83,823,21,802,270,35,198.6189498018499,211.1409283608851,branch,branch,0.5717446287213668,0.7166833890142704
524146,descending_neuron,"DNp51,DNpe019","DNp51,DNpe019(PS296)_R",R,xn,,,acetylcholine,4.0,0.266296823619026,0.5822882846744459,0.4988166968035244,3,4525,2697,1828,2558,96,3028,91,2937,493,144,189.8051539728469,212.6454286699517,branch,branch,0.5341547149379835,0.7534344851557174
524156,ascending_neuron,ANXXX084,ANXXX084_L,L,BA,A3,potentially sexually dimorphic,acetylcholine,8.0,0.2888208706747303,0.6064141768526746,0.3813724993377235,3,18654,13878,4776,7587,519,4172,4088,84,676,173,190.4345874685399,151.1517808353393,branch,branch,0.5451081972029136,0.6266395736784811
524190,descending_neuron,DNge012,DNge012_R,R,fl,LB,,acetylcholine,2.0,0.5651724776242856,0.8482923718313099,0.08148988615681346,3,7198,6618,580,3696,134,4140,555,3585,667,135,206.0396750328364,143.5566892944234,branch,branch,0.6447195221158902,0.542245662392737
524225,descending_neuron,DNg14,DNg14_L,L,hl,,,acetylcholine,2.0,0.9995354239265972,1.128117027664669,0.1213435196589963,3,5335,5215,120,3316,58,3101,953,2148,417,63,263.6907582088521,211.2332152729359,branch,branch,0.7434899754238036,0.6387765661683228
524245,ascending_neuron,AN09B014,AN09B014_R,R,CA,T2,,acetylcholine,2.0,0.3573249452745127,0.674507413334974,0.2751039359933571,3,10528,6612,3916,5146,214,7394,3884,3510,2201,304,128.9214572890364,140.9774856064479,branch,branch,0.5748988019940007,0.4694720913652222
524298,ascending_neuron,AN09B017b,AN09B017b_R,R,BA,A3,male-specific,glutamate,2.0,0.3934613845097825,0.7077927621020875,0.09726665606328849,3,14823,1531,13292,6724,204,2550,1652,898,476,51,234.3665034587549,205.6193151812614,branch,branch,0.5889129421485173,0.7471152137272213
524412,descending_neuron,DNa06,DNa06(PS039)_R,R,xn,,,acetylcholine,2.0,0.6734283808439709,0.925978209807075,0.1205632565486672,3,21567,7559,14008,10046,295,10027,93,9934,919,271,90.4930187230113,143.246586665271,branch,branch,0.6735943310372102,0.3470035221768666
524429,descending_neuron,DNg65,DNg65_R,R,xl,MX,,unclear,2.0,0.1550972414897091,0.4443826517136294,0.1061983222871407,3,5379,2722,2657,2442,125,2493,148,2345,462,92,214.228256619745,147.6895554804603,branch,branch,0.4666342243553064,0.7755920873575541
524470,descending_neuron,DNbe001,DNbe001(PS103)_R,R,ut,,,acetylcholine,2.0,4.957440000000001,2.512371120804386,0.03638108414362375,3,14413,11180,3233,7843,302,18535,742,17793,2204,655,153.3238063346093,173.1062021177678,branch,branch,1.10953226595451,0.2942050614197825
524518,ascending_neuron,AN01B002,AN01B002(23382)_L,L,BA,A5,,gaba,6.0,0.1372571376577034,0.4180445137338198,0.1875319090673507,3,14659,11946,2713,7456,339,14686,11833,2853,3837,688,229.8841162996905,26.84866207223089,branch,end,0.4525945334729217,0.567246750423426
524761,ascending_neuron,AN09A005,AN09A005_L,L,XA,T2,,unclear,11.0,0.9311747925674306,1.088856541954639,0.2981066953990779,3,1557,71,1486,1172,24,1064,299,765,342,27,216.5494591003228,137.4695735559786,branch,branch,0.7304380230777785,0.4846667636011121
524860,ascending_neuron,AN09B013,AN09B013_R,R,CA,A7,,acetylcholine,2.0,0.2384195658881221,0.5509675303748378,0.2177168005750184,3,12659,6860,5799,4916,262,6374,6128,246,1045,302,299.1646562364776,169.5956111858142,branch,branch,0.5195903096514315,0.902172844094727
524898,ascending_neuron,vMS13,vMS13_R,R,BA,T2,,gaba,2.0,0.4115468714659287,0.7238768895761624,0.3339208806032353,3,6196,1058,5138,2799,142,389,321,68,128,17,211.5168459079039,189.3771047465783,branch,branch,0.5955666846729419,0.6731302488396154
524968,descending_neuron,DNp32,DNp32_R,R,xl,CG,,unclear,2.0,1.340710627489185,1.306539623955555,0.214376972904335,3,15816,1714,14102,10842,252,8845,225,8620,2286,337,210.1554564800694,155.7972128824894,branch,branch,0.8001277496364078,0.4573678009903471
525003,ascending_neuron,AN06A060,AN06A060_L,L,BA,T1,,gaba,2.0,0.09157207614582194,0.3414574476305356,0.0669512026013059,3,1833,567,1266,719,43,258,220,38,104,11,175.4105550140646,163.0195242821286,branch,branch,0.4090405228567977,0.8273754319805503
525126,descending_neuron,DNg02_c,DNg02_c_L,L,ut,LB,,acetylcholine,4.0,0.212224,0.5198191888934798,0.01321061737588976,3,2819,2716,103,1319,67,1585,196,1389,373,78,216.4568271963854,231.7879082401929,branch,branch,0.5046894119731511,0.8881595785497167
525407,descending_neuron,DNge128,DNge128_L,L,xl,,potentially sexually dimorphic,gaba,2.0,0.299264,0.6172801301804747,0.09434393162235151,3,6670,4044,2626,3037,146,1189,63,1126,464,54,176.3354970941166,143.6319591926168,branch,branch,0.5499702390024687,0.5817904926402702
525441,ascending_neuron,ANXXX169,ANXXX169_R,R,BA,A2,,glutamate,10.0,0.2713786512083927,0.5878180248303181,0.1407439331232546,3,6378,2934,3444,3274,126,2400,2268,132,425,84,183.7273289054926,218.6415268990673,branch,branch,0.536685040006572,0.7497299641511018
525454,descending_neuron,DNg74_b,DNg74_b_R,R,xl,MX,,gaba,2.0,2.435382798440796,1.760916149492248,0.07262328429606585,3,30632,22885,7747,15756,592,10009,674,9335,1061,268,168.9077728173902,111.6488385080485,branch,branch,0.9288966106360823,0.3020321186588478
525595,descending_neuron,DNg52,DNg52_R,R,xl,MD,,gaba,4.0,0.7723829553469274,0.9916796470771805,0.3753992299036146,3,6664,2409,4255,3620,109,4455,27,4428,709,200,184.4162517763988,128.2220976648895,branch,branch,0.697081793671172,0.4484959330163862
525812,descending_neuron,DNge091,DNge091_R,R,ut,LB,,acetylcholine,14.0,0.239086789009913,0.5517379399598813,0.05235554458617239,3,3302,1996,1306,1719,88,877,54,823,306,43,156.3979605967415,205.6478614281138,branch,branch,0.5199534503975735,0.6963042975251403
525960,descending_neuron,DNa13,DNa13(LAL041)_L,L,xl,,,acetylcholine,4.0,1.707736415670756,1.474570288733735,0.2229491727624333,3,16990,15600,1390,9367,251,13127,698,12429,1060,357,249.7182211601915,152.9035284730204,branch,branch,0.850023200553685,0.473659718194696
526151,sensory_ascending,LgAG2,LgAG2_R,,leg bristle,,,acetylcholine,11.0,0.06870745547881284,0.2957719549479888,0.1129162021611161,3,2015,27,1988,1009,33,370,9,361,39,11,313.7021652534684,332.7128166415117,branch,end,0.3806944416779873,1.697989019870571
526288,ascending_neuron,AN06A027,AN06A027_L,L,BA,T1,,unclear,2.0,0.3571235438150882,0.6743172979698288,0.3017814889308484,3,4786,478,4308,2188,107,852,735,117,151,26,165.52869283603,166.6604503660305,branch,branch,0.5748177763476144,0.5779033928156964
526505,ascending_neuron,ANXXX308,ANXXX308_L,L,BA,T1,,acetylcholine,2.0,0.5474593746559969,0.8348933614228816,0.1377121087831248,3,2480,374,2106,1145,50,1100,451,649,276,53,306.2318727162238,149.1614663037709,branch,branch,0.6396074945599153,0.7119887476198664
526576,ascending_neuron,AN27X004,AN27X004_L,L,BA,T3,,histamine,2.0,0.8054442813951487,1.012681346798241,0.4052606295944269,3,5044,3769,1275,3717,69,3463,3324,139,911,114,172.5011628940699,124.3358740165824,branch,branch,0.7044244884521962,0.4213894346048083
526592,ascending_neuron,AN05B068,AN05B068_R,R,BA,T3,,gaba,5.0,0.08428191249393766,0.3275836746438839,0.1121909014207939,3,3159,792,2367,1290,113,769,700,69,310,35,187.7707167508198,231.354597612844,branch,branch,0.4006444815238357,1.04612776087552
526698,ascending_neuron,ANXXX202,ANXXX202_L,L,BA,A4,,glutamate,8.0,0.114432,0.3817058390739316,0.114193219425653,3,3023,1277,1746,1494,72,1366,1029,337,235,58,304.4908895093517,383.8428293034765,branch,branch,0.4324764284284479,1.591609793195264
526948,ascending_neuron,ANXXX462b,ANXXX462b_R,R,,T1,,acetylcholine,2.0,0.105081990732302,0.3657793679800171,0.06285870314190548,3,6646,0,6646,3038,112,2430,1,2429,485,98,257.9565683927224,73.38865155340247,branch,end,0.4233578749831027,0.7826598712952954
526998,ascending_neuron,AN17A073,AN17A073_L,L,IA,T2,,acetylcholine,2.0,0.1902001386993022,0.492108055213552,0.2522436017505948,3,3742,1292,2450,1542,103,865,710,155,296,39,170.0908189836321,155.0005699828309,branch,branch,0.4910528963916621,0.6620292668168507
527114,ascending_neuron,ANXXX338,ANXXX338_R,R,BA,T1,,glutamate,3.0,0.3215020723149518,0.6398039951310874,0.06382859866474828,3,2039,134,1905,1119,39,239,128,111,122,10,293.9406697318478,153.610434203575,branch,branch,0.5599142413032846,0.7993208082967854
528984,ascending_neuron,AN03B039,AN03B039_L,L,IA,T2,,gaba,2.0,0.353313619506481,0.6707107215850694,0.119093264641848,3,7163,4344,2819,3297,122,3112,3073,39,467,143,187.5477927799868,215.4285756288159,branch,branch,0.5732785130952354,0.7029329709796024
529488,descending_neuron,DNb02,DNb02_L,L,ut,,,glutamate,4.0,0.25536,0.5702056209329852,0.3099362253296576,3,8640,4249,4391,3947,130,2997,99,2898,412,113,171.9715748523955,186.7496350075376,branch,branch,0.5285837249264895,0.6786459607885593
529568,descending_neuron,DNp39,DNp39(PS297)_L,L,xn,,,acetylcholine,2.0,0.171904,0.467840753567016,0.2464303888315247,3,6205,2619,3586,2854,125,2901,137,2764,543,133,171.6415170625133,152.8904541078667,branch,branch,0.4787921983990944,0.6778138245683532
529707,ascending_neuron,AN07B037_a,AN07B037_a_L,L,BA,T1,,acetylcholine,4.0,0.7056592596374429,0.9478783015128734,0.4284174723566045,3,11964,269,11695,6127,166,801,674,127,252,46,175.2007069098109,187.8011317901109,branch,branch,0.6815132924171824,0.5326408783788084
530343,descending_neuron,DNpe054,DNpe054(DNp16/17)_L,L,ht,,,acetylcholine,7.0,0.0699486998867688,0.2984316518043051,0.159532978143666,3,1343,1186,157,587,43,531,34,497,113,26,179.5206500239384,216.5428235727958,branch,branch,0.3824022873677791,1.035724645694434
530435,ascending_neuron,AN09B037,AN09B037_R,R,BA,A4,,unclear,4.0,0.1341602486118269,0.4133015047929038,0.09894033349783023,3,3678,239,3439,1877,80,1936,1570,366,393,82,220.4752767019087,197.4432299870434,branch,branch,0.4500197077334757,0.928667121699622
530448,ascending_neuron,ANXXX116,ANXXX116(520143)_R,R,BA,A7,potentially male-specific,acetylcholine,4.0,0.2509547701481323,0.5652658996370871,0.3870839052483161,3,10432,2205,8227,4660,268,1666,1349,317,537,77,170.1731981439612,131.0850824490221,branch,branch,0.526289170344757,0.5724196840220702
530686,ascending_neuron,AN17A018,AN17A018_R,R,BA,T1,,acetylcholine,6.0,0.2220551904440589,0.5317230948407953,0.2637558677612839,3,12197,8061,4136,6292,199,2751,2637,114,822,138,187.7721683957708,158.0856269080643,branch,branch,0.5104354185124594,0.6775740529757005
530835,ascending_neuron,AN05B009,AN05B009_L,L,CA,A2,,gaba,4.0,0.2083803479198705,0.5150903797560683,0.106434415525383,3,21943,17659,4284,11902,309,15502,12608,2894,4062,759,240.3412308629608,222.7554160462808,branch,branch,0.5023885807624149,0.9217897552656459
531132,descending_neuron,DNge073,DNge073_L,L,xl,LB,,acetylcholine,2.0,0.03344280466273887,0.2063509180581773,0.6421181059761725,3,22280,19870,2410,11752,458,7573,199,7374,1182,293,190.2326465125586,127.9503042057577,end,branch,0.3179810526564544,1.000634937396977
531434,descending_neuron,DNg12_a,DNg12_a_R,R,nt,MX,,acetylcholine,8.0,0.07322401991786798,0.305338693558325,0.08419660468984021,3,2703,769,1934,1053,60,1308,32,1276,288,67,166.5553019333465,163.7583883774504,branch,branch,0.3868022231626639,0.8539601649908006
531584,ascending_neuron,AN17A050,AN17A050_R,R,BA,T1,,acetylcholine,2.0,0.5865474550906613,0.8641848266923008,0.1079677523812486,3,11872,1556,10316,4696,250,2341,1637,704,599,94,206.9967895519866,149.5587461462657,branch,branch,0.6507307930928329,0.5479309408482015
531644,ascending_neuron,ANXXX084,ANXXX084_L,L,BA,A4,potentially sexually dimorphic,acetylcholine,8.0,0.1538339720095478,0.4425691996583567,0.3726896205431895,3,11281,7311,3970,5029,267,2227,2066,161,510,101,182.0519433307846,152.8672535388424,branch,branch,0.4656811224782413,0.7192028637262955
531739,ascending_neuron,ANXXX127,ANXXX127_L,L,BA,T3,,acetylcholine,2.0,0.5182043971798281,0.8122797121343139,0.2411374330535618,3,9127,384,8743,5433,161,1699,1352,347,455,73,305.9968433294844,240.5191792735344,branch,branch,0.6308859318021078,0.8662675692290542
531859,descending_neuron,DNpe022,DNpe022(PS271)_L,L,xl,,,acetylcholine,2.0,0.4551123564041161,0.7612273310065292,0.1946203792219335,3,17208,10665,6543,8380,393,5360,229,5131,918,225,188.0160179390407,137.3462170889514,branch,branch,0.6107383991474576,0.5327358415357082
531898,descending_neuron,DNp04,DNp04_L,L,lt,CG,,acetylcholine,2.0,2.877218118935207,1.913997880839168,0.05273788020108108,3,17693,4470,13223,8286,365,12604,299,12305,1042,295,213.0739384707825,165.2850463130773,branch,branch,0.9684311857902924,0.3906926897186797
532050,descending_neuron,DNp23,DNp23_R,R,xn,CG,,acetylcholine,2.0,0.1401935212894894,0.4224925268231958,0.3465494355125663,3,14760,3412,11348,5732,319,5625,87,5538,840,226,176.9087755010186,146.7495731807579,branch,branch,0.4549959759639264,0.7113433212153006
532643,ascending_neuron,AN09B004,AN09B004_d_R,R,CA,A2,,acetylcholine,10.0,0.7119703698513751,0.9521075724803842,0.1932986426244525,3,16002,3807,12195,7854,322,7555,5899,1656,1212,318,264.7564448023644,223.5006416719817,branch,branch,0.6830319981636206,0.7148377935251342
532787,descending_neuron,DNg92_b,DNg92_b_R,R,ut,LB,,acetylcholine,4.0,0.1079869015337959,0.3708007461511521,0.08651675647151628,3,1696,983,713,908,30,939,46,893,284,57,207.2450284104419,186.6009609444029,branch,branch,0.4262538746029935,0.9239704617856367
533368,ascending_neuron,AN10B005,AN10B005(IB113)_L,L,BA,T1,,acetylcholine,2.0,1.66373972157169,1.455451546995552,0.1999198835252947,3,26524,99,26425,14371,367,4540,3409,1131,1126,194,217.5770193370994,147.8033980031747,branch,branch,0.8444946761394179,0.4326615994911889
533746,ascending_neuron,AN17B008,AN17B008_L,L,BA,A1,,gaba,6.0,0.3134372515391033,0.6317283462475691,0.08259276588396611,3,7162,4461,2701,3578,156,3378,3248,130,759,135,131.8467319943575,184.0152614256707,branch,branch,0.5563693823902506,0.5677199418541605
534063,ascending_neuron,AN18B001,AN18B001_R,R,BA,T1,,acetylcholine,2.0,0.4837076609477337,0.784777498409583,0.271564842930902,3,31135,21045,10090,16823,600,6736,6511,225,926,203,167.2758363175091,160.3089160062852,branch,branch,0.6201136784660499,0.5282656449929107
534177,sensory_ascending,SAxx02,SAxx02_L,,leg,,,unclear,12.0,0.0963342162625677,0.3502235481182989,0.05505976410321498,3,4802,2107,2695,1465,188,254,106,148,45,8,251.381817674032,19.76850738436084,branch,end,0.4142578165562678,0.6545448612472061
534480,ascending_neuron,AN08B034,AN08B034_b_L,L,BA,T3,,acetylcholine,6.0,0.4913679452936248,0.7909671920902328,0.2090605338139655,3,7409,1016,6393,3259,169,2849,2539,310,511,132,243.466102493092,427.696539036995,branch,branch,0.6225543543532678,1.078078784345369
535011,ascending_neuron,AN06A041,AN06A041_L,L,BA,T1,,gaba,2.0,0.0715725209408838,0.3018757426132792,0.3026313803590668,3,4230,2406,1824,1996,120,476,461,15,168,26,155.8831645974464,185.0729899873766,branch,branch,0.3846025401378764,0.8865156076779768
535513,ascending_neuron,AN08B095,AN08B095_R,R,BA,T1,,acetylcholine,2.0,0.1199014878758762,0.3907215323425998,0.3235015182875413,3,3067,785,2282,1200,116,794,688,106,258,42,175.0513422259283,150.6646888503069,branch,branch,0.4375540547725205,0.7444018116700375
535963,descending_neuron,DNge014,DNge014_R,R,ut,LB,,acetylcholine,2.0,0.33506785141305,0.6531627963904105,0.3081016707210497,3,3245,3153,92,1828,59,1234,54,1180,328,65,184.4842556746285,210.076117564576,branch,branch,0.5657294143239338,0.6974365540294873
536048,descending_neuron,DNp27,DNp27_L,L,xn,,,acetylcholine,2.0,0.3884314718746493,0.7032540866646192,0.1456681467830938,3,20654,1395,19259,14869,296,9151,150,9001,3191,242,188.5706737891174,211.6796759247896,branch,branch,0.5870217223115882,0.6818322636133319
536207,ascending_neuron,AN19B019,AN19B019(hb706176085)_L,L,BA,T1,,acetylcholine,2.0,1.690902887923455,1.467284711026129,0.1121596994461917,3,49027,28,48999,27327,673,3926,3021,905,901,163,229.0734582271819,324.5600968764125,branch,branch,0.8479206970010835,0.6529308189571023
536275,sensory_descending,LN-DN2,LN-DN2_L,,,,potentially sexually dimorphic,unclear,,0.1139252882555638,0.3808597932997605,0.3139396813100648,3,2988,1415,1573,1219,100,190,73,117,118,6,232.7489646513542,168.9690148242732,branch,branch,0.4319968735035968,0.9299094602643756
537947,ascending_neuron,AN06A062,AN06A062_R,R,BA,T1,,gaba,4.0,0.1050672262518411,0.3657536702747909,0.2915672488828971,3,2314,1080,1234,922,62,505,492,13,163,27,141.4277387522292,142.173141889977,branch,branch,0.4233430032900597,0.6699080377806383
539202,ascending_neuron,AN08B098,AN08B098_R,R,BA,T1,,acetylcholine,10.0,0.0975895828877173,0.3524981079195342,0.0827699626818432,3,1066,148,918,462,36,625,587,38,238,32,187.9262295833386,178.1122911267658,branch,branch,0.415600857651391,0.8807453448932486
539234,descending_neuron,DNge004,DNge004_L,L,ut,,,glutamate,2.0,0.1506714930182045,0.4379964647974523,0.4174309632809546,3,6438,1906,4532,2354,165,535,45,490,178,28,154.9589381386197,151.6871621625656,branch,branch,0.4632691094285822,0.6619178660097085
540462,descending_neuron,DNge154,DNge154_L,L,ut,LB,potentially sexually dimorphic,acetylcholine,2.0,0.1023309258080339,0.3609595287399252,0.5562356719916254,3,1589,1186,403,746,42,576,20,556,157,26,170.6344903291715,190.8544111683768,branch,branch,0.4205593526276206,0.8595431280721615
541503,ascending_neuron,AN09B035,AN09B035_R,R,BA,T1,,glutamate,6.0,0.07603508987250689,0.3111444732164912,0.1496220531456723,3,5717,3564,2153,2594,164,762,700,62,328,41,191.6143980775133,191.4840348563928,branch,branch,0.3904622797096804,0.9811406961480387
542076,sensory_ascending,"SApp09,SApp22","SApp09,SApp22_L",,campaniform sensilla,,,acetylcholine,74.0,0.09741869127357633,0.3521893384613789,0.09899078241585203,3,2489,1868,621,1226,69,392,332,60,55,14,186.0645791316175,266.120338465696,branch,branch,0.4154187957303757,1.088503751502858
542578,sensory_ascending,SApp21,SApp21_R,,campaniform sensilla,,,acetylcholine,3.0,0.5372514114298176,0.827072997078991,0.1784806521684462,3,1284,588,696,689,30,374,184,190,71,11,223.3546581777095,274.9440921598181,branch,branch,0.6366048763312337,0.7827441618248873
542621,sensory_ascending,SApp08,SApp08_R,,campaniform sensilla,,,acetylcholine,39.0,0.3010706771358091,0.6191406075274862,0.3720539152728054,3,848,615,233,609,13,87,63,24,37,4,191.1465704719595,417.6186391367049,end,branch,0.5507984183786916,1.105241390127084
543849,ascending_neuron,AN10B045,AN10B045_R,R,BA,T1,,acetylcholine,28.0,0.05585569905811829,0.266678992122782,0.02436990160441796,3,1365,703,662,721,42,196,164,32,113,6,383.2210893867804,211.0347487922809,branch,branch,0.3614867993995952,1.643921269507156
544361,descending_neuron,DNg12_d,DNg12_d_L,L,nt,MX,,acetylcholine,2.0,0.103936,0.363779363518045,0.06431302144191159,3,3144,1815,1329,1434,71,1631,59,1572,240,59,194.9988399973142,184.7460176285327,branch,branch,0.4221988727173985,0.8994454560754632
545085,sensory_ascending,LgAG8,LgAG8_L,,leg bristle,,,glutamate,9.0,0.04439493685505583,0.2377506870439654,0.1160048869162339,3,1712,33,1679,889,33,68,4,64,36,2,326.2845924673935,271.6291814635349,branch,end,0.3413177942204934,1.751780258912234
547197,sensory_ascending,"SApp09,SApp22","SApp09,SApp22_L",,campaniform sensilla,,,acetylcholine,74.0,0.0896656833459904,0.337884438590794,0.2292948535386885,3,1727,1221,506,895,50,256,203,53,35,13,184.9557607087306,341.2324555732302,branch,end,0.4068947958741781,1.293180010207531
550221,descending_neuron,DNg69,DNg69_L,L,xl,LB,,acetylcholine,2.0,0.32128,0.6395829898711449,0.1389892683311506,3,3156,2964,192,2150,42,4974,168,4806,628,156,212.2948579785682,115.8211469233624,branch,branch,0.5598175283401379,0.5861124175136073
552858,descending_neuron,DNg06,DNg06_R,R,xn,LB,,acetylcholine,12.0,0.1618662689173736,0.4539763590148018,0.7566814038269575,3,2648,2587,61,1285,76,547,40,507,195,27,196.6959330036259,184.2152136461858,branch,branch,0.4716443744149323,0.8076236404225666
555261,sensory_ascending,SAxx01,SAxx01_R,,abdomen,,,acetylcholine,13.0,0.08229426987505817,0.3236978818435976,0.7466229278638222,3,2570,1159,1411,1146,77,101,57,44,58,4,301.2217096034107,172.7033867199345,branch,branch,0.3982611732310379,1.189985688231811
555293,descending_neuron,DNge146,DNge146_L,L,fl,,,gaba,2.0,0.4286562227301887,0.7387706368534689,0.3517365553987948,3,8328,2681,5647,4098,141,5177,98,5079,527,141,210.9491566979105,125.0177275854952,branch,branch,0.6016623738095974,0.5583976976258882
555457,descending_neuron,DNge079,DNge079_R,R,xl,,,gaba,2.0,2.387754674721803,1.743612249034184,0.05608220115492427,3,23790,23638,152,10912,443,13403,476,12927,1257,306,186.2825975367217,121.0101633568484,branch,branch,0.9243213737801103,0.3324522937697133
555472,descending_neuron,DNae009,DNae009(PS009)_L,L,xn,,,acetylcholine,2.0,1.102753781214266,1.184934480192146,0.2904734627940291,3,26647,19587,7060,13635,509,7300,196,7104,1487,354,169.9313732911636,176.2071462385642,branch,branch,0.7619828707353936,0.4542602371043691
555500,descending_neuron,DNg29,DNg29_R,R,xn,MX,,acetylcholine,2.0,2.490592908322227,1.780764268709595,0.08565932224729737,3,20101,8231,11870,9683,404,7515,234,7281,2278,289,241.2934601101239,181.234188165638,branch,branch,0.9341169582379398,0.4523284204932879
555501,ascending_neuron,ANXXX108,ANXXX108_R,R,BA,T1,,gaba,2.0,0.484739479508012,0.7856140745963892,0.05651064619824088,3,8150,2062,6088,3489,205,1977,1517,460,737,98,209.7620867799024,131.8948284148506,branch,branch,0.6204441123519754,0.55066509358853
555713,ascending_neuron,ANXXX434,ANXXX434_L,L,XA,T2,,acetylcholine,2.0,0.4478161308247984,0.7551007923028742,0.2348869137086524,3,8214,0,8214,4658,102,1478,19,1459,367,57,248.5833992382311,507.2957189553682,branch,end,0.6082757501564634,1.242658642892091
555725,ascending_neuron,AN08B101,AN08B101_R,R,BA,T1,,acetylcholine,6.0,0.1058194188675868,0.3670605790644177,0.1490227179631463,3,1640,416,1224,668,40,855,698,157,232,37,258.3947755913592,198.7130237484677,branch,branch,0.4240986721761396,1.077833601775527
555726,descending_neuron,DNa13,DNa13(LAL041)_L,L,xl,,,acetylcholine,4.0,1.377125511471509,1.324164136075722,0.07926860350111241,3,17278,15897,1381,9270,256,12155,481,11674,993,329,244.3026925269362,151.4755337490814,branch,branch,0.8055063169690873,0.4913409341905959
555795,descending_neuron,DNge172,DNge172_L,L,ad,MX,,acetylcholine,4.0,0.2433085227403625,0.5565878481642624,0.06809741370652728,3,9266,8305,961,2686,229,948,227,721,303,31,91.12210252700743,310.2202101602974,branch,branch,0.522233707836337,0.768510930384221
555850,descending_neuron,DNge077,DNge077_R,R,fl,,,acetylcholine,2.0,0.1402366178859366,0.4225574606042223,0.2397497933247724,3,7375,2716,4659,2908,211,1555,91,1464,414,72,215.8332922765732,152.3402541965159,branch,branch,0.4550309392734398,0.809117610905671
555871,descending_neuron,DNpe017,DNpe017(hb1406000196)_R,R,xn,,potentially sexually dimorphic,acetylcholine,2.0,2.52804138851342,1.794102078083205,0.1576495918709581,3,14384,13854,530,7487,276,10647,512,10135,1289,308,208.1010203963609,174.9519160827916,branch,branch,0.9376086701075083,0.4085424428031694
555991,ascending_neuron,AN03A002,AN03A002_R,R,BA,T1,,acetylcholine,2.0,1.077062199910912,1.171050035252987,0.1685436811478036,3,9691,5124,4567,4098,166,3666,3437,229,575,133,137.4816593635778,131.3495401711035,branch,branch,0.7575054569268552,0.354890116072972
556077,ascending_neuron,AN05B053,AN05B053_L,L,,A4,,gaba,4.0,0.03646666289126262,0.2154780667670885,0.2630761756178086,3,3968,3435,533,1826,156,4499,4152,347,1108,281,209.339299205702,176.3146836667964,branch,branch,0.3249373058235594,1.186856590366106
556286,descending_neuron,DNp32,DNp32_L,L,xl,CG,,unclear,2.0,1.34591403934007,1.309072564337827,0.1290500751136314,3,16547,2224,14323,11346,237,9103,201,8902,2435,318,222.36028350921,157.0716959229043,branch,branch,0.8009029632393273,0.4737552448269962
556329,descending_neuron,DNge104,DNge104_L,L,xl,MX,,gaba,2.0,0.7772486802824283,0.9947983493295539,0.1103702920538642,3,20559,15444,5115,9572,626,14095,10122,3973,4382,606,215.1724695068836,127.7179628358249,branch,branch,0.6981770485854439,0.49112246390429
556450,descending_neuron,DNge045,DNge045_R,R,ut,LB,,gaba,2.0,0.4427041512247545,0.7507785505445485,0.2882699697462622,3,4069,2632,1437,2158,105,1491,22,1469,192,47,182.0164802119932,244.7247572382184,branch,branch,0.6065323484916766,0.7035753962858383
556539,ascending_neuron,AN27X018,AN27X018_L,L,BA,T2,,glutamate,6.0,0.4974431152015493,0.795841847059365,0.1098045711453706,3,6765,47,6718,2467,151,2643,988,1655,450,104,358.4112539170489,4.809896175481508,branch,branch,0.6244697791399427,0.5816472825839233
556570,ascending_neuron,AN05B010,AN05B010_L,L,BA,T1,,gaba,1.0,0.4004406357436639,0.7140426126973948,0.3029483608718853,3,16049,11386,4663,8868,326,6449,5800,649,1412,257,195.0234852038196,147.6611014057446,branch,branch,0.5915072951551176,0.5793412683434415
556586,ascending_neuron,AN27X008,AN27X008_L,L,BA,T2,,histamine,2.0,0.2986581838329028,0.6166550170191074,0.7883864958091127,3,8311,3039,5272,5219,217,2151,1478,673,778,85,191.9742526598758,131.475949569402,branch,branch,0.5496916938970086,0.588421120094058
556667,sensory_ascending,SApp23,SApp23_R,,chordotonal organ,,,acetylcholine,22.0,0.08992593437668149,0.3383744312823445,0.2024587318964401,3,640,140,500,260,24,74,17,57,27,2,385.1527021219972,141.8236441494591,end,end,0.4071897239965036,1.294178893070448
556760,ascending_neuron,AN09B028,AN09B028_L,L,BA,T1,,glutamate,2.0,0.2296142537876502,0.5406976492988405,0.1864318149251013,3,7749,3169,4580,3458,186,1296,1115,181,366,68,234.6137011016786,181.7214908494129,branch,branch,0.5147250218868632,0.8088497241204686
556793,descending_neuron,DNge111,DNge111_L,L,xn,LB,,acetylcholine,6.0,0.05162714584220274,0.2563858881999984,0.12518731215936,3,3532,447,3085,1886,74,815,12,803,281,49,183.8945050675411,236.9598433742487,branch,branch,0.3544419349033057,1.187371772351378
556836,ascending_neuron,AN05B101,AN05B101_L,L,BA,T2,,gaba,4.0,0.411392,0.7237406737137883,0.2651551258985606,3,9485,868,8617,3881,237,3066,1991,1075,581,114,211.4028015304686,143.3860780444396,branch,branch,0.5955106465209133,0.5957725216965516
556847,ascending_neuron,AN08B050,AN08B050_L,L,BA,T1,,acetylcholine,2.0,0.7013347325160194,0.944969372802978,0.1269479051158543,3,6470,1211,5259,3374,120,1432,1135,297,510,86,209.5032676378366,174.2011422429734,branch,branch,0.6804667461922435,0.5638841457395877
557308,ascending_neuron,AN18B019,AN18B019_R,R,BA,T3,,acetylcholine,4.0,0.4579383934152838,0.763587108029482,0.3402867593126098,3,10236,3786,6450,5223,224,1695,1653,42,496,64,28.51637291337035,149.2909363215749,branch,branch,0.6116843000555484,0.2906847686278661
557817,ascending_neuron,AN04B051,AN04B051_R,R,BA,T1,,acetylcholine,2.0,0.1393157086328595,0.4211677450068542,0.05436897009804612,3,4686,148,4538,1986,81,781,413,368,297,40,216.1728400097939,157.0506161751609,branch,branch,0.4542820655202652,0.8215676658014701
558778,ascending_neuron,AN08B012,AN08B012_R,R,BA,T3,,acetylcholine,4.0,0.9802908971847618,1.117204160231938,0.09813983386787602,3,13786,6366,7420,6024,358,20148,14617,5531,5531,1046,182.8211648711897,178.6044126330685,branch,branch,0.7398851522457047,0.4884887558660376
558850,ascending_neuron,AN05B099,AN05B099_L,L,BA,A6,,acetylcholine,6.0,0.3001920239526302,0.6182364886599414,0.260956603844667,3,10957,3384,7573,4900,279,11272,9594,1678,2023,454,187.2858256953129,164.8493576064123,branch,branch,0.5503961113992097,0.6397850130273119
558926,ascending_neuron,ANXXX462b,ANXXX462b_L,L,,T1,,acetylcholine,2.0,3.452727239447273,2.096699515535915,,1,6403,0,6403,3219,93,2354,1,2353,503,84,,,,,,
559107,ascending_neuron,AN09B032,AN09B032_L,L,BA,T1,,glutamate,4.0,0.09577084473207041,0.3491979764339468,0.1111071028406878,3,5584,2918,2666,2989,121,526,388,138,296,17,225.1142132030957,152.2773479309195,branch,branch,0.4136508291453481,0.9123432966730688
563656,ascending_neuron,AN09B023,AN09B023(17094)_L,L,CA,A2,,acetylcholine,8.0,0.3102822309815761,0.6285408550877123,0.2359054414869093,3,11008,3483,7525,4529,327,4848,2634,2214,1114,232,188.1235843508448,156.7319731411264,branch,branch,0.5549639799058845,0.6214016944855677
564864,descending_neuron,DNp19,DNp19_R,R,xn,,,acetylcholine,2.0,2.498357611060586,1.783537974726753,0.1479371899414968,3,11337,9456,1881,5675,232,7445,639,6806,1020,232,143.9869995651315,178.7428821616798,branch,branch,0.9348441622089262,0.3452231877495376
564865,descending_neuron,DNge070,DNge070(DNb06)_R,R,nt,LB,,gaba,2.0,0.3877214468566462,0.7026110435225273,0.3366147345359642,3,3495,1184,2311,1341,55,3292,9,3283,382,91,149.4497601180837,162.7243166062382,branch,branch,0.5867532797744196,0.5320363557990487
565022,descending_neuron,DNpe008,DNpe008(PS225)_R,R,ht,,,acetylcholine,19.0,0.0528818746285273,0.2594827431193991,0.1379324188348467,3,1039,899,140,461,30,391,33,358,76,29,375.8245649555031,401.2673091290151,branch,branch,0.3565761407168258,2.179315398170861
572998,ascending_neuron,AN06A092,AN06A092_L,L,BA,T1,,gaba,5.0,0.1734572942559326,0.4699496636549672,0.09995637284029577,3,1895,1281,614,870,61,984,973,11,245,58,189.8421449483007,186.0871528322878,branch,branch,0.479870123253088,0.7833980061774336
574147,descending_neuron,DNg36_a,DNg36_a_L,L,ut,LB,,acetylcholine,4.0,0.084104980794118,0.3272396483561587,0.1675367622799358,3,2509,1229,1280,980,75,722,134,588,163,29,147.897390137047,223.2260240895447,branch,branch,0.4004340491198491,0.9268028406733093
574186,ascending_neuron,AN09B004,AN09B004_e_L,L,BA,A9,,acetylcholine,10.0,0.463616,0.7683060749284345,0.2062293841645224,3,13339,4327,9012,5869,296,5222,4392,830,977,230,229.7319417898045,167.6823253852526,branch,branch,0.6135714927495677,0.6477065376589516
574287,ascending_neuron,AN07B071_b,AN07B071_b_L,L,,T1,,acetylcholine,2.0,0.08646156155571737,0.3317925244370235,0.3094715528038056,3,2345,1067,1278,1069,50,420,407,13,133,23,184.0932319351282,166.0945630719097,branch,branch,0.4032100407655315,0.8684996890012312
574357,ascending_neuron,AN09A005,AN09A005_L,L,BA,T3,,unclear,11.0,0.01435203708821446,0.1351798105051947,1.016312645264854,3,363,359,4,329,0,422,417,5,116,12,378.4406197553527,14.94843004042581,end,branch,0.2573676497688577,1.528510091105397
574821,ascending_neuron,AN05B058,AN05B058_L,L,BA,T1,,gaba,2.0,0.146304,0.4316017126390178,0.1847276787829161,3,4019,2364,1655,1911,108,1644,1462,182,650,84,187.783556080281,158.8088519881792,branch,branch,0.4598748081740494,0.753666871739765
575082,descending_neuron,DNpe021,DNpe021_R,R,xn,CG,,acetylcholine,2.0,1.185674413035033,1.22867715444573,0.1185729248825477,3,19436,15718,3718,8637,447,5839,193,5646,1336,269,186.4222958569626,139.5540373704389,branch,branch,0.775919973759155,0.4201159194911823
575398,ascending_neuron,AN05B050_b,AN05B050_b_L,L,,T2,,gaba,2.0,0.07412856415337427,0.3072188458973726,0.03760818712317037,3,6115,3317,2798,3177,145,525,466,59,286,19,220.9677469475931,171.8725686982579,branch,branch,0.3879912814609531,1.012497791616964
575669,descending_neuron,DNg71,DNg71_L,L,xn,MD,,glutamate,2.0,0.9281644816959241,1.087095084210147,0.1276184600869927,3,12430,8276,4154,6392,236,3214,85,3129,472,132,180.3444836677091,179.7468310281073,branch,branch,0.7298469642760543,0.4933792045747509
800012,ascending_neuron,AN19B001,AN19B001(17757)_L,L,BA,T1,,acetylcholine,4.0,1.260472416736537,1.26683989755488,0.04063874997166916,3,57738,47669,10069,27445,1173,13169,13032,137,1807,495,167.4485920370806,119.3219344294427,branch,branch,0.7878778774669911,0.3639783964851047
800099,descending_neuron,DNge079,DNge079_L,L,xl,,,gaba,2.0,2.909626273290868,1.924747056512708,0.1092570291328544,3,25950,25712,238,11660,491,13208,535,12673,1348,312,188.4717019314757,115.8136336823162,branch,branch,0.9711467745357686,0.3133257954331852
800658,ascending_neuron,AN07B005,AN07B005_R,R,BA,T2,,acetylcholine,6.0,0.4023001894998467,0.7156986168253049,0.2199219205842095,3,18111,15266,2845,9253,370,4300,4244,56,785,176,199.8716699365661,156.1759455175672,branch,branch,0.5921928083355955,0.6012359664664505
800794,ascending_neuron,AN04B004,AN04B004_R,R,II,T2,,acetylcholine,4.0,0.1127315935328232,0.3788592388038086,0.2777711328149921,3,12931,11732,1199,5561,301,2396,2365,31,629,102,190.1312222333442,143.0921107870072,branch,branch,0.4308607977222646,0.7733897694613401
800845,descending_neuron,DNp12,DNp12(WED105)_R,R,xn,,,acetylcholine,2.0,1.640730961790234,1.44535239399348,0.1342020188908868,3,20603,16247,4356,9881,418,7787,429,7358,1225,301,163.0505480248018,139.4543992029229,branch,branch,0.8415596669617699,0.3594575157336608
800868,descending_neuron,DNpe002,DNpe002(VES068)_R,R,xl,,sexually dimorphic,acetylcholine,2.0,1.302605172127018,1.287838660830103,0.05860842807423565,3,18445,11767,6678,9318,294,7425,186,7239,1225,208,180.9803650404317,151.8021391115095,branch,branch,0.7943808556396298,0.4189205993439848
800932,ascending_neuron,AN17A013,AN17A013_L,L,BA,T1,,acetylcholine,4.0,0.3415473480645098,0.6594479433246863,0.08028603706864548,3,11796,9681,2115,5799,250,6591,6543,48,1625,256,186.6764863898682,162.3425218172911,branch,branch,0.5684448013915654,0.6139892692355582
801153,ascending_neuron,AN14A003,AN14A003_L,L,CA,T3,,glutamate,5.0,0.208,0.514620078606455,0.1718093144197932,3,9976,8070,1906,4925,178,6713,6657,56,907,267,173.1139171420572,148.4077861608409,branch,branch,0.5021591764741166,0.6402784582379739
801204,ascending_neuron,AN06B089,AN06B089_R,R,CA,T2,,gaba,2.0,0.7745046440128459,0.9930407546209699,0.0846755774244657,3,13380,8968,4412,6348,320,5081,5001,80,729,221,152.5641952894615,156.615127079137,branch,branch,0.6975600115862973,0.4432297110402077
801206,ascending_neuron,AN17A018,AN17A018_R,R,BA,T3,,acetylcholine,6.0,0.226944,0.5375444867547028,0.3412743231250111,3,12643,8436,4207,6480,243,6772,6691,81,1506,348,217.1494634271658,157.2359274255813,branch,branch,0.5132219778125293,0.7294804334928604
801269,ascending_neuron,AN05B023b,AN05B023b_R,R,BA,A2,,gaba,2.0,0.0281081267609614,0.1891781660776019,0.09974261725511689,3,7962,7962,0,4290,170,8583,8581,2,1775,261,137.773265844151,215.5527700182413,end,branch,0.3044623152017749,1.160491851440577
801341,ascending_neuron,AN19B032,AN19B032_L,L,CA,T2,,acetylcholine,2.0,0.2784501445275136,0.5954273551405341,0.2073250931791474,3,9475,5101,4374,4700,184,3581,3407,174,656,171,238.9000729179842,238.1525342698333,branch,branch,0.5401475761482798,0.8831893879624821
801562,descending_neuron,DNge088,DNge088_R,R,ut,MX,,glutamate,2.0,0.4970213905865286,0.7955044242956975,0.05858711996178675,3,9141,7620,1521,4202,178,393,33,360,173,11,196.5016745639456,195.8133863203476,branch,branch,0.6243373830749619,0.6283702874751445
801976,descending_neuron,DNpe032,DNpe032(PS216)_R,R,xn,,,acetylcholine,2.0,0.4109963473046266,0.7233925643313993,0.0695222177959653,3,12244,10256,1988,5920,259,2562,228,2334,518,103,33.71995524280944,162.2006475757129,branch,branch,0.5953674130504504,0.3290751198737852
802126,ascending_neuron,AN10B008,AN10B008_R,R,BA,T3,,acetylcholine,2.0,0.5024744863286372,0.7998564785098067,0.04065294245883881,3,11751,5104,6647,6039,220,2586,2260,326,537,133,182.6601017950235,150.0101456783285,branch,branch,0.6260428695143849,0.531385730391596
802244,ascending_neuron,ANXXX008,ANXXX008_R,R,BA,T1,,unclear,2.0,0.002901963585536303,0.06078564628665441,0.4606970308084287,3,1680,1678,2,1467,3,1660,1659,1,526,86,26.76081676010091,142.6061428523939,end,branch,0.1725832166824476,0.9813640217642328
802749,ascending_neuron,AN06B005,AN06B005_R,R,BA,T3,,gaba,2.0,0.4479234721443443,0.7551912855358291,0.2788091588902349,3,6723,4412,2311,3737,108,3622,3597,25,749,127,208.0967417563197,210.1556877975781,branch,branch,0.6083121977344825,0.6875621286431242
802893,descending_neuron,DNpe016,DNpe016(PS211)_L,L,xn,,,acetylcholine,2.0,0.613625778451785,0.8839075781967878,0.2537789336950644,3,12292,7667,4625,6445,180,3521,59,3462,544,138,207.0940803021061,206.704430090436,branch,branch,0.6581145138320732,0.628763690353938
803318,ascending_neuron,AN06B051,AN06B051(803318)_R,R,BA,T2,,gaba,4.0,0.1589806638736135,0.4499116225350637,0.05009016264189879,3,8500,5837,2663,4261,211,1057,1009,48,302,53,147.9498385971429,160.9663483806182,branch,branch,0.46952816213959,0.6579289846429291
803433,descending_neuron,DNp57,DNp57(PS195)_R,R,xn,,,acetylcholine,2.0,0.7845662492272488,0.9994702466710434,0.1280210284887691,3,14671,6612,8059,7033,277,7805,221,7584,947,261,185.8221660386166,170.3877508887987,branch,branch,0.6998145617724821,0.5090061516085217
804351,ascending_neuron,AN27X019,AN27X019_L,L,,T3,,unclear,2.0,0.06231831346509064,0.2816844707557645,0.567132101265002,3,4475,3831,644,2025,135,2581,2506,75,727,143,250.1495777208408,258.1199120814444,branch,branch,0.3715176855417849,1.368089621523871
804399,ascending_neuron,AN12A017,AN12A017_L,L,BA,T1,,acetylcholine,2.0,0.1760170722120911,0.4734045805533984,0.2000312147890395,3,8690,5230,3460,3757,255,953,865,88,299,44,191.4233769248008,126.8956322889771,branch,branch,0.4816308176094686,0.66091910562062
804883,ascending_neuron,AN08B079_b,AN08B079_b_R,R,BA,T3,,acetylcholine,8.0,0.102177079930808,0.3606880906454639,0.1426081982010469,3,2979,1737,1242,1475,72,1011,978,33,251,56,189.0794532799942,230.3582490724647,branch,branch,0.4204011945942558,0.9977081600761701
805362,ascending_neuron,AN27X011,AN27X011_L,L,BA,T1,,acetylcholine,2.0,1.215484501352261,1.244026902094324,0.1426869728236006,3,21704,765,20939,12274,394,5034,3550,1484,1206,263,95.22001322215564,169.5315275935271,branch,branch,0.7807516775686227,0.3390982669933653
805992,ascending_neuron,AN27X011,AN27X011_R,R,BA,T1,,acetylcholine,2.0,0.9068666380240248,1.074550354954674,0.01512213813211276,3,9815,573,9242,5543,195,3708,3273,435,960,176,246.2880013347793,155.1092500709439,branch,branch,0.7256236448240854,0.553175539784174
806010,ascending_neuron,AN08B024,AN08B024_L,L,BA,T3,,acetylcholine,6.0,0.5603965189349008,0.8447005437667501,0.2413286183701264,3,8034,1177,6857,2992,182,2898,2760,138,433,143,224.7697891173446,257.6602308580852,branch,branch,0.6433531428738866,0.7498681327962337
806031,ascending_neuron,AN08B022,AN08B022_R,R,BA,T1,,acetylcholine,6.0,0.2042053856472976,0.5099042775404355,0.05918022014598059,3,9129,3167,5962,4391,214,645,584,61,194,18,194.0134010877092,147.6932216773023,branch,branch,0.4998530744076837,0.6836141263508827
806770,ascending_neuron,AN07B046_b,AN07B046_b_R,R,BA,T2,,acetylcholine,2.0,0.1517192125731008,0.4395166676522658,0.2281271258305471,3,3765,2384,1381,2064,89,821,808,13,199,49,202.4047449047286,218.1788828561087,branch,branch,0.4640723727497794,0.9062888731530016
807074,sensory_ascending,SApp,SApp_L,,haltere,,,acetylcholine,148.0,0.2826565058278355,0.5999078602557772,0.3092280427890188,3,3140,2187,953,1576,78,348,258,90,55,11,101.7492987163068,230.1622299768171,end,branch,0.5421760337061486,0.6121840657992178
807758,sensory_ascending,SApp,SApp_L,,haltere,,,acetylcholine,148.0,0.3287656167943348,0.6469910233162388,0.09475180477445577,3,1376,1172,204,890,30,309,289,20,88,13,163.2951998290401,336.8711889653963,end,branch,0.5630502654514578,0.8883156966339396
808300,ascending_neuron,AN07B072_b,AN07B072_b_R,R,,T3,,acetylcholine,3.0,0.06298748110235894,0.2831927819750746,0.1890642634373539,3,1633,444,1189,657,61,316,296,20,131,14,247.0259691805555,225.0087273764329,branch,branch,0.3725110242231585,1.267169736899407
808335,ascending_neuron,AN09B018,AN09B018_R,R,BA,A6,,acetylcholine,8.0,0.1619878001631668,0.4541467526388371,0.08573485675607039,3,2396,1765,631,1196,64,2290,2255,35,353,102,226.4181658701372,150.9688722758942,branch,branch,0.4717328786432319,0.8000015585757939
808502,sensory_ascending,SApp,SApp_L,,haltere,,,acetylcholine,148.0,0.1388691315092508,0.4204921756473072,0.212013913011042,3,2996,2173,823,1445,92,285,224,61,34,10,164.8566561762163,189.8218621137392,branch,branch,0.4539175762924151,0.7813720746108992
809303,ascending_neuron,AN06A092,AN06A092_R,R,,T1,,gaba,5.0,0.0934071721925294,0.3448618642259754,0.2648138135414087,3,1840,1087,753,860,59,930,909,21,230,57,188.5998406717709,259.2002909718227,branch,branch,0.4110745838296597,1.089340351504563
809423,ascending_neuron,AN07B062,AN07B062_R,R,BA,T1,,acetylcholine,9.0,0.09653428569777824,0.3505870362309099,0.03561559158445996,3,2981,1590,1391,1271,103,663,612,51,220,36,271.7084382802421,150.5667170274678,branch,branch,0.4144727346317799,1.018824931108826
810175,ascending_neuron,AN07B091,AN07B091_R,R,BA,T1,,acetylcholine,5.0,0.04283915776063035,0.2335476604977725,0.1007784299533011,3,1471,546,925,541,54,400,319,81,105,19,190.0044564529741,185.4671685866405,branch,branch,0.3382873832171524,1.109919091480255
810313,ascending_neuron,AN07B101_a,AN07B101_a_R,R,,T1,,acetylcholine,2.0,0.09813546490264259,0.3534826087023437,0.117212497145398,3,1697,125,1572,835,45,186,91,95,83,8,264.3295678446286,189.6342038036657,branch,branch,0.4161808239985937,1.090784931623443
810577,sensory_ascending,SApp,SApp_L,,haltere,,,acetylcholine,148.0,0.06319304292079586,0.2836545102742132,0.09433288101173343,3,2389,1660,729,1233,71,223,179,44,37,6,174.4536912204498,395.6145496484986,branch,branch,0.3728145786236965,1.529093210285511
810722,ascending_neuron,ANXXX150,ANXXX150_R,R,BA,A10,potentially sexually dimorphic,acetylcholine,4.0,0.180352,0.4791986001357643,0.05351853397605549,3,4008,764,3244,1837,111,1527,1108,419,400,56,271.053360842123,152.1048994592375,branch,branch,0.4845692046204798,0.8732669271312503
810937,descending_neuron,DNg46,DNg46_R,R,xn,MX,,glutamate,2.0,0.1277326989036792,0.4032794606720185,0.1155079418434665,3,5614,1783,3831,1905,154,1797,25,1772,160,46,179.3020358452333,139.5556987282447,branch,branch,0.444530016679739,0.7172917971998245
811253,ascending_neuron,AN07B050,AN07B050_R,R,,T3,,acetylcholine,4.0,0.04954181607674912,0.2511545328018454,0.7116922418132763,3,3106,1786,1320,1769,68,430,417,13,85,21,243.5534666384813,206.4116658166026,branch,branch,0.3508072420474016,1.282656338076065
811494,ascending_neuron,AN07B050,AN07B050_L,L,,T3,,acetylcholine,4.0,0.06044657843275815,0.2774220142752253,0.06942809102622176,3,2832,1686,1146,1704,67,760,741,19,130,33,191.3290428774225,147.050042717641,branch,branch,0.3686960631670215,0.9177724402274829
811943,sensory_ascending,SApp,SApp_R,,haltere,,,acetylcholine,148.0,0.178816,0.4771536465661379,0.384386110107737,3,2450,1441,1009,1181,72,200,142,58,49,6,178.4424579305322,345.1865321333932,branch,branch,0.4835341630302946,1.082920360336812
812057,sensory_ascending,SApp10,SApp10_L,,campaniform sensilla,,,acetylcholine,37.0,0.4565351940226946,0.7624163315361462,0.1720720000595544,3,2863,1483,1380,1540,74,187,76,111,68,9,235.3273415711519,267.4781325645998,branch,branch,0.6112151850639115,0.8226324973964384
812060,ascending_neuron,AN19B099,AN19B099_R,R,,T3,,acetylcholine,4.0,0.06314187747306156,0.2835396538890537,0.4480732808373183,3,1669,956,713,914,44,666,630,36,154,36,158.5792137302032,254.4544153639532,branch,branch,0.3727390915984481,1.108103867836641
812492,sensory_ascending,SApp19,SApp19_L,,campaniform sensilla,,,acetylcholine,9.0,0.09895227383507592,0.3549506276769788,0.1592660584340406,3,3618,2539,1079,1612,97,73,39,34,31,4,238.6698495981255,274.7931458315677,branch,branch,0.4170441314318181,1.23119582972393
812511,descending_neuron,DNge019,DNge019_L,L,fl,MX,,acetylcholine,11.0,0.09205794212891061,0.3423621070233534,0.1141784834771613,3,4355,2062,2293,1599,150,1174,71,1103,235,48,172.5624576287127,126.3879684075686,branch,branch,0.4095820216286882,0.7298914753326224
812596,sensory_ascending,SApp,SApp_L,,haltere,,,acetylcholine,148.0,0.094976,0.3477458827948461,0.05221704070800638,3,2563,1657,906,1211,84,178,135,43,51,8,184.5481931138405,93.72488931603536,branch,end,0.4127898770191374,0.6741276807448814
812667,sensory_ascending,SApp08,SApp08_L,,campaniform sensilla,,,acetylcholine,39.0,0.2649156032046223,0.5807762237019473,0.4620247680258124,3,1705,1205,500,886,47,227,187,40,72,8,224.1337739809242,334.1042217648423,end,branch,0.533460729214395,1.046446280249832
812914,sensory_ascending,SApp,SApp_R,,haltere,,,acetylcholine,148.0,0.2704402630209411,0.5868008498347976,0.482194866343206,3,1396,1232,164,749,30,141,136,5,34,8,144.1002107558535,319.1522618616519,end,branch,0.5362204923527735,0.8639216128889322
813430,ascending_neuron,AN07B071_b,AN07B071_b_R,R,BA,T1,,acetylcholine,2.0,0.08012806871164123,0.3194091822833494,0.1436862717601171,3,2377,1059,1318,1130,56,269,263,6,105,12,196.7546589933306,170.8887478791987,branch,branch,0.3956140787672264,0.9292980877175642
813443,descending_neuron,DNg106,DNg106_L,L,lt,MX,,gaba,16.0,0.182474014349712,0.4820094718536399,0.0444997497635107,3,2483,1440,1043,1573,43,93,18,75,69,1,202.8922204593913,216.6776739669918,branch,branch,0.4859883138597919,0.8633332993011628
813689,ascending_neuron,AN27X009,AN27X009_L,L,BA,T1,,acetylcholine,4.0,1.176061157625018,1.223686059786245,0.0813689186814967,3,18018,106,17912,8661,311,1571,1092,479,498,62,316.2295332676158,144.0482644317764,branch,branch,0.7743424108850425,0.5944111948786494
813714,sensory_ascending,SApp,SApp_R,,haltere,,,acetylcholine,148.0,0.145536,0.4304674091990898,0.1072853778408446,3,1461,1196,265,860,31,96,78,18,32,5,141.914164621387,426.0999304587422,branch,branch,0.4592701062637911,1.236775673690111
813734,sensory_ascending,SApp,SApp_L,,haltere,,,acetylcholine,148.0,0.149772533366102,0.4366878887682686,0.0964637105735822,3,1315,1141,174,773,35,93,89,4,37,5,156.3751059984383,327.6889123075347,end,branch,0.4625765509582728,1.046451700379509
813798,ascending_neuron,AN07B069_a,AN07B069_a_L,L,,T1,,acetylcholine,4.0,0.1158175306508665,0.3840097134165489,0.1614475850203005,3,2021,744,1277,945,47,524,499,25,167,31,162.3498843872047,170.1619091472529,branch,branch,0.4337796209760308,0.7665454471703523
814109,ascending_neuron,AN07B089,AN07B089_R,R,BA,A1,,acetylcholine,11.0,0.04752739426349868,0.2459954427108471,0.1972659817687239,3,1891,883,1008,901,62,355,343,12,139,17,158.4722704056495,176.9644043632272,branch,branch,0.347185493545331,0.9661598223575538
814345,sensory_ascending,"SApp06,SApp15","SApp06,SApp15_R",,campaniform sensilla,,,acetylcholine,37.0,0.137856,0.4189554996404876,0.3770944240240877,3,1241,1029,212,799,21,216,194,22,47,14,180.5387331635184,343.9595733518325,end,branch,0.4530874030734455,1.157609553824496
814392,sensory_ascending,SApp10,SApp10_L,,campaniform sensilla,,,acetylcholine,37.0,0.2907436810886528,0.6084294142658964,0.1594453198787268,3,3354,2220,1134,1578,91,192,110,82,50,7,239.3653822871734,272.3442641176679,branch,branch,0.5460131985495306,0.9371745001113236
814460,ascending_neuron,AN08B098,AN08B098_L,L,BA,T1,,acetylcholine,10.0,0.11183233936084,0.3773451428791209,0.1531980123141405,3,1361,163,1198,529,47,1079,1010,69,275,58,184.5956474397747,172.3650771127705,branch,branch,0.4299989767554909,0.8301431953302595
814684,sensory_ascending,"SApp09,SApp22","SApp09,SApp22_R",,campaniform sensilla,,,acetylcholine,74.0,0.6035019262023763,0.876585716153707,0.14781867994619,3,1171,911,260,822,19,161,127,34,57,6,183.8023505556306,438.125291048179,end,branch,0.655383094773825,0.9489528286023903
814923,ascending_neuron,AN19B104,AN19B104_L,L,BA,T3,potentially sexually dimorphic,acetylcholine,9.0,0.06502783799537698,0.2877429666288052,0.4825491474960494,3,1591,786,805,914,32,373,355,18,131,23,155.1587484187158,244.3768980137281,branch,branch,0.3754917491079059,1.064033090957822
815332,ascending_neuron,AN07B056,AN07B056_L,L,,T3,,acetylcholine,7.0,0.08900162178969086,0.3366309320430865,0.1250671254499046,3,1494,589,905,776,44,397,385,12,118,16,171.9256754049654,209.5461610039256,branch,branch,0.4061393316352312,0.9392634662419374
815666,ascending_neuron,AN07B072_e,AN07B072_e_L,L,,T1,,acetylcholine,6.0,0.1494921350934757,0.4362789222824138,0.5455547174347315,3,4847,605,4242,1982,127,412,331,81,165,20,113.1707308241833,181.362007872561,branch,branch,0.4623598943662639,0.6370205164538487
815690,ascending_neuron,AN07B091,AN07B091_R,R,BA,T1,,acetylcholine,5.0,0.04097871846675661,0.2284200622634614,0.4601562737281047,3,1125,649,476,493,31,372,313,59,107,15,179.9264892737479,174.1748254545577,branch,branch,0.3345531803900482,1.058430573923903
815986,sensory_ascending,SApp,SApp_L,,haltere,,,acetylcholine,148.0,0.03093365328564193,0.1984589393965565,0.1632858934257991,3,896,810,86,571,19,111,104,7,44,4,168.0437020050956,312.8911013976739,end,branch,0.3118411138774242,1.542243091114057
816063,sensory_ascending,SApp,SApp_R,,haltere,,,acetylcholine,148.0,0.1493412495250596,0.4360586939340474,0.4252361457953896,3,859,613,246,601,15,125,100,25,49,4,180.5462819675608,320.9609320088666,branch,branch,0.4622431827811885,1.084942369423381
816071,ascending_neuron,AN10B061,AN10B061_L,L,BA,T1,,acetylcholine,6.0,0.04224228257766632,0.2319149513027609,0.2603399550287322,3,1318,861,457,674,33,79,62,17,52,0,207.7246372149923,212.5844336559987,branch,branch,0.3371028420799101,1.246827431883107
816072,sensory_ascending,"SApp06,SApp15","SApp06,SApp15_R",,campaniform sensilla,,,acetylcholine,37.0,0.1073555010491025,0.3697151190857286,0.5701786239403227,3,1701,1133,568,867,36,282,212,70,47,16,110.1832312557988,260.4293769278804,branch,branch,0.4256294260880079,0.8707400980002898
816074,sensory_ascending,SApp,SApp_L,,haltere,,,acetylcholine,148.0,0.05615738742677994,0.2673982168990464,0.7044803284343358,3,930,859,71,576,21,148,146,2,56,4,161.3666461305131,314.3884532128787,end,branch,0.3619739303879945,1.314335258435426
816191,ascending_neuron,IN10B058,IN10B058_R,R,BI,T1,,acetylcholine,3.0,0.04335830520493201,0.2349585256584997,0.08526853658332247,3,1626,817,809,736,58,338,320,18,105,25,402.7648249551441,207.1874324391604,branch,branch,0.3393076444359379,1.797637829257528
816429,sensory_ascending,SApp08,SApp08_L,,campaniform sensilla,,,acetylcholine,39.0,0.09157309380602002,0.3414593449703306,0.2906176045219576,3,1494,876,618,773,34,187,123,64,38,8,226.589898744648,405.6143715544338,branch,branch,0.4090416592909113,1.545574285501949
816625,sensory_ascending,SApp,SApp_L,,haltere,,,acetylcholine,148.0,0.08662714322481531,0.3321100787408771,0.08849156875051833,3,968,745,223,643,18,122,100,22,36,6,186.9443413325035,319.9467354794155,end,branch,0.4034029481585748,1.256537859045749
816710,sensory_ascending,LgAG1,LgAG1_R,,leg bristle,,,acetylcholine,25.0,0.06469659366949333,0.2870091661770779,0.323703915015947,3,3090,778,2312,996,84,436,56,380,46,16,317.2851746465913,328.8855672448771,branch,end,0.3750126550221581,1.723063830614699
816971,sensory_ascending,SApp,SApp_L,,haltere,,,acetylcholine,148.0,0.0547542430519482,0.2640364889476092,0.03562431830516171,3,760,760,0,519,15,107,107,0,28,4,28.03328082371104,324.723020622182,end,branch,0.359691367125107,0.9807193991486546
817019,ascending_neuron,AN27X018,AN27X018_R,R,BA,T1,,glutamate,6.0,0.005857213429038215,0.08635760394895922,0.2386493312608521,3,7237,44,7193,2651,201,2360,715,1645,450,87,4.043408417973259,19.90021822550035,branch,branch,0.2057066501963172,0.1163969498342561
817088,ascending_neuron,AN19B101,AN19B101_L,L,BA,T3,,acetylcholine,8.0,0.04018406768942751,0.2261944828029491,0.1133933010098233,3,1421,1110,311,824,42,804,790,14,175,49,204.675317057789,56.14182223125627,end,end,0.3329193544590717,0.7834243812974515
817091,sensory_ascending,SApp,SApp_L,,haltere,,,acetylcholine,148.0,0.04635227235427262,0.2429352715226719,0.183951656899007,3,986,814,172,645,15,95,89,6,34,3,208.0433584437394,319.7733174282704,end,branch,0.3450192502544014,1.529818047783774
817207,ascending_neuron,AN16B078_c,AN16B078_c_R,R,,T1,,glutamate,6.0,0.228753869932966,0.5396836788433168,0.3391668938471392,3,1345,572,773,869,26,503,222,281,153,33,132.0766148282572,150.5770984559825,branch,branch,0.5142421634144999,0.5496509881792976
817316,sensory_ascending,SApp,SApp_L,,haltere,,,acetylcholine,148.0,0.04029481310959768,0.2265059590802251,0.2219385991429072,3,786,755,31,478,21,117,115,2,42,6,155.8670903362919,310.0993094679891,end,branch,0.3331484953430082,1.398674784121489
817462,sensory_ascending,SApp,SApp_L,,haltere,,,acetylcholine,148.0,0.07625517373525768,0.3115944522779253,0.1644746349927423,3,985,794,191,656,18,145,130,15,42,5,198.4022405486466,328.8184912100146,end,branch,0.3907445221832078,1.349272227318555
817526,sensory_ascending,"SApp09,SApp22","SApp09,SApp22_R",,campaniform sensilla,,,acetylcholine,74.0,0.1322349389087076,0.4103251800879456,0.1035873974508343,3,727,586,141,481,15,82,73,9,31,6,157.3063059411901,340.9248639860385,end,branch,0.4483964074823674,1.111139968147093
817576,sensory_ascending,"SApp06,SApp15","SApp06,SApp15_L",,campaniform sensilla,,,acetylcholine,37.0,0.2445769972886389,0.5580368309354498,0.2503740899483191,3,721,582,139,440,14,111,92,19,37,5,163.8882033814592,417.2948562066206,end,branch,0.522913039767006,1.111433480119442
817587,ascending_neuron,AN07B069_b,AN07B069_b_R,R,BA,T1,,acetylcholine,10.0,0.1315284549896848,0.4092276018926212,0.1299955090630724,3,1258,405,853,596,38,437,427,10,125,25,241.6650685356449,162.5642777833087,branch,branch,0.4477962984744117,0.9027081011971616
818292,sensory_ascending,SApp,SApp_R,,haltere,,,acetylcholine,148.0,0.04150864407660104,0.2298922510365789,0.1691179422801236,3,801,582,219,607,7,87,72,15,38,1,201.2681877968529,263.5276327547696,end,branch,0.3356295621781902,1.384847680088609
818414,sensory_ascending,SApp,SApp_R,,haltere,,,acetylcholine,148.0,0.01753473241842743,0.1494185889422446,0.0890467293299523,3,688,583,105,491,7,65,55,10,32,1,189.2456654309705,324.6195849251714,end,branch,0.2705829051911813,1.899104638532388
818423,ascending_neuron,AN16B116,AN16B116_L,L,IA,T1,,glutamate,2.0,0.2174995336012723,0.526240446129518,0.1163884091381179,3,1263,462,801,820,16,382,147,235,121,26,151.0366093274244,151.320106336901,branch,branch,0.5077970250045424,0.5954282927546114
818610,sensory_ascending,SApp,SApp_R,,haltere,,,acetylcholine,148.0,0.01799830189105521,0.1513808102296099,0.1027133876190848,3,598,598,0,395,11,69,69,0,24,2,76.14123466196355,23.0140840905607,end,end,0.2723538085147862,0.3640680455075813
818789,descending_neuron,DNg12_f,DNg12_f_L,L,xn,MX,,acetylcholine,4.0,0.07268612703859861,0.3042151398257285,0.07035670456736036,3,1546,446,1100,662,38,628,92,536,130,25,218.6579619188733,168.555646189714,branch,branch,0.3860899098844814,1.002910457371036
819678,sensory_ascending,SApp,SApp_L,,haltere,,,acetylcholine,148.0,0.05297998809445396,0.2597233449681736,0.1417874963065702,3,776,671,105,488,20,122,114,8,46,5,175.567815946153,434.1409818397112,end,branch,0.3567414176044114,1.709105721113569
819835,sensory_ascending,SApp,SApp_L,,haltere,,,acetylcholine,148.0,0.03636367099745762,0.2151735669307505,0.5665615024125673,3,729,729,0,447,14,44,44,0,19,3,113.9633252090937,21.89139474177113,end,end,0.3247076343359789,0.4183909017990453
820501,ascending_neuron,AN10B045,AN10B045_R,R,BA,T2,,acetylcholine,28.0,0.1090268889586828,0.3725819996479224,0.2206822177211662,3,1447,153,1294,726,33,282,199,83,141,13,397.8523129903818,184.0577784474407,branch,branch,0.427276467673428,1.361905312984806
823201,ascending_neuron,AN07B072_b,AN07B072_b_R,R,,T3,,acetylcholine,3.0,0.06961795473169213,0.297725264275595,0.391686534453033,3,1677,324,1353,607,64,305,272,33,106,15,245.5749913623444,189.1627370021297,branch,branch,0.3819494462557074,1.13820751051286
823433,sensory_ascending,SAxx01,SAxx01_L,,abdomen,,,acetylcholine,13.0,0.1389916609288551,0.4206776427183165,0.2468855008438615,3,1005,746,259,462,26,57,39,18,33,4,187.9316080468227,212.3914275127422,end,branch,0.4540176702860529,0.8817344825088905
834861,sensory_ascending,LgAG3,LgAG3_R,,leg bristle,,,acetylcholine,7.0,0.06119905781136596,0.2791434407360569,0.02533658909579277,3,3274,624,2650,1204,74,215,51,164,42,8,308.0363996058209,672.0705482699748,branch,end,0.3698381888889624,2.650096656649094
841616,ascending_neuron,AN10B046,AN10B046_R,R,BA,T1,,acetylcholine,13.0,0.04890645260457455,0.2495388335487291,0.02873949178206002,3,1562,1142,420,906,30,73,55,18,53,0,124.5946012209794,205.5832799075484,end,branch,0.3496770344744951,0.9442366772090961
858698,sensory_ascending,LgAG4,LgAG4_R,,leg bristle,,,acetylcholine,8.0,0.08102740948617826,0.3211966717842064,0.03035409298824285,3,1140,500,640,540,31,185,84,101,54,10,34.52866207223084,13.59896470134533,branch,branch,0.3967195094449744,0.121313990433464
901888,ascending_neuron,AN06B051,AN06B051(803318)_L,L,BA,T2,,gaba,4.0,0.1915766240732137,0.4938855470823965,0.1579450553169633,3,8227,5431,2796,4023,228,1165,1092,73,318,61,145.2268276644632,166.0457909518784,branch,branch,0.4919389373391521,0.6327464548750371
903455,ascending_neuron,dMS9,dMS9_R,R,BA,T2,sexually dimorphic,acetylcholine,2.0,0.2881298527497806,0.605688304773784,0.2584983079227057,3,17479,14117,3362,5733,355,3957,3905,52,531,151,258.6606344449393,124.3534381190667,branch,branch,0.5447818548181961,0.7030595258937633
903466,ascending_neuron,ANXXX023,ANXXX023_R,R,BA,T1,,acetylcholine,2.0,0.2533696698470608,0.5679791220509519,0.1874050765487874,3,13751,11244,2507,6807,261,3306,3261,45,563,126,196.8498743119058,151.6111053789773,branch,branch,0.5275507272338523,0.6605260152288969
905528,ascending_neuron,AN27X019,AN27X019_R,R,BA,T1,,unclear,2.0,0.002505629870855378,0.0564824489203746,0.0758288165939264,3,5068,2057,3011,2570,114,2011,1621,390,750,90,167.5506735062006,56.85343100284275,branch,end,0.1663622552473474,1.348888329118882
906020,ascending_neuron,ANXXX145,ANXXX145_L,L,BA,T1,,acetylcholine,5.0,0.2483544481474527,0.5623297115502748,0.08719325043781354,3,12462,5949,6513,6171,217,1530,1391,139,384,61,205.2071514325858,165.2525984210114,branch,branch,0.5249205260414519,0.7057444536362878
907674,ascending_neuron,AN03B050,AN03B050_R,R,BA,T3,,gaba,2.0,0.06137039225002351,0.279533916168751,0.7394042220629872,3,4814,1849,2965,2082,137,1005,987,18,272,63,154.2320450629687,210.5677812730938,branch,branch,0.370096769673403,0.985687680165339
908298,ascending_neuron,AN07B060,AN07B060_R,R,,T2,,acetylcholine,6.0,0.08477463061370293,0.3285398181159823,0.1520796936253773,3,2077,1386,691,1004,63,677,667,10,230,41,159.2351368534881,300.289642848371,branch,branch,0.4012287513088155,1.145293746280347
908760,ascending_neuron,AN05B050_c,AN05B050_c_L,L,BA,T2,,gaba,4.0,0.1645571273635339,0.4577342481476256,0.5285594840082853,3,4416,2728,1688,2520,93,603,556,47,316,25,223.5318879497542,166.7669772554363,branch,branch,0.473592421383975,0.8241239673232597
909426,ascending_neuron,AN10B061,AN10B061_R,R,,T1,,acetylcholine,6.0,0.03197033455249847,0.2017570177482161,0.1350055955162255,3,1222,958,264,720,19,108,101,7,71,3,118.6647924829745,202.5276030895934,end,branch,0.3144215938777518,1.021534149774232
909558,descending_neuron,DNge061,DNge061_L,L,fl,LB,,acetylcholine,4.0,0.1742200913859469,0.47098185723015,0.1758454356588819,3,2050,2050,0,1568,26,533,532,1,175,25,274.8495701440714,197.5308487340008,end,branch,0.4803968255960623,0.9833129481901892
909612,descending_neuron,DNg11,DNg11_R,R,xn,LB,,gaba,6.0,0.2208177162734141,0.5302394256724222,0.2940086456930379,3,2185,1079,1106,1114,47,1823,12,1811,223,62,168.4482178264816,215.6026671357229,branch,branch,0.5097227860116583,0.7534504940758534
909723,ascending_neuron,AN10B034,AN10B034_R,R,BI,T1,,acetylcholine,8.0,0.06131046766634956,0.2793974086118245,0.09481217343115404,3,1518,1170,348,913,35,482,461,21,216,27,238.2863207537059,210.2276666272235,branch,branch,0.3700063921336955,1.212179024244712
910030,ascending_neuron,AN09B029,AN09B029_R,R,BA,A4,,acetylcholine,4.0,0.166144,0.4599359856767884,0.04041850380194469,3,6712,3310,3402,2846,183,2125,1998,127,418,103,241.2610577164614,246.9584315676536,branch,branch,0.4747300632797825,1.028414939452407
910090,sensory_ascending,SApp,SApp_R,,haltere,,,acetylcholine,148.0,0.08554930967429762,0.3300375192339655,0.3656918009437743,3,3076,2110,966,1552,76,195,137,58,31,9,151.8125960631368,245.7094529008586,branch,branch,0.4021422440190076,0.9885110427374204
911586,ascending_neuron,AN10B034,AN10B034_L,L,BI,T1,,acetylcholine,8.0,0.09644892542539332,0.3504319989653106,0.4845741271699182,3,1708,1411,297,943,40,523,506,17,190,23,231.7675676847268,215.4978450475547,end,branch,0.4143810800374483,1.079357707866057
912096,ascending_neuron,AN09B036,AN09B036_L,L,CA,A2,,acetylcholine,2.0,0.5901552832515733,0.8668385340824923,0.3481618386283161,3,8812,4771,4041,3849,242,3269,3125,144,664,185,226.3454230586151,176.2617647808579,branch,branch,0.6517291474994971,0.6177523122667821
912864,sensory_ascending,SApp01,SApp01_L,,campaniform sensilla,,,acetylcholine,18.0,0.1780784815582557,0.4761686306198284,0.03997148926710629,3,1745,1585,160,997,43,302,266,36,81,16,153.8314002535859,347.2586944122417,end,branch,0.4830348113787617,1.037378844881861
913786,sensory_ascending,SApp21,SApp21_R,,campaniform sensilla,,,acetylcholine,3.0,0.5531194922852046,0.83919819502985,0.1947223631675359,3,2189,1209,980,1157,50,339,176,163,72,13,208.933753224513,275.2184565648278,branch,branch,0.6412543298603343,0.7550080946740578
914071,ascending_neuron,AN07B056,AN07B056_L,L,,T3,,acetylcholine,7.0,0.09003265743277986,0.3385751611695836,0.1918975823141354,3,1750,957,793,922,33,617,605,12,169,29,172.58939690667,415.4025031838902,branch,branch,0.4073104822774586,1.443596287536794
915422,ascending_neuron,AN05B036,AN05B036_L,L,BA,T2,,gaba,1.0,0.1221615151571685,0.3943867035573979,0.2008883821202393,3,4502,3415,1087,2149,139,2854,2285,569,1124,119,227.2033878405274,199.2941236311545,branch,branch,0.439601506757114,0.9701911956988075
922722,ascending_neuron,AN09B017g,AN09B017g_L,L,BA,A10,male-specific,glutamate,2.0,0.5089874475220432,0.8050235685735411,0.137796047217872,3,23274,3596,19678,11583,367,3164,2640,524,771,87,229.7669861013939,214.5087673722265,branch,branch,0.628061739481904,0.7073759242843052
923203,descending_neuron,DNpe005,DNpe005(WED123)_R,R,xn,,,acetylcholine,2.0,0.3834971250053534,0.6987729995134757,0.2182004792538963,3,29273,10671,18602,13473,628,3285,149,3136,815,147,159.6503052287655,154.2816550277322,branch,branch,0.5851485023150987,0.5364996390052235
924571,descending_neuron,DNp64,DNp64(CL137)_L,L,xn,CG,,acetylcholine,2.0,0.2831206176622445,0.6004001718332651,0.0723906054300873,3,19929,9874,10055,10266,393,5527,77,5450,1101,270,175.6297708845078,154.7549359421144,branch,branch,0.5423984551953479,0.609118082218048
924718,descending_neuron,DNge095,DNge095_R,R,ut,LB,,acetylcholine,3.0,0.1746215603651454,0.4715242051265889,0.4383646173791059,3,2459,2120,339,1192,52,787,18,769,199,57,164.5413227590251,172.4505890784331,branch,branch,0.4806733407544344,0.7010830084908328
928257,ascending_neuron,AN08B031,AN08B031_R,R,BA,T1,sexually dimorphic,acetylcholine,6.0,0.7129321674048243,0.9527504543444582,0.3488813057561622,3,4483,2116,2367,2342,110,2063,1995,68,455,99,198.9847563822259,158.5189610794828,branch,branch,0.6832625576078236,0.5232303650786426
928701,ascending_neuron,AN02A016,AN02A016_R,R,BA,T1,,glutamate,2.0,0.1883634886709556,0.4896550545684852,0.02412456077646245,2,7427,2353,5074,2889,180,1580,1448,132,396,83,6.43096470134528,134.6855870519537,end,branch,0.4898274969196378,0.2880943855555967
930768,ascending_neuron,AN10B020,AN10B020_L,L,BA,T1,,acetylcholine,6.0,0.751473704893872,0.9781646271970376,0.3334502240057217,3,4347,1972,2375,1697,93,1388,1256,132,423,66,379.9970052684582,190.3632652565985,branch,branch,0.6923154391796765,0.8238445053325338
932684,ascending_neuron,ANXXX084,ANXXX084_R,R,BA,A3,potentially sexually dimorphic,acetylcholine,8.0,0.111104,0.3761143527948057,0.1173200954873631,3,16834,12731,4103,7215,413,3586,3503,83,625,157,173.4809551702024,155.7707052605904,branch,branch,0.4292971382031969,0.7669551719092753
932790,ascending_neuron,ANXXX092,ANXXX092_R,R,BA,A1,,acetylcholine,2.0,0.190592,0.4926147290836564,0.05926458339616031,3,11031,9223,1808,5240,263,6416,6030,386,1875,283,228.6080873730903,146.151413706437,branch,branch,0.4913056250960207,0.7627828421591638
934779,ascending_neuron,AN17A062,AN17A062_L,L,IA,T2,,acetylcholine,6.0,0.1330466697864229,0.4115826542353244,0.1198670571156344,3,10967,3243,7724,5525,185,2134,1935,199,462,107,312.6923318213142,269.2392728716484,branch,branch,0.4490829551155431,1.295822070430705
935616,ascending_neuron,AN07B062,AN07B062_L,L,BA,T1,,acetylcholine,9.0,0.3884394048653615,0.7032612679566325,0.3379696540501888,3,3723,1836,1887,1603,114,1173,1105,68,343,76,244.1539735054537,159.1127410387402,branch,branch,0.5870247194954824,0.6869671772779534
944267,ascending_neuron,AN10B045,AN10B045_L,L,BA,T1,,acetylcholine,28.0,0.0739576896155153,0.3068645549028483,0.03094505382529922,3,1576,116,1460,642,57,434,329,105,186,23,229.4805845637114,266.5267243558041,branch,branch,0.3877674972227503,1.279135854531375
946177,sensory_ascending,SApp13,SApp13_R,,campaniform sensilla,,,acetylcholine,8.0,0.09217799750430121,0.3425852763575449,0.05694101045501457,3,2986,2069,917,1371,72,188,130,58,66,9,237.9222055397451,280.408433911876,branch,branch,0.4097154932574517,1.265098947883621
946718,descending_neuron,DNge106,DNge106_L,L,xl,MX,,acetylcholine,2.0,0.3415069414405928,0.6594089343068672,0.1462828015830979,3,6985,5574,1411,3500,123,2794,218,2576,359,89,248.9817837393852,168.7363239332811,branch,branch,0.5684279882362979,0.7348654822025038
946890,ascending_neuron,AN10B047,AN10B047_L,L,,T1,,acetylcholine,16.0,0.110592,0.3752467291414425,0.05407788765097568,3,2482,1389,1093,1339,66,263,230,33,111,10,218.3793153314151,214.7792163699179,branch,branch,0.4288016992495561,1.010160483177659
953893,ascending_neuron,AN07B045,AN07B045_L,L,,T2,,acetylcholine,7.0,0.06689375190411224,0.2918420295639729,0.1751868639475403,3,3503,2618,885,1736,82,819,805,14,290,47,198.7277496845733,211.1596658014515,branch,branch,0.3781568384762421,1.083908510388544
102109621,ascending_neuron,AN10B033,AN10B033_R,R,BA,T2,,acetylcholine,7.0,0.05376144925728754,0.2616318084191052,0.6966834443440868,3,2166,1009,1157,900,96,624,598,26,149,35,402.5560188081336,6.00681001347527,branch,end,0.3580496978428575,1.141078546590258
118074272,sensory_ascending,SApp,SApp_R,,haltere,,,acetylcholine,148.0,0.1755927409931973,0.4728336087895804,0.4744641816393257,3,917,660,257,594,19,149,130,19,57,7,185.8359904918545,321.0958641759846,end,branch,0.4813402832787781,1.053167316923356
129453660,ascending_neuron,AN19B098,AN19B098_R,R,BA,T3,,acetylcholine,4.0,0.0351659939571044,0.2116004114743237,0.182959920335497,3,2147,1778,369,1087,64,592,588,4,164,27,151.8718936031415,251.4627818667487,branch,branch,0.3220003130781375,1.252590941959785
129575132,sensory_ascending,SApp,SApp_L,,haltere,,,acetylcholine,148.0,0.1238920625727894,0.3971703329133216,0.2218325816869565,3,1151,1107,44,703,23,109,109,0,44,5,136.9531154565928,334.1748123354615,end,branch,0.441150159387399,1.067953661053378
140573562,sensory_ascending,SApp10,SApp10_L,,campaniform sensilla,,,acetylcholine,37.0,0.127310873387212,0.4026130132911376,0.05923137487645515,3,2534,1994,540,1180,70,127,90,37,37,5,244.9463691931543,269.6569047693216,branch,branch,0.444162556405487,1.158592201303619
142338522,descending_neuron,DNpe039,DNpe039(CL306)_L,L,xn,CG,,acetylcholine,2.0,0.569347166883414,0.8514195954750471,0.4313263271475886,3,7563,5828,1735,3091,182,2698,334,2364,706,142,215.7487075405735,150.307657666139,branch,branch,0.6459068058031073,0.5667324789240539
160324150,ascending_neuron,AN07B070,AN07B070_R,R,,T1,,acetylcholine,6.0,0.06944155545393561,0.2973478341133,0.1766517869928372,3,2574,1215,1359,1109,68,468,402,66,151,22,127.991693333636,153.6369788051427,end,branch,0.38170726835563,0.7378132288442311
165036608,sensory_ascending,SApp,SApp_R,,haltere,,,acetylcholine,148.0,0.04057430210087877,0.2272901360263349,0.3624789153588288,3,741,721,20,549,9,100,99,1,45,3,144.7304417113176,319.0652208686901,end,branch,0.3337246869095903,1.389755330583784
175249442,sensory_ascending,SApp,SApp_L,,haltere,,,acetylcholine,148.0,0.1374200709684933,0.4182925634019785,0.4799641034068834,3,1087,824,263,686,29,129,110,19,43,6,184.995139429307,331.4488444561256,end,branch,0.4527287886438959,1.140735903789969
234536207,ascending_neuron,AN19B101,AN19B101_R,R,BA,T3,,acetylcholine,8.0,0.06596535815186264,0.2898097696447957,0.4523615448962183,3,1492,1049,443,786,47,693,660,33,162,39,58.06447052017969,234.5032983856339,end,branch,0.3768378791018093,0.7763756913268566
279432259,ascending_neuron,AN08B107,AN08B107_R,R,BA,T1,,acetylcholine,2.0,0.06704551840156249,0.2921729031346651,0.2402548128802133,3,2355,945,1410,1080,66,348,297,51,138,14,186.2575837743031,207.643083798005,branch,branch,0.3783711438997243,1.041043097294701
298793906,ascending_neuron,AN10B045,AN10B045_R,R,BA,T3,,acetylcholine,28.0,0.03168492950899912,0.2008544378972089,0.09258418086847488,3,1511,714,797,676,46,307,270,37,122,16,445.1424582998842,258.9820444900099,end,branch,0.3137175075918339,2.244453961766151
303754631,sensory_ascending,SApp,SApp_L,,haltere,,,acetylcholine,148.0,0.07565398130847222,0.3103637232644976,0.1160980955297677,3,1161,900,261,691,31,152,123,29,45,8,221.1942546810355,306.9550254110101,end,branch,0.3899720815643138,1.35432587372269
319464846,sensory_ascending,SApp,SApp_L,,haltere,,,acetylcholine,148.0,0.04454400000000001,0.2381494956548997,0.2611420184386974,3,792,724,68,522,17,130,125,5,42,4,152.8322235088146,330.0941217229802,end,branch,0.3416039415330286,1.413702497297158
344330055,sensory_ascending,SApp01,SApp01_L,,campaniform sensilla,,,acetylcholine,18.0,0.06833392213366551,0.2949668657789148,0.8644856833669567,3,1005,980,25,651,13,321,319,2,99,13,4.389168828621234,342.4978487035247,end,branch,0.3801759648263791,0.9124380540220745
379170143,ascending_neuron,AN10B045,AN10B045_R,R,BA,T1,,acetylcholine,28.0,0.08017133971116665,0.3194954147944128,0.2478517755026718,3,1549,95,1454,711,30,310,233,77,156,11,250.399310555618,247.5929542205577,branch,branch,0.3956674781293785,1.258613083720108
392026170,ascending_neuron,AN12B060,AN12B060_R,R,BA,T1,,gaba,9.0,0.05627168165846871,0.2676701894800964,0.04730729574142373,3,2868,2055,813,1810,63,497,460,37,222,28,209.1453632425338,132.5273919007743,branch,branch,0.3621579667013377,0.9434357008776696
397041555,ascending_neuron,AN19B051,AN19B051_R,R,BA,A2,,acetylcholine,4.0,0.04761495309764976,0.2462219348568232,0.4141778539557489,3,3795,2560,1235,2026,91,442,409,33,197,23,268.2566080396616,117.5180266964465,branch,branch,0.3473452865375365,1.110637310157996
404805873,ascending_neuron,AN19B098,AN19B098_L,L,BA,T3,,acetylcholine,4.0,0.03941409096260351,0.2240169172928143,0.605630545548706,3,1957,1744,213,954,65,828,823,5,171,46,127.989052589278,312.5482807075334,branch,branch,0.3313129781241281,1.329671224444947
431600445,ascending_neuron,AN07B091,AN07B091_R,R,BA,T1,,acetylcholine,5.0,0.04853344791781528,0.2485854081222525,0.3433750844495634,3,1475,613,862,565,59,287,215,72,97,11,218.905796296338,184.8879515903989,branch,branch,0.349008380959403,1.156974359116341
442398895,sensory_ascending,SApp,SApp_R,,haltere,,,acetylcholine,148.0,0.05071354671988455,0.2541072473140646,0.1906580082059808,3,874,641,233,620,18,94,75,19,33,4,154.0468422372974,318.1927338058354,branch,branch,0.3528633605007633,1.338307200194879
442999519,ascending_neuron,AN12B055,AN12B055_R,R,BA,T1,,gaba,5.0,0.08059354902148264,0.3203355953756991,0.122465294825953,3,2727,1439,1288,1534,56,469,379,90,197,22,204.6776769434268,132.629933389949,branch,branch,0.3961873820985375,0.8513840308258038
455924920,ascending_neuron,AN10B037,AN10B037_R,R,BA,T2,,acetylcholine,14.0,0.03212443818979899,0.2022426885097519,0.157697993206891,3,1942,1472,470,1150,39,328,300,28,121,21,191.3593332874101,267.9399896008422,branch,branch,0.3147998052251278,1.459020352823237
565883073,sensory_ascending,SApp,SApp_R,,haltere,,,acetylcholine,148.0,0.03068704298637026,0.1976662759330343,0.2573567908962045,3,955,844,111,629,21,72,66,6,29,2,156.2370754162792,5.544154687870055,end,end,0.3112177295836257,0.5198329488509358
581519998,sensory_ascending,SApp01,SApp01_L,,campaniform sensilla,,,acetylcholine,18.0,0.09594196655324932,0.3495098078956517,0.4243059405095173,3,1158,1116,42,733,24,219,216,3,75,11,137.5930903132945,344.0513489002614,end,branch,0.4138354816456286,1.163854866427313
721595680,sensory_ascending,SApp01,SApp01_R,,campaniform sensilla,,,acetylcholine,18.0,0.02780032510198582,0.1881395048264504,0.181337726539251,3,510,510,0,306,13,89,88,1,30,5,127.7817299077611,348.2956692349327,end,branch,0.3036253569202689,1.567976416632786
759238041,sensory_ascending,SApp,SApp_L,,haltere,,,acetylcholine,148.0,0.1224189866710604,0.3948020958100412,0.095901036488752,3,901,678,223,554,28,111,89,22,41,5,217.9734673645449,387.5285320852254,end,branch,0.4398329534572417,1.376663559859059
806836876,ascending_neuron,AN10B062,AN10B062_R,R,,T3,,acetylcholine,3.0,0.04649072554446988,0.2432978220754313,0.1336582432929059,3,2648,2169,479,1333,59,470,460,10,204,21,184.315938545639,237.7510613689946,branch,branch,0.3452766033442772,1.222402548642395
835497339,sensory_ascending,SApp,SApp_R,,haltere,,,acetylcholine,148.0,0.029184,0.1927646826406512,0.2416200963970067,3,778,731,47,548,11,68,67,1,34,2,162.2953201072123,335.8593833774852,end,branch,0.3073348247334153,1.620885963433532
849794333,ascending_neuron,AN08B113,AN08B113_R,R,BA,T1,,acetylcholine,11.0,0.03840213456490693,0.2211224012403098,0.05213008238970512,3,911,290,621,512,24,199,130,69,82,9,117.9407151390395,73.17812037462957,end,end,0.3291655762800111,0.5806161071687828
909527113,sensory_ascending,SAxx01,SAxx01_L,,abdomen,,,acetylcholine,13.0,0.2202815043798932,0.5295952438893613,0.2077471309180679,3,4616,507,4109,2153,117,154,37,117,104,4,298.687095490033,162.7884769307546,branch,branch,0.5094130637368726,0.9058966196028961
952799814,ascending_neuron,AN10B046,AN10B046_R,R,BA,T2,,acetylcholine,13.0,0.04427608641558105,0.2374322305636477,0.1906352281010467,3,2296,1704,592,1281,57,296,281,15,141,13,228.7820474334808,191.9587725231874,branch,branch,0.3410891276135716,1.233521639638235
954432908,ascending_neuron,AN04B004,AN04B004_L,L,II,T2,,acetylcholine,4.0,0.03231104207400672,0.2028292298960557,0.1609725947150745,3,13827,13423,404,5230,343,2919,2909,10,688,114,213.3170014239393,142.4264814624903,branch,branch,0.3152559637010334,1.128427448953168
970740632,ascending_neuron,AN12B089,AN12B089_R,R,,T1,,gaba,7.0,0.07079712955392695,0.3002360821117247,0.1179762430477713,3,875,559,316,541,16,204,195,9,75,13,218.1966352801919,134.2005818872991,branch,branch,0.3835566193337628,0.9187619230235275
1020257299,sensory_ascending,SApp,SApp_R,,haltere,,,acetylcholine,148.0,0.02428545512650303,0.1758442544667154,0.03163701506870997,3,556,528,28,384,12,96,94,2,38,4,132.2834474955262,363.2713876619482,end,branch,0.2935365133823908,1.688222120809597
1050379364,ascending_neuron,AN19B014,AN19B014_R,R,BA,T2,,acetylcholine,2.0,0.5536513197513647,0.8396015449618048,0.3297004508225793,3,10237,5246,4991,4906,196,1939,1894,45,362,82,183.135573981124,124.6710632625665,branch,branch,0.6414084167137849,0.4798917962765723
1051967587,ascending_neuron,AN08B113,AN08B113_R,R,,T1,,acetylcholine,11.0,0.04486586018474275,0.2390083416865891,0.05082899066060705,3,414,31,383,173,16,122,100,22,68,3,199.5485847013022,187.321116258163,branch,branch,0.3422193557156413,1.130472880911286
1055278121,ascending_neuron,AN12B011,AN12B011_R,R,CA,T1,,gaba,2.0,0.2647231417491532,0.580565218112103,0.05040426717454764,3,8348,5489,2859,4948,163,1997,1559,438,752,89,246.0717037915028,142.100009646773,branch,branch,0.5333638128659747,0.7277803706863345
1059523511,sensory_ascending,,,,leg bristle,,,unclear,,0.02396745265741293,0.1746891768541658,0.1284390320757304,3,100,100,0,61,4,11,10,1,7,0,189.0778249406324,333.7073031928529,end,end,0.2925708404105598,1.786866823091015
