bodyId,superclass,type,instance,somaSide,subclass,somaNeuromere,dimorphism,neck_area_um2,neck_diameter_um,diameter_cv_across_slabs,n_slabs,path_neck_to_brain_arbor_um,path_neck_to_vnc_arbor_um,model_velocity_m_per_s,model_arbor_to_arbor_delay_ms
10001.0,descending_neuron,DNp01,DNp01(GF)_R,R,lt,,,78.29286400000001,9.984266148063764,0.359648815351613,3,0.0,244.86947543992594,2.2118522583010023,0.11070788047480999
10010.0,descending_neuron,DNp01,DNp01(GF)_L,L,lt,,,83.234048,10.294507340421138,0.019014565967651095,3,16.734993303499245,30.33676300789137,2.245953827843831,0.02095847017326292
10026.0,descending_neuron,DNp18,DNp18_R,R,xn,,,11.072512000000001,3.754725041591545,0.6074918868684115,3,223.77168175379313,164.5287921501766,1.3563979026745274,0.2862732780243349
10030.0,descending_neuron,pIP1,pIP1_L,L,xl,,male-specific,8.067584,3.2049909483916927,0.022775096222058342,3,54.72119859114326,146.90459289916993,1.2531741956774922,0.1608920708595584
10033.0,descending_neuron,DNg56,DNg56_R,R,xn,LB,,0.847232,1.038618932027075,0.0354093740836439,3,181.16856274498912,181.2607462264007,0.7133885874425429,0.5080391183025201
10038.0,descending_neuron,pIP1,pIP1_R,R,xl,,male-specific,6.5936639999999995,2.8974667814310884,0.034570005420991874,3,179.342580954845,155.55482510376095,1.1915362868587902,0.2810635393584911
10045.0,descending_neuron,DNg100,DNg100_L,L,xl,,,3.0951167703817664,1.9851511447804289,0.1531167647116064,3,166.96209299631732,114.12416959486278,0.9862677430304664,0.2849999552124632
10048.0,descending_neuron,DNp18,DNp18_L,L,xn,,,9.498880000000002,3.4776931501634736,0.4466965696436936,3,225.48404971900183,153.79311581438725,1.305400185222946,0.29054474622172144
10054.0,descending_neuron,DNpe013,DNpe013(PS168)_R,R,xn,,,1.482319102805901,1.3738075919170123,0.2784789853417534,3,151.78991736060337,196.69446250814013,0.820466769613088,0.42473917625339075
10056.0,descending_neuron,DNg100,DNg100_R,R,xl,,,2.3551408537372738,1.7316634974496716,0.12974554257983514,3,178.0524976542037,108.50248314735565,0.9211488010904314,0.31108435516861466
10059.0,descending_neuron,DNp20,DNp20_R,R,xn,,,26.479104,5.806396672804488,0.025792210825580815,3,92.68285495005117,134.8521500885517,1.6867526106913837,0.13489530331619787
10063.0,descending_neuron,DNp27,DNp27_R,R,xn,,,0.2832985737905374,0.600588833660088,0.20892673084339738,3,182.75646127476608,213.36555995509877,0.5424836665683521,0.7302008256500273
10065.0,descending_neuron,DNb05,DNb05_R,R,xn,,potentially sexually dimorphic,4.993536,2.5215010416929524,0.03741888965293229,3,187.36145825649015,122.94422024629355,1.1115464499648886,0.2791657321316492
10068.0,descending_neuron,DNp30,DNp30_R,R,xn,,,0.363904,0.6806885949443436,0.2573775048656421,3,174.14030658689606,252.3755028510407,0.5775269790431684,0.7385210127232099
10069.0,ascending_neuron,AN07B004,AN07B004(PS299)_R,R,BA,T1,,3.0710799179620385,1.9774277222167405,0.12597891091411972,3,175.81169045149522,165.76811625820378,0.9843472882505455,0.3470114773382266
10071.0,ascending_neuron,AN12B011,AN12B011_L,L,CA,T1,,0.23062670018066195,0.5418883969433179,0.10917063382586088,3,247.04539602148733,121.94478768905331,0.5152914849890553,0.7160804990177122
10087.0,ascending_neuron,ANXXX033,ANXXX033_L,L,BA,A1,,0.2355488680281637,0.5476405148371165,0.1525661051488525,3,177.84188101304454,146.45929399488617,0.5180191620685349,0.6260408856555485
10090.0,descending_neuron,aSP22,aSP22(DNa12)_L,L,xn,,sexually dimorphic,1.947809145971872,1.574810347390508,0.14033341020916154,3,174.31336926374098,145.5743629393581,0.8784401346826937,0.3641542770796185
10091.0,descending_neuron,DNpe042,DNpe042(CL262)_L,L,lt,,,0.25152422798272295,0.5659068770801301,0.34870601123301453,3,230.9185810782625,147.58392240844742,0.5265874758948068,0.7187837174508135
10104.0,descending_neuron,aSP22,aSP22(DNa12)_R,R,xn,,sexually dimorphic,1.9460435551705868,1.57409644247746,0.189413811168115,3,163.71996973919755,152.65471799160127,0.8782410015559257,0.36023675411452805
10106.0,descending_neuron,DNp11,DNp11_R,R,xn,,,8.881536,3.362784984679954,0.05532107756886137,3,183.0802381191775,68.84247002423331,1.283652851238674,0.19625454646894241
10117.0,descending_neuron,DNp02,DNp02_R,R,lt,CG,,8.942592000000001,3.3743238977360055,0.15886993152561416,3,186.67917992711014,192.46817430025988,1.2858533002993158,0.294860505579535
10118.0,descending_neuron,DNb05,DNb05_L,L,xn,,potentially sexually dimorphic,6.73216,2.9277384332423333,0.10652138682546715,3,153.21159147956664,140.94870973391247,1.1977444770437236,0.24559520569823576
10123.0,descending_neuron,DNg30,DNg30_L,L,xn,,,0.7065592748970289,0.9484825826014412,0.3511914534975879,3,207.01811926812746,157.67662072085298,0.681730493285071,0.5349544190573275
10124.0,descending_neuron,DNg105,DNg105_L,L,xl,MX,,3.189443130713995,2.015173719486481,0.03486783596252971,3,216.5446903253526,112.99918990901087,0.9936977017928418,0.33163393619588366
10131.0,descending_neuron,DNg74_a,DNg74_a_R,R,xl,MX,,3.761664,2.188492485435271,0.1579881783244391,3,171.54335996855266,3.367154288119303,1.035548800329218,0.16890610486059665
10141.0,descending_neuron,DNg15,DNg15_L,L,xn,,,11.27168,3.7883437953280374,0.04065321471563131,3,197.0653575462507,164.80993046915665,1.362456773520077,0.2656049682078775
10143.0,descending_neuron,DNp30,DNp30_L,L,xn,,,0.46543730937395306,0.7698137358413729,0.1265130235110166,3,179.3189192681791,261.82348584785825,0.6141732089258475,0.7182703489909129
10150.0,ascending_neuron,AN27X013,AN27X013_R,R,XA,T2,,1.247746016765324,1.260428328121593,0.1655079074916819,3,221.30384852566155,439.1095999852231,0.7858815946308837,0.8403472648078373
10151.0,descending_neuron,DNge103,DNge103_R,R,xl,LB,sexually dimorphic,2.110377671013952,1.6392120988636758,0.18487850264504557,3,172.97235471791421,167.6190639331324,0.896222030773179,0.38003017885781637
10160.0,descending_neuron,DNg90,DNg90_L,L,xl,MX,,1.2373985552272753,1.255191130112671,0.08082888988425219,3,178.82316241253426,153.79269741391582,0.7842471891917807,0.4241212010835933
10163.0,descending_neuron,DNge036,DNge036_L,L,fl,,,0.8783972927773858,1.057549133209648,0.012376431725352462,3,162.49163058455858,118.77530508699283,0.7198604554166922,0.3907242487833836
10165.0,ascending_neuron,AN05B101,AN05B101_L,L,BA,T1,,2.6886016138958357,1.8501983393276942,0.06767401226564736,3,180.25588846306235,128.17881469971982,0.9521539719344608,0.3239336412535729
10177.0,descending_neuron,DNg16,DNg16_L,L,xl,LB,,4.00256,2.2574803813488993,0.04260719196564824,3,185.08550587825005,149.57626520521956,1.051743974007439,0.3181969940919315
10180.0,ascending_neuron,AN02A002,AN02A002_R,R,BA,T2,,2.1046536152976176,1.6369875414818382,0.056163137989097715,3,155.6269057322781,140.46916745461755,0.8956136975985242,0.3306069056121408
10192.0,descending_neuron,DNg75,DNg75(hb1874217622)_L,L,xl,,,1.92,1.5635280380893437,0.06552861171166031,3,161.85938176500474,121.09388201394455,0.8752878033331541,0.32326882963688564
10195.0,descending_neuron,DNp29,DNp29(NPFP1)_R,R,xn,,,0.588392446751726,0.8655429111417735,0.193536274076903,3,217.06963970591516,163.6791888995326,0.6512419108591438,0.5846503768517431
10197.0,descending_neuron,DNp02,DNp02_L,L,lt,CG,,9.751296,3.5235969803054683,0.0005560886041475336,3,67.65713696733562,169.16157935722848,1.3139872603452742,0.18022908095953352
10199.0,ascending_neuron,AN10B022,AN10B022(10199)_R,R,BA,T2,,0.49702928849300226,0.795510744742566,0.3056083417597016,3,380.2945131324092,207.0220843269068,0.6243398633147312,0.9407001410115763
10213.0,descending_neuron,DNge083,DNge083_R,R,xl,,,0.5668162106205819,0.8495250519902634,0.1709267099216491,3,195.44004299339483,134.1205531826921,0.6451877831106453,0.5107979487571443
10216.0,descending_neuron,DNge037,DNge037_R,R,xl,LB,,3.44,2.0928315827817965,0.09201125655375311,3,65.29589745874168,127.6510566753183,1.0126635549693097,0.19053411489653888
10218.0,descending_neuron,DNg35,DNg35_R,R,xl,,,3.3066818332739705,2.0518767194892056,0.04292961370841602,3,170.50628886366493,176.41347707437174,1.0027061346923687,0.3459834880181241
10221.0,descending_neuron,DNge037,DNge037_L,L,xl,LB,,3.223167569648323,2.025799696165485,0.04124923876236981,3,170.11850987340475,121.54921102631529,0.9963141327518582,0.29274674654480964
10223.0,descending_neuron,DNpe056,DNpe056(PVLP146)_L,L,xn,,,1.2188331266052415,1.2457393528451257,0.12945968026937024,3,182.58833282845742,143.0003429625641,0.7812888600857634,0.4167327763450781
10228.0,descending_neuron,DNp06,DNp06_L,L,lt,CG,,4.284411140642645,2.3356116308517776,0.0328436783290624,3,202.0505613834678,141.929213675037,1.0697895583325587,0.32153966392666355
10234.0,descending_neuron,DNp35,DNp35(PVLP136)_L,L,xn,CG,,0.8206627704723342,1.0222036451985936,0.09645990347202188,3,244.300630964976,137.3067090720267,0.7077286105191106,0.5392001034931995
10236.0,descending_neuron,DNg99,DNg99_R,R,xn,MD,,3.856768,2.2159850027626864,0.046111780564356976,3,184.24223189864074,169.49046385873064,1.0420329415876046,0.3394640242547771
10237.0,descending_neuron,DNg30,DNg30_R,R,xn,,,0.539008,0.8284239859689063,0.09733263919988763,3,240.03404795913983,170.08171361583456,0.6371245978023169,0.643697893613931
10244.0,descending_neuron,DNp55,DNp55(WED180)_L,L,xn,,,1.737630231786267,1.4874204265229123,0.06450801582362999,3,203.30445553177407,149.02313999800404,0.8537189285685465,0.41269741567114515
10245.0,descending_neuron,DNp36,DNp36(CL342)_R,R,xn,,sexually dimorphic,1.1450101297722324,1.2074237766204319,0.22162520151357337,3,162.85779607119073,147.45741927704344,0.7691798557840758,0.4034364823970974
10247.0,descending_neuron,DNg74_a,DNg74_a_L,L,xl,MX,,4.046089194702137,2.2697226183435744,0.19855038973007344,3,168.3092388345602,119.98391489484565,1.0545919035287306,0.2733693979299091
10249.0,descending_neuron,DNp31,DNp31_L,L,ut,CG,,4.921344,2.5032079006836656,0.09899680227334415,3,153.82226580270788,169.55290785695914,1.1075070524989878,0.29198475344242786
10253.0,ascending_neuron,AN07B004,AN07B004(PS299)_L,L,BA,T1,,3.13491647382314,1.997873775770966,0.06038558218523947,3,188.81011450183095,217.40107962239108,0.9894231400810136,0.410553561634875
10259.0,descending_neuron,DNp11,DNp11_L,L,xn,,,6.84416,2.951991728053216,0.012467155368586474,3,182.49787930781062,210.21542637298694,1.2026952842453802,0.3265276839654375
10264.0,descending_neuron,DNp31,DNp31_R,R,ut,CG,,4.709504,2.4487398246625607,0.03724878921398084,3,162.08113657977435,169.0956829103458,1.0953914889593832,0.30233649140795915
10274.0,descending_neuron,DNg108,DNg108_L,L,xl,GNG,,6.340992,2.8414084126097237,0.07638214912942547,3,150.77890899193076,114.60201737942728,1.1799534406826246,0.22490796434970375
10280.0,descending_neuron,DNp47,DNp47(PS293)_R,R,xn,,,0.6509659820657228,0.9104041029364043,0.3715968972626154,3,190.99452862747822,206.40709167417648,0.6679056897787576,0.5949966086279235
10281.0,descending_neuron,DNg108,DNg108_R,R,xl,GNG,,6.756377088012427,2.932999571701303,0.05837696778351302,3,157.30109956088893,103.92145165689699,1.1988201658854585,0.21789969726180303
10283.0,descending_neuron,DNp103,DNp103(PVLP119)_R,R,lt,,,1.1117642317449359,1.1897656005616233,0.060758503210642856,3,240.06664785081855,200.0910784985625,0.7635346385562316,0.57647381549274
10286.0,descending_neuron,DNpe053,DNpe053(SMP454)_L,L,xn,,,0.298751428221256,0.6167512727651331,0.03469926844395108,3,174.38784229351788,159.0138286878258,0.5497345938313462,0.6064775161004847
10291.0,ascending_neuron,AN06B007,AN06B007_R,R,CA,T1,,1.544949492397392,1.4025301381214152,0.10690525433910843,3,154.98000883209914,149.81464193664797,0.8289992567424251,0.36766577085538765
10295.0,descending_neuron,DNg34,DNg34_L,L,xl,TC,,1.2868512518989397,1.2800273052203537,0.077562395574708,3,209.48713939146657,130.63896741369777,0.7919680420054671,0.4294694845815715
10296.0,descending_neuron,DNge054,DNge054_R,R,xl,,,0.9963005819169939,1.1262900600375425,0.20001235651261906,3,198.3955824792269,137.1223603656118,0.7428876963703166,0.4516401933753239
10301.0,descending_neuron,DNge050,DNge050_L,L,xl,,,3.016245919783283,1.959694767486549,0.014477819438660744,3,167.8790275083024,109.61468189098936,0.979923688900523,0.2831788970329317
10304.0,descending_neuron,DNge041,DNge041_R,R,xl,LB,,0.24239292859236605,0.5555396133922107,0.06879884193570066,3,209.0593418209857,147.76760891514115,0.5217417086664465,0.6839149426028522
10336.0,descending_neuron,DNg22,DNg22_R,R,xn,,,0.6421987694092323,0.9042526576085318,0.17255611327569717,3,169.3221029554964,149.78657146781055,0.665645402769508,0.4793973985182081
10341.0,descending_neuron,DNp19,DNp19_L,L,xn,,,2.401354742905382,1.7485707934208647,0.016516212971299567,3,151.54724465825686,203.46472006564602,0.9256347491187998,0.38353353205664836
10342.0,descending_neuron,DNc02,DNc02(SIFa)_R,R,xn,,,0.451342375387639,0.7580679128931949,0.14786716788077972,3,233.3454262505613,123.4511622222773,0.6094696689070469,0.5854214026969984
10354.0,descending_neuron,DNp73,DNp73_R,R,xn,,,4.922496,2.5035008619931927,0.027138258191426047,3,194.69862646569578,164.14478886223873,1.107571858786898,0.32399109139606413
10360.0,descending_neuron,DNa02,DNa02_R,R,xl,,,5.093888,2.5467115341262954,0.042848005064465074,3,101.27349140617285,170.1060858583938,1.1170893660410006,0.24293452745534969
10361.0,descending_neuron,DNg40,DNg40(hb5813056435)_L,L,lt,MX,,0.3897297123737223,0.7044283367046531,0.25746627560967406,3,215.65696423598672,249.88594304573553,0.5875116041281908,0.7923978079931577
10366.0,descending_neuron,DNp59,DNp59(CL247)_R,R,lt,,,0.5843200000000001,0.862542364628921,0.18030986117311587,3,228.51704200928023,154.18238517969138,0.6501121123838344,0.5886668159214684
10377.0,descending_neuron,DNge054,DNge054_L,L,xl,,,1.6278830856825388,1.4396822979034325,0.2292317469053927,3,180.45980978527572,137.23946767753685,0.8399073317769538,0.37825515439979623
10379.0,descending_neuron,DNa10,DNa10_R,R,xn,,,3.716577714579048,2.175337609954712,0.056858123841970504,3,83.9228891667885,224.7259255645715,1.0324318034997801,0.29895322256161566
10384.0,descending_neuron,DNp63,DNp63(PS113)_R,R,xn,CG,,0.48922787697597603,0.7892428519490322,0.23676529532909632,3,185.79679058980867,204.41566409836426,0.6218753874009051,0.6274769231807757
10388.0,descending_neuron,DNp13,DNp13_R,R,xn,,sexually dimorphic,1.2176135705374325,1.2451159577382487,0.20681614232728865,3,163.0087739966705,158.25410858531805,0.78109334864134,0.41129896079745654
10394.0,descending_neuron,DNg98,DNg98_L,L,xn,MX,,1.255403190666177,1.2642899141189388,0.04540983943796863,3,220.3951700353117,143.1951101435596,0.7870845303512704,0.46194565660768794
10411.0,descending_neuron,DNb09,DNb09(DNb01)_R,R,xn,,,1.1162508055380318,1.1921638593136021,0.16734166843758475,3,169.38102178616467,204.8219522292706,0.7643037950080224,0.48959978539882504
10416.0,descending_neuron,DNde002,DNde002(VES029)_L,L,xl,,potentially sexually dimorphic,2.1390038647296628,1.650292188345794,0.1798634301049714,3,191.81637997007107,133.90808189706138,0.8992458908938304,0.36221957216103545
10417.0,descending_neuron,DNp103,DNp103(PVLP119)_L,L,lt,,,1.3498623391747993,1.3109912700647794,0.07481731722620279,3,225.581741603181,188.5644614007705,0.8014896894731347,0.5167205622772186
10425.0,descending_neuron,DNp10,DNp10_L,L,xl,CG,,2.0849042650569665,1.6292889729135012,0.14647091735666032,3,157.7450771359139,144.6908318921347,0.8935052303862667,0.33848252784967364
10433.0,descending_neuron,DNp10,DNp10_R,R,xl,CG,,2.4708685841794766,1.7736988445677844,0.05357374704360606,3,164.5480436611901,145.1308282922164,0.9322619984951732,0.332180087200036
10434.0,ascending_neuron,AN19B019,AN19B019(hb706176085)_R,R,BA,T1,,1.2059153990831646,1.239120322534406,0.07765237847649896,3,174.46762585514614,325.8932308009588,0.7792104709523986,0.6421382608533652
10440.0,descending_neuron,DNg16,DNg16_R,R,xl,LB,,4.043648,2.2690378001675624,0.09548090826237732,3,185.8980452117295,152.52764530810126,1.0544327963801703,0.32095520139513295
10442.0,descending_neuron,DNa01,DNa01(VES006)_L,L,xl,,,1.654213900137064,1.4512789370431494,0.07726738085407708,3,115.0858485913675,154.2849329199161,0.8432832733732736,0.3194309551922636
10444.0,descending_neuron,DNge035,DNge035_L,L,xl,,,2.5671680256593854,1.807932478896605,0.06681440043148315,3,193.9780695187849,114.57790344461725,0.9412156578910787,0.3278270716987046
10446.0,descending_neuron,DNp73,DNp73_L,L,xn,,,4.271714567687383,2.3321483467826067,0.07821349172787467,3,83.54816504216319,220.61800702366943,1.068996113147039,0.28453440412462466
10447.0,descending_neuron,DNge138,DNge138_M,M,xn,LB,,0.06937471026646393,0.29720468454552723,0.5089996324240996,3,158.44850632410063,153.87327853082417,0.38161537629832,0.8184203369488279
10449.0,descending_neuron,DNpe025,DNpe025(PVLP145)_L,L,xl,,sexually dimorphic,1.1624006839488863,1.216558472754566,0.05829766239852452,3,207.2896076764769,159.44543670162892,0.7720839667094099,0.47499373149932833
10458.0,descending_neuron,DNp13,DNp13_L,L,xn,,sexually dimorphic,1.349571168169693,1.3108498692634796,0.1776303420847073,3,160.9515144908816,152.30739287008814,0.801446464799181,0.390866915158785
10460.0,descending_neuron,DNa09,DNa09_R,R,xn,,potentially sexually dimorphic,1.2232781781245898,1.2480088744074749,0.10950182976122898,3,178.33557448599197,185.40667855311145,0.782000222800264,0.46514341356141686
10464.0,descending_neuron,DNp08,DNp08(PS271)_R,R,xn,,,0.37700641909367855,0.6928343823808611,0.04786545407295371,3,192.77602477031016,153.22051112551821,0.5826567148558591,0.593825707443229
10469.0,descending_neuron,DNbe001,DNbe001(PS103)_L,L,ut,,,4.21888,2.31768092076806,0.022752054280706528,3,55.717327055401654,168.08776393632158,1.0656752090465225,0.21001247762154981
10482.0,descending_neuron,DNg35,DNg35_L,L,xl,,,3.7344519711097237,2.1805622961821283,0.11695759304310441,3,85.61646545551059,180.37792903623395,1.033670897882514,0.2573298668237995
10499.0,descending_neuron,DNge039,DNge039_R,R,fl,,,0.4587541252423047,0.7642668994329729,0.02718428032473364,3,252.9299965548862,174.5289386522553,0.6119565186532101,0.6985119402729629
10504.0,descending_neuron,DNp62,DNp62(DSKMP1B)_R,R,xn,,,0.9029734197587163,1.0722413281913457,0.11465159567344275,3,167.92822785635164,139.4608753201295,0.7248436043821862,0.42407645086208834
10506.0,descending_neuron,DNg37,DNg37_R,R,xl,,potentially sexually dimorphic,5.330304,2.6051398884244232,0.04424270698923481,3,210.36313039289578,131.50258591916668,1.129831202139491,0.3025812313066701
10512.0,ascending_neuron,ANXXX109,ANXXX109_R,R,BA,T1,,1.1366067003803988,1.2029848701190196,0.2185104653984723,3,229.03803264170747,124.06218739943571,0.7677646686051133,0.45990683666475707
10520.0,descending_neuron,DNg74_b,DNg74_b_L,L,xl,MX,,2.590848,1.816251669785332,0.12029349934164317,3,107.35774909198905,117.38199458031856,0.9433786716874685,0.23822856125240188
10527.0,descending_neuron,DNpe017,DNpe017(hb1406000196)_L,L,xn,,potentially sexually dimorphic,3.7991167694728296,2.19936029471283,0.050716281669889486,3,223.3125894751542,165.34215386250744,1.0381168259927622,0.3743843983705658
10535.0,descending_neuron,DNg37,DNg37_L,L,xl,,potentially sexually dimorphic,4.748544,2.4588684390822717,0.053820619100821976,3,238.44892535537815,128.73494653135972,1.0976545609390564,0.334516782376969
10536.0,descending_neuron,DNg29,DNg29_L,L,xn,MX,,3.1296,1.9961789697327155,0.022179926837979726,3,248.39024937196382,174.28647577830156,0.9890033848117156,0.4273764191724518
10543.0,descending_neuron,DNa16,DNa16(PS014)_R,R,ut,,,2.6239408807044735,1.8278143484391804,0.06744172470985711,3,81.79493882697261,138.3485260191161,0.9463767911013025,0.23261714247018553
10544.0,descending_neuron,DNg88,DNg88_R,R,xl,LB,,1.1194509349652007,1.1938715168678933,0.14969210118965584,3,156.44512425256463,122.6143948136607,0.7648509941585142,0.36485475105284454
10545.0,ascending_neuron,AN06B009,AN06B009(hb1687321237)_R,R,BA,T1,,2.02540590205269,1.605872625283051,0.09354574330533942,3,136.7612113106268,215.50667535993765,0.8870612078028747,0.3971179029946335
10548.0,descending_neuron,DNg80,DNg80_R,R,xn,LB,,0.6385643248706897,0.9016902740312072,0.12543063567166973,3,196.1726435905161,26.43333951026,0.6647016129627574,0.3348961079070654
10550.0,ascending_neuron,AN02A001,AN02A001_R,R,BA,T2,,1.0823392579585032,1.1739153053146885,0.16432993806540744,3,163.94563613665923,126.46396237206334,0.7584316050931669,0.38290809159126243
10552.0,descending_neuron,DNp29,DNp29(NPFP1)_L,L,xn,,,0.14644588865797342,0.4318109500733098,0.1709231547928138,3,217.42083233741772,169.6761714643275,0.4599862666818671,0.8415403498762865
10558.0,descending_neuron,DNp35,DNp35(PVLP136)_R,R,xn,CG,,1.3188871554330421,1.2958623697525213,0.21093111650792756,3,240.31255296976514,141.8264332118491,0.7968516556917827,0.4795610117040695
10562.0,descending_neuron,DNp26,DNp26_L,L,xn,CG,,3.1845825460610517,2.0136376116665877,0.02430145309332429,3,174.15003712794177,28.95473625622172,0.9933188962848878,0.20447086443618023
10575.0,descending_neuron,DNde002,DNde002(VES029)_R,R,xl,,potentially sexually dimorphic,1.5976278325538789,1.4262408401729092,0.029789080098812804,3,192.37769818612733,150.58957866599306,0.8359772794069977,0.41025908873433137
10576.0,ascending_neuron,AN12B004,AN12B004(10576)_L,L,BA,T2,,1.7140291928776585,1.4772845863957047,0.09853398843075044,3,227.02908196044663,196.03578404344057,0.8508051758974526,0.4972523416511033
10577.0,descending_neuron,DNg96,DNg96_R,R,xl,MX,potentially sexually dimorphic,1.3962601307691664,1.3333317716278992,0.09281873099290229,3,0.0,1.024000000000001,0.8082899034985346,0.0012668721897524696
10578.0,descending_neuron,DNpe034,DNpe034(SMP486_b)_R,R,ad,CG,sexually dimorphic,0.27078565976328806,0.587175450915499,0.3388365523142965,3,306.0402798135793,156.8454226714519,0.5363916208784347,0.8629622172825429
10580.0,descending_neuron,DNp70,DNp70(CL305)_L,L,xn,CG,,0.5586119368606131,0.8433544973331407,0.320652446264653,3,186.4808600302978,146.47783764886108,0.6428403407481821,0.5179492893859748
10582.0,descending_neuron,DNge040,DNge040_L,L,xl,MD,,0.8689411224364102,1.0518413374328832,0.2766744689555483,3,176.82494392613887,188.8160755075877,0.7179152145916068,0.509309472765144
10584.0,descending_neuron,DNp06,DNp06_R,R,lt,CG,,4.072192,2.2770322545265302,0.041504590852231724,3,207.37884578956246,160.52388281977454,1.0562886938323253,0.3482975163490084
10587.0,descending_neuron,DNge011,DNge011_L,L,fl,,,0.5542991388066244,0.8400926039081877,0.2933249102980919,3,154.36943801053565,122.35262372215927,0.6415959600208,0.4313026873232241
10589.0,descending_neuron,DNp43,DNp43(CL332)_L,L,xl,,,0.6060018390281423,0.878399399836352,0.2114557455874062,3,179.04212979261163,150.09241585988823,0.6560607486504679,0.5016830321422784
10590.0,descending_neuron,DNpe052,DNpe052(AVLP564)_L,L,xl,CG,potentially sexually dimorphic,0.2121178831970147,0.5196892119641829,0.028703988978731852,3,218.89027150165236,182.0393135761777,0.5046263111079818,0.7945078888128717
10592.0,ascending_neuron,AN08B012,AN08B012_L,L,BA,T3,,1.0537519222907257,1.1583085158114164,0.07935837295036204,3,184.70508256931888,180.6600232502639,0.7533731961966751,0.4849722656235845
10601.0,descending_neuron,DNpe025,DNpe025(PVLP145)_R,R,xl,,sexually dimorphic,0.718004500728607,0.9561337373116218,0.2076854665609415,3,181.7002696134733,158.98385159800063,0.6844746388893416,0.49773081697268257
10620.0,ascending_neuron,AN08B007,AN08B007_L,L,CA,T3,,2.675169741701849,1.8455708883740407,0.2110510206268736,3,229.60967952066693,167.8135034823314,0.9509625309670616,0.41791676334381656
10643.0,descending_neuron,DNge059,DNge059_R,R,xl,,,0.6447711960301483,0.9060619096351928,0.022575587799124535,3,188.95538160389492,119.49912150540453,0.666310990244979,0.4629287339173134
10649.0,descending_neuron,DNp38,DNp38_L,L,xn,,,0.31351342785728287,0.6318051077297232,0.38796425588864714,3,158.20804505068617,217.40315324612618,0.5564031836605218,0.6750701817083491
10654.0,descending_neuron,DNb01,DNb01_L,L,xn,,,1.6636883772480415,1.4554290886293562,0.14686675504056435,3,107.51744013874173,168.61802057292311,0.8444881606206119,0.3269855914957217
10662.0,descending_neuron,DNge003,DNge003_L,L,xl,,,1.291326520998224,1.2822511422105345,0.2325609389438866,3,152.34090608343178,119.38032491016335,0.7926557005933673,0.3427985577977798
10664.0,descending_neuron,DNp33,DNp33(SAD095)_R,R,ut,,,1.2401640030305985,1.2565929534322626,0.1266195494047536,3,12.338072125596536,248.89981680598947,0.7846849986980817,0.3329207125980764
10668.0,descending_neuron,DNge006,DNge006_R,R,xn,LB,,1.06432,1.164102363305104,0.11658016408081205,3,181.07326156898688,119.86351017715793,0.7552550284635654,0.39845715739006493
10671.0,ascending_neuron,AN02A002,AN02A002_L,L,BA,T2,,2.4016640000000002,1.7486833841398592,0.28604505927186463,3,155.21314273302207,159.23573377580743,0.9256645495148504,0.3397006795535543
10672.0,descending_neuron,DNae009,DNae009(PS009)_R,R,xn,,,1.492994979743658,1.3787458969297781,0.11473000426002689,3,161.36610572993095,187.39795608235733,0.8219400765844134,0.42431811241226186
10674.0,descending_neuron,DNp59,DNp59(CL247)_L,L,lt,,,0.7776301828203351,0.9950424613786514,0.2932319557122148,3,164.23475715416825,145.728492232772,0.6982627056312969,0.44390635055713523
10676.0,descending_neuron,DNg49,DNg49_L,L,nt,GNG,,1.2935099921302895,1.283334747246545,0.10090197189493404,3,170.9924224135134,146.29839431513557,0.7929905586769662,0.4001192867390757
10680.0,descending_neuron,DNp48,DNp48(SMP462)_L,L,xn,CG,potentially sexually dimorphic,0.6204807219204397,0.8888310255019937,0.19389529914310077,3,166.84468826307818,154.19113110672706,0.6599448480713952,0.48645855832952034
10686.0,descending_neuron,DNge132,DNge132_L,L,xn,LB,,0.8059843627388655,1.0130208107819372,0.052440294634918394,3,210.64600885248558,143.99590316208412,0.7045425446934692,0.5033647927803515
10689.0,ascending_neuron,AN12B001,AN12B001_L,L,BA,T1,,5.385088,2.618493267793291,0.05454087380206889,3,222.65991967052602,170.3385242367936,1.1327231352888987,0.3469501342948082
10692.0,ascending_neuron,AN05B101,AN05B101_R,R,BA,T1,,1.4371884238509989,1.3527324696637884,0.1107120167155034,3,200.0946384260994,133.44105075459285,0.8141491940272718,0.40967391680488446
10700.0,descending_neuron,DNpe001,DNpe001(IB111)_L,L,xn,,,0.16281600000000002,0.45530623729046393,0.009448418713566643,3,335.0352269996105,155.5494372693039,0.47233468671306295,1.0386378093102826
10703.0,descending_neuron,DNge036,DNge036_R,R,fl,,,0.6082594710112941,0.880034097039013,0.027334396590987225,3,172.03206443152717,116.2275366036859,0.6566709279000528,0.4389711631623915
10705.0,descending_neuron,DNc02,DNc02(SIFa)_L,L,xn,,,0.6238050091874557,0.8912088452777779,0.1433680249831926,3,225.2869484068111,132.29536717515637,0.6608270077608142,0.5411133494583111
10706.0,sensory_descending,DNx01,DNx01_L,,,NA,,7.03488,2.992839355606395,0.12222038524457454,3,107.46752610047002,136.97497366881646,1.2109877308408759,0.20185382026913887
10710.0,descending_neuron,DNg102,DNg102_R,R,xn,,,0.6114763589062178,0.882358136376646,0.16498627660323664,3,167.85241946335057,142.237082412184,0.6575374413860829,0.47159215940900445
10711.0,descending_neuron,DNb07,DNb07(PS067)_L,L,xn,,,0.23107493603240029,0.5424147364827031,0.4304642234271504,3,193.91038410404295,176.77795378859733,0.5155416771479533,0.7190269076660079
10712.0,descending_neuron,DNp36,DNp36(CL342)_L,L,xn,,sexually dimorphic,0.7709276515247765,0.9907449581255282,0.23207195954904672,3,164.54219115903916,143.71671258822474,0.6967532055767729,0.44242193832762766
10713.0,descending_neuron,DNp42,DNp42_L,L,xn,,,1.689856,1.466830421046681,0.08207090002797421,3,182.66462579007612,139.72779742694706,0.8477894233315685,0.38027417462948965
10717.0,descending_neuron,DNg93,DNg93_R,R,xl,,,1.5885344115430202,1.4221760899934912,0.07581993027690719,3,173.903605315644,111.79125892210757,0.8347851724227081,0.3422375883948799
10724.0,descending_neuron,DNp62,DNp62(DSKMP1B)_L,L,xn,,,0.8657500279489497,1.0499081728609294,0.3218683266523068,3,159.2441565963039,149.66973410810309,0.71725518799229,0.4306889596283095
10727.0,descending_neuron,DNpe002,DNpe002(VES068)_L,L,xl,,sexually dimorphic,1.3863239891307113,1.3285791375662277,0.23233689722489506,3,197.4261971156879,159.64549147476453,0.8068480510030692,0.4425513430274049
10732.0,descending_neuron,DNpe056,DNpe056(PVLP146)_R,R,xn,,,0.9362034174358994,1.091792660259075,0.11007805906969997,3,175.61597253606666,149.1980222205627,0.7314221787223482,0.4440855147761803
10734.0,descending_neuron,DNg93,DNg93_L,L,xl,,,1.649114113678135,1.4490401317133628,0.058902039774605536,3,159.65504964637444,121.28100347472801,0.8426325797994922,0.33340279008432394
10739.0,descending_neuron,DNg24,DNg24_L,L,xn,MD,,1.1231554492291778,1.195845279642553,0.0801932592901585,3,172.30701985063538,140.7959567664038,0.7654829763128969,0.4090267011882653
10740.0,descending_neuron,DNge143,DNge143_L,L,nt,GNG,,0.21563586331414364,0.5239810191549633,0.28455819542288796,3,156.72655138985303,140.77049302550793,0.5067057325370732,0.5871199501252822
10752.0,descending_neuron,DNp03,DNp03_L,L,ut,,,2.0959495574153943,1.633599051258124,0.16070338210756965,3,169.79682144325446,187.0764839537779,0.894686277483052,0.39888094226838366
10759.0,descending_neuron,DNb01,DNb01_R,R,xn,,,1.8032611562719598,1.5152502808613213,0.05510706881432247,3,195.60418798427472,160.84592072988212,0.8616685195723744,0.4136742849687192
10760.0,descending_neuron,DNa01,DNa01(VES006)_R,R,xl,,,2.006150175509003,1.5982208033108096,0.16883033871029238,3,207.88122843921974,156.22072782430584,0.884945305441131,0.4114400675666917
10763.0,descending_neuron,MDN,MDN_R,R,xn,,,0.3615333444604738,0.6784677965146426,0.04907173302743405,3,218.51306673679622,156.67901910578544,0.5765840964613703,0.650715287059116
10765.0,descending_neuron,pMP2,pMP2_R,R,xn,,male-specific,1.3738384068303062,1.322582847179072,0.1671752417744598,3,208.91970676157618,151.62995393891197,0.805025213963976,0.44787374910299693
10770.0,descending_neuron,DNp23,DNp23_L,L,xn,CG,,0.1202249712879964,0.39124824307404443,0.3948239207725201,3,175.07590149694394,149.56577893407447,0.4378488770184089,0.741446872358586
10775.0,ascending_neuron,AN01A089,AN01A089_R,R,XA,T1,,0.4718808251439564,0.7751240719881843,0.28535697757849243,3,269.70663620730653,93.42884496978321,0.616287915891761,0.5892302474430918
10783.0,descending_neuron,DNp09,DNp09_L,L,xl,CG,,0.9183771883788036,1.0813483033817488,0.185348828895901,3,169.2875646453847,148.66148703209183,0.7279152894788354,0.4367940284715246
10797.0,ascending_neuron,AN12B001,AN12B001_R,R,BA,T1,,4.032384,2.2658752764345516,0.10296904708863551,3,203.00164064728372,176.48166381006493,1.0536977201517188,0.36014437271697614
10800.0,descending_neuron,DNbe007,DNbe007(VES042)_L,L,xl,,,0.24544773643804316,0.5590293053129239,0.4520645281206432,3,209.48370490366815,160.73572058552804,0.5233778363699906,0.707365501101345
10805.0,descending_neuron,DNb02,DNb02_R,R,ut,,,0.2823889646377205,0.5996238794223969,0.16619773654332884,3,156.96802014814068,166.12540967840812,0.5420476924745409,0.5960608896821823
10810.0,descending_neuron,DNp66,DNp66(AVLP499)_L,L,xn,,,1.33056,1.3015842687443706,0.23912090375734465,3,214.67283309640925,159.28399211682725,0.7986089729553141,0.46826023482979456
10813.0,descending_neuron,DNp43,DNp43(CL332)_R,R,xl,,,0.8020316708280815,1.0105337398762737,0.3715806453851463,3,187.07045396326646,153.6189969333646,0.7036771507867611,0.4841559094475585
10822.0,descending_neuron,DNge047,DNge047_R,R,xn,,potentially sexually dimorphic,1.2365865979597503,1.2547792463265706,0.039448243028158636,3,164.39641064544617,134.08821137736487,0.7841185055207023,0.38066264208953865
10823.0,descending_neuron,DNp48,DNp48(SMP462)_R,R,xn,CG,potentially sexually dimorphic,0.3494287987513276,0.6670131667662155,0.1982410669546194,3,173.30462666825431,154.1164226917308,0.5716961183316234,0.5727186854364089
10833.0,descending_neuron,DNge062,DNge062_R,R,xl,,,0.17951698616398776,0.47808798953295645,0.4114900082070934,3,174.06116187552823,121.1288120570255,0.484007350017692,0.609887378614733
10834.0,descending_neuron,DNpe013,DNpe013(PS168)_L,L,xn,,,0.5249663579784524,0.8175621851784494,0.2685613513395549,3,153.303876318624,174.37233494532137,0.6329340176807059,0.5177099067366719
10837.0,descending_neuron,DNa15,DNa15(PS017)_R,R,ut,,,4.599552,2.419985845922597,0.039272314166246304,3,179.9697696099467,174.1658263618724,1.0889412585176816,0.32521092685374525
10838.0,descending_neuron,DNde005,DNde005(VES028)_R,R,xl,,,0.5444536508452168,0.8325982936155712,0.21175370022714807,3,186.6527827519694,136.12305543203044,0.6387277697670815,0.5053417957727175
10840.0,ascending_neuron,AN19B017,AN19B017_R,R,BA,T1,,1.7722948233764373,1.5021836951758931,0.06421139074761349,3,179.3935913716826,296.23897961561,0.8579452258950961,0.5543857074221307
10841.0,ascending_neuron,AN09B004,AN09B004_a_L,L,CA,T3,,0.5913882425593422,0.8677435662210263,0.12927898855088255,3,280.3875607768444,226.7327096669897,0.6520692811721028,0.7777091868708782
10842.0,descending_neuron,CB0429,CB0429_L,L,xn,,potentially sexually dimorphic,0.13185769029389816,0.40973946058395816,0.08508859960323033,3,172.03355402846972,195.15797516841016,0.448076261016068,0.8194844519641097
10844.0,descending_neuron,DNge053,DNge053_L,L,xn,,,0.5359826483589727,0.8260958196132729,0.05495014769972483,3,175.02781054887126,124.88588388909892,0.6362286944256001,0.47139290803087436
10846.0,descending_neuron,DNge107,DNge107_R,R,xn,MD,,3.262464,2.0381114243521767,0.10644491812672548,3,180.55944226862667,203.30951301988597,0.9993370792343125,0.38412359879874697
10853.0,descending_neuron,DNge049,DNge049_L,L,xl,,potentially sexually dimorphic,1.7576652721672688,1.4959708990923115,0.1522492342447384,3,162.46726965269207,121.37992579527777,0.8561692242513933,0.3315316498279375
10856.0,descending_neuron,DNge129,DNge129_R,R,xl,MD,,1.2464993458842215,1.2597984996285336,0.2064086946069531,3,165.87488878935116,137.5717629630436,0.7856852199309731,0.38621911683543475
10873.0,descending_neuron,DNg39,DNg39_R,R,xl,LB,,1.3367217794131598,1.3045945844811668,0.03017397634710481,3,292.34075379089523,165.35052413668515,0.7995319545807857,0.5724490125820664
10884.0,descending_neuron,DNa15,DNa15(PS017)_L,L,ut,,,5.196672,2.57227686912159,0.006499783750048379,3,195.9645966558524,167.78364396508908,1.122682353058771,0.3239992502152563
10885.0,descending_neuron,DNg88,DNg88_L,L,xl,LB,,1.2924559021680146,1.2828117416311238,0.16052924255287257,3,148.00969159499837,119.92338909641826,0.7928289559540889,0.33794562960807417
10888.0,descending_neuron,DNb06,DNb06_L,L,xl,,,2.698585654508371,1.8536304837197406,0.0494095703711585,3,196.64955701446098,152.16816390368774,0.9530366923800325,0.36600660153707315
10895.0,descending_neuron,DNg90,DNg90(hb1467707486)_R,R,xl,MX,,0.8883200000000001,1.0635055958381883,0.07078591864529825,3,180.65709325293744,161.32228854311856,0.7218848536717697,0.47373120526995977
10922.0,ascending_neuron,AN08B010,AN08B010_L,L,BA,T2,,1.4833607146909105,1.3742901880793155,0.0643069066949473,3,180.1178176561451,210.42018141237025,0.8206108652454369,0.47591131876094417
10923.0,descending_neuron,DNg40,DNg40(hb5813056435)_R,R,lt,MX,,0.822140228631422,1.023123379857549,0.07286892602856153,3,92.44931379389254,242.3833920741168,0.7080469307399043,0.47289620409499045
10924.0,descending_neuron,DNa04,DNa04(PS015)_R,R,ut,,,2.882711049116536,1.9158240273522416,0.14921428469899362,3,186.96042017788156,4.096000000000004,0.9688930660308176,0.19719040921674283
10930.0,descending_neuron,pMP2,pMP2_L,L,xn,,male-specific,1.7441990040097592,1.4902292259222774,0.05583259565280552,3,172.1763660497729,151.1043867173664,0.8545246167910646,0.37831648897504255
10931.0,descending_neuron,DNpe045,DNpe045(DNp23)_L,L,xn,CG,,0.884688299871371,1.061329415478884,0.1628163392244457,3,171.824406230189,162.96424123737847,0.7211459031185389,0.4642453711791195
10952.0,descending_neuron,DNge107,DNge107_L,L,xn,MD,,4.863744,2.488515862169333,0.08982435603474008,3,10.029211661048086,186.79119595108457,1.1042521326504073,0.1782386483961119
10957.0,descending_neuron,DNp69,DNp69(CL304)_R,R,xn,CG,,1.5300685916140753,1.3957592331775122,0.10575944454349454,3,217.93848883649966,152.15680424334792,0.8269957824904435,0.4475177514996871
10959.0,descending_neuron,DNg98,DNg98_R,R,xn,MX,,1.103547420866066,1.1853607955965022,0.06832902260773165,3,214.25266892262923,134.00924605024719,0.7621199314033756,0.45696471201269234
10967.0,descending_neuron,DNg70,DNg70_R,R,xn,MX,,0.5372980298018917,0.8271088796839631,0.14829386046077656,3,220.70243674555948,133.64780522348005,0.636618685749281,0.5566130085421227
10968.0,descending_neuron,DNp34,DNp34_L,L,xl,,,1.1057931440419537,1.1865662894635265,0.09464665313792725,3,155.88045755883806,135.54092399062182,0.7625073651035299,0.38218828418777556
10971.0,descending_neuron,DNa11,DNa11(VES008)_L,L,xl,,,0.3798462779391257,0.6954389275792364,0.07160797659219889,3,209.9345544935736,166.64629553326273,0.5837508668206205,0.6451054232739237
10975.0,descending_neuron,DNa03,DNa03_R,R,it,,,0.13834330899286912,0.41969533206748516,0.370041567399048,3,215.5647591326946,179.9193167181473,0.4534872795493471,0.8720951913885084
10976.0,descending_neuron,DNge146,DNge146_R,R,fl,,,0.32192745705462084,0.6402271228696689,0.08507740585732593,3,202.92985799757986,173.612831927004,0.5600993574412827,0.6722783822583803
10979.0,descending_neuron,DNge103,DNge103_L,L,xl,LB,sexually dimorphic,1.4351753331903137,1.3517847416827764,0.19558905943264168,3,199.6635778448947,181.57560715898012,0.8138639465073757,0.46843110158636303
10985.0,descending_neuron,DNbe004,DNbe004(PS066)_R,R,xn,,,2.6871714253210883,1.849706171855725,0.11714787064080345,3,173.32322058692054,185.80756839196727,0.9520273232472402,0.3772273969553099
10989.0,descending_neuron,DNp03,DNp03_R,R,ut,,,2.358727053155912,1.7329814076656291,0.07677559272491398,3,190.34615219196533,162.47060967738636,0.9214992619401049,0.38287253874358923
10997.0,ascending_neuron,AN06B009,AN06B009_L,L,BA,T1,,1.8324412105861723,1.5274608383591013,0.09906128839895476,3,137.5366127990008,233.33344179418992,0.8651334063576319,0.42868539333675804
11002.0,descending_neuron,DNae002,DNae002(DNa04)_L,L,ut,,,4.597650425364783,2.419485551608623,0.054858722740245454,3,29.095927568679286,168.73571078337412,1.0888286918924506,0.18169216133367128
11006.0,descending_neuron,DNge129,DNge129_L,L,xl,MD,,2.1870532349123026,1.6687248620222883,0.2524332369257986,3,168.72543794418905,144.35487412254017,0.9042539368954504,0.34623052141925864
11011.0,ascending_neuron,AN07B018,AN07B018_R,R,BA,T1,,1.129263151115071,1.1990923652546321,0.11472583251203017,3,393.1338379732576,199.8520745228966,0.7665215319707397,0.7736063342820619
11014.0,ascending_neuron,AN01A089,AN01A089_L,L,XA,T1,,0.014085240787907896,0.13391745804144056,0.9302846223916471,3,230.2762207296022,126.35904696938181,0.2561631402842842,1.3922192994011473
11020.0,descending_neuron,DNp05,DNp05_R,R,xn,CG,,1.9790587687045038,1.5873927950162348,0.1344486722211909,3,183.33449823424493,166.5107320392669,0.8819424411819373,0.3966758077824964
11028.0,descending_neuron,DNb09,DNb09(DNb01)_L,L,xn,,,1.1285370022675418,1.1987067777333664,0.08788155171440792,3,173.75377751010626,209.13501003508617,0.7663982783705542,0.49959505175201524
11036.0,descending_neuron,DNg80,DNg80_L,L,xn,LB,,0.47546133606269086,0.7780592362202461,0.17928948561780264,3,201.172491267078,152.9661075675031,0.6174536628346459,0.5735468427035948
11048.0,descending_neuron,DNge068,DNge068_R,R,fl,,,0.7593946671375567,0.9833063206654034,0.09209304557337052,3,230.03956590639194,146.89327885841618,0.6941326221451111,0.5430271287350745
11057.0,descending_neuron,DNbe004,DNbe004(PS066)_L,L,xn,,,1.0959322049934563,1.181263823938781,0.12809555648398432,3,197.25409825771186,168.72544443706755,0.7608017308931431,0.48104457157995395
11063.0,descending_neuron,DNge032,DNge032_L,L,xl,MD,,0.9286743143143329,1.0873936091245069,0.28587741308979175,3,159.44373766250766,121.64233102732427,0.7299471682738473,0.38507727806456743
11064.0,ascending_neuron,AN19B017,AN19B017_L,L,BA,T1,,2.1357837543107587,1.6490495247236776,0.08616875030638557,3,170.0761158381735,327.5973289918957,0.8989072628000077,0.5536427008942674
11065.0,descending_neuron,DNp14,DNp14(SMP585)_R,R,xn,,,0.39083799406486175,0.7054292236846648,0.09945355835036147,3,208.12448614853636,150.6658010358366,0.5879288388959039,0.6102614184705759
11066.0,descending_neuron,DNa13,DNa13(LAL041)_R,R,xl,,,1.9829649715460829,1.588958595306092,0.20377193465677765,3,236.76851374344477,156.17624075299332,0.8823773068818038,0.445325091014692
11067.0,descending_neuron,DNb06,DNb06_R,R,xl,,,2.5914880105413673,1.8164759879305652,0.02346238164710205,3,170.71548677835347,138.2469965344282,0.9434369263951761,0.32748610391296784
11072.0,descending_neuron,DNp12,DNp12(WED105)_L,L,xn,,,1.2922779934380997,1.2827234479950835,0.11898903503161215,3,168.54218240561065,138.46616562636223,0.7928016709856198,0.3872448296561947
11074.0,descending_neuron,DNg13,DNg13_L,L,xl,,sexually dimorphic,1.6614585711190542,1.4544534212851088,0.06572916431810248,3,338.9136995875917,125.03955191859798,0.8442050559133742,0.5495741209512454
11075.0,descending_neuron,DNg99,DNg99_L,L,xn,MD,,3.9596800000000005,2.245355464174198,0.04543481869886531,3,194.58972065851805,166.83664440465745,1.0489157151293695,0.344571408217102
11078.0,descending_neuron,DNg96,DNg96_L,L,xl,MX,potentially sexually dimorphic,1.5139319156629012,1.3883796249796614,0.13218541535571993,3,169.76249630444704,22.709581087589946,0.82480665385291,0.23335417639145412
11088.0,descending_neuron,DNp55,DNp55(WED180)_R,R,xn,,,2.4726214567422358,1.7743278777849598,0.1437844958774242,3,195.61939521005283,174.69132410944994,0.9324272948142553,0.3971470176591846
11097.0,descending_neuron,DNge067,DNge067_L,L,xl,,,1.3677389293798397,1.319643623013481,0.08167215256049164,3,199.15424731018965,122.41812596229103,0.8041301979633682,0.399900879343832
11098.0,descending_neuron,DNg78,DNg78_L,L,xn,,,0.4161152042619009,0.727883461298443,0.3761555324526137,3,162.55893510966152,120.8866270649405,0.5972126053896024,0.4746141652346591
11103.0,descending_neuron,DNge141,DNge141_R,R,xn,MX,,0.8332988393281342,1.030043219876959,0.36509314463640297,3,173.37415279407952,153.04977092106682,0.710437314433659,0.4594690018152586
11111.0,descending_neuron,DNbe003,DNbe003(hb5813024933)_L,L,xl,,,0.5569200796338022,0.8420764030934561,0.04472161723279002,3,71.15148139797907,157.66822018780215,0.642353047409128,0.35622108824532617
11116.0,descending_neuron,pIP10,pIP10_R,R,xn,,male-specific,0.7553923601641857,0.980711692982126,0.17467528231182267,3,211.2061559606507,150.22966998647692,0.6932162213633216,0.5213897407598248
11127.0,descending_neuron,DNge059,DNge059_L,L,xl,,,1.0180649088675924,1.1385255820917763,0.18521623322141886,3,193.03588301907322,113.65898666147785,0.7469119996525496,0.41061714073842714
11131.0,descending_neuron,DNg70,DNg70_L,L,xn,MX,,0.7413281333778451,0.9715391371640031,0.10040464470459691,3,222.36940754544943,146.8149791152957,0.6899667942809722,0.535075585841025
11133.0,descending_neuron,DNp70,DNp70(CL305)_R,R,xn,CG,,0.23414298764383934,0.5460037646304033,0.25716272132837265,3,230.68836792424702,142.52618665422588,0.517244472825856,0.7215438234448286
11137.0,descending_neuron,DNp04,DNp04_R,R,lt,CG,,2.3994438009655,1.747874919082862,0.05850799595579301,3,220.75281146033197,162.5942417902637,0.925450544519048,0.41422748683974164
11158.0,descending_neuron,DNge026,DNge026_R,R,xn,,,0.732672,0.9658503837138551,0.15993020115675335,3,92.00196633802878,132.14376727134305,0.6879438116734454,0.3258198268607579
11159.0,descending_neuron,DNp71,DNp71(DNp09)_R,R,xl,CG,,0.46612754020782515,0.7703843307614275,0.16946761830700943,3,187.63103064770772,141.55101418451602,0.6144007829365938,0.5357773850138391
11160.0,descending_neuron,DNd02,DNd02(SAD039)_L,L,xl,,,0.01462812647834844,0.1364738403417327,0.5440854734046103,3,191.84631452945916,130.15102097754405,0.2585965617858231,1.2451725316196987
11172.0,descending_neuron,DNg32,DNg32_R,R,ut,MX,,0.6239619871153341,0.8913209727178956,0.197074359151293,3,181.1586682795313,126.02858678346333,0.6608685774280456,0.46482351492410107
11173.0,descending_neuron,DNg103,DNg103_R,R,xl,,,0.43127589695840757,0.7410246464852379,0.1356277793196789,3,288.34369590501797,189.94236395099688,0.602579519049367,0.7937310259242825
11177.0,descending_neuron,DNp09,DNp09_R,R,xl,CG,,0.6083569373216976,0.8801046016877517,0.10053230096196271,3,181.92630657723836,135.78493448675042,0.656697232236438,0.48380170566883035
11179.0,descending_neuron,DNge051,DNge051_R,R,fl,,,0.2015942705827877,0.506633790126602,0.10473865280865047,3,183.83114739164276,121.28657035475733,0.49824748585621076,0.6123818512040702
11182.0,descending_neuron,DNp101,DNp101(CL334)_R,R,xn,,,0.07010560911919836,0.2987661859018008,0.26073337941893016,3,170.5834055880959,149.82212006157627,0.38261655883126955,0.8374063229996487
11198.0,descending_neuron,DNg19,DNg19_R,R,xl,,,0.8267992828305647,1.0260182953819816,0.19243190975827537,3,212.99794792382684,141.9330514851269,0.7090479283780264,0.5005740588240228
11201.0,descending_neuron,DNpe007,DNpe007(hb1343489608)_L,L,xl,CG,,0.2295066909817006,0.540570989546437,0.2511619227829617,3,209.67955845126892,173.47777992321915,0.514664730555489,0.7444794943709042
11204.0,descending_neuron,DNp49,DNp49_L,L,xn,,,1.7875760048801228,1.5086459023352923,0.3550753481367664,3,165.9287979998434,136.27259414051431,0.859788632248818,0.3514833539377412
11215.0,descending_neuron,DNp15,DNp15_R,R,ut,,,4.209167385270694,2.3150115259618373,0.037648319624220154,3,204.90413421260592,141.72471305262965,1.065061335192157,0.3254543525445858
11222.0,descending_neuron,DNg111,DNg111(hb1573072464)_L,L,xn,,sexually dimorphic,0.6361724883254131,0.8999999830047135,0.13119000971699782,3,205.94923769233688,165.90043448940082,0.6640783023652479,0.5599485344684815
11223.0,descending_neuron,DNg79,DNg79_L,L,xn,MD,,0.5838155386651652,0.862169954625739,0.12177646540657353,3,320.2346954909676,177.17943998772867,0.6499717515143347,0.7652857748352869
11232.0,descending_neuron,DNde003,DNde003(LAL106)_L,L,xl,,,0.07871096282711453,0.3165721252347743,0.16744440375397895,3,206.75217844752171,162.54659556680718,0.39385319773367256,0.9376558985412945
11233.0,descending_neuron,DNa11,DNa11(VES008)_R,R,xl,,,0.2750697222468015,0.5918020344033511,0.21386634308707064,3,207.84018861779882,163.10739500444888,0.5385006934606881,0.6888525644012524
11239.0,sensory_descending,DNx01,DNx01_R,,,NA,,7.310720000000001,3.0509503117039203,0.03013805132140333,3,211.33720896684565,130.10337496096565,1.2226878803418806,0.27925408390597584
11241.0,descending_neuron,DNge143,DNge143_R,R,nt,GNG,,0.7755048392409226,0.9936817541119631,0.20547017076809396,3,161.31800094016234,127.88933668574066,0.6977851098403159,0.4144647593470236
11246.0,descending_neuron,DNbe006,DNbe006_L,L,xn,,,0.3616434886783691,0.678571139145545,0.36059627548552226,3,169.45463691729182,165.79642725069593,0.5766280067611328,0.5813992040571573
11251.0,descending_neuron,DNpe043,DNpe043(CL207)_L,L,xn,CG,,0.339072,0.657053939119492,0.20463496623532967,3,171.5026720001048,158.44179949921747,0.5674120461961933,0.5814900718291021
11256.0,descending_neuron,DNge040,DNge040_R,R,xl,MD,,0.7852772831838052,0.9999230423046633,0.29669006548470583,3,190.10254994212434,174.68510265939582,0.6999730642883946,0.5211452714575094
11257.0,descending_neuron,DNp45,DNp45(PVLP117)_R,R,xn,,,0.30046931458401316,0.6185219586302779,0.2496752470179308,3,216.58856236791829,167.64699100448786,0.5505231691117424,0.6979461990534606
11258.0,descending_neuron,DNd05,DNd05(CL124)_L,L,xl,,,0.5064007214265384,0.8029753570332552,0.23104986413632508,3,72.08438869060757,148.4928994811315,0.6272622457523608,0.3516508281271907
11259.0,descending_neuron,DNp68,DNp68(CL138)_R,R,xn,CG,sexually dimorphic,0.41985957915721084,0.7311510236735117,0.35357042573922026,3,172.83127636957676,157.76024242206327,0.5985515864150898,0.552319175648092
11261.0,descending_neuron,DNp54,DNp54(PS163)_L,L,xn,,,0.49195268757809985,0.7914376892486101,0.3892497068437817,3,176.06437307494554,142.8716674235872,0.622739486247515,0.5121500202602665
11288.0,descending_neuron,MDN,MDN_L,L,xn,,,1.192605788129024,1.2322633041383317,0.2754352189938037,3,220.0903589193679,168.99976884020353,0.7770514905897694,0.5007263128267836
11290.0,descending_neuron,DNp66,DNp66(AVLP499)_R,R,xn,,,0.49448604126899554,0.7934728615795431,0.29166837802377577,3,240.78857607780625,154.73342891045633,0.6235396556546954,0.6343173227258143
11297.0,descending_neuron,DNbe003,DNbe003(hb5813024933)_R,R,xl,,,0.5743601839922801,0.8551596922097854,0.33601976060473093,3,197.00897757257525,156.34075423863405,0.6473239136497235,0.5458623177057722
11298.0,descending_neuron,DNp49,DNp49_R,R,xn,,,0.7808267561582757,0.9970855046223452,0.11717939863920802,3,166.00581145980223,145.62700586986978,0.6989791822829555,0.44583991230159287
11302.0,descending_neuron,DNg104,DNg104_R,R,xn,,,0.3555722124522809,0.6728510993549885,0.16148226155048578,3,205.86633884043854,151.84732971428716,0.5741925101252578,0.6229856054316903
11304.0,descending_neuron,DNge042,DNge042_L,L,xl,,,0.5756349889054642,0.8561081889618997,0.35084407054405364,3,187.18387794538654,160.6452081581302,0.6476828024514243,0.5370361615084007
11310.0,descending_neuron,DNge048,DNge048_R,R,xl,,,0.8394342780150607,1.0338282826344933,0.1663420827785456,3,164.06518064006008,114.91756074853656,0.71174142670699,0.391972043385706
11314.0,descending_neuron,DNae003,DNae003(PS040)_R,R,xn,,,1.3479936236102987,1.3100835040681487,0.21612856916013895,3,171.60650906779188,185.0264103897377,0.801212154796339,0.44511671137613046
11332.0,descending_neuron,MDN,MDN_R,R,xn,,,0.6247559903673556,0.8918879036885171,0.06581499353731025,3,222.36845739665625,161.77506086475998,0.661078719070107,0.5810858936765715
11334.0,descending_neuron,DNpe045,DNpe045(DNp23)_R,R,xn,CG,,0.48888234308791423,0.7889640878660547,0.42967678089605743,3,175.01542457462256,154.62153679841578,0.6217655531262299,0.5301627916111267
11352.0,descending_neuron,DNge027,DNge027_L,L,fl,,,0.22572522981386053,0.5360991408717606,0.08981042890240738,3,163.15710016756557,125.8697673650852,0.5125315395438242,0.5639201595084227
11365.0,descending_neuron,DNbe007,DNbe007(VES042)_R,R,xl,,,0.2607829444345843,0.5762283900039856,0.09737817651078601,3,196.2245762484404,158.8137230475936,0.5313679620582642,0.6681590247194923
11369.0,descending_neuron,DNc01,DNc01_L,L,xn,,,0.0025235128642410497,0.056683651703111015,0.47862171207660986,3,232.8161141286483,304.8155887491706,0.16665830112695976,3.2259521382511442
11373.0,descending_neuron,DNp102,DNp102(PS212)_R,R,xn,,,1.9874940596564086,1.5907721495175748,0.08063497583344416,3,176.97648084893308,172.92192827034845,0.8828807129299017,0.39631447826979826
11374.0,descending_neuron,DNg60,DNg60_L,L,xn,MD,,0.19598867366899977,0.49954031832832635,0.22876515610838793,3,212.16517071796508,163.12878461667128,0.494747163691597,0.7585570628325576
11380.0,descending_neuron,DNp14,DNp14(SMP585)_L,L,xn,,,0.5565482009745998,0.8417952114570819,0.15272386151900177,3,171.21292309294455,126.23419398967921,0.642245789097889,0.4631359553177045
11392.0,descending_neuron,DNa08,DNa08_R,R,wt,,sexually dimorphic,0.227584,0.5383019120800216,0.46904685784297195,3,193.40306999510648,201.53385067525662,0.5135834274187696,0.7689829920238769
11410.0,descending_neuron,DNpe023,DNpe023(LAL201)_L,L,it,,,0.04605609425326971,0.24215788337221827,0.06855291608662377,3,223.99519355590192,94.84099843447359,0.3444667804772863,0.9255934390788058
11411.0,descending_neuron,DNg31,DNg31_R,R,xl,MD,,1.515762568097693,1.3892187884315803,0.08635859553740849,3,418.4609656662274,147.58265557320914,0.8250558807326169,0.6860670100755021
11420.0,descending_neuron,DNge141,DNge141_L,L,xn,MX,,0.48365178785219487,0.7847321722570549,0.23482742163746867,3,177.84569927248776,147.66776360326415,0.6200957703499975,0.5249406276259939
11421.0,descending_neuron,DNge048,DNge048_L,L,xl,,,0.9314811276995416,1.0890356316308298,0.06296814229751922,3,159.80733627327646,124.02642596497651,0.7304980900037361,0.3885482605940849
11422.0,ascending_neuron,ANXXX127,ANXXX127_R,R,BA,T3,,1.2337175793793866,1.253322787274203,0.3359212065195762,3,296.84937049882444,234.91926931094775,0.7836632987223271,0.6785677480070328
11424.0,descending_neuron,DNge026,DNge026_L,L,xn,,,0.895658236132047,1.067889266174666,0.15913103437030035,3,150.24522544101637,124.35975739248771,0.7233710945466278,0.3796184073481848
11425.0,descending_neuron,CB0429,CB0429_R,R,xn,,potentially sexually dimorphic,0.6167657851140368,0.8861662301435445,0.4673407670920266,3,217.51312005362732,201.4296985108501,0.6589548184590023,0.6357686548892615
11427.0,descending_neuron,DNge101,DNge101_R,R,xl,MD,,0.5973274219863601,0.8720899579904252,0.40996585497073496,3,198.10282715708303,158.9140231398059,0.6537002978546884,0.546147602301155
11431.0,ascending_neuron,AN05B102a,AN05B102a_L,L,BA,A1,,1.119593140186258,1.1939473439391548,0.057568558729987604,3,228.88756320080586,164.25991153429877,0.7648752829907539,0.5140020647521134
11438.0,descending_neuron,DNp33,DNp33(SAD095)_L,L,ut,,,1.833711282506507,1.5279900911047546,0.06470876797435203,3,242.66979605007995,239.1879553419592,0.8652832742179463,0.5568786150726746
11443.0,ascending_neuron,AN04B003,AN04B003(11443)_R,R,IA,T2,,0.5984030834432839,0.8728748303917603,0.2521420292157351,3,161.81789615469305,157.40980319915303,0.6539943936242592,0.488119932626292
11458.0,descending_neuron,DNge043,DNge043(hb1499778528)_L,L,xl,LB,,1.7557796276258106,1.4951682359298437,0.05967193755472157,3,177.05349976128477,143.60502111279683,0.8559395046413171,0.3746275515212422
11459.0,descending_neuron,DNpe006,DNpe006(CL330)_L,L,xl,,,0.4007448536440227,0.7143137930970358,0.054992387536115496,3,166.64112208539393,143.43426544060105,0.5916196063498467,0.5241127646852121
11466.0,descending_neuron,DNge149,DNge149_M,M,xl,LB,,0.015469848869062996,0.14034537160579091,0.14923569389940103,3,163.15545293769608,122.27192475071789,0.2622388836287204,1.08842507922099
11475.0,descending_neuron,DNg27,DNg27_L,L,ut,,,0.3208561678392316,0.6391609821203827,0.1976553412206066,3,174.2482124926067,164.6729058850445,0.5596328092946191,0.605613382111816
11479.0,descending_neuron,DNb04,DNb04_R,R,xn,,,0.32628871856364555,0.6445492219188506,0.15932814963105238,3,173.79526262349475,223.7107378860453,0.5619867602890986,0.7073227139818278
11482.0,descending_neuron,DNge065,DNge065_R,R,fl,,,0.8090410328583673,1.0149399176053002,0.2991191967333717,3,197.52064153837833,142.8839455683801,0.7052095856031716,0.4826998867515499
11486.0,descending_neuron,DNd03,DNd03_L,L,xn,,,0.8462798140373207,1.038035127124047,0.038341229538621686,3,182.06352569094602,116.37936726478617,0.7131880623585781,0.4184631077092826
11491.0,descending_neuron,DNde005,DNde005(VES028)_L,L,xl,,,0.5362679449247305,0.8263156503734062,0.1100982678642349,3,200.726574685817,168.5109701168412,0.6363133415880646,0.5802762894789255
11500.0,descending_neuron,DNge043,DNge043(hb1499778528)_R,R,xl,LB,,1.720064,1.4798829360038392,0.06720269634963456,3,171.97815610714767,151.07196257295055,0.85155307447151,0.3793658062717808
11502.0,descending_neuron,DNge132,DNge132_R,R,xn,LB,,1.068831491024476,1.1665669809447758,0.25932529441672486,3,177.04334385174477,149.4119613698335,0.756054112258468,0.4317882806647242
11505.0,descending_neuron,DNp54,DNp54(PS163)_R,R,xn,,,0.21624996457062015,0.5247266016116311,0.6218720244838284,3,174.49453832782805,156.1668082913633,0.5070661049505273,0.6521069805118463
11508.0,ascending_neuron,AN02A001,AN02A001_L,L,BA,T2,,0.8491981083052093,1.0398233565411417,0.2842773592917348,3,172.74295365987373,113.50534237625652,0.7138021047217215,0.4010191258090017
11513.0,descending_neuron,DNp07,DNp07_R,R,xn,CG,,1.5472326044318252,1.4035660785535453,0.06220715251949563,3,352.31516930521224,177.40735845585095,0.8293053590151441,0.6387544973664999
11527.0,descending_neuron,DNg101,DNg101_L,L,xl,,sexually dimorphic,1.0882070916511692,1.1770931577201145,0.29465070665834014,3,259.1021147715798,108.62268126767876,0.7594574690414572,0.48419406093059997
11540.0,descending_neuron,DNge152,DNge152_M,M,ut,LB,,0.0022805430929452955,0.053885783370111524,0.4166916462545893,3,159.16175143200326,117.39457936834488,0.16249318093801549,1.7019565325996238
11554.0,descending_neuron,DNp63,DNp63(PS113)_L,L,xn,CG,,0.7225171877976578,0.9591337004061634,0.26998386768882654,3,178.6828724881898,184.08459367249264,0.6855476009724051,0.5291645184756246
11563.0,descending_neuron,DNae001,DNae001(DNa01)_R,R,xl,,,0.5536305855806303,0.8395858233296601,0.10227430456548116,3,196.14190490849688,164.52273683040448,0.6414024114637654,0.5623063388798566
11568.0,ascending_neuron,ANXXX470,ANXXX470_M,M,XA,T1,,0.25441944033077707,0.5691545417358396,0.2579820590546324,3,151.53187266819828,96.1953929448863,0.5280963221331515,0.4690948511294951
11573.0,descending_neuron,DNpe021,DNpe021(CL307)_L,L,xn,CG,,1.1154728858219274,1.1917483749971423,0.19001611590504855,3,167.2064662851913,135.2984570671521,0.764170598589477,0.39586045826771366
11575.0,descending_neuron,DNge049,DNge049_R,R,xl,,potentially sexually dimorphic,1.6232597740138812,1.4376364407082678,0.04443788021598016,3,174.74784556019964,112.81034079683783,0.8393103454307299,0.34261246501073933
11596.0,descending_neuron,DNpe022,DNpe022(PS271)_R,R,xl,,,1.5404896800090897,1.400504330176808,0.3136091787696415,3,184.34717747188125,142.3525568314667,0.8284003390792618,0.3943742160541162
11598.0,descending_neuron,DNg31,DNg31_L,L,xl,MD,,1.6850855032398657,1.4647585121735764,0.15742786167766618,3,414.4443652155836,161.7173076919736,0.8471904573146775,0.6800851779348475
11600.0,descending_neuron,DNge084,DNge084_R,R,xn,LB,,0.30641948743977493,0.6246162091122843,0.17112072999365102,3,160.1472426600583,227.58220915273438,0.5532286529682092,0.7008484642516757
11604.0,ascending_neuron,AN05B004,AN05B004_R,R,BA,A8,,0.9348806419228874,1.0910210827035443,0.3724112937563292,3,225.88510264998857,148.34132350592205,0.7311636824437716,0.5118230502165152
11610.0,descending_neuron,DNae007,DNae007(VES009)_R,R,xn,,,0.20462278187317706,0.5104251342113224,0.14266830336917652,3,220.809562366965,169.6366044236955,0.5001083040337843,0.7807232226327607
11613.0,descending_neuron,DNp45,DNp45(PVLP117)_L,L,xn,,,0.21639424574262398,0.5249016202419721,0.27246268989270384,3,230.86188556688154,162.4847879952923,0.5071506619522115,0.7756012228161867
11614.0,descending_neuron,DNpe032,DNpe032(PS216)_L,L,xn,,,0.9107013919273454,1.0768198668520432,0.2397495300618376,3,163.74524591858273,120.15847596110964,0.7263895199942667,0.390842260337034
11616.0,ascending_neuron,ANXXX106,ANXXX106_L,L,BA,T1,,0.6946985267320466,0.9404879775438383,0.2086463564917149,3,196.20931343549088,135.69426184221268,0.6788513158243716,0.48891939595734935
11625.0,descending_neuron,DNae005,DNae005(VES009)_R,R,xl,,potentially sexually dimorphic,0.2896267183538306,0.6072595746630681,0.08700565934188866,3,224.50529324914876,168.72248579734526,0.5454880306522805,0.7208733408435789
11632.0,descending_neuron,DNpe052,DNpe052(AVLP564)_R,R,xl,CG,potentially sexually dimorphic,0.20331121857213796,0.508786677669866,0.08620394390681313,3,220.9775762595604,169.7944736142528,0.4993049890179691,0.7826319753831861
11647.0,descending_neuron,DNpe006,DNpe006(CL330)_R,R,xl,,,0.6567749557070514,0.9144571316348857,0.1308580254027768,3,186.461875124637,147.84515686065507,0.6693907636807472,0.4994198458118152
11653.0,descending_neuron,DNg27,DNg27_R,R,ut,,,0.6462720000000001,0.9071157958359468,0.2046945287529241,3,164.3856345323436,166.42840823886817,0.6666983875483831,0.496197454425678
11657.0,descending_neuron,DNpe005,DNpe005(WED123)_L,L,xn,,,0.9540944527944014,1.1021754790913685,0.22429364335481541,3,180.08280301603176,202.08368691938975,0.7348918184023895,0.5200309492711844
11662.0,descending_neuron,DNp24,DNp24_L,L,xn,,,0.2511381749699369,0.5654724180402985,0.2215354996598448,3,178.55397348003467,155.34009203147673,0.5263853007443751,0.6343149495993583
11674.0,descending_neuron,DNp68,DNp68(CL138)_L,L,xn,CG,sexually dimorphic,0.35240321867086827,0.6698460373128308,0.20415410771827588,3,174.97557958389194,153.64467064355645,0.57290885687279,0.5735995285903147
11676.0,descending_neuron,DNg26,DNg26_L,L,xn,MX,,0.32448000000000005,0.6427602721665875,0.21731128079573211,3,100.6922839207496,243.99028625682476,0.561206319780549,0.6141815550337301
11687.0,descending_neuron,DNpe031,DNpe031(PVLP116)_R,R,xn,,,0.58489346004057,0.8629655165651925,0.1262802416501676,3,179.44888506222395,134.60909587403836,0.6502715610550289,0.4829643486587679
11693.0,descending_neuron,DNd03,DNd03_R,R,xn,,,0.39710287499933195,0.7110605345377943,0.4720025360819681,3,81.01688418036267,132.47057031888153,0.5902708377715429,0.3616771163983403
11704.0,descending_neuron,DNp07,DNp07_L,L,xn,CG,,1.5335386471961974,1.3973410639460444,0.031346238764155133,3,373.58826914515805,184.31880356939743,0.8274642719378049,0.6742370536531028
11706.0,descending_neuron,DNg111,DNg111(hb1573072464)_R,R,xn,,sexually dimorphic,0.22774508542954633,0.5384923851717741,0.04910826050569983,3,213.6990466113511,163.4594047911335,0.513674282726096,0.7342365854893206
11713.0,descending_neuron,DNg101,DNg101_R,R,xl,,sexually dimorphic,0.8010507452200124,1.0099155836770177,0.13930720147016287,3,267.00047214123754,114.4374767632012,0.7034618937808491,0.5422297245616958
11724.0,descending_neuron,DNp64,DNp64(CL137)_R,R,xn,CG,,0.30700813922880643,0.6252158854521171,0.478766639243644,3,173.67537050250203,153.66589591435803,0.5534941588413895,0.591408709898714
11733.0,ascending_neuron,AN08B018,AN08B018_a_L,L,BA,T1,,1.4332352140080682,1.3508707382211063,0.22211820312681743,3,315.5335017678984,216.48319342566367,0.813588754671758,0.6539135308085766
11737.0,descending_neuron,DNge073,DNge073_R,R,xl,LB,,0.646498432525036,0.9072746937395384,0.044380262568276097,3,157.94798931715795,113.08651716327958,0.6667567771926834,0.4064968152578857
11739.0,descending_neuron,DNde007,DNde007_R,R,xl,,sexually dimorphic,0.3666689779487783,0.6832696704464569,0.10094983040641231,3,250.1520186203081,23.010718863235518,0.5786208936071734,0.4720927648855249
11742.0,descending_neuron,DNp104,DNp104(CL324)_L,L,xn,,,0.13987335879310867,0.4220098241395759,0.33982208243731493,3,174.51968636514295,210.00577800564193,0.45473598255294484,0.8456015778914409
11765.0,descending_neuron,DNge142,DNge142_R,R,xl,MD,,0.6109784520850421,0.8819988243618885,0.027720106116324222,3,182.36027714287238,152.95255787340915,0.6574035472503363,0.5100563214463396
11770.0,descending_neuron,DNae010,DNae010(PS016)_R,R,xn,,,0.9693389129526448,1.1109458295623162,0.12312870046741926,3,195.03921467448478,175.51163037771258,0.7378099053858893,0.5022307810551715
11796.0,ascending_neuron,AN10B005,AN10B005(IB113)_R,R,BA,T1,,1.3597497100632372,1.315783835512006,0.08457825731495855,3,204.73236893267165,153.3080430044872,0.8029533482095226,0.44590437630721713
11797.0,descending_neuron,DNge041,DNge041_L,L,xl,LB,,0.29048938655437095,0.608163279298318,0.3531331013956718,3,169.94880786222913,156.1306980193352,0.5458937688380183,0.5973314305742168
11814.0,descending_neuron,DNa04,DNa04(PS015)_L,L,ut,,,3.0267147790745303,1.9630926996329143,0.04148936570743674,3,185.92122176060434,173.15345206316115,0.9807728701489086,0.36611399514879317
11820.0,descending_neuron,DNge123,DNge123_L,L,fl,,,0.1757154871968332,0.47299884452439545,0.2366180008274374,3,213.78403865526224,189.77963547388637,0.48142438016468764,0.8382701224875563
11821.0,descending_neuron,DNge075,DNge075_R,R,xl,,,0.46713870173709554,0.7712194680685353,0.07139644124012588,3,196.78901212088823,136.97884674951428,0.6147337141832895,0.5429470536097618
11822.0,ascending_neuron,AN08B018,AN08B018_d_R,R,BA,T3,,0.842112,1.0354758806925526,0.13082052812029304,3,360.59720927817045,250.43672418563244,0.7123083472340829,0.8578222280231139
11830.0,descending_neuron,DNa05,DNa05(PS028)_R,R,ut,,,1.1751434731303982,1.2232085434328221,0.27147388676547163,3,183.84672062787774,178.55169495951404,0.7741913111641611,0.468099306155282
11846.0,descending_neuron,DNp102,DNp102(PS212)_L,L,xn,,,1.8871951317851883,1.5501133734087287,0.14086352510260397,3,173.01393610307852,185.0191172065867,0.8715248435760605,0.41081221717165955
11851.0,descending_neuron,,,L,xn,,,0.38422756624463894,0.6994381541780686,0.14526917169761816,3,170.6842259370073,154.36132813881892,0.5854269344224381,0.5552282188664668
11859.0,descending_neuron,DNpe050,DNpe050(CL341)_L,L,xn,,,0.28204460092308614,0.5992581574532972,0.3305275554668441,3,257.9971862488257,155.70633187996813,0.5418823646808554,0.7634563239061061
11867.0,ascending_neuron,AN08B018,AN08B018_a_R,R,BA,T1,,1.4206039297058204,1.344904866787098,0.4665325479158298,3,288.00120374418606,210.89873442783826,0.8117902344360137,0.6145675533022789
11869.0,ascending_neuron,AN19A038,AN19A038_L,L,IA,T1,,0.8526669199487732,1.0419449318300413,0.12664744676545794,3,331.7755410022513,270.3629864423724,0.714529927012662,0.8427058191419228
11872.0,descending_neuron,DNp22,DNp22(hb1560471374)_R,R,ut,,,4.507392,2.3956188632632935,0.04482431330684755,3,223.41400971076175,196.866245439084,1.0834450807489107,0.387910991168408
11876.0,descending_neuron,DNae003,DNae003(PS040)_L,L,xn,,,1.4515542899965697,1.3594764887093873,0.3120772144885521,3,193.6922177080812,175.06302909795338,0.8161761326255502,0.45180841740592054
11881.0,descending_neuron,DNge023,DNge023_R,R,xl,LB,,0.9572494115049521,1.1039962884460108,0.18423830193023233,3,187.30382952083403,174.29806130014396,0.7354985937026293,0.49164185209465927
11889.0,descending_neuron,DNge065,DNge065_L,L,fl,,,0.4678908176750662,0.771840068720434,0.11476050349201919,3,209.41166700018277,149.60153472459004,0.6149810026927764,0.5837793365206169
11916.0,descending_neuron,DNbe005,DNbe005(PS069)_R,R,xn,,sexually dimorphic,0.7361792229682098,0.9681593353862418,0.4014930340959903,3,182.76028323602955,183.56287880752956,0.6887656164031842,0.5318546009258449
11931.0,descending_neuron,DNd04,DNd04_R,R,xl,,,0.5654934428090106,0.8485332130640877,0.08602207663053542,3,193.40864202014967,157.31334119909334,0.6448110377478063,0.5439143604679031
11944.0,descending_neuron,DNpe026,DNpe026(CL202)_L,L,xn,,,0.19605156976264326,0.49962046738419547,0.13930594186365913,3,225.51313212455307,201.56468900466274,0.4947868521073046,0.8631551531943199
11948.0,descending_neuron,DNge142,DNge142_L,L,xl,MD,,0.4483003682721705,0.7555089389302182,0.02301760909588507,3,204.92965596781787,152.3015079259761,0.6084401203699563,0.5871262461728902
11951.0,descending_neuron,DNg38,DNg38_R,R,xl,,,0.43459461097390656,0.743870314383342,0.32282577947823676,3,176.95196910517393,133.60017625409674,0.6037354172548083,0.5143845076562755
11955.0,descending_neuron,DNae010,DNae010(PS016)_L,L,xn,,,2.0578183668242143,1.6186709735220801,0.16691373928627734,3,198.75189614718892,170.55826297065894,0.8905890056731103,0.414680797500663
11961.0,descending_neuron,DNp57,DNp57(PS195)_L,L,xn,,,0.862943469486782,1.048205013449913,0.43258968128364034,3,172.3795634265678,175.83729069421875,0.7166731867388771,0.4858795620711018
11965.0,descending_neuron,DNge053,DNge053_R,R,xn,,,0.5414479375419544,0.8302968899699137,0.43723374587322233,3,184.14677768108763,106.10032130448222,0.6378443980198131,0.4550437377621274
11970.0,descending_neuron,DNge042,DNge042_R,R,xl,,,0.22247219430538867,0.532222129748121,0.06567204017665099,3,196.1334255992923,187.2525836527355,0.5106748902937948,0.7507438030318334
11976.0,ascending_neuron,AN27X017,AN27X017_L,L,BA,T3,,1.5504339699486078,1.4050173814011329,0.12667045512581424,3,172.02580467497617,365.9258360322801,0.8297340036942894,0.6483422859760987
11986.0,descending_neuron,DNge018,DNge018_L,L,nt,LB,,0.4845495976137717,0.7854601893586746,0.14415921771943538,3,166.91525275536767,168.92971999189731,0.6203833434141752,0.5413507250194673
11998.0,ascending_neuron,AN09B017f,AN09B017f_R,R,BA,A10,male-specific,0.45854332258219,0.76409128465511,0.04507012455579268,3,270.535835709409,212.38950021988748,0.6118862063169948,0.7892404354660536
12000.0,descending_neuron,DNge099,DNge099_L,L,xn,MX,,0.3209082474277142,0.6392128525433619,0.34469046961996946,3,197.49333612265437,140.6461237898639,0.5596555170336904,0.6041921318041126
12027.0,descending_neuron,DNp101,DNp101(CL334)_L,L,xn,,,0.10095628989760949,0.3585269035754269,0.2150163428801078,3,168.1050497844647,175.4734643999201,0.41913981289297625,0.8197229268509374
12030.0,descending_neuron,DNg91,DNg91(hb1626948732)_R,R,ut,LB,,0.6766494046116069,0.9281900559007306,0.3630437681299869,3,141.89087637376562,175.49236761835581,0.6743983447424511,0.47061687868366325
12035.0,ascending_neuron,AN17A008,AN17A008_R,R,BA,T3,,2.4065232762792577,1.750451541941214,0.12723381503774084,3,174.65456972800933,145.9276721548108,0.9261324179355752,0.3461516254850728
12038.0,descending_neuron,DNg38,DNg38_L,L,xl,,,0.9948154413595548,1.1254502919508038,0.05615186527617869,3,172.04536986759027,130.63731575420033,0.7426106941432326,0.4075926835002056
12039.0,descending_neuron,DNge135,DNge135_R,R,xn,MD,,0.21742615356765232,0.5261516670903887,0.16569503025461554,3,169.38347743720905,151.85328785224849,0.507754189420718,0.6326619690837946
12043.0,descending_neuron,DNg102,DNg102_R,R,xn,,,1.1311328384980743,1.2000846054859136,0.2457320284137148,3,167.87668464271502,143.72216799129032,0.7668386118917706,0.40634215309698496
12044.0,descending_neuron,DNb08,DNb08(VES082)_R,R,xl,,,1.0127470629629705,1.1355481537032437,0.2823445464299729,3,195.1609173886044,155.23249193002698,0.7459347125014288,0.4697373690300814
12069.0,descending_neuron,DNp15,DNp15_L,L,ut,,,4.276352,2.3334139096198308,0.29757589600328926,3,226.4247818287869,128.1038943079337,1.0692861243435812,0.3315564170014461
12075.0,descending_neuron,DNb08,DNb08(VES083)_R,R,xl,,,1.0904679020763475,1.1783152613744747,0.2796919320577755,3,185.908629719424,154.91570494247782,0.759851615826072,0.4485406460462349
12085.0,descending_neuron,DNge136,DNge136_L,L,xn,MX,,0.5364236990269499,0.826435639559564,0.24292516985018914,3,187.4663976757655,184.73463512038882,0.636359539399062,0.5848911028310153
12089.0,descending_neuron,DNde006,DNde006_R,R,xn,,,0.6762478313556434,0.9279145870840702,0.15879516510889202,3,189.298264652486,175.96199591236018,0.6742982631382008,0.5416894578148784
12092.0,descending_neuron,DNge027,DNge027_R,R,fl,,,0.6228274531683392,0.8905102710921514,0.41710471028586843,3,173.12767892259816,124.04449033604244,0.6605679623136095,0.44987372414763876
12102.0,descending_neuron,DNp38,DNp38_R,R,xn,,,0.3939993234736282,0.7082764426730036,0.35209491872789367,3,171.81572355632025,153.31065443948026,0.5891141289340901,0.5518903078832379
12133.0,descending_neuron,DNbe005,DNbe005(PS069)_L,L,xn,,sexually dimorphic,1.1446106501821345,1.2072131307838396,0.2581386657196835,3,196.4813241847781,177.76495407425188,0.7691127577176713,0.4865948126638794
12134.0,descending_neuron,DNp58,DNp58(hb1791391565)_R,R,ad,CG,,0.0003476001922756459,0.02103754525991325,1.05322285377795,3,363.9909614489088,24.655990807060615,0.10153027714606855,3.8278921636039147
12136.0,descending_neuron,DNg102,DNg102_L,L,xn,,,0.583202945267635,0.8617175015750635,0.2729754442915562,3,165.13451298022594,139.78165421085936,0.6498011817254421,0.4692453257493771
12143.0,ascending_neuron,AN01A055,AN01A055_L,L,XA,T1,,0.04629839766669913,0.24279405010649566,0.680726312613726,3,246.77558833394676,123.01311983499623,0.3449189535995128,1.0721031833997345
12151.0,descending_neuron,DNge138,DNge138_M,M,xn,LB,,0.18654305430767704,0.4873540740983022,0.26662385620196316,3,166.77567348011675,152.30740722170628,0.48867524626091713,0.6529552768290945
12154.0,ascending_neuron,AN12B004,AN12B004(10576)_R,R,BA,T2,,1.8155330701867187,1.5203974808372216,0.01758358405131479,3,231.37433932675287,185.55554697930356,0.8631307928757023,0.4830436936642784
12169.0,descending_neuron,DNg87,DNg87_L,L,xl,LB,,0.567168,0.8497886361374531,0.21705513017198025,3,178.8795471256967,150.45501625464965,0.645287867317643,0.5103684418387359
12170.0,descending_neuron,DNge044,DNge044_R,R,fl,,,0.265856,0.5818061295699035,0.11058726184727859,3,158.9215449492633,130.48554130614136,0.5339335197281143,0.5420283154404212
12175.0,descending_neuron,DNge099,DNge099_R,R,xn,MX,,0.281472,0.5986495478455619,0.11463573884007384,3,183.90094688348273,148.18213281545482,0.5416071255479614,0.6131438528674422
12177.0,descending_neuron,DNpe050,DNpe050(CL341)_R,R,xn,,,0.25679481214298105,0.5718053075158369,0.08381174135642531,3,234.24590095573538,151.59282750204548,0.5293246647217188,0.7289264116581973
12179.0,descending_neuron,DNpe031,DNpe031(PVLP116)_R,R,xn,,,0.7677075480211325,0.9886736614941124,0.37566136288274543,3,186.2901446732628,135.18462683283335,0.6960244924800527,0.46187278605761023
12188.0,descending_neuron,DNg84,DNg84_R,R,xn,LB,,0.41412155991203636,0.7261376910802914,0.04125759334853533,3,180.82674758343728,154.4595159844961,0.5964959921318355,0.5620930701808128
12189.0,descending_neuron,DNb08,DNb08(VES083)_L,L,xl,,,1.1864450082443363,1.2290763613992115,0.2256122323528666,3,174.05550713645417,157.7063910241081,0.7760460147991314,0.42750286946120614
12198.0,ascending_neuron,AN17B013,AN17B013_L,L,BA,T3,,0.26945911440594505,0.5857354352870976,0.03083108308194603,3,242.46583845629448,254.58460369887212,0.5357334815845262,0.9277942470294228
12210.0,descending_neuron,DNg68,DNg68_R,R,xn,,,0.543782383564732,0.8320848721644691,0.27147056107735373,3,174.07632562453236,131.25632241723878,0.6385308037679857,0.47817998167041553
12214.0,descending_neuron,DNg109,DNg109_R,R,xl,LB,,0.3513302919752181,0.6688255534937332,0.20134528367117038,3,170.457348083175,110.69697997033448,0.5724722885973864,0.49112303539157376
12218.0,descending_neuron,DNpe031,DNpe031(PVLP116)_L,L,xn,,,0.4418683222477115,0.7500694777496059,0.39414190956379425,3,178.38342243650186,150.86804110304016,0.6062458610970526,0.5430989053578591
12219.0,descending_neuron,DNg48,DNg48_L,L,fl,,,1.1819426565951612,1.2267420796509312,0.07255240474831555,3,266.65611635181966,126.37701141700107,0.7753087249792537,0.5069375786778846
12222.0,descending_neuron,DNpe031,DNpe031(PVLP116)_L,L,xn,,,0.48892822879281456,0.7890011124430261,0.19880910531122845,3,178.11548744819325,145.27132871278553,0.6217801420896961,0.5200983342345598
12223.0,descending_neuron,DNpe027,DNpe027(PS166)_R,R,xn,,,0.11283469205973362,0.3790324418152983,0.269801088229429,3,253.26566203841185,158.1933949722364,0.43095927474588147,0.9547515997962182
12224.0,descending_neuron,DNg14,DNg14_R,R,hl,,,0.41882194495323527,0.730246987338772,0.1921092193107916,3,282.7405118008138,216.15393801806522,0.5981814305008124,0.8340186177314
12238.0,descending_neuron,DNg32,DNg32_L,L,ut,MX,,0.5171045600321322,0.8114172629392282,0.07038052930853576,3,192.66111959274147,126.66292203040724,0.6305509169291738,0.5064207077491516
12239.0,descending_neuron,DNbe002,DNbe002_R,R,xl,,,0.617066336689594,0.8863821194033944,0.09730193087122835,3,396.3450172596861,198.52753232299892,0.6590350813937473,0.9026417050889469
12249.0,descending_neuron,DNg104,DNg104_L,L,xn,,,0.2983863901012114,0.6163743598557901,0.03235042741956876,3,192.16184830327325,174.40855043821804,0.5495665895315481,0.6670172563691632
12256.0,descending_neuron,DNge056,DNge056_R,R,fl,,,0.5137133666492091,0.8087522321927815,0.15565950440789797,3,197.6264198228379,119.08603222235631,0.6295145699461314,0.5031058329155047
12266.0,descending_neuron,DNg43,DNg43_R,R,xl,MX,,0.9208099188588684,1.0827795721546873,0.1900567349529138,3,353.4715802169302,197.36935425754604,0.7283968632248472,0.7562373786670719
12286.0,ascending_neuron,AN05B102a,AN05B102a_R,R,BA,A1,,1.2868639068087158,1.2800335991063836,0.22838661438142155,3,224.91233954770286,166.45035342931257,0.791969989053959,0.4941635395105241
12299.0,descending_neuron,DNg68,DNg68_L,L,xn,,,0.4525217641577994,0.7590577085960125,0.04921957850951702,3,183.27497854638506,133.47665905098188,0.6098674259312806,0.51937785841518
12306.0,descending_neuron,DNp22,DNp22_L,L,ut,,,4.1514240000000004,2.299077467977673,0.042741768733413774,3,213.00898936478538,177.64532542125437,1.061389635953291,0.3680592890236507
12307.0,descending_neuron,DNg59,DNg59_R,R,xn,MD,,0.31632287102436063,0.6346296465596108,0.20986181188340056,3,198.88502073236188,106.89666611617383,0.5576455207514979,0.5483441998000024
12325.0,descending_neuron,DNp67,DNp67(CL139)_L,L,xl,CG,sexually dimorphic,0.39872783758015734,0.7125138948777038,0.3284302284949298,3,188.5596752596091,148.22318356470822,0.5908737669672557,0.569974295106895
12335.0,ascending_neuron,AN06B007,AN06B007_L,L,CA,T1,,1.2401126692516937,1.2565669462540918,0.24213030257850884,3,156.0589917850511,193.51804035589967,0.7846768785076471,0.4455044384712859
12348.0,descending_neuron,MDN,MDN_L,L,xn,,,0.6547069579491487,0.9130163136954987,0.2978342857674495,3,219.54445354954535,191.24364662771893,0.6688632100144202,0.6141586112478933
12362.0,descending_neuron,DNpe055,DNpe055(PS167)_R,R,xn,,,1.195446672773357,1.2337301071940792,0.2609416407928196,3,178.31364264684677,182.17399675106523,0.7775138278674526,0.4636414510937373
12364.0,descending_neuron,DNge080,DNge080_R,R,xl,,,0.324366670530281,0.6426480155678033,0.07106242313524322,3,205.37904427305853,182.60515448852675,0.5611573109460694,0.6914000605417987
12374.0,descending_neuron,DNge140,DNge140_R,R,xn,MX,,0.5228664181900551,0.8159253643891768,0.17702866613318136,3,164.39188716556617,149.58236154626513,0.6323001095608767,0.4965589029074847
12378.0,descending_neuron,DNge007,DNge007_R,R,xl,LB,,0.812521943534181,1.0171209709138782,0.08582196016362086,3,195.35615915123145,183.35392010411076,0.705966908394296,0.5364416869293616
12386.0,descending_neuron,DNg84,DNg84_L,L,xn,LB,,0.36604110484745295,0.6826844144187906,0.102022533576793,3,183.53782423910445,170.7773236668388,0.5783730310666355,0.6126066204237001
12389.0,descending_neuron,DNp60,DNp60(CL139)_L,L,xn,CG,,0.8987643289648144,1.0697393537845397,0.3061048381476068,3,191.27921811297014,157.6289881399731,0.723997433251268,0.48191912046717494
12393.0,descending_neuron,DNge001,DNge001_L,L,fl,MX,,0.18781599366096144,0.48901405937136894,0.1214125677462352,3,173.41612999389068,117.40100653876455,0.4895067814565706,0.5941023649709267
12394.0,descending_neuron,DNge148,DNge148_R,R,xn,,,0.3793898287936066,0.695020958597885,0.17489130330133357,3,174.35942559459485,117.49098926116598,0.5835754190444998,0.5001074502651492
12398.0,ascending_neuron,AN27X013,AN27X013_L,L,XA,T1,,1.429634269055607,1.3491726671816875,0.06720143455543623,3,226.92941803965607,171.94436024569717,0.8130772453580453,0.4905730427982963
12405.0,descending_neuron,DNge150,DNge150_M,M,xn,LB,,0.3600806487939158,0.6771033313596289,0.46315070172430656,3,183.30686283039483,150.5876335126118,0.576004021137195,0.5796738982547454
12407.0,descending_neuron,DNge136,DNge136_R,R,xn,MX,,0.9670574270336024,1.1096376697503658,0.3045379376919502,3,193.26143387262877,147.03031185914463,0.7373753848466053,0.46149051449902084
12421.0,descending_neuron,DNpe055,DNpe055(PS167)_L,L,xn,,,0.8396483866611952,1.0339601199128108,0.24464995389277788,3,174.3800063229609,169.36925289694213,0.7117868070969546,0.4829385088238645
12422.0,descending_neuron,DNge100,DNge100_L,L,fl,LB,,0.07342492384162852,0.30575728381238787,0.09207720358436598,3,168.91255746037842,181.86683891528787,0.38706726685173215,0.9062491882322716
12435.0,descending_neuron,DNp67,DNp67(CL139)_R,R,xl,CG,sexually dimorphic,0.34123557182440234,0.6591468911533642,0.3601776056050988,3,197.2176951578607,152.5661168601218,0.5683150329396086,0.6154752060819618
12443.0,descending_neuron,DNbe002,DNbe002_L,L,xl,,,0.62272,0.8904334502350417,0.2156366668086594,3,285.91202570286345,139.67431113887665,0.660539469384813,0.6443011456046764
12447.0,descending_neuron,DNge124,DNge124_R,R,xl,LB,,0.430625945750012,0.7404660580458055,0.17240361986362704,3,219.4949596102918,157.72232753011582,0.6023523623614707,0.6262402386230539
12451.0,descending_neuron,DNge128,DNge128_R,R,xl,,potentially sexually dimorphic,0.204928,0.5108056708998907,0.04803403613043892,3,169.50561446247283,255.47860749281173,0.5002946918976319,0.8494677813656336
12453.0,descending_neuron,DNg50,DNg50_R,R,xn,LB,,0.4770525788937427,0.7793601275183407,0.19666592703994729,3,221.66747897758702,244.28435424903228,0.6179696290951416,0.7540044223676274
12457.0,ascending_neuron,AN01B002,AN01B002(12457)_L,L,BA,A4,,0.1550026751580237,0.44424715592892033,0.05139006718963674,3,242.9563220909375,154.6564264446672,0.46656307869908753,0.852216488377657
12465.0,descending_neuron,DNg48,DNg48_R,R,fl,,,1.417425011103114,1.3433992615128094,0.06852226307345538,3,283.43590434384316,168.480803603115,0.8113357123541873,0.557003347770392
12469.0,ascending_neuron,AN08B018,AN08B018_d_L,L,BA,T3,,0.7959865877640739,1.0067182329828068,0.1390070955407976,3,341.3993570135603,221.9043973256699,0.7023474454723783,0.8020300464827184
12470.0,descending_neuron,DNge056,DNge056_L,L,fl,,,0.5766120543406161,0.8568344469951316,0.037698217410220225,3,200.52426234166012,125.55675424299655,0.6479574669896276,0.5032444769864446
12480.0,descending_neuron,DNg26,DNg26_R,R,xn,MX,,0.29942441863804475,0.6174455526354489,0.15133444024622048,3,213.9855676245902,243.06693895636764,0.5500439262380504,0.8309381938037301
12484.0,descending_neuron,DNge067,DNge067_R,R,xl,,,1.052162227677619,1.157434471473779,0.015738318024721473,3,193.24649756552026,126.07322880137473,0.7530888998133963,0.424013322259852
12485.0,descending_neuron,DNge125,DNge125_R,R,nt,LB,,0.8712088538906484,1.0532129720512238,0.24152589270968808,3,300.36122672699423,1.79200000000003,0.7183831542464645,0.4206017707137532
12490.0,descending_neuron,DNd04,DNd04_L,L,xl,,,0.42685032252859556,0.7372127985367362,0.1412121856583527,3,228.01543889332734,155.39679404980907,0.6010276792985499,0.6379277463404195
12492.0,descending_neuron,DNg78,DNg78_R,R,xn,,,0.9631105987872954,1.1073709858622565,0.06677383983944321,3,146.9676955612529,126.78851530016023,0.7366218725183943,0.37163736385600893
12493.0,descending_neuron,DNge060,DNge060_R,R,xl,,,0.6223866969794534,0.8901951217072248,0.21620383940044838,3,237.30094292884914,137.73070895675662,0.6604510652853398,0.5678416942572088
12512.0,descending_neuron,DNge010,DNge010_R,R,ml,LB,sexually dimorphic,0.6448950730434123,0.9061489442711633,0.028610050965609656,3,202.47105312144186,283.2564405079275,0.6663429917789111,0.7289451523045823
12516.0,descending_neuron,DNge047,DNge047_L,L,xn,,potentially sexually dimorphic,1.0250879231391568,1.1424458326639444,0.09155862092932264,3,168.61062090317606,137.19610305898732,0.7481968043271321,0.40872498010357217
12520.0,descending_neuron,DNge028,DNge028_R,R,fl,MX,,0.30096163499702977,0.619028476829918,0.1999541043831186,3,84.7740313529425,126.89376736508525,0.5507485393958479,0.38432748083221435
12536.0,ascending_neuron,AN08B018,AN08B018_g_L,L,BA,A2,,1.2221389788524648,1.2474276239675026,0.11861024075180822,3,356.46214800152165,221.62911067062768,0.7818180963268094,0.7394191326450189
12539.0,ascending_neuron,AN12B004,AN12B004(12539)_R,R,BA,A1,,1.533796777119048,1.3974586613618725,0.037363077727562574,3,236.4598802450563,187.20279943152468,0.8274990900703864,0.5119796320749364
12548.0,ascending_neuron,AN05B097,AN05B097_R,R,BA,T3,,0.3817845895929333,0.6972110419666396,0.34727707092401144,3,177.0145118427044,137.66468458771678,0.5844941492980519,0.538378693453707
12550.0,descending_neuron,DNb08,DNb08(VES082)_L,L,xl,,,0.5400693030973429,0.8292391655011825,0.3895613936583783,3,214.93182280046057,156.21209037980722,0.6374379900002661,0.5822431656138235
12559.0,ascending_neuron,AN06B014,AN06B014_L,L,CA,A1,,0.747267278819118,0.9754231132586195,0.1025995964806002,3,132.26502922918488,135.28592501963533,0.691344577975935,0.38700087159450225
12581.0,descending_neuron,DNge069,DNge069_L,L,xl,,,0.5716634069451731,0.8531497266017404,0.3402471452012783,3,197.79338234220728,140.55102766448078,0.6465627317088828,0.5232971116544788
12583.0,descending_neuron,DNg87,DNg87_R,R,xl,LB,,0.6300501302983875,0.8956588307282237,0.05782635611397015,3,181.07784652934265,151.03601036400673,0.6624747746569899,0.5013230233035035
12587.0,descending_neuron,DNge004,DNge004_R,R,ut,,,0.21182291516611226,0.5193277501449116,0.18653880818550186,3,159.54077228616896,148.98540307717968,0.5044507880566812,0.6116080748964595
12590.0,descending_neuron,DNg22,DNg22_L,L,xn,,,0.535112622019278,0.8254250730634881,0.04504763207139303,3,167.05303653943517,238.09757055262506,0.6359703497814259,0.6370589560209919
12597.0,ascending_neuron,AN27X021,AN27X021_R,R,XA,T1,,0.26508800000000005,0.5809651662834484,0.14043288431399412,3,231.61018605308166,145.41992610859583,0.533547496928708,0.706647701155003
12601.0,descending_neuron,DNge122,DNge122_R,R,xn,MX,,0.4457918891384889,0.7533922364700327,0.08649614513565829,3,195.70232207156664,26.12458472829587,0.6075871919900189,0.36509477112793803
12610.0,descending_neuron,DNg102,DNg102_L,L,xn,,,0.7921985697241479,1.0043199421775022,0.2510841457605369,3,170.61253920323827,143.97094311210236,0.701510350363397,0.4484374067358804
12619.0,descending_neuron,DNge007,DNge007_L,L,xl,LB,,0.737024,0.9687146650169433,0.21500200709803816,3,205.377409315286,181.174194873322,0.6889631237289134,0.561062836130406
12620.0,descending_neuron,DNp44,DNp44_L,L,xn,,,0.1981634827110187,0.5023042728368052,0.1480730181232865,3,210.31985512885748,170.2496351933719,0.4961139926368077,0.767100900136946
12621.0,descending_neuron,DNg56,DNg56_L,L,xn,LB,,0.6036257325211823,0.8766756257965083,0.07508468808878832,3,190.49430236360456,181.5475274716935,0.6554167045783079,0.5676416655792562
12622.0,descending_neuron,DNge022,DNge022_R,R,fl,,,0.3656845836662274,0.6823518687772863,0.17756415621728402,3,172.2288311672716,116.0140549099184,0.5782321468933306,0.49848990172171037
12628.0,descending_neuron,DNpe042,DNpe042(CL262)_R,R,lt,,,0.202496,0.5077656101496945,0.3131401729321344,3,241.20743114850586,154.4352257456949,0.4988037178824455,0.7931830551981631
12635.0,descending_neuron,DNg19,DNg19_L,L,xl,,,0.4559957549614749,0.7619657652731617,0.14441844948453914,3,204.72852132932442,152.22220573936556,0.6110345530195892,0.5841743732898955
12647.0,descending_neuron,DNge125,DNge125_L,L,nt,LB,,0.8175417287003522,1.0202580352305168,0.11578880189723668,3,294.23341846669666,151.83617375177684,0.7070547625629526,0.6308840783442962
12665.0,descending_neuron,DNg26,DNg26_L,L,xn,MX,,0.43542043636980204,0.7445767375978601,0.06398515757321234,3,322.1913079760417,249.11349419528554,0.6040220206440751,0.9458343945178338
12670.0,descending_neuron,DNg71,DNg71_R,R,xn,MD,,0.4440549475535583,0.7519230806807895,0.10305117615782242,3,196.91536743244723,181.1482405385737,0.6069944888823842,0.6228452068273677
12673.0,ascending_neuron,AN06B011,AN06B011_L,L,BA,T2,,0.6625318936346485,0.9184562083321692,0.0885834209627206,3,236.0579049100187,398.91165462909044,0.6708528468172158,0.9465109413363143
12675.0,descending_neuron,DNg103,DNg103_L,L,xl,,,0.40310243087549935,0.7164118616895998,0.07488972962011176,3,55.8487473270266,39.36105925871141,0.5924878161008071,0.16069496114252382
12687.0,descending_neuron,DNge113,DNge113_R,R,nt,LB,,0.21192911471466844,0.519457918926481,0.03421025104812633,3,173.1638045431502,152.15542211505644,0.504514004041489,0.644817039868439
12700.0,ascending_neuron,AN06B011,AN06B011_R,R,BA,T2,,0.8237060230272287,1.024097203274572,0.06836311699016777,3,242.91848236951932,393.67713639221296,0.7083838151768717,0.8986591804088366
12705.0,descending_neuron,DNge123,DNge123_R,R,fl,,,0.2928723711038956,0.610652670877506,0.3527910501152334,3,216.5848402975764,182.51953268111575,0.5470098799198949,0.7296109039879456
12707.0,descending_neuron,DNpe043,DNpe043(CL207)_R,R,xn,CG,,1.0320888492392968,1.1463404104068216,0.247296132762288,3,178.42188988164526,205.40612031807447,0.7494710141822314,0.5121318942781597
12714.0,descending_neuron,DNb07,DNb07(PS067)_R,R,xn,,,0.21481506948084905,0.5229828307583803,0.4108136942698717,3,181.3791957490474,181.70805215126597,0.5062228630471033,0.7172478258188205
12743.0,descending_neuron,DNge101,DNge101_L,L,xl,MD,,0.6614370114430393,0.9176969866577541,0.23617842501051695,3,195.0833811212334,159.84074247474712,0.6705755165992116,0.5292828545186969
12750.0,descending_neuron,DNge136,DNge136_R,R,xn,MX,,0.558561792396926,0.8433166441248025,0.3028143482938038,3,163.38079756901445,164.72627164792615,0.6428259139309438,0.5104135693760905
12752.0,descending_neuron,DNge080,DNge080_L,L,xl,,,0.44425390731957404,0.7520915121861113,0.23127400508614365,3,189.95557104866856,169.07927653698619,0.60706246875523,0.5914298215830223
12753.0,descending_neuron,DNpe003,DNpe003(VES081)_R,R,xl,,,0.307072,0.625280907657443,0.13596178894978025,3,178.40307097545323,170.72065672834248,0.5535229396801429,0.6307303684749529
12762.0,descending_neuron,DNp41,DNp41(hb1344695030)_L,L,xn,,,0.46514353857291996,0.7695707552194841,0.28647267430689943,3,175.02136850088468,161.28369981056957,0.6140762738109552,0.5476600915133003
12767.0,descending_neuron,DNb02,DNb02_L,L,ut,,,0.4122266333820276,0.7244744653989136,0.21670665467479763,3,184.93508210121811,185.5811915966983,0.5958124604650926,0.6218672791916612
12770.0,ascending_neuron,AN12B004,AN12B004(12539)(hb2102275909)_L,L,BA,A1,,1.4513728218031365,1.3593915075774212,0.05692819710592115,3,304.95583508812734,198.18402275701803,0.8161506225648157,0.6164791693278256
12771.0,descending_neuron,DNge135,DNge135_L,L,xn,MD,,0.1508538904791115,0.4382614959532174,0.22616013596511741,3,184.78320720470668,156.29452749451764,0.4634092500340023,0.7360183998791522
12772.0,ascending_neuron,AN08B018,AN08B018_e_L,L,BA,T3,,1.078858262597573,1.1720260249258556,0.32003141988948436,3,358.50570549190985,207.40450683635692,0.7578210555359816,0.7467596844851682
12775.0,descending_neuron,DNg26,DNg26_R,R,xn,MX,,0.4646628284315953,0.7691729897283168,0.17646836379867414,3,325.715758857549,238.89596180384197,0.6139175555128515,0.9196865533348829
12781.0,descending_neuron,DNge104,DNge104_R,R,xl,MX,,0.7945142589738495,1.0057867434906167,0.044921675701414365,3,198.8808191983927,24.959383946331464,0.7020224386089109,0.31885049655716646
12787.0,descending_neuron,DNge033,DNge033_R,R,nt,LB,,0.4397596432230697,0.7482776008475991,0.15822378486991948,3,150.8943821870674,135.96899301716746,0.605521283205903,0.4737461475927826
12788.0,descending_neuron,DNae004,DNae004(DNa05)_R,R,ut,,,2.1779972570540242,1.6652664159244608,0.03220306565379589,3,183.5243089710652,172.59624349971898,0.9033164140006457,0.39423677789002254
12794.0,descending_neuron,DNg44,DNg44_R,R,xl,,,0.4777539228332393,0.7799328094160622,0.24361362271556053,3,200.42900815597642,133.389937815944,0.618196632645205,0.5399882955420522
12801.0,descending_neuron,DNa05,DNa05(PS028)_L,L,ut,,,1.6308259017128175,1.440983007755171,0.06600237684629424,3,182.71347123620595,167.31322583306257,0.8402866616816155,0.4165562932639928
12818.0,descending_neuron,DNge002,DNge002_R,R,nt,,,0.5068289990041438,0.8033148348876761,0.12415200472986303,3,148.2570750512014,130.75562856314914,0.6273948271184273,0.44471629595008444
12821.0,descending_neuron,DNg54,DNg54_R,R,xl,LB,,0.40640133177516174,0.7193373663651643,0.11898566113203576,3,247.4899950151831,131.83246162416597,0.5936963108517102,0.6389166476294543
12831.0,descending_neuron,DNpe030,DNpe030_L,L,xn,DC,,1.3631855793243122,1.3174451739668054,0.39913595742448227,3,228.0473709811925,170.67010080103938,0.8034601018368831,0.4962504931740577
12843.0,descending_neuron,DNpe049,DNpe049_R,R,xl,DC,,0.18790450332367373,0.4891292715280095,0.09067022663407,3,220.46698831858845,163.37201641365056,0.4895644421817465,0.7840418373149374
12850.0,descending_neuron,DNge070,DNge070(DNb06)_L,L,nt,LB,,0.4793251205949486,0.7812142461107832,0.1920206773752425,3,97.15142298021077,169.7185227256142,0.6187042755584317,0.4313368377242146
12860.0,descending_neuron,DNg44,DNg44_L,L,xl,,,0.9958689382903833,1.1260460530567733,0.23697980483947237,3,200.94457837925833,131.66930596274887,0.7428072199419031,0.4477795522343223
12868.0,ascending_neuron,ANXXX027,ANXXX027_L,L,CA,A5,,1.610632667667779,1.4320339397224158,0.048877272603714994,3,219.89633150886723,183.29751944663118,0.8376733435319424,0.48132587012436506
12869.0,descending_neuron,DNge098,DNge098_L,L,fl,MD,potentially sexually dimorphic,0.1724927562469912,0.4686412257089985,0.146793949691659,3,180.52670534299054,156.60892826412484,0.4792016283334284,0.7035360768276364
12874.0,descending_neuron,DNde001,DNde001(SAD041)_L,L,xl,,,0.4199449921099101,0.7312253897177213,0.2969097508878629,3,200.9623383268886,25.263317397836108,0.5985820252577615,0.3779359322179903
12885.0,descending_neuron,DNpe020,DNpe020(PS133)_M,M,xl,,,0.0016447381962420768,0.04576183685334096,0.7153098219523489,3,189.094306203325,191.16097802157233,0.1497441152704742,2.539367129974116
12886.0,descending_neuron,DNg54,DNg54_L,L,xl,LB,,0.3821035923977233,0.6975022609469789,0.15871746977103326,3,235.82106826200413,139.14478220524188,0.5846162056118694,0.6413880540222114
12894.0,descending_neuron,DNge011,DNge011_R,R,fl,,,0.234554303555666,0.546483133019574,0.10903118445241027,3,150.25679143198866,128.29420203874054,0.5174714824795578,0.5382924526314028
12897.0,ascending_neuron,ANXXX120,ANXXX120_b(hb2135362321)_L,L,BA,A5,,0.7922477994664225,1.0043511475126925,0.10525243624916664,3,213.63255957308021,197.69823501475227,0.7015212486313007,0.5863411769641436
12914.0,ascending_neuron,AN19A038,AN19A038_R,R,IA,T1,,1.219132582938714,1.2458923769221366,0.1436709349975077,3,309.3925548851322,278.8264428328811,0.7813368445759146,0.7528366309632823
12933.0,ascending_neuron,AN08B014,AN08B014_L,L,IA,T1,,0.6860905213523185,0.9346430243968744,0.20711547285869486,3,192.75700441770792,243.9651668725711,0.6767385624851509,0.6453336568948095
12941.0,descending_neuron,DNge137,DNge137_R,R,xn,MX,,0.16416888142996008,0.4571939543033824,0.23288453443778778,3,169.18745700455534,163.35177383136914,0.47331283271073193,0.7025781002628295
12944.0,descending_neuron,DNpe001,DNpe001(IB111)_R,R,xn,,,0.17580355646855858,0.47311736408723154,0.44475067557696085,3,327.51400117331553,170.87369555026876,0.48148469176365666,1.0351060070009965
12976.0,ascending_neuron,AN05B007,AN05B007_L,L,BA,T1,,0.7279829212667799,0.962754716035548,0.2350105137983414,3,179.86370302955643,142.51576614359996,0.68684045516948,0.46936587201114743
12982.0,descending_neuron,DNg91,DNg91_L,L,ut,LB,,0.73342372903973,0.9663457429204679,0.2207667481522591,3,143.21074486401716,166.375789134595,0.6881202031847555,0.4499018232073187
12995.0,descending_neuron,DNde003,DNde003(LAL106)_R,R,xl,,,0.06848161792670596,0.2952854619376417,0.27159848400006376,3,211.2594778491382,169.73729590574555,0.3803812250222721,1.0016182416273978
12996.0,ascending_neuron,AN19B036,AN19B036(12996)_L,L,BA,T2,,1.1632611760166272,1.2170086812178047,0.060723849858190404,3,251.47641352759965,291.6089666264091,0.7722268149946131,0.7032718491623438
13006.0,descending_neuron,DNge076,DNge076_L,L,fl,,,0.62805853306906,0.8942421152640285,0.15738691088943496,3,180.32712144676853,152.20040984710707,0.6619506299410658,0.5023449125253961
13008.0,descending_neuron,DNge140,DNge140_L,L,xn,MX,,0.669568,0.9233203428329918,0.13365834218534775,3,168.54486439708734,145.55499912327707,0.6726269158962983,0.46697486540784
13022.0,descending_neuron,DNge139,DNge139_R,R,xn,MX,,0.3496282791244143,0.6672035303705367,0.2252505373742405,3,166.88903958035982,148.56992156703313,0.5717776927106923,0.5517161042989635
13026.0,ascending_neuron,AN08B014,AN08B014_R,R,IA,T1,,0.6472349426137223,0.9077913436854226,0.06324019151964175,3,79.61088634486245,241.97333555347268,0.6669465933685073,0.4821738728345982
13030.0,descending_neuron,DNge006,DNge006_L,L,xn,LB,,0.6570575544288262,0.9146538478931568,0.007123117269939367,3,186.5727434954145,118.59683432745234,0.669462758835506,0.4558425002664714
13034.0,descending_neuron,DNg95,DNg95_R,R,xl,MX,,0.6659410402354992,0.9208161960401803,0.2193853123260743,3,288.0186778784379,203.86070657228686,0.6717141773549881,0.7322748291358095
13041.0,ascending_neuron,ANXXX027,ANXXX027_L,L,,A9,,0.7141566172072564,0.9535682703207836,0.20201476731385298,3,198.26560420149423,173.48153384141887,0.6835557420263426,0.5438431940325751
13045.0,descending_neuron,DNge086,DNge086_R,R,nt,LB,,0.27544936612871257,0.592210288265335,0.38091890597601186,3,174.49887047051539,179.33926744050396,0.5386864034389712,0.6568536641209402
13047.0,descending_neuron,DNge133,DNge133_L,L,xn,LB,,0.404072566686564,0.7172734282321975,0.25640812083658593,3,182.89806574025118,166.94772757267523,0.592843975961447,0.5901144441006803
13061.0,ascending_neuron,AN08B032,AN08B032_L,L,BA,T1,,0.4272461389835101,0.737554526451584,0.09538579314462756,3,179.96519938926852,139.34408523037644,0.6011669634646236,0.5311490883986926
13065.0,descending_neuron,DNge084,DNge084_L,L,xn,LB,,0.45655223065821327,0.7624305570418112,0.21328319733471454,3,158.73687779976683,201.55791087716398,0.6112208872007627,0.5894674024099371
13092.0,descending_neuron,DNp60,DNp60(CL139)_R,R,xn,CG,,0.8444051806016992,1.036884789994202,0.2503524946057385,3,186.47532107094057,136.4895020096467,0.7127927799137411,0.45309777565321435
13096.0,descending_neuron,DNge018,DNge018_R,R,nt,LB,,0.6482971511782604,0.9085359484463513,0.22686491733244155,3,183.5425248132984,145.29524916650854,0.6672200647003297,0.4928475496723838
13104.0,descending_neuron,DNpe030,DNpe030_R,R,xn,DC,,0.6729107429515732,0.9256222598895627,0.2714056416469358,3,208.4061343120377,154.5607358065395,0.6734648523463461,0.5389544366777324
13130.0,descending_neuron,DNg105,DNg105_R,R,xl,MX,,3.929984,2.236919989399816,0.0427056497370764,3,317.66268211271074,110.78631181632161,1.0469435490063015,0.40923791386430663
13133.0,descending_neuron,DNge088,DNge088_L,L,ut,MX,,0.5491677108022843,0.8361949809016747,0.21125752594926378,3,184.13718028377556,197.62576392627616,0.6401058823677693,0.5964059302156388
13135.0,descending_neuron,DNge122,DNge122_L,L,xn,MX,,0.5043311654651761,0.8013328793408111,0.01713461144397435,3,202.14959461309738,136.24425009247457,0.626620388175327,0.5400300582158685
13137.0,ascending_neuron,AN03A008,AN03A008_R,R,BA,T1,male-specific,0.9918695221936323,1.123782674218865,0.10531933915255,3,247.10959970657677,158.87959553524288,0.7420603145076846,0.5471107769874078
13166.0,ascending_neuron,AN08B012,AN08B012_R,R,CA,T2,,0.4980048812021533,0.79629109515159,0.25644804640754865,3,193.08769026848745,182.515417348552,0.6246460090517502,0.6013055429381952
13176.0,descending_neuron,DNg85,DNg85_R,R,fl,LB,,0.45245812040956224,0.7590043288690773,0.10016332666157114,3,216.13658285973546,184.3605906137423,0.6098459814952033,0.6567185578423423
13178.0,descending_neuron,DNge039,DNge039_L,L,fl,,,0.45521510191619724,0.7613132529519959,0.033326065281654896,3,261.2128027966219,130.4661118789358,0.6107728660856488,0.6412840786228253
13181.0,ascending_neuron,ANXXX027,ANXXX027_R,R,CA,A4,,0.9353127140869921,1.0912731712404238,0.0638381133715001,3,233.35383432213865,177.05682731900527,0.7312481479688051,0.561246770718183
13186.0,descending_neuron,DNge028,DNge028_L,L,fl,MX,,0.5835691076358871,0.8619879726120441,0.3225507661075942,3,170.50813042760421,116.41926911502334,0.6499031516925438,0.44149254976742625
13188.0,descending_neuron,DNg81,DNg81_R,R,xn,GNG,,0.39330088064870633,0.7076483831827057,0.07338569019977163,3,168.83372893382517,122.16969740226898,0.5888528744597633,0.4941869844875464
13189.0,ascending_neuron,AN08B018,AN08B018_e_R,R,BA,T3,,1.7868523684128335,1.5083405106496688,0.22481516401115795,3,372.11576501198607,242.7841814861587,0.859701605336606,0.7152481078099044
13212.0,descending_neuron,DNp53,DNp53(PS126)_L,L,xn,,,1.1965806296248658,1.2343151040566904,0.15169849867380789,3,137.70695802740596,223.7173876581356,0.7776981425898986,0.46473602789113305
13218.0,descending_neuron,DNg95,DNg95_L,L,xl,MX,,0.3290304430690978,0.6472515519775189,0.16932369989246487,3,271.1392019867762,174.89078030715348,0.5631636178491862,0.7920078076019735
13229.0,descending_neuron,DNg41,DNg41(hb5813024629)_R,R,ut,,,0.31106059062392427,0.6293287255409975,0.11568210619358638,3,174.48156123126878,202.37005017046363,0.5553116922189635,0.6786307882261139
13245.0,descending_neuron,DNp46,DNp46(CL206)_R,R,xn,CG,,0.19971053103886066,0.5042611878964477,0.019155398438074626,3,178.03478185206262,164.27790761452428,0.49707945247139246,0.6886478364065701
13249.0,descending_neuron,DNpe034,DNpe034(SMP486_b)_L,L,ad,CG,sexually dimorphic,0.343552,0.6613803686781569,0.13590437258513322,3,192.97643188647749,155.59770161793307,0.5692770684405765,0.6123101611299071
13254.0,descending_neuron,"DNp51,DNpe019","DNp51,DNpe019(PS296)_L",L,xn,,,0.364796989431963,0.6815232591372876,0.08064543714664088,3,197.50468306335176,209.63625476267987,0.5778809539838382,0.7045411948936082
13257.0,descending_neuron,DNp25,DNp25_R,R,xn,,,0.07962021653969682,0.31839536469414664,0.07691223452143925,3,184.01726663136444,156.89698136509114,0.3949857322741314,0.8631052216333002
13268.0,descending_neuron,DNg52,DNg52_R,R,xl,MX,,0.466558019916548,0.7707399826602255,0.25042846996182,3,187.2150975714575,128.31958112807916,0.6145425872171191,0.5134463994243212
13278.0,descending_neuron,DNge076,DNge076_R,R,fl,,,0.4039659943907667,0.7171788331975415,0.16557529613046537,3,192.93304086117587,131.4345029460468,0.5928048821212552,0.547174211262442
13295.0,descending_neuron,DNge033,DNge033_L,L,nt,LB,,0.4970646211778412,0.7955390197673717,0.06645945566128307,3,158.9667039668738,131.11673539991992,0.6243509587451693,0.464615990900067
13317.0,descending_neuron,DNg33,DNg33_L,L,xn,,,0.5608886584177338,0.8450713698208641,0.21199437968458737,3,178.3754205442218,241.2483643875296,0.6434943443513884,0.6521017451283307
13337.0,ascending_neuron,AN08B020,AN08B020_L,L,BA,T1,potentially male-specific,1.0467817199677794,1.154471255843499,0.1364599392869108,3,204.36267233915825,219.27733048430693,0.7521242685642543,0.5632579887791155
13341.0,ascending_neuron,AN09B017e,AN09B017e_R,R,BA,A9,male-specific,0.8208393528184903,1.0223136132730113,0.12683821144370205,3,221.07364478772064,199.3103439969877,0.707766678011741,0.5939584355195295
13348.0,descending_neuron,DNg20,DNg20_R,R,xn,MX,,0.2039690393597978,0.5096091117852363,0.05643886222983589,3,194.49543005516455,160.31587054063525,0.49970837973238524,0.7100367233901822
13364.0,descending_neuron,DNge022,DNge022_L,L,fl,,,0.5551670921614074,0.8407500792004331,0.18185002853183155,3,206.14343677613053,124.90696944106507,0.6418469746039255,0.5157777777506577
13366.0,descending_neuron,DNde001,DNde001(SAD041)_R,R,xl,,,0.310016,0.6282711442527154,0.06812856206765913,3,198.53271566213095,136.49890728132596,0.554844897862304,0.603829330024049
13377.0,descending_neuron,DNg86,DNg86_L,L,,,,0.08395938117084935,0.3269562727005222,0.23477586197737513,3,185.48098314186004,44.81763352020186,0.40026063211769386,0.575371640832127
13378.0,ascending_neuron,ANXXX057,ANXXX057_R,R,BA,A2,,0.9757657995786844,1.1146226278089397,0.14165562125452724,3,194.44176065644643,177.97182482313616,0.7390298286445415,0.5039222654417458
13381.0,ascending_neuron,ANXXX027,ANXXX027_L,L,CA,A4,,1.1268387068864436,1.1978044924552818,0.05304368381495786,3,218.18143374603673,174.01052652171134,0.7661097841060953,0.5119265781540195
13399.0,ascending_neuron,ANXXX093,ANXXX093_R,R,CA,A6,,0.3817644425939893,0.6971926456041,0.2589789213168261,3,227.43328802817746,205.41235742636954,0.5844864381198327,0.7405572092432435
13403.0,descending_neuron,DNp21,DNp21(PS236)_L,L,xn,,,1.0309388657542242,1.1457015894563005,0.012986224117490355,3,155.8919097836976,193.02340125136658,0.7492621562801549,0.46567854536697306
13410.0,descending_neuron,DNa14,DNa14(CL052)_R,R,xl,,,0.45863085395497916,0.7641642098993753,0.24718298396029068,3,162.47538994208,160.0501996558152,0.6119154049790656,0.5270754535243792
13432.0,descending_neuron,DNg66,DNg66_M,M,ad,LB,potentially sexually dimorphic,0.02087036031757393,0.16301217153699485,0.9495692422865686,3,205.6690886939993,456.4587123345378,0.2826233607703501,2.3427921854151292
13442.0,descending_neuron,DNg33,DNg33_R,R,xn,,,0.3717155344095185,0.6879556074359472,0.4048540418038971,3,187.8756445906209,166.36473364928128,0.5806016255950496,0.6101263975567528
13443.0,descending_neuron,DNge096,DNge096_L,L,it,MD,,0.16115200000000002,0.4529736185620096,0.39414440211217794,3,171.03390772417723,142.59319710888457,0.4711232037327229,0.665700823793405
13444.0,descending_neuron,DNg51,DNg51_L,L,xn,LB,,0.2376907434247954,0.5501247621639558,0.2344897314491949,3,183.17835781707493,265.08605447758003,0.5191927710016178,0.8633872375184866
13445.0,descending_neuron,DNge046,DNge046_L,L,fl,LB,,0.12125345957661955,0.3929181844467096,0.1290416925271139,3,173.77205164591737,125.35513820937084,0.4387823040858504,0.6817211794319813
13465.0,ascending_neuron,ANXXX102,ANXXX102_R,R,CA,A2,,1.536541493446208,1.3987084726926255,0.26022593103823033,3,219.13737418557372,167.7599398508333,0.8278690425540662,0.4673412027133985
13471.0,ascending_neuron,ANXXX068,ANXXX068_R,R,BA,A1,potentially male-specific,0.5455145657663963,0.833409093640576,0.28020384569406986,3,179.52238542145543,144.3286961153281,0.6390386967030105,0.5067785146777919
13489.0,ascending_neuron,AN08B018,AN08B018_c_L,L,BA,T2,,0.6557077967304776,0.9137139030289568,0.08866400860314246,3,225.57803161268373,347.32080350690325,0.6691186834069042,0.8561991307769177
13492.0,descending_neuron,DNge019,DNge019_L,L,fl,MX,,0.07014262144034841,0.29884504243711335,0.12412170034618873,3,169.9345646368879,119.14908937628671,0.3826670495276351,0.7554443330566872
13499.0,descending_neuron,DNge106,DNge106_R,R,xl,MX,,0.6441903801443584,0.9056537231954463,0.37090840307564854,3,201.52041963466243,200.3200673544559,0.6661608847461464,0.6032183759066663
13503.0,ascending_neuron,AN12B017,AN12B017_L,L,CA,T1,,0.898558215414551,1.0696166851318576,0.21813859143235842,3,206.40030319687708,185.8576837293719,0.7239559211130262,0.5418257872981862
13507.0,descending_neuron,DNg51,DNg51_R,R,xn,LB,,0.20205883461877527,0.5072172104727194,0.26005873371333127,3,184.6598672068389,253.32444261665043,0.49853428481061607,0.8785440102477031
13508.0,descending_neuron,DNg17,DNg17_R,R,xn,,,0.8041240500779903,1.0118510460694774,0.23394244601516737,3,355.27762041536573,147.35005672152062,0.7041356492708234,0.7138222268072761
13509.0,descending_neuron,DNa08,DNa08_L,L,wt,,sexually dimorphic,1.2007131666099233,1.2364446957352901,0.32442234245402224,3,178.31492233887994,254.63717249920387,0.7783687435337393,0.5562300624669378
13514.0,descending_neuron,DNae008,DNae008(PS012)_R,R,xl,,,0.23288230568983626,0.5445318731473872,0.13621517391259036,3,222.71667421437772,166.1964469440867,0.516546820571204,0.7529097182872974
13525.0,descending_neuron,DNge096,DNge096_R,R,it,MD,,0.196608,0.50032897218859,0.38919180973769923,3,177.83795499359948,146.70297910537258,0.4951375529814004,0.6554561094079715
13527.0,ascending_neuron,ANXXX027,ANXXX027_L,L,,A9,,0.7854767583153565,1.000050033827056,0.06602034955432301,3,220.67246724648197,175.0294773537942,0.7000175116204289,0.5652743510434322
13538.0,ascending_neuron,AN03A008,AN03A008_L,L,BA,T1,male-specific,0.8380127174557508,1.032952530785242,0.12170016737690252,3,247.588520087517,158.78357436409047,0.7114399061654952,0.5711966547418794
13539.0,descending_neuron,,,L,xn,,,0.20465281820586725,0.5104625951832381,0.2577620617478546,3,154.92981419564634,183.51059342575402,0.5001266555981461,0.67670939717586
13541.0,sensory_ascending,SAxx01,SAxx01_R,,abdomen,,,0.10941595842891666,0.3732461990386444,0.1290476848473614,3,303.2693248342236,224.80558067277198,0.4276571495122416,1.2348090195832901
13552.0,ascending_neuron,AN07B018,AN07B018_L,L,BA,T1,,1.1719727955208559,1.2215572473736016,0.1282579077657566,3,359.72308506390635,202.32029818144673,0.7736685667733082,0.7264653204012576
13568.0,descending_neuron,DNg41,DNg41_L,L,ut,,,0.38527281091440807,0.7003888765303867,0.24836317750773473,3,99.77058146756995,164.14104508679648,0.5858246747106931,0.4504959213005119
13570.0,descending_neuron,DNge063,DNge063_L,L,xl,GNG,sexually dimorphic,0.8971196391641925,1.0687601231999582,0.1767859659542323,3,196.44584655143075,127.76533875480179,0.7236659867424885,0.4480121924282187
13578.0,ascending_neuron,ANXXX109,ANXXX109_L,L,BA,T1,,1.149685226482612,1.2098862319885548,0.052842134623294665,3,182.06207160116787,212.9324766842351,0.7699638002363434,0.5130040505334897
13580.0,ascending_neuron,ANXXX027,ANXXX027_R,R,,A9,,0.5862789687375703,0.8639870179830393,0.13454513464076223,3,197.11295291420797,181.7758926495397,0.6506563138952002,0.5823179418570501
13585.0,descending_neuron,DNg34,DNg34_R,R,xl,TC,,1.2840063867277443,1.2786116326994192,0.12073198846406338,3,193.90768250723568,135.22505614339917,0.7915299741783095,0.41581841419500115
13586.0,descending_neuron,DNpe049,DNpe049_L,L,xl,DC,,0.21314075424317266,0.5209407230166273,0.18600556036563076,3,209.99458099536244,163.2012243042783,0.5052335640851143,0.7386599621017461
13615.0,descending_neuron,DNbe006,DNbe006_R,R,xn,,,0.23786982496774411,0.5503319613180424,0.3350579873300585,3,168.89971687745313,155.00202217085513,0.5192905362567671,0.6237389600494329
13622.0,descending_neuron,DNg73,DNg73_L,L,nt,,,0.5471796460608308,0.8346800365642153,0.20600855107218144,3,158.57032687466523,133.5128088774558,0.6395257758030285,0.4567183166079009
13624.0,descending_neuron,DNg62,DNg62_L,L,fl,,,0.21513370847270674,0.5233705618708187,0.3208076579862979,3,189.20421528450905,131.15324838930957,0.5064104810494162,0.6326043311938437
13625.0,descending_neuron,DNge137,DNge137_R,R,xn,MX,,0.2922733705583976,0.6100278790907722,0.2909775170335052,3,170.42498158880753,172.19384493752122,0.5467299706020133,0.6266691876230336
13627.0,descending_neuron,DNge082,DNge082_R,R,xl,LB,,0.2334326389697376,0.5451748957611275,0.21284757455183723,3,179.98919309904102,133.92387180630024,0.5168517185063357,0.6073561403888283
13633.0,descending_neuron,DNg43,DNg43_L,L,xl,MX,,0.8553940535679325,1.0436098578175657,0.04472953723106806,3,338.9530844866225,213.4639766723217,0.7151005735773165,0.7725026123185131
13638.0,descending_neuron,DNge002,DNge002_L,L,nt,,,0.8964807437597134,1.068379489717234,0.4034748270101696,3,150.36367432200777,137.06012979122366,0.7235371102862966,0.3972481853757309
13649.0,descending_neuron,DNg79,DNg79_R,R,xn,MD,,0.5268133048433477,0.8189991040405175,0.04910259227874638,3,334.91990446773247,178.24804392150688,0.6334899849088804,0.8100648165149004
13652.0,descending_neuron,DNge038,DNge038_R,R,xl,LB,,0.47923200000000005,0.7811383574646181,0.21730603028402415,3,177.02909283697582,120.61147598273844,0.6186742237702026,0.48109418072388993
13656.0,ascending_neuron,AN04B003,AN04B003(11443)_L,L,IA,T2,,0.9565302840258025,1.1035815254698715,0.1473970129196273,3,166.58995996410312,144.73145355236866,0.7353604201207983,0.4233589475285205
13657.0,ascending_neuron,AN12B019,AN12B019(13657)_L,L,CA,T1,,1.1491465680591948,1.2096027666757645,0.25654213182914215,3,192.79216075080393,178.78632646130058,0.769873597203544,0.4826486952686913
13685.0,descending_neuron,DNge008,DNge008_R,R,xn,LB,,0.24634705460806536,0.5600525079454796,0.28479616494657484,3,140.80214978484014,129.73161535202954,0.523856591915464,0.5164271468794008
13693.0,ascending_neuron,AN09B017e,AN09B017e_L,L,BA,A9,male-specific,0.7773273038136738,0.9948486630728985,0.0864386851818931,3,271.99722783356356,204.0344654081308,0.6981947041518721,0.6818036436124949
13700.0,descending_neuron,DNg51,DNg51_L,L,xn,LB,,0.19460088934307873,0.4977685684655464,0.2925755022392835,3,181.9643528532268,323.2363986270879,0.49386900950365137,1.0229448330601911
13714.0,ascending_neuron,ANXXX057,ANXXX057_L,L,BA,A2,,1.0735536947447117,1.1691411452624139,0.05980286470955298,3,183.1126390103205,215.7191490977265,0.7568878128088619,0.526936464504502
13734.0,ascending_neuron,ANXXX102,ANXXX102_L,L,CA,A2,,0.9258777381985047,1.0857551058430654,0.11355743599356176,3,182.64381273143928,169.71332507653648,0.7293970125131456,0.4830800397631535
13743.0,descending_neuron,DNg51,DNg51_R,R,xn,LB,,0.23452555709873568,0.5464496441111062,0.1455255893926935,3,163.56390777014792,251.47121135532527,0.5174556267105828,0.8020690039913427
13745.0,descending_neuron,DNpe035,DNpe035(SMP601)_L,L,xn,CG,,0.29251188766347513,0.6102767426981518,0.40900612199694353,3,195.10372353066847,152.53637911551868,0.546841479701471,0.635723725339872
13758.0,ascending_neuron,AN06B040,AN06B040_L,L,BA,T1,,1.2578225785035233,1.265507584809919,0.12363522130227123,3,154.8980085449469,137.4722988423158,0.7874634699824877,0.37128110513337803
13759.0,descending_neuron,DNge010,DNge010_L,L,ml,LB,sexually dimorphic,0.5868241629593164,0.864388645278218,0.2458434988107231,3,206.7000214260939,223.72449313330154,0.6508075262213298,0.6613699092548825
13771.0,ascending_neuron,AN06B004,AN06B004_L,L,BA,T1,potentially male-specific,1.3939667029677762,1.3322362892004809,0.18674979129510122,3,233.87891825213464,161.3119270595604,0.8079577846077328,0.4891231359365663
13780.0,ascending_neuron,AN19B036,AN19B036(12996)_R,R,BA,T2,,0.747904,0.9758385873009978,0.11800913955421065,3,263.12645593983285,272.5928545705712,0.6914917987781842,0.774729810905901
13785.0,ascending_neuron,AN09B004,AN09B004_b_L,L,CA,A8,,0.5071129553488376,0.803539836223231,0.17906359223821963,3,240.03878729247648,229.01705189506092,0.6274826848203727,0.7475199723189372
13792.0,ascending_neuron,AN12B019,AN12B019(13657)_R,R,CA,T1,,0.6579739660949873,0.9152914688984984,0.40789418089712703,3,214.88193250185364,163.99898784952714,0.6696960652118722,0.5657505546661887
13795.0,descending_neuron,DNge100,DNge100_R,R,fl,LB,,0.10626578180555664,0.36783392400244036,0.08677383589866533,3,204.4110235656527,168.97003361290197,0.4245451951926859,0.8794848261304438
13803.0,descending_neuron,DNg61,DNg61_L,L,fl,,,0.1998464339158171,0.5044327334104328,0.08868886453301819,3,126.12324340428255,116.07818069599767,0.4971639964550048,0.48716605753288966
13805.0,descending_neuron,DNg97,DNg97_L,L,xl,MX,,2.973245958302135,1.9456758029883274,0.13582003598537362,3,184.1469441355208,120.96788667863443,0.9764123839158741,0.3124856216903978
13815.0,descending_neuron,DNpe026,DNpe026(CL202)_R,R,xn,,,0.29573454954499756,0.6136293044054619,0.02413281164172849,3,234.23675140572905,169.61409000854536,0.548341462191832,0.7364951754696805
13826.0,descending_neuron,DNge137,DNge137_L,L,xn,MX,,0.182656,0.4822497716776503,0.18362772646984463,3,177.02437568786183,195.79363353633252,0.4861094404782206,0.7669425404646053
13827.0,ascending_neuron,AN08B018,AN08B018_b_R,R,BA,T1,,0.8435276035850098,1.0363458409045316,0.13010310840716052,3,222.18647279882427,222.61574244512155,0.7126075091122885,0.6241896269070278
13833.0,ascending_neuron,ANXXX120,ANXXX120_b_R,R,BA,A5,,1.0525440000000001,1.15764443737001,0.18265176666571828,3,223.62042740847892,189.77731033968126,0.7531572042484257,0.5488863884143405
13845.0,ascending_neuron,AN17A026,AN17A026_L,L,IA,T2,,0.8150011491563538,1.0186715329832627,0.3773972926351961,3,214.82367692653594,279.9470258181014,0.7065048132615932,0.7003076178073279
13852.0,descending_neuron,DNge069,DNge069_R,R,xl,,,0.38963894951992717,0.7043463059446249,0.31530502355166096,3,195.41214858122987,142.65565436881226,0.5874773952356517,0.5754566995968156
13854.0,descending_neuron,DNg89,DNg89_L,L,xn,LB,,0.19008964601009046,0.49196509464062166,0.07649705188674001,3,154.95952904721483,197.56930638186336,0.49098156418943534,0.7180082942850824
13857.0,descending_neuron,DNge139,DNge139_L,L,xn,MX,,0.4734437679134331,0.776406676630102,0.13262250122335026,3,166.25144825210336,152.99260862513884,0.6167975936632292,0.5175831750270237
13873.0,descending_neuron,DNa14,DNa14(CL052)_L,L,xl,,,0.31914833873114096,0.637457673503913,0.2720663040006841,3,167.34827027447722,146.15084116787014,0.5588866253695085,0.5609350755800913
13878.0,ascending_neuron,AN17B008,AN17B008_L,L,BA,T2,,0.505216,0.8020355290340447,0.15577726233293082,3,257.60318813052857,182.58393697201163,0.6268950543964132,0.7021703585241407
13883.0,ascending_neuron,AN17B005,AN17B005_R,R,IA,T2,,1.2205784340550128,1.2466309516812755,0.0838277345330875,3,194.06711769460205,173.00241005681448,0.781568401564332,0.46965758469343966
13888.0,descending_neuron,DNge172,DNge172_R,R,ad,LB,,0.9631311505968444,1.107382800889638,0.16207877022936165,3,206.7306547151737,158.22775024246053,0.7366258021790457,0.4954461327284959
13891.0,descending_neuron,DNg106,DNg106_R,R,lt,MX,,0.12188705877253264,0.3939434264214184,0.2584549334813393,3,195.33380526072332,218.52568759783432,0.4393543887871099,0.9419719101954711
13901.0,ascending_neuron,AN27X015,AN27X015_L,L,BA,T1,,0.40808460017396087,0.720825534050317,0.18448442656940695,3,183.65719507438445,182.46925489349294,0.5943101140689558,0.6160528675192577
13922.0,descending_neuron,DNb02,DNb02_R,R,ut,,,0.2880644382651796,0.6056195457803089,0.14367923361576754,3,171.30725206107542,172.6024256175292,0.5447509315571212,0.631315446667654
13929.0,ascending_neuron,AN08B018,AN08B018_b_L,L,BA,T1,,0.98688,1.1209525600614136,0.10465068347973261,3,221.8698502496752,223.00919386067733,0.7411253297722947,0.600275049628972
13952.0,descending_neuron,DNg63,DNg63_L,L,xl,,,0.3080127777811739,0.6262380130227762,0.2154398841164632,3,231.00912252194092,155.41930144163047,0.5539464111095588,0.6975917096196225
13964.0,descending_neuron,,,R,xl,,,0.4486637517173487,0.755815077235012,0.24282362741135832,3,181.0540551986016,118.43084127659746,0.6085633803024594,0.49211784042338097
13978.0,descending_neuron,DNg79,DNg79_R,R,xn,MD,,0.5878671525089284,0.8651564630893215,0.16418244732689416,3,334.24030450161473,198.76685318637703,0.6510965112130209,0.8186300318135271
13994.0,descending_neuron,DNge172,DNge172_R,R,ad,MX,,0.3158701777557074,0.6341753711088849,0.17521053435944542,3,180.67748080418707,214.96801472581998,0.557445900373618,0.7097468925053226
13996.0,descending_neuron,DNge131,DNge131_L,L,xl,MX,,0.6995776209512962,0.9437848757036408,0.2369317348121187,3,215.0104648374469,137.75275226667372,0.6800401378556886,0.5187388177063461
14010.0,ascending_neuron,AN17A026,AN17A026_R,R,IA,T2,,0.7361271569015834,0.9681250983837583,0.19608792736502184,3,205.11300651640465,262.903146592728,0.6887534378919945,0.6795118940408449
14014.0,ascending_neuron,AN17A002,AN17A002_R,R,IA,T3,,0.8872960000000001,1.0628924475624668,0.1164779103967513,3,274.9662658446717,168.86209581881977,0.721676727701267,0.6149960842955311
14016.0,ascending_neuron,AN08B020,AN08B020_R,R,BA,T1,potentially male-specific,1.1250645619134345,1.1968611826809017,0.13978260506326287,3,198.99694188515335,202.38554194106405,0.7658080565739968,0.5241293564106471
14024.0,ascending_neuron,AN17B008,AN17B008_R,R,BA,T2,,0.32873445431436144,0.6469603596434481,0.0738702603393191,3,245.55496909472163,195.03863485977837,0.5630369226127977,0.7825305699489581
14026.0,ascending_neuron,AN05B004,AN05B004_L,L,BA,A8,,0.5389289723046007,0.8283632532540895,0.22276989448410417,3,219.8974585695149,155.1675533840668,0.6371012432059004,0.588705509451293
14029.0,descending_neuron,DNp65,DNp65_R,R,xn,,,0.20517754908379537,0.5111165905987871,0.27015907078483314,3,295.59025457688665,156.94798684145434,0.500446929647296,0.9042681943063973
14034.0,ascending_neuron,AN06B004,AN06B004_R,R,BA,T1,potentially male-specific,0.8779224460497926,1.0572632479762163,0.19107617859794215,3,241.4550417369415,157.24684042801843,0.7197631495904372,0.553934835913496
14046.0,descending_neuron,DNg42,DNg42_L,L,xn,MX,,0.2898315816462235,0.607474304859975,0.2857579613013937,3,181.9645585575284,178.72505607429628,0.5455844658541771,0.6611068261760759
14048.0,descending_neuron,DNg52,DNg52_L,L,xl,MD,,0.23273710725951494,0.5443620931788725,0.3563949919101462,3,9.290887357410242,118.94816831647405,0.5164662870484844,0.24830092280901497
14063.0,ascending_neuron,AN27X003,AN27X003_L,L,BA,T1,,1.1740160000000002,1.2226216084103032,0.07877635328007278,3,195.10328002960185,22.15063409348868,0.7740055478619313,0.28068779962006773
14067.0,descending_neuron,DNpe003,DNpe003(VES081)_L,L,xl,,,0.15590314538748254,0.4455356886445105,0.10728870783574877,3,209.19006580617886,165.54165199910017,0.4672392186405269,0.8020125512913779
14081.0,ascending_neuron,AN08B022,AN08B022_L,L,BA,T3,,0.1673614854820778,0.46161809061322684,0.6065951494455246,3,176.78534811034396,166.1905487433098,0.47559737635996385,0.7211475796579387
14085.0,ascending_neuron,AN09B012,AN09B012(14085)_L,L,CA,A5,,0.598254062910429,0.8727661374595351,0.23321217559253118,3,232.1426992075938,164.5557586096016,0.6539536737072223,0.6066155352692442
14095.0,ascending_neuron,ANXXX250,ANXXX250(hb1722993253)_R,R,BA,T1,,0.7969902377772536,1.0073527125619306,0.26865889866457604,3,375.8382548236222,147.06462078187772,0.70256873624959,0.7442729068714734
14096.0,descending_neuron,DNpe003,DNpe003(VES081)_R,R,xl,,,0.2708849669486143,0.5872831105976515,0.38483198379980127,3,177.02194835282097,162.60125769474658,0.5364407928120766,0.6331047351325177
14098.0,descending_neuron,DNge044,DNge044_L,L,fl,,,0.26137600000000005,0.5768832284307613,0.05901209837328942,3,175.40188588931588,122.508808744167,0.5316698053595605,0.5603302870134034
14113.0,ascending_neuron,AN19A018,AN19A018(14113)_R,R,BA,T1,,2.0340555752536784,1.6092979819169642,0.23600295163650117,3,185.68843874705445,122.14576611025923,0.8880067630031386,0.34665750046345717
14114.0,descending_neuron,DNg69,DNg69_R,R,xl,LB,,0.4951112566932244,0.7939743264522697,0.3913577073282267,3,105.98785240771107,19.880154687870068,0.6237366591451974,0.20179671220235393
14115.0,ascending_neuron,AN10B018,AN10B018_L,L,BA,T3,,0.3679778588553395,0.6844881017823411,0.19924885860617425,3,165.98837455613483,521.2005936383775,0.5791365727299107,1.1865749817098732
14119.0,ascending_neuron,AN09B023,AN09B023(14119)_R,R,BA,A1,,0.7843428204092998,0.9993279219426576,0.19182988914776733,3,184.74135935428674,143.54064878563454,0.6997647331438633,0.4691319704910456
14121.0,ascending_neuron,AN08B010,AN08B010_R,R,BA,T2,,1.7408916673056871,1.488815674928744,0.05921820036723788,3,188.03017344893834,213.44746391532658,0.8541192426793137,0.4700486973046725
14141.0,descending_neuron,DNg42,DNg42_R,R,xn,MX,,0.48797386386872177,0.7882306897570467,0.1512772222433518,3,201.28328026011246,178.05607572899316,0.6214764983335677,0.6103840724569141
14151.0,descending_neuron,DNp24,DNp24_R,R,xn,,,0.14857031387772512,0.4349317174026688,0.016856167431373116,3,169.47667159001935,157.68662779532536,0.461645471685045,0.7086895019053712
14152.0,descending_neuron,DNpe041,DNpe041(SMP290)_R,R,xl,,sexually dimorphic,0.16792987245493585,0.46240129146873765,0.5456952055461015,3,301.68120849431307,154.61585548595596,0.4760006647260919,0.9586059385922054
14154.0,descending_neuron,DNg76,DNg76_R,R,xn,LB,,0.9967685519860676,1.1265545425486811,0.1538196538810081,3,179.56724965007672,162.5059850755088,0.7429749160293728,0.4604102067855841
14157.0,descending_neuron,DNge173,DNge173_R,R,fl,,,0.08509096555818316,0.3291522174441128,0.07288442391198312,3,194.67643212369504,163.79191234037975,0.4016025230842247,0.8925948515241181
14193.0,ascending_neuron,AN10B019,AN10B019_L,L,BA,T2,,1.9969450836657399,1.5945499205693399,0.0045611082792841205,3,219.84571797315456,180.54904832762898,0.8839284253145027,0.4529719317017355
14196.0,ascending_neuron,AN10B019,AN10B019_L,L,BA,T1,,1.810816,1.5184210678988712,0.08300771742751477,3,218.74664094145402,189.49802442931488,0.8625696048844098,0.47328895321494246
14213.0,descending_neuron,DNge060,DNge060_L,L,xl,,,0.9993306613829804,1.128001470007533,0.136251469490557,3,206.58663041893433,21.37538394633146,0.7434518950837983,0.3066264486952058
14214.0,descending_neuron,DNg106,DNg106_L,L,lt,MX,,0.1437880987616875,0.42787462346540905,0.1087486645436828,3,105.10481533242442,235.28359497271842,0.45788488236460745,0.7433929867859148
14234.0,descending_neuron,DNg64,DNg64_L,L,xl,MD,,0.05287962466165733,0.25947722295025216,0.1945111895771769,3,204.54147625706847,209.19129808582792,0.3565723478420944,1.1603052700152594
14239.0,descending_neuron,DNae004,DNae004(DNa05)_L,L,ut,,,2.2692844421011253,1.699806662516483,0.06465602655530733,3,186.70584316087792,172.80289638820253,0.9126364361743818,0.39392328127515985
14246.0,ascending_neuron,AN17B012,AN17B012_R,R,BA,T1,,0.5306662134881198,0.8219885693049183,0.19463058930391722,3,194.16740973868312,159.07621205000248,0.6346450968528866,0.5566002534965915
14247.0,descending_neuron,DNge127,DNge127_R,R,xl,MD,,0.4207463944588033,0.731922774430259,0.38277001952232925,3,164.60808097804846,144.57761321876936,0.5988673972348361,0.5162840649272743
14249.0,descending_neuron,DNge077,DNge077_L,L,fl,,,0.12060941664703438,0.3918732942450195,0.029505325275364938,3,207.49043816547228,158.48799455210138,0.43819848719508325,0.8351887179259986
14264.0,descending_neuron,DNde003,DNde003(LAL107)_R,R,xl,,,0.08571306224427536,0.3303532357186135,0.23947714780617352,3,211.0218092311656,172.53665500858267,0.4023345442565436,0.953332170242824
14265.0,descending_neuron,DNge133,DNge133_R,R,xn,LB,,0.49453032581234857,0.7935083911938464,0.27668739961122735,3,205.97781978866288,162.87501631725522,0.6235536157260133,0.5915334733108024
14271.0,descending_neuron,DNae006,DNae006(PS045)_L,L,xn,,,0.3734792900368326,0.6895858186002004,0.30717500528780806,3,193.80552654958848,183.26856963789152,0.5812891286735872,0.6486859595119306
14278.0,descending_neuron,DNg73,DNg73_R,R,nt,,,0.3367154840521992,0.6547667291638313,0.3248871598968103,3,183.82146074560308,122.71679464766939,0.5664236023421669,0.5411819954637022
14306.0,descending_neuron,DNg89,DNg89_R,R,xn,LB,,0.262016,0.577589068935111,0.2139928072528361,3,181.8578865090389,172.02257222869721,0.5319949659331414,0.665195126643755
14320.0,ascending_neuron,AN09B017g,AN09B017g_R,R,BA,A10,male-specific,0.582016,0.8608401633686595,0.06523018522841868,3,222.77000766263518,211.85814159138266,0.6494703072894427,0.6692040334652615
14328.0,descending_neuron,DNpe040,DNpe040(CL320)_L,L,xn,,,0.27252106536877574,0.5890539849630775,0.25977310101114753,3,171.32855923310765,152.34436777852503,0.5372489670831466,0.6024635631575627
14332.0,descending_neuron,DNae006,DNae006(PS045)_R,R,xn,,,0.39531070086654707,0.7094541682168486,0.29660494903664664,3,193.73357895241853,188.94331828119564,0.5896037164284633,0.649040849931692
14357.0,descending_neuron,DNg05_a,DNg05_a_R,R,ut,LB,,0.2606019901931927,0.5760284362344085,0.1329982888612448,3,148.61930724798793,184.39939300057924,0.5312757605564742,0.6268283346858387
14364.0,ascending_neuron,AN10B019,AN10B019_L,L,BA,T3,,1.4541054725310105,1.3606706397369983,0.08917980980524176,3,219.56209903369762,182.22360470288763,0.8165345145620785,0.4920621193239698
14375.0,descending_neuron,DNpe003,DNpe003(VES081)_L,L,xl,,,0.178048,0.4761278761645933,0.09875843906408889,3,172.54836518905006,156.96193960243713,0.48301413987651615,0.6821959805891551
14379.0,ascending_neuron,AN04B003,AN04B003(14379)_R,R,IA,T1,,0.8794172341861726,1.058162935888164,0.2956067525299902,3,156.4996361874169,327.1971521449069,0.720069329012978,0.6717364132080759
14387.0,descending_neuron,DNge151,DNge151_M,M,ad,LB,,0.022048076761390728,0.16754845035976623,0.1558065064317441,3,157.6734070238982,153.36288071817887,0.28652877809442706,1.0855324544034923
14399.0,descending_neuron,DNpe028,DNpe028(IB046)_R,R,xn,,,0.14989139773121138,0.43686113927311593,0.40687470937130615,3,165.46969564736696,160.3304252306305,0.4626683026141155,0.7041764457111043
14421.0,descending_neuron,DNge131,DNge131_R,R,xl,MX,,0.5494073504528545,0.8363774056995708,0.10588032758503024,3,214.92503937050662,159.7944009551599,0.6401757015013845,0.5853384304447177
14432.0,descending_neuron,DNge113,DNge113_R,R,nt,LB,,0.6096138669189293,0.8810133270161693,0.08460714536704209,3,160.46363997342877,158.7482576969379,0.657036171179276,0.48583611020597506
14446.0,descending_neuron,DNpe014,DNpe014_R,R,xn,,,0.23193600971632586,0.5434244192331672,0.36844905673242534,3,198.73722345320056,237.79238559982312,0.5160212838868683,0.8459527207190309
14469.0,ascending_neuron,AN10B018,AN10B018_R,R,BA,T3,,0.30797057728902977,0.6261951114623217,0.4697025088602086,3,208.44627551617,521.1172506951582,0.5539274362373988,1.3170741842414468
14484.0,ascending_neuron,AN06B040,AN06B040_R,R,BA,T1,,0.9605656634100359,1.10590695267207,0.03242727777827192,3,155.2877948080724,136.74387042246826,0.7361347748947297,0.39670950916875564
14498.0,ascending_neuron,AN04B003,AN04B003(14379)_L,L,IA,T1,,0.6489373783733814,0.9089844510230932,0.08400108348107785,3,157.9969225586104,287.3474111122429,0.6673847323705537,0.6672977550579979
14501.0,descending_neuron,DNp28,DNp28_R,R,xn,,,1.978850046300996,1.587309085229287,0.10425757761232216,3,193.59551990531003,216.7681637583937,0.8819191866392014,0.4653075813301089
14502.0,ascending_neuron,ANXXX098,ANXXX098(14502)(hb2034132170)_L,L,BA,A1,,0.5281160380254973,0.820011112011857,0.11518187444079629,3,463.21213261342143,551.2647156578126,0.6338812545625638,1.6004209636571696
14521.0,ascending_neuron,AN07B037_b,AN07B037_b_L,L,BA,T1,,0.7297954620698109,0.9639525101764889,0.24394727849719755,3,180.8918586645802,151.58125942157838,0.687267582522615,0.4837608037117309
14527.0,ascending_neuron,AN05B103,AN05B103_R,R,BA,T2,potentially sexually dimorphic,0.5115981058542937,0.8070854597781405,0.22401105932525087,3,215.2117269427034,263.3676851481015,0.62886554627463,0.7610202449885939
14534.0,ascending_neuron,ANXXX098,ANXXX098(14502)_R,R,BA,A1,,0.7702650005241815,0.9903190690847262,0.2552866958727082,3,320.91676774277477,587.4826046017699,0.6966034337063778,1.3040409053272626
14537.0,descending_neuron,DNge078,DNge078_L,L,fl,,,0.24835246022096327,0.5623274609919,0.06097739818320748,3,191.65148620833995,131.24371057408072,0.5249194756208145,0.6151328189919745
14554.0,descending_neuron,DNg72,DNg72_L,L,xl,MX,,0.24842515487042582,0.5624097537276388,0.30505043954528993,3,203.07329120922904,139.27372378991356,0.5249578833835558,0.6521418685868364
14561.0,ascending_neuron,AN06B025,AN06B025_L,L,CA,T3,,1.19424,1.2331072921301376,0.10011597225274334,3,147.52463332147045,172.74993471648762,0.7773175497464131,0.41202539186519366
14567.0,ascending_neuron,AN27X009,AN27X009_L,L,BA,T2,,0.4351664928969162,0.744359581989825,0.1563356743506933,3,176.2832778230716,203.65729878183416,0.6039339327898493,0.629109503501128
14569.0,descending_neuron,DNg04,DNg04_R,R,ut,LB,,0.5356715072188327,0.825856008017684,0.08620968221893904,3,169.84120139632262,226.11950931786646,0.6361363406760103,0.622446298687179
14579.0,ascending_neuron,AN27X022,AN27X022_R,R,XA,T1,,0.31023461499885585,0.6284926252250155,0.14505165225073818,3,243.85567547122892,240.48514483344866,0.5549426874554322,0.8727762906932174
14587.0,ascending_neuron,AN08B018,AN08B018_f_L,L,BA,A1,,0.7420606201132695,0.9720189947315391,0.11219892023627495,3,349.82488499181477,324.9037800500482,0.6901371656550993,0.9776732780379822
14600.0,ascending_neuron,AN12B004,AN12B004_R,R,BA,T3,,0.7081220211810049,0.9495309156975595,0.10528647483052242,3,330.04527726545786,187.80818161064593,0.6821071387192807,0.7591966561857446
14628.0,ascending_neuron,AN09B023,AN09B023(14119)_L,L,BA,A1,,0.6059542121354641,0.8783648815781017,0.03735601978130264,3,183.76892912668728,140.8095563795691,0.656047857990002,0.4947481827022487
14642.0,ascending_neuron,AN09B002,AN09B002_L,L,BA,T2,,0.0895477376578376,0.3376621399084134,0.6049602882394134,3,225.99613145394696,190.53018321211098,0.40676092309257356,1.0240076935100815
14656.0,ascending_neuron,AN06B025,AN06B025_R,R,CA,T3,,1.9486911917748089,1.5751668755547075,0.07649373818696042,3,143.3102358843585,157.5560417204703,0.8785395659967777,0.3424618415033709
14686.0,descending_neuron,DNg11,DNg11_L,L,xn,LB,,0.707722908663544,0.9492632901494801,0.4650928008124139,3,159.27449671621852,192.70538147092967,0.6820110059033103,0.5160911996148181
14700.0,ascending_neuron,AN01A086,AN01A086_R,R,XA,T1,,0.01643393156820303,0.14465245088869957,0.4435905689294879,3,258.2721558267216,200.5549773600633,0.26623241901666067,1.723408196798421
14707.0,sensory_descending,DNx02,DNx02_R,,,,,0.8480058098914459,1.0390931292809886,0.09690259708865602,3,149.72421497703638,194.14476213537637,0.7135514230577109,0.48191197718990625
14716.0,ascending_neuron,AN27X018,AN27X018_R,R,BA,T2,,0.3885061216023918,0.7033216599791685,0.5311455100282669,3,234.19966586389492,1.5360000000000014,0.5870499241033871,0.40155982683063735
14758.0,ascending_neuron,AN08B018,AN08B018_g_R,R,BA,A2,,0.6569593098466068,0.9145854648848408,0.1844573406822734,3,356.8074640938368,193.68915007043503,0.6694377325738159,0.822326838446578
14793.0,descending_neuron,DNge121,DNge121_R,R,xl,LB,,0.8615400740406179,1.047352324503352,0.17016923381178084,3,187.86184360452006,154.62083210844264,0.7163816294452576,0.4780729455306804
14794.0,ascending_neuron,AN09B012,AN09B012(14794)_R,R,CA,A4,potentially sexually dimorphic,0.5535578632455528,0.8395306794771333,0.28497725982119565,3,218.279861304037,177.89303046179816,0.6413813475178362,0.6176869553488503
14801.0,descending_neuron,DNge111,DNge111_L,L,xn,LB,,0.05875140212580145,0.27350431165743605,0.5385499385888014,3,170.6317693198019,249.04060405201025,0.36608347779180594,1.1463843599368406
14804.0,descending_neuron,DNg63,DNg63_R,R,xl,,,0.3071597946992614,0.6253702880404806,0.23125984633081978,3,229.3094628821684,167.3593148895367,0.5535624997593637,0.7165745113589505
14826.0,ascending_neuron,AN27X021,AN27X021_L,L,XA,T1,,0.30669465511995153,0.6248966018931731,0.2642369185693912,3,213.75336733251203,120.66290847647021,0.5533528123427717,0.6043454887183798
14832.0,descending_neuron,"DNp51,DNpe019","DNp51,DNpe019(PS296)_R",R,xn,,,0.6140883929093937,0.8842407058121132,0.3059437977142554,3,176.6315202459528,182.91618174385528,0.6582385174448054,0.5462270779679143
14842.0,descending_neuron,DNge184,DNge184_L,L,xn,LB,,0.4165241226736824,0.7282410207645903,0.2446683375467798,3,139.95362968896063,181.02284376031665,0.5973592722764494,0.5373256737542259
14846.0,descending_neuron,DNp39,DNp39(PS297)_R,R,xn,,,0.19226917887497022,0.4947774467145513,0.3066026895955107,3,187.1193854497511,169.71175322272987,0.4923829291213599,0.724702497930287
14854.0,descending_neuron,DNg72,DNg72_R,R,xl,MX,,0.1755184104117246,0.47273352003561553,0.07939001461855658,3,225.74859101504677,127.04640188333886,0.4812893358650819,0.7330205899207446
14863.0,ascending_neuron,AN19A018,AN19A018(14863)_R,R,BA,A1,,0.5907383591365901,0.8672666484102044,0.18494917051343823,3,217.81903935796015,152.6448040383617,0.6518900656713524,0.5682918990563197
14885.0,descending_neuron,DNpe040,DNpe040(CL320)_R,R,xn,,,0.2869721167963816,0.6044702203926269,0.1863186237224576,3,169.68279761844664,155.7624610802357,0.5442337806424616,0.5979879791998541
14887.0,descending_neuron,DNge072,DNge072_R,R,nt,LB,,0.08644103049622744,0.3317531285692042,0.24468721796266926,3,160.9512055197216,153.3646888793687,0.40318610218968365,0.7795801806958531
14899.0,ascending_neuron,AN05B006,AN05B006_L,L,BA,T1,,0.4954901744859236,0.7942780899554033,0.05896644813808512,3,251.1830815427631,158.29998590043743,0.6238559642082038,0.6563743731502436
14936.0,descending_neuron,DNge052,DNge052_R,R,xl,LB,,0.13740492208157815,0.4182695069396275,0.41857484984718185,3,190.099777068647,125.27579079622248,0.45271631117115435,0.6966295670880704
14950.0,ascending_neuron,ANXXX094,ANXXX094_L,L,BA,A1,,0.49867991698098346,0.7968305908193009,0.0983985729914838,3,170.8533949201855,160.6254380860487,0.6248575753733465,0.5304870198751751
14952.0,descending_neuron,DNg09_b,DNg09_b_L,L,nt,LB,,0.1757546138707748,0.4730515030627528,0.6145455599159699,3,160.96312147838225,215.7682765292316,0.48145117769172485,0.7824913832671866
14964.0,descending_neuron,DNge113,DNge113_L,L,nt,LB,,0.3080393298525859,0.626265004692128,0.20673394480389148,3,143.60606200608217,174.42384401856017,0.5539583488847719,0.5741043648225533
14968.0,ascending_neuron,AN06B037,AN06B037_R,R,BA,T1,,0.9758968252046468,1.114697460942679,0.19267266025589863,3,166.2588127422527,188.20028770342066,0.7390546365877915,0.47961149676593295
14970.0,descending_neuron,DNge052,DNge052_L,L,xl,LB,,0.387492913453355,0.7024039441186614,0.3580595075549508,3,179.75115336507966,131.03574871399132,0.5866667986328731,0.5297502821078452
14973.0,ascending_neuron,AN19A018,AN19A018(14113)_L,L,BA,T1,,1.08016409049684,1.172735108549014,0.18896132469882035,3,190.4751182605622,78.97346441878821,0.75805026428926,0.355449493750896
14976.0,ascending_neuron,ANXXX094,ANXXX094_R,R,BA,A1,,0.339712,0.6576737429919729,0.03449828901966608,3,170.22770431406502,166.2193879823386,0.5676796051172409,0.5926707411426528
14989.0,descending_neuron,DNge127,DNge127_L,L,xl,MD,,0.1550697033211686,0.4443431989564614,0.24007258038662738,3,166.0144983947718,148.71775666058141,0.466613509757986,0.6745030919027449
14994.0,ascending_neuron,ANXXX027,ANXXX027(14994)_R,R,CA,A3,,0.6701000407471083,0.9236871065506231,0.13115608927628486,3,191.6150524204343,146.7452929986739,0.6727604939425362,0.5029432442387278
15014.0,descending_neuron,DNge121,DNge121_L,L,xl,LB,,0.6611979105044651,0.9175311038599977,0.18805726369647296,3,182.77153224097353,140.55362541332354,0.6705149072849901,0.48220427934031546
15024.0,descending_neuron,DNp21,DNp21(PS236)_R,R,xn,,,0.31012663467952495,0.6283832390743777,0.14731814819623928,3,155.69462332382875,203.8640443560599,0.5548943927869924,0.6479767544126412
15028.0,descending_neuron,DNp41,DNp41(PS295)_R,R,xn,,,0.5484800000000001,0.8356712424729849,0.22368298522851182,3,179.78958507288155,233.28644801321508,0.6399053905162564,0.6455267281821759
15047.0,descending_neuron,DNge184,DNge184_R,R,xn,LB,,0.18806864749460717,0.48934286457962317,0.5235103054797015,3,140.99541511975715,186.04993459100936,0.48967132205594327,0.6678874889744977
15063.0,descending_neuron,DNg50,DNg50_L,L,xn,LB,,0.7667200000000001,0.9880375619071089,0.23703643687841644,3,205.65267566575048,203.59461019453155,0.6958005499670744,0.5881675228334439
15064.0,descending_neuron,DNg05_a,DNg05_a_L,L,ut,LB,,0.21913131480834608,0.5282108059324384,0.25929712140658756,3,149.81925952192594,180.69327989704803,0.5087467885961491,0.6496601980152051
15065.0,descending_neuron,DNge016,DNge016_R,R,ut,LB,,0.9059437089607928,1.0740034243674108,0.22479513012182623,3,185.69106626873852,176.64325868365924,0.7254389553505045,0.49946907631577575
15070.0,ascending_neuron,AN08B012,AN08B012_L,L,CA,T2,,0.3456,0.6633487669849641,0.16067256302849603,3,189.8135404290097,170.52788932061097,0.5701235794304884,0.6320409166545528
15072.0,descending_neuron,DNpe004,DNpe004_L,L,ut,,,0.6246275553826486,0.8917962234975214,0.17454223866652932,3,144.92839537710617,207.44464422745395,0.6610447409319474,0.5330547507386278
15087.0,ascending_neuron,AN10B019,AN10B019_R,R,BA,T1,,1.4002415342483532,1.3352314007637924,0.03772733764361951,3,231.56803636640686,182.23973522458772,0.8088654933759125,0.5115903385418388
15100.0,ascending_neuron,AN10B019,AN10B019_R,R,BA,T2,,2.082888160364539,1.6285010202750279,0.02530252934243257,3,234.14975896854997,187.2750375433124,0.8932891468806522,0.4717675099753191
15105.0,descending_neuron,DNg55,DNg55_M,M,xn,MD,,0.7532983919416623,0.9793514699052288,0.18627743152706025,3,195.684867341837,154.58854487925433,0.6927353176023019,0.505638161243834
15144.0,ascending_neuron,AN09B011,AN09B011_L,L,CA,T3,,0.4129706532593393,0.7251279656342761,0.04126450299180068,3,296.0447977492107,233.46985068084135,0.5960811212920564,0.8883264869759406
15148.0,descending_neuron,DNg62,DNg62_R,R,fl,,,0.18279453983847208,0.4824326239839194,0.04198433826160632,3,179.87103494204808,142.20763363410896,0.4862015896231937,0.6624385346534305
15156.0,descending_neuron,DNge147,DNge147_R,R,fl,MX,,0.1365694745868454,0.4169959899659413,0.3828665097460144,3,192.36680607707254,123.08390388527071,0.45202658669962237,0.69785875265776
15171.0,ascending_neuron,AN09B004,AN09B004_c_R,R,BA,A3,,0.5911963274038109,0.8676027563077059,0.22006983415823844,3,231.67586009956293,219.1018109689468,0.6520163729468578,0.691359434781019
15188.0,ascending_neuron,AN04B001,AN04B001_R,R,IA,T1,,0.7958417217701973,1.0066266197095795,0.1360424386615068,3,193.91903142866994,139.36772075423704,0.7023154872688583,0.47455418287724466
15190.0,ascending_neuron,AN17A012,AN17A012_L,L,BA,T3,,0.8506362069451505,1.0407034432854008,0.25893481536734547,3,174.51307862019576,152.12771636576332,0.7141041151049659,0.45741340523985957
15192.0,ascending_neuron,AN05B097,AN05B097_R,R,BA,T1,,0.9109792189926994,1.0769841066856365,0.1090973801299303,3,169.82490876881513,230.29308781340563,0.7264449134490253,0.550789177781609
15201.0,descending_neuron,DNg72,DNg72_R,R,xl,MX,,0.14953975604212202,0.43634840540888736,0.35656706440393904,3,237.99701916368502,143.85891166617523,0.462396711331682,0.8258188725653609
15207.0,ascending_neuron,AN09B002,AN09B002_R,R,BA,T2,,0.22091404356811417,0.5303550662134469,0.3623054311936208,3,214.26000149211148,200.44266228209486,0.5097783660029023,0.8134960042063563
15254.0,descending_neuron,DNge057,DNge057_R,R,fl,,,0.10656695653703441,0.36835480616523186,0.3761999645221591,3,215.3672619620379,154.2759697556477,0.4248456837734892,0.8700646983970882
15286.0,descending_neuron,DNg47,DNg47_R,R,fl,,,0.16502144845910485,0.4583795740514708,0.1403007826143363,3,192.8921845332908,146.70491470003788,0.4739261453910521,0.716561224857337
15291.0,ascending_neuron,AN05B099,AN05B099_L,L,BA,A7,,0.714442964100247,0.9537594216311778,0.0848827308113281,3,228.99325677305941,130.21535029921964,0.6836242510321566,0.5254474318749444
15303.0,sensory_descending,DNx02,DNx02_R,,,,,1.1850543446577277,1.2283558337381038,0.09670776920534774,3,161.71390706821353,189.38968553326572,0.7758185087581184,0.45255892794244346
15306.0,descending_neuron,DNpe020,DNpe020(PS133)_M,M,xl,,,0.0007781128324801861,0.03147576891165107,0.9824511703667826,3,167.01037715933364,216.4080149073993,0.12418988190150203,3.087356121095527
15326.0,descending_neuron,DNg109,DNg109_L,L,xl,LB,,0.5830408683323391,0.8615977540345967,0.25164968185006686,3,163.449608000056,120.09693620969225,0.6497560307353464,0.43638924580484617
15344.0,ascending_neuron,AN07B037_b,AN07B037_b_R,R,BA,T1,,1.1543977954067874,1.2123633628030062,0.2641680486870413,3,200.6289261140318,154.18230255024926,0.7707516122418901,0.46034445212802005
15347.0,descending_neuron,DNge082,DNge082_L,L,xl,LB,,0.3412701305290911,0.6591802679287128,0.3929707541158905,3,181.91945626976977,145.90803073060897,0.5683294214494523,0.5768265281151488
15354.0,ascending_neuron,AN17B009,AN17B009_R,R,BA,T2,,0.3873825458991633,0.7023039059972535,0.14904990199392373,3,229.41345627244866,190.22216404711236,0.5866250198710026,0.7153387702621989
15394.0,descending_neuron,DNge147,DNge147_L,L,fl,MX,,0.15874222431679103,0.44957410670473236,0.17331884149603044,3,200.9536455623692,135.3638959646322,0.4693520131898007,0.7165571512974385
15430.0,sensory_descending,DNx02,DNx02_L,,,,,1.066565396533381,1.1653296700558347,0.21445862327029988,3,168.735652203818,68.55618029653962,0.755653054203686,0.31402219733025216
15442.0,descending_neuron,DNg46,DNg46_L,L,xn,MX,,0.14720000000000003,0.43292131038448084,0.5014493644195239,3,163.81013195168828,162.63617910126192,0.46057729219794974,0.7087763912439002
15443.0,ascending_neuron,ANXXX027,ANXXX027(15443)_R,R,BA,A6,,1.0586971007190733,1.1610232618393095,0.208431176544189,3,188.3164676949056,175.59148985095192,0.7542555258672365,0.48247304138400476
15448.0,descending_neuron,DNge097,DNge097_L,L,ut,MD,,0.1450223294363265,0.42970706848729073,0.3987903245695378,3,173.14132500999642,204.0652729226995,0.4588643193349995,0.822043863596445
15450.0,descending_neuron,DNge057,DNge057_L,L,fl,,,0.0964952274095025,0.3505161043604002,0.47162008179615744,3,200.07365162654173,164.54340088528733,0.4144308037979273,0.8798020059570982
15454.0,descending_neuron,DNg58,DNg58_R,R,xn,,,0.14635025657697504,0.43166993647454993,0.40543207525747926,3,147.11433099037907,121.04257949961747,0.4599111532378068,0.5830624210831877
15457.0,descending_neuron,DNpe004,DNpe004_R,R,ut,,,0.34864450122934404,0.6662641863552834,0.17174484574182083,3,149.90830754667655,226.133341717267,0.5713750531079291,0.6581345251573516
15483.0,descending_neuron,DNge175,DNge175_R,R,ut,LB,potentially sexually dimorphic,0.36557868101271407,0.6822530567007445,0.27147704066665473,3,187.7477198692775,218.75622099494026,0.5781902781812963,0.7030625664320752
15485.0,descending_neuron,DNge145,DNge145_L,L,xn,LB,,0.11126051856319945,0.3763791864628093,0.16665808522653972,3,144.79801850777488,176.4944459414328,0.42944825225721495,0.748151756959001
15491.0,descending_neuron,DNpe028,DNpe028(IB046)_L,L,xn,,,0.16941934660622082,0.4644474262413706,0.08351984456302981,3,202.07991057419216,151.54411941941387,0.4770526583704062,0.7412683354528875
15492.0,ascending_neuron,AN10B020,AN10B020(15492)_R,R,BA,T2,,0.7976624578668106,1.0077774480046022,0.11482285503450924,3,370.300951441286,198.46564638448302,0.7027168345231635,0.8093823427635856
15502.0,descending_neuron,DNp41,DNp41(hb1344695030)_L,L,xn,,,0.3497260004059425,0.6672967657189053,0.3807631291937602,3,184.0761543486191,229.24897562111,0.5718176415626433,0.722826824370456
15503.0,descending_neuron,DNge019,DNge019_L,L,fl,MX,,0.10555573961423098,0.36660297577980305,0.11820620730327044,3,170.33927879181715,121.48023959926827,0.4238342342615843,0.6885227638571987
15509.0,descending_neuron,DNge091,DNge091_R,R,ut,LB,,0.32481184585514566,0.6430888637981484,0.12302708138516844,3,156.17572237833542,317.94689305616987,0.5613497512790868,0.8446117849953144
15514.0,ascending_neuron,AN27X013,AN27X013_R,R,XA,T1,,1.338263756558633,1.3053468259954066,0.1328565393900428,3,134.64950217740346,267.24826554788,0.799762430186458,0.5025214395624764
15533.0,ascending_neuron,AN17A050,AN17A050_L,L,BA,T1,,0.791552,1.0039100099681284,0.040715038856646305,3,210.04365585293132,142.12764184347253,0.7013671683821412,0.5021211621706857
15537.0,ascending_neuron,AN12B017,AN12B017_R,R,CA,T1,,0.8604662047048017,1.046699383174718,0.1317395484317987,3,188.64998986223546,185.4624123886422,0.7161582909913226,0.5223878672590982
15550.0,ascending_neuron,ANXXX002,ANXXX002_L,L,BA,T1,,1.4492137967794532,1.3583800332879556,0.012973842359249402,3,166.59782268295874,115.9968342469698,0.8158469319125361,0.34638195705101266
15559.0,ascending_neuron,ANXXX041,ANXXX041_R,R,IA,T1,,1.4487357431523211,1.3581559697077574,0.07945028651005487,3,185.05926832604993,130.03664367121408,0.8157796425241324,0.3862512565554035
15568.0,descending_neuron,DNg11,DNg11_R,R,xn,LB,,0.1790981022568373,0.47752987988232437,0.5318674578916918,3,176.9952291879879,207.92480827912595,0.48372475762807393,0.795741858147916
15569.0,sensory_descending,DNx02,DNx02_L,,,,,1.0118766336005083,1.135060061976308,0.14693909909963276,3,89.75014593773102,185.67720996375255,0.7457743830196845,0.36931726561357864
15575.0,descending_neuron,DNge030,DNge030_L,L,ut,LB,,0.13391518872846245,0.41292385972446655,0.23806680917713596,3,170.43578941688244,181.76319924431886,0.449814062991575,0.7829879446605873
15590.0,ascending_neuron,AN10B017,AN10B017_R,R,BA,T2,,0.4852939482581874,0.7860632581052139,0.1465776448950167,3,158.56536183356226,196.32107215537894,0.6206214598864228,0.5718243034230357
15639.0,ascending_neuron,ANXXX041,ANXXX041_R,R,IA,T1,,1.2732160000000001,1.2732277723131573,0.05765250931668759,3,187.58328565089633,130.7837701480713,0.7898617653953425,0.40306680199872463
15643.0,ascending_neuron,ANXXX007,ANXXX007_R,R,BA,A4,,1.3982903371124646,1.3343007727767573,0.17367785275055,3,364.4373088739496,205.7948916612683,0.8085835631897367,0.7052235866454425
15645.0,ascending_neuron,AN09B017d,AN09B017d_R,R,BA,A7,male-specific,0.5910121113661825,0.8674675738082925,0.0956298065640964,3,284.3585414400773,204.8030649242848,0.6519655751387977,0.7502874768506357
15650.0,ascending_neuron,AN08B034,AN08B034_b_R,R,BA,T3,,0.28935574455548707,0.6069754331637587,0.06953731377703705,3,246.0238920121798,424.91206123877475,0.5453603966646658,1.230261598301395
15653.0,descending_neuron,DNge012,DNge012_L,L,fl,LB,,1.0267666921159513,1.1433809319815258,0.04589394558920604,3,210.84698202597696,116.96361316362108,0.7485029436621793,0.43795498463336474
15667.0,descending_neuron,DNpe014,DNpe014_R,R,xn,,,0.4330992005318309,0.7425894080245902,0.22071028133155143,3,208.2193978090882,247.84934751878225,0.6032153926517867,0.7560628440248401
15672.0,ascending_neuron,AN12B004,AN12B004_L,L,BA,T3,,1.2319770824504668,1.2524383975203677,0.19379886233643429,3,226.07480595670344,202.47416755321365,0.7833867593883497,0.547046485499089
15673.0,descending_neuron,DNg20,DNg20_L,L,xn,MX,,0.29062323598964096,0.6083033755297682,0.09781931460395446,3,195.78516967124116,140.34306679665295,0.5459566411443186,0.6156683720585819
15681.0,descending_neuron,DNge113,DNge113_L,L,nt,LB,,0.22112993343541368,0.5306141496178018,0.3335223365340529,3,155.7579896725598,172.7396567877087,0.5099028665468777,0.6442357319638018
15705.0,descending_neuron,DNge081,DNge081_L,L,xl,,,0.363542098068146,0.6803500389037632,0.4429881425539889,3,204.20923018533412,181.84978453082806,0.577383338054402,0.6686355308018727
15720.0,descending_neuron,DNge124,DNge124_L,L,xl,LB,,0.9687281664727474,1.1105957903989596,0.09331908720767809,3,207.68168148712127,158.84891888425426,0.737693660875224,0.49686017355295087
15740.0,ascending_neuron,ANXXX071,ANXXX071_L,L,BA,A2,potentially male-specific,0.365486075186049,0.682166639448842,0.23693114256759223,3,171.4183424350184,169.8834149427582,0.5781536589263555,0.5903305325639238
15749.0,ascending_neuron,ANXXX071,ANXXX071_R,R,BA,A2,potentially male-specific,0.6750871149556963,0.9271179056100498,0.15603223011511566,3,172.44459522188976,159.85218550765694,0.6740087341785151,0.4930155410145412
15751.0,ascending_neuron,AN17A003,AN17A003_L,L,IA,T1,,1.5008639369692693,1.3823745208213931,0.20376833617904452,3,181.9115192242702,148.11490483388695,0.8230209688716822,0.40099394370304525
15758.0,ascending_neuron,AN05B099,AN05B099_R,R,BA,A7,,0.7427680126895823,0.9724821881765883,0.054103463923663817,3,220.04266096716313,117.17265442144722,0.6903015806200419,0.48850433615654937
15760.0,descending_neuron,DNg72,DNg72_L,L,xl,MX,,0.38553278537395547,0.7006251409491485,0.22121681369060855,3,182.32181252064194,139.5334929131319,0.5859234754343631,0.5493128692192656
15796.0,descending_neuron,DNg106,DNg106_R,R,lt,MX,,0.3491763603216244,0.6667721875184853,0.23680550279553836,3,193.30762345542004,227.78711161042386,0.5715928375024112,0.7367040092836494
15800.0,descending_neuron,DNge072,DNge072_L,L,nt,LB,,0.11539468919258461,0.38330807652907867,0.25941852851681446,3,164.65582692409845,152.12753128446647,0.4333831532250054,0.7309544818510657
15811.0,descending_neuron,DNg45,DNg45_R,R,xl,LB,,0.35668595584123636,0.6739040466036111,0.0845245360554998,3,295.5711140792698,148.9040870649312,0.5746416125166793,0.7734824479515044
15821.0,descending_neuron,DNge081,DNge081_R,R,xl,,,0.44541936227126344,0.7530773838288399,0.13286265019912202,3,198.54095476968206,197.41442957848565,0.6074602193363213,0.6518210933726121
15825.0,descending_neuron,DNg21,DNg21_R,R,xl,,,0.43792170406960573,0.7467122813502075,0.29768849422301524,3,176.13719368111566,146.8996783296749,0.6048876076277324,0.5340444537749531
15835.0,descending_neuron,DNp25,DNp25_L,L,xn,,,0.08572749397012719,0.33038104575446087,0.10343190380443064,3,182.3599173594315,161.61380266213578,0.402351478709456,0.854908551908059
15847.0,descending_neuron,DNg107,DNg107_R,R,xl,,,0.17929459537346054,0.47779176320524835,0.522680868471328,3,211.61143204501508,184.44729562674883,0.4838573797831048,0.8185443567054868
15857.0,descending_neuron,DNge058,DNge058_R,R,xl,,,0.3413355669525354,0.6592434617564021,0.45154456170750196,3,203.66154050939366,152.43029757006136,0.5683566628980758,0.6265288353684936
15884.0,ascending_neuron,AN17A076,AN17A076_R,R,IA,T1,,0.206208,0.5123984582731962,0.16853812685342343,3,186.69303842714478,171.88759389665356,0.501074090882642,0.7156239742752585
15906.0,ascending_neuron,AN23B001,AN23B001_R,R,BA,T2,,1.0474825380360901,1.1548576491702796,0.09076111403564265,3,163.4757661141254,198.62519891763077,0.7522501233588712,0.48135713612772774
15931.0,ascending_neuron,AN06B037,AN06B037_L,L,BA,T1,,1.1971477511497515,1.2346075723300232,0.3029361131186316,3,148.07444655968123,205.74597834800653,0.7777902740724593,0.45490466608062224
15939.0,descending_neuron,DNp41,DNp41(PS298)_R,R,xn,,,0.30158281599790004,0.6196669809995645,0.2818925683868029,3,180.3484158254638,230.94945727454012,0.5510325042044132,0.7464130880878621
15941.0,ascending_neuron,AN08B024,AN08B024_R,R,BA,T3,,0.647424,0.9079239169724619,0.18165078013842328,3,366.76764861853457,226.50828622178625,0.6669952918248421,0.8894754462466573
15945.0,descending_neuron,DNpe035,DNpe035(SMP601)_R,R,xn,CG,,0.439168,0.7477740730877555,0.35463353097952716,3,188.8719900033383,165.6321851527887,0.6053175165258314,0.585649953087057
15981.0,ascending_neuron,AN09B004,AN09B004_d_L,L,CA,A2,,0.43764833722039703,0.7464791823196406,0.06902957931584847,3,242.55231965127913,226.9139638628246,0.6047931872438908,0.7762426783501205
15988.0,descending_neuron,DNge064,DNge064_R,R,xl,,,0.852438452461387,1.0418053307248352,0.3407925653878253,3,223.75442701794992,130.276529278883,0.7144820585957139,0.49550713280703884
15995.0,descending_neuron,DNge013,DNge013_L,L,xn,LB,,0.35494400000000004,0.6722564517849402,0.197290060535581,3,199.41939178790807,180.58052655546254,0.5739387261499442,0.6620914411760634
16063.0,ascending_neuron,AN07B017,AN07B017_L,L,BA,T1,,0.6959272464564693,0.9413193350011623,0.16196269080498849,3,185.6813476178475,156.19479766456436,0.6791512895891235,0.5033873166746718
16078.0,descending_neuron,DNge181,DNge181_R,R,ut,LB,,0.21402679572339203,0.5220223941058251,0.08463007031529003,3,164.35374250490355,243.58506472073563,0.5057578206136355,0.8065892223489246
16079.0,descending_neuron,DNge068,DNge068_L,L,fl,,,0.565606102761448,0.8486177330102262,0.2385673170568582,3,231.98539965438712,162.79512011501487,0.6448431508320538,0.6122116971545855
16086.0,ascending_neuron,ANXXX041,ANXXX041_L,L,IA,T1,,1.3694568723751506,1.3204721294739152,0.08651770493132747,3,194.23663365900322,127.07911933399902,0.8043825852430039,0.39945637671398954
16098.0,descending_neuron,DNge029,DNge029_R,R,fl,LB,,0.17541703319976615,0.4725969778681019,0.40363135473919076,3,174.72547015954697,173.85795122138393,0.4812198241504291,0.7243746077924751
16118.0,descending_neuron,DNge145,DNge145_R,R,xn,LB,,0.13182175813278885,0.40968362831724286,0.3337529365139873,3,149.16598848806203,188.9502152139074,0.4480457319018327,0.754646634545
16119.0,descending_neuron,DNpe014,DNpe014_L,L,xn,,,0.185315874887476,0.4857483918387464,0.04220697351654656,3,211.11971209383182,231.8545299332938,0.48786956453645036,0.9079767918050349
16130.0,descending_neuron,DNge034,DNge034_L,L,xl,LB,,0.10106125513312339,0.3587132371073894,0.11599409926922859,3,200.00829057465108,172.2799629273925,0.41924871637563876,0.8879890121559262
16173.0,ascending_neuron,AN27X018,AN27X018_L,L,BA,T3,,0.32796522596621525,0.6462029828143697,0.40449754759370493,3,362.3832892040537,487.9771316943408,0.5627072609972623,1.5111950384136443
16174.0,ascending_neuron,AN17B009,AN17B009_L,L,BA,T2,,0.8917173467006132,1.0655373238631936,0.2931749831379438,3,255.86393529104677,220.6662869307007,0.7225740714231067,0.6594897894457008
16176.0,ascending_neuron,AN08B034,AN08B034_a(hb1477136606)_L,L,BA,T1,,0.8035345507076302,1.0114800865671834,0.25342023131266744,3,212.37765841804975,211.84910536527073,0.70400656418667,0.6025892163000275
16189.0,ascending_neuron,AN08B024,AN08B024(16189)_L,L,BA,T1,,0.5315816155671882,0.8226972311818905,0.09523677644267628,3,367.8062309206347,211.36803563419807,0.6349186115394053,0.9122023768535994
16191.0,descending_neuron,DNb03,DNb03_L,L,ut,,,0.3107142868448511,0.6289783121261407,0.17720798951440217,3,169.54773467071956,148.03584449580708,0.5551570705141105,0.5720607662844395
16200.0,ascending_neuron,AN08B024,AN08B024(16189)_R,R,BA,T1,,0.4506654386379467,0.7574992131476123,0.1028107126029973,3,380.3203414425359,219.07429317317744,0.6092410150690201,0.9838382836845098
16202.0,ascending_neuron,AN17A012,AN17A012_R,R,BA,T3,,0.2832290592405714,0.6005151442247177,0.07191417365279446,3,179.19776489036613,152.8785898921467,0.5424503854456292,0.612178299974307
16221.0,descending_neuron,DNg21,DNg21_L,L,xl,,,0.5411369109803492,0.8300583799805964,0.29664031431645177,3,189.6908357607308,156.62580687293905,0.6377527782695205,0.5430264742607096
16230.0,ascending_neuron,AN10B020,AN10B020(15492)_L,L,BA,T2,,0.5795842559660609,0.8590399258485577,0.03898150417424219,3,374.8819363126741,215.64053155703616,0.6487908473967502,0.9101892701463966
16245.0,descending_neuron,DNpe033,DNpe033(SMP289)_R,R,it,,,0.03763753994979085,0.21891003684304472,0.19280937915045007,3,220.02217654348138,155.2637307909604,0.32751476005379043,1.1458595248434162
16257.0,descending_neuron,DNge091,DNge091_R,R,ut,LB,,0.206848,0.5131929981492138,0.3524706703483673,3,158.23048072691864,350.7308399866033,0.5014624303904678,1.0149540421546936
16297.0,ascending_neuron,AN00A006,AN00A006(16297)_M,M,BA,A1,potentially sexually dimorphic,0.019898820059939395,0.15917275078946194,0.3220616175077983,3,208.92488425058949,168.7679432517814,0.27927521889139456,1.352403657587855
16302.0,ascending_neuron,AN09B017d,AN09B017d_L,L,BA,A7,male-specific,0.5491550677901826,0.8361853553502235,0.04615931541402606,3,277.03900203919875,215.8384280757643,0.6401021981852659,0.7699980276779312
16307.0,descending_neuron,DNge001,DNge001_R,R,fl,MX,,0.13671822045644103,0.41722301562948394,0.06125978589144216,3,169.561153054333,134.02527906527715,0.4521496186644937,0.6714291455476794
16326.0,ascending_neuron,AN08B025,AN08B025_L,L,BA,A1,,0.35368041860083743,0.6710587866655737,0.2498068084636246,3,311.55323201234415,207.7289396469266,0.5734272451376295,0.9055763849076209
16336.0,ascending_neuron,ANXXX098,ANXXX098(16336)_L,L,BA,T3,,0.4283602787792107,0.7385155694604343,0.015242385390442087,3,472.8635134535062,489.2672221674798,0.6015585000942243,1.5993967926149892
16338.0,ascending_neuron,AN12B006,AN12B006_R,R,BA,T3,,0.5593369262708834,0.8439015898543532,0.03543099604625197,3,237.14090145527024,191.05509327428095,0.6430488154321047,0.6658841202309339
16369.0,descending_neuron,DNg01_b,DNg01_b_R,R,ut,LB,,0.7986050147243678,1.0083726917022653,0.25391015232199127,3,184.93462896371818,226.2759253157495,0.7029243337188648,0.5849997425810155
16384.0,ascending_neuron,AN17A003,AN17A003_R,R,IA,T1,,0.5805536414049489,0.8597580206527754,0.1779780117956292,3,183.17067605254957,150.07246581757767,0.6490619616953838,0.5134226954229126
16399.0,descending_neuron,DNg11,DNg11_L,L,xn,LB,,0.2968861858642509,0.6148229274579452,0.05106090833823019,3,168.98932832579052,209.5295013534116,0.5488745161276785,0.6896272618915896
16458.0,ascending_neuron,ANXXX041,ANXXX041_L,L,IA,T1,,1.6447634093913084,1.4471274354978014,0.07002899273355667,3,186.9722964227358,126.43726713081537,0.8420762693449583,0.3721866711638234
16462.0,ascending_neuron,ANXXX139,ANXXX139_L,L,BA,T2,,0.45071732335353554,0.7575428170017235,0.5568923798015787,3,219.64435530749677,165.65762312033573,0.609258549657569,0.6324112786671434
16466.0,ascending_neuron,AN05B102d,AN05B102d_L,L,BA,A10,potentially sexually dimorphic,0.8879173277249627,1.063264526877011,0.029193264799117862,3,225.18802475646308,201.37285333900158,0.7218030328072439,0.5909657603355858
16471.0,descending_neuron,DNg106,DNg106_L,L,it,MX,,0.1777285041517535,0.47570049370653394,0.4090968807599137,3,211.03172950018825,220.05797058977103,0.4827973093506234,0.8928999638995245
16500.0,ascending_neuron,AN05B097,AN05B097_L,L,BA,T3,,0.5066598722238096,0.8031807922540348,0.14961168273594425,3,179.56674471409048,153.0841758656774,0.6273424807905782,0.5302540968699594
16505.0,ascending_neuron,AN05B102d,AN05B102d_R,R,BA,A10,potentially sexually dimorphic,0.8586933196078146,1.0456205293148082,0.07200427806202633,3,225.57557495445803,179.78226784445187,0.7157891165449891,0.566309033525843
16506.0,ascending_neuron,AN04B023,AN04B023(16506)_R,R,IA,T1,,0.223488,0.5334358062351758,0.27929990650066283,3,296.1214770361883,291.83542314747984,0.5112568288592693,1.1500225855086068
16510.0,ascending_neuron,AN09B009,AN09B009_R,R,CA,A3,,0.4576575130192509,0.7633528957967329,0.19745369337307742,3,192.8249373984953,159.6809237026504,0.6115904830361564,0.5763756482134567
16535.0,ascending_neuron,AN09B017c,AN09B017c_R,R,CA,A6,male-specific,0.41363372793601216,0.725709872775861,0.04698904860186446,3,270.2298142587013,208.91457774543846,0.5963202475685123,0.8035017995076378
16536.0,descending_neuron,DNge075,DNge075_L,L,xl,,,0.5066424967377358,0.8031670199216604,0.1355815243962001,3,192.7937831237955,134.75447819691937,0.6273371021720408,0.5221248036926853
16542.0,ascending_neuron,AN19A018,AN19A018_R,R,BA,T2,,0.7618739136401619,0.9849101456218209,0.349614960093046,3,222.9820163640625,157.97142968258225,0.6946984751348546,0.5483723653959285
16544.0,ascending_neuron,AN18B022,AN18B022_L,L,BA,T2,,0.46357016358289593,0.7682680938533706,0.21153506061290428,3,177.33707583762666,175.19850926013854,0.6135563266629654,0.5745773774596209
16563.0,ascending_neuron,AN19B028,AN19B028_R,R,BA,T3,,0.27201085500964267,0.5885023170689303,0.36100558420937345,3,179.95272991074614,121.28651123929357,0.5369973327343217,0.5609697158385649
16569.0,ascending_neuron,AN05B097,AN05B097_R,R,BA,T2,,0.45051119987052346,0.7573695762448062,0.10376950348494855,3,292.02657798787004,222.40305250432633,0.6091888806929711,0.8444501316357198
16593.0,ascending_neuron,ANXXX002,ANXXX002_R,R,BA,T1,,1.272609565406294,1.2729245160980769,0.021621891651861742,3,175.14154089527472,116.75623863037893,0.7897676955206876,0.3695995432343022
16616.0,ascending_neuron,AN19B025,AN19B025_L,L,BA,T2,,0.5073553681283967,0.8037318694283192,0.036524592910484745,3,168.68283966148303,129.42555280986358,0.6275576595181326,0.47502948605590734
16623.0,descending_neuron,DNge034,DNge034_R,R,xl,LB,,0.22557418726773493,0.5359197472577168,0.49853015810978485,3,183.931675308239,164.25696806006096,0.5124457787476459,0.6794643605402115
16672.0,ascending_neuron,AN17B008,AN17B008_R,R,BA,A2,,0.35099651316449515,0.6685077715518283,0.16568852157834535,3,243.2170067492856,198.21161290279264,0.5723362718371043,0.7712749328907037
16675.0,ascending_neuron,AN08B112,AN08B112_L,L,BA,T1,,0.07719394299680832,0.3135065881884595,0.12154373320373558,3,235.7686211608338,207.15876794361327,0.39194161326955973,1.130085130306951
16687.0,ascending_neuron,AN09B033,AN09B033_L,L,CA,A8,,0.31591669906870384,0.6342220700168608,0.029867949768099682,3,129.86287619984125,203.56010931122427,0.557466424377524,0.5981041564671289
16697.0,ascending_neuron,AN08B025,AN08B025_R,R,BA,A1,,0.30655971737286536,0.6247591175660963,0.3390957448404272,3,362.6907968160145,420.1837213733101,0.5532919370525718,1.4149393218338886
16701.0,descending_neuron,DNpe012_a,DNpe012_a(DNp16)_R,R,xn,,,0.059610026177566854,0.2754956308037867,0.8427323136523378,3,176.10360209884337,236.52514889808668,0.36741374374654995,1.1230629175417304
16703.0,descending_neuron,DNpe033,DNpe033(SMP289)_L,L,it,,,0.0659902619559792,0.2898644702094154,0.6850856958511562,3,335.7250606672288,160.22436334874524,0.3768734408294296,1.3159574814411965
16712.0,descending_neuron,DNb03,DNb03_R,R,ut,,,0.44682045032453926,0.7542608744655769,0.3790386845006555,3,202.26230916295538,228.49648091325062,0.6079373557268319,0.7085578571844848
16730.0,ascending_neuron,AN08B024,AN08B024(16730)_L,L,BA,T2,,0.444292432101665,0.7521241213911453,0.08572670052953996,3,385.6778268847024,362.21103305545097,0.6070756291284152,1.2319533581242674
16731.0,descending_neuron,DNg94,DNg94_R,R,xn,,,0.00785350626999315,0.09999697369311146,0.2194894288388376,3,185.72987467097445,245.64172789482996,0.2213560866785113,1.9487677481049401
16741.0,descending_neuron,DNge019,DNge019_R,R,fl,MX,,0.19003880140369603,0.49189929556897916,0.4530881372226023,3,172.89989214181853,125.96097790454043,0.49094872932802236,0.6087415084166113
16746.0,descending_neuron,DNge064,DNge064_L,L,xl,,,0.35365502254322767,0.6710346935116268,0.3178408098804488,3,193.7844773421541,240.17564105277873,0.5734169511103566,0.7567968082468062
16747.0,ascending_neuron,AN09B017b,AN09B017b_L,L,BA,A3,male-specific,0.7393925917475077,0.9702700072130174,0.11669717665499649,3,280.2196629870305,205.42000099583737,0.6895159922252554,0.7043196524210799
16749.0,ascending_neuron,AN08B024,AN08B024(16730)_R,R,BA,T2,,0.3254931508451116,0.64376296196383,0.018591482255545543,3,371.635116624256,282.2558212174707,0.5616438830453659,1.164244742230923
16750.0,ascending_neuron,AN17B016,AN17B016(hb2159938376)_R,R,BA,T2,,0.8217600462728537,1.0228867909979065,0.4847021398087138,3,236.46951194523464,349.51929302873447,0.7079650609945198,0.8277086501285761
16829.0,descending_neuron,DNb03,DNb03_R,R,ut,,,0.2675858370508217,0.5836958705902977,0.2358577087312832,3,233.57457364586358,228.74375798628697,0.5347999407154472,0.8644696762936588
16830.0,ascending_neuron,AN09B017c,AN09B017c_L,L,CA,A6,male-specific,0.5651060405180542,0.8482425111701829,0.06797459679411348,3,284.24933008848427,215.72561167355732,0.6447005742772295,0.7755149626205325
16850.0,descending_neuron,DNg23,DNg23_L,L,xn,LB,,0.3294048879783606,0.6476197415174317,0.26628905268718533,3,188.59238163445292,192.1788856202453,0.5633237731034805,0.6759367976908582
16856.0,descending_neuron,DNge134,DNge134_R,R,xn,,,0.10614141307109295,0.3676186127716948,0.41643611485561577,3,196.08434491471894,27.38409083718636,0.4244209234452637,0.5265254925178666
16864.0,descending_neuron,DNg59,DNg59_L,L,xn,MD,,0.20303111008503097,0.5084360708798497,0.06882837971194834,3,191.1568572580299,132.7753309713717,0.49913292290844363,0.6489898248784137
16868.0,ascending_neuron,AN17A002,AN17A002_L,L,IA,T3,,0.6006118434640196,0.8744842766652098,0.19745439836650677,3,260.619830089821,182.17548260531854,0.6545970482410937,0.6764395193729229
16878.0,descending_neuron,DNge019,DNge019_R,R,fl,MX,,0.09851350652938887,0.3541628046587382,0.03426792796598091,3,186.22161104111234,166.57212195253294,0.4165810536771706,0.8468789684012916
16885.0,ascending_neuron,AN27X009,AN27X009_R,R,BA,T2,,0.9269980354996102,1.08641178044511,0.0757737756013575,3,258.15889354275134,218.0885941435475,0.7296175521587346,0.6527357877797971
16893.0,ascending_neuron,AN10B026,AN10B026_L,L,BA,T1,potentially male-specific,0.5261585184917917,0.8184899709483413,0.033752308784017984,3,184.7888664198455,142.72075001566057,0.6332930488839169,0.5171533415891619
16897.0,ascending_neuron,AN04B003,AN04B003(16897)_R,R,IA,T3,,0.7620306788564946,0.9850114692842262,0.2739393829481042,3,166.57330302359182,159.05015632908717,0.6947342081323409,0.4687022109189858
16918.0,ascending_neuron,AN18B022,AN18B022_R,R,BA,T2,,0.3625897580564372,0.679458327252975,0.08871181627028625,3,64.38524654898224,166.99307731408632,0.5770048356417454,0.4009989337536995
16923.0,ascending_neuron,ANXXX007,ANXXX007(hb2163327535)_L,L,BA,A4,,1.2379547191031806,1.2554731789065348,0.10324527708368225,3,371.696133858585,203.56624956571935,0.7843352967093868,0.7334393668597722
16935.0,descending_neuron,DNge097,DNge097_R,R,ut,MD,,0.203551242437545,0.5090869191517855,0.1695055729405992,3,159.87412853057887,181.93055148049504,0.4994522903985673,0.6843590200343475
16942.0,descending_neuron,DNge098,DNge098_R,R,fl,MD,potentially sexually dimorphic,0.0955811141136399,0.3488519087224986,0.06258439000463874,3,177.04161769390498,161.19353320940857,0.4134458069372869,0.8180882360589966
16957.0,ascending_neuron,AN09B004,AN09B004_b_R,R,CA,A8,,0.847488,1.0387758349559897,0.23778031574532335,3,228.86035755726394,237.44535627927183,0.7134424707910477,0.6535996004267972
16966.0,ascending_neuron,ANXXX218,ANXXX218_L,L,CA,T1,,0.639490493132044,0.9023439390486913,0.04415792581541987,3,217.01377009168525,135.42718752304478,0.6649425013742607,0.5300322311873997
16977.0,ascending_neuron,ANXXX098,ANXXX098(16336)_R,R,BA,T3,,0.4895821709739015,0.7895285811680682,0.17774928622123518,3,466.20895904085114,451.9040528797157,0.6219879458416806,1.4760945417972153
16983.0,ascending_neuron,AN17B016,AN17B016_L,L,BA,T2,,0.760894040307297,0.9842765777323778,0.21380961772573231,3,254.47477035923305,340.7636341136111,0.6944749981740632,0.8571055920484753
16994.0,descending_neuron,DNg17,DNg17_L,L,xn,,,0.5450558226574935,0.8330585978763299,0.12150697222316047,3,333.3431493059185,170.08397940541036,0.6389043065744678,0.7879538821869744
17019.0,descending_neuron,DNpe004,DNpe004_R,R,ut,,,0.5849843982948854,0.8630326001734541,0.19081383119616263,3,143.90451887355053,184.65773531847898,0.6502968353644298,0.5052496588083524
17093.0,descending_neuron,DNg45,DNg45_L,L,xl,LB,,0.38976,0.704455708299661,0.03269029696643093,3,276.8308374617497,146.4691037504928,0.5875230183293535,0.7204823096393972
17094.0,ascending_neuron,AN09B023,AN09B023(17094)_R,R,CA,A2,,0.3259627043410357,0.6442271379535504,0.04769933314954344,3,194.75979630073502,153.9630368707974,0.5618463291659381,0.6206729759883135
17097.0,ascending_neuron,AN06B007,AN06B007_R,R,CA,T2,,0.9535059709601895,1.1018355178372183,0.30653800012374527,3,208.8812252828921,154.64574931682046,0.7347784725617899,0.4947436379461191
17101.0,descending_neuron,DNg106,DNg106_L,L,it,MX,,0.11182655390000935,0.3773353820899255,0.07880050957955506,3,206.98443266607646,220.6180400399038,0.4299934153264018,0.9944395831768572
17103.0,ascending_neuron,AN09B017a,AN09B017a_R,R,BA,T2,male-specific,0.8477190674863055,1.0389174363488085,0.27500565969419916,3,274.0592140259575,343.965222815005,0.7134910958175414,0.8661978270840366
17120.0,descending_neuron,DNg82,DNg82_R,R,ut,LB,,0.6428847521726837,0.9047354802225486,0.2874013135219782,3,172.1162054166038,233.66828859984736,0.6658230885971504,0.6094479163698195
17124.0,ascending_neuron,ANXXX082,ANXXX082_R,R,CA,A2,,0.5336988355946706,0.8243339508101342,0.14605001237129253,3,198.84794455658488,175.88410896552224,0.6355498689300201,0.5896186465319978
17146.0,sensory_ascending,,,,abdomen,,,0.5201782441389715,0.8138252335413547,0.2388206306521238,3,3.1468873574102925,320.3953125833479,0.6314858386656536,0.5123506817261515
17158.0,ascending_neuron,AN05B099,AN05B099_R,R,BA,A5,,0.3379957663459212,0.6560103472238019,0.26884757676394877,3,229.21108261030056,173.66381383280236,0.5669612598226292,0.7105862869169228
17179.0,descending_neuron,DNa07,DNa07_R,R,ut,,,0.4580217330573551,0.7636565870054137,0.28931684415413117,3,189.1989326850808,186.99914703207284,0.6117121280738618,0.6149920239471355
17198.0,descending_neuron,DNge035,DNge035_R,R,xl,,,2.594490590718802,1.8175279966334688,0.14723859988581217,3,201.78774723346964,110.56855064102609,0.9437100817255263,0.33098756061116563
17199.0,descending_neuron,DNg82,DNg82_L,L,ut,LB,,0.322176,0.6404742177204292,0.1953032997965395,3,181.801847683412,280.3600897524244,0.5602074318348609,0.8249835885291744
17206.0,ascending_neuron,AN08B026,AN08B026_L,L,BA,T2,,0.30016000000000004,0.6182035115944478,0.0481478370029607,3,175.23992270449276,164.53877926598648,0.5503814319917409,0.617351317141778
17210.0,descending_neuron,DNpe036,DNpe036_L,L,xn,CG,potentially sexually dimorphic,0.2743818033082544,0.591061555447328,0.388547453834549,3,204.42400941493565,151.32562331501347,0.5381636945848267,0.6610435380714351
17211.0,descending_neuron,DNge174,DNge174_R,R,fl,,,0.11123722626968219,0.3763397870717531,0.29413835643774433,3,200.55351188167322,166.71503476073497,0.42942577433726425,0.8552550139991393
17231.0,ascending_neuron,AN08B027,AN08B027_R,R,BA,T1,,0.6030638091737751,0.8762674761958648,0.018635001347582853,3,173.36552389535072,141.64604579804168,0.6552641172351602,0.4807398442975346
17253.0,ascending_neuron,AN09B007,AN09B007_R,R,CA,T3,,0.3140877856606157,0.6323835776025478,0.0874042522064135,3,196.60304848758594,183.33245049738122,0.5566578419686984,0.6825296804250023
17322.0,ascending_neuron,AN27X016,AN27X016_R,R,BA,T1,,0.923137820904967,1.0841473971821591,0.27192196329087254,3,208.9219321382019,150.1246653050259,0.7288567929430705,0.49261610911716125
17331.0,descending_neuron,DNg02_d,DNg02_d_R,R,ut,LB,,0.5112367493124924,0.8068003755245299,0.27209657910473894,3,202.62625226835672,234.4235945218042,0.6287544703674237,0.6951041581219504
17333.0,descending_neuron,DNg106,DNg106_R,R,it,MX,,0.12938963496015277,0.40588668358313235,0.15532510485923878,3,168.07653785543735,218.84331836051226,0.44596465662172696,0.8676020632373567
17335.0,ascending_neuron,AN09B017a,AN09B017a_L,L,BA,T2,male-specific,0.29867332690593146,0.6166706501644493,0.20850089862392576,3,256.9717752843897,357.7883553400334,0.5496986616143249,1.1183584271772267
17344.0,ascending_neuron,ANXXX218,ANXXX218_R,R,CA,T1,,0.5243403944790717,0.8170746141894196,0.09738726072511462,3,230.82664409496098,26.43452207097293,0.6327452575506319,0.40657936680836837
17361.0,ascending_neuron,AN10B021,AN10B021_L,L,BA,T2,,0.7386674946245462,0.9697941351474655,0.2565862812617959,3,166.087905129982,150.42522088142582,0.6893468838126839,0.4591492809263411
17367.0,descending_neuron,DNp65,DNp65_L,L,xn,,,0.22113921729085412,0.5306252880767155,0.165457612137222,3,293.66547230112644,162.07713797583045,0.5099082183663944,0.8937738084258198
17373.0,descending_neuron,DNg58,DNg58_L,L,xn,,,0.13552618983474665,0.4154001736216345,0.09308523664903427,3,214.0680718161802,126.69924680458945,0.4511608195251455,0.7553123052206374
17378.0,ascending_neuron,AN27X017,AN27X017_R,R,BA,T3,,0.6980499193951718,0.94275381811644,0.12900373049277303,3,170.9692354821499,162.15390344909147,0.6796685742897457,0.49012585182322926
17382.0,ascending_neuron,AN06B034,AN06B034_L,L,BA,T2,,0.36348832050451146,0.6802997160926301,0.4774278631592147,3,169.71297412976446,158.40679046311215,0.5773619842745006,0.5683085716237173
17386.0,descending_neuron,DNg12_d,DNg12_d_R,R,nt,MX,,0.16567512057504427,0.4592865283185569,0.2694167189388145,3,98.96228923647385,189.01388295855335,0.47439477113064055,0.6070390942730759
17416.0,ascending_neuron,AN05B102c,AN05B102c_L,L,CA,A4,potentially sexually dimorphic,0.4069092894330649,0.7197867728892107,0.03057493716402281,3,222.03130868731637,196.55859286850267,0.5938817379880553,0.7048371330189616
17446.0,ascending_neuron,AN19B036,AN19B036(17446)_L,L,BA,T3,,0.267264,0.5833447468556638,0.06903931222081956,3,365.70265262640277,466.87111834043935,0.5346390613855998,1.5572632661913972
17448.0,ascending_neuron,ANXXX098,ANXXX098(17448)_L,L,BA,A2,,0.849190916054022,1.0398189531595674,0.19036790908895626,3,330.2150893618113,593.1042999896378,0.7138005933369542,1.293525668051091
17452.0,ascending_neuron,AN17A012,AN17A012_L,L,BA,A1,,0.344448,0.6622422628501878,0.15035846803941136,3,176.8415553551333,153.10300242128184,0.5696478814114838,0.5792079081534939
17456.0,ascending_neuron,AN02A009,AN02A009_R,R,BA,T2,,0.43814068567583847,0.7468989537814714,0.1232378435017201,3,163.3697334624956,185.16586942132142,0.6049632115698614,0.5761269383296507
17471.0,descending_neuron,DNg09_b,DNg09_b_R,R,nt,LB,,0.13271240564420797,0.41106530252885565,0.07547250726741632,3,152.53980357708105,212.14040757861878,0.4488006219237438,0.8125661893972664
17490.0,ascending_neuron,AN04B001,AN04B001_R,R,IA,T2,,0.5399856013643937,0.829174903892263,0.1565842256054607,3,191.81401041402145,145.61909894388558,0.6374132905009189,0.5293788416189614
17492.0,ascending_neuron,AN05B023d,AN05B023d_L,L,BA,A9,,0.5243223841200471,0.8170605813839411,0.08319830677214521,3,234.54344455282714,166.50497993459908,0.6327398240020388,0.6338283276542017
17494.0,ascending_neuron,AN06B039,AN06B039_L,L,CA,T1,,0.22656,0.5370895188469037,0.11092459686984715,3,166.4888972704701,169.8608470412052,0.5130047409478617,0.655646463793323
17503.0,ascending_neuron,ANXXX093,ANXXX093_L,L,CA,A6,,0.318848,0.6371576589508418,0.11566572007833438,3,227.9898454846866,214.81690758992715,0.558755092044728,0.7924880853509383
17510.0,ascending_neuron,AN19A018,AN19A018_L,L,BA,T2,,0.37716968376247456,0.6929843839810811,0.12046869888286095,3,156.19899631426358,154.22255079424838,0.5827197852748177,0.5327115278265581
17513.0,ascending_neuron,AN05B009,AN05B009_R,R,CA,A2,,0.20331684546325823,0.5087937182735537,0.12595423302807474,3,228.74881932501034,216.0323807246288,0.4993084437039306,0.8907944691465624
17519.0,ascending_neuron,ANXXX120,ANXXX120_a(hb2225755564)_L,L,BA,A6,,0.9448753533265174,1.096837574438864,0.17891369098184398,3,371.1358186266258,198.21060009526587,0.7331100950573818,0.7766178948570174
17522.0,ascending_neuron,AN18B001,AN18B001_L,L,BA,T1,,0.8123831866613901,1.0170341187665481,0.26761953363352975,3,167.03663270951677,160.0711105242496,0.7059367664285581,0.46336691725047047
17524.0,ascending_neuron,AN06B057,AN06B057_L,L,BA,T1,,0.7356275671409208,0.9677965223543332,0.22364422520564622,3,206.52479491804712,173.2045115948583,0.6886365485171573,0.5514219472239418
17549.0,ascending_neuron,AN09B011,AN09B011_R,R,CA,T3,,0.322176,0.6404742177204292,0.13669036661124936,3,300.7279581425018,228.73742014093557,0.5602074318348609,0.9451238027122677
17554.0,ascending_neuron,ANXXX470,ANXXX470_M,M,XA,T1,,1.2507876210446747,1.2619636528756677,0.05799688908108817,3,120.5970460140134,9.920991427134553,0.7863600892142716,0.16597744370719672
17555.0,descending_neuron,DNxl114,DNxl114_L,L,xl,GNG,,0.317824,0.6361337006211103,0.03911013038911651,3,252.31333632676706,26.60355098913468,0.5583059316399424,0.4995771520761458
17585.0,ascending_neuron,AN02A017,AN02A017_R,R,IA,T1,,1.063994634641909,1.1639244151628232,0.2765289141198954,3,152.4076411505851,253.84461527344848,0.7551973009947688,0.5379418807362073
17628.0,ascending_neuron,AN23B001,AN23B001_L,L,BA,T2,,0.9612741414270162,1.1063147157098736,0.033486836639042845,3,177.6988795862779,203.94696365797938,0.7362704738734522,0.5183500585545053
17637.0,ascending_neuron,AN08B027,AN08B027_L,L,BA,T1,,0.37837190117615194,0.6940879390928081,0.0779032991490741,3,186.5971031918901,140.03187256778574,0.5831835818637866,0.560079168751301
17674.0,ascending_neuron,AN03B094,AN03B094_R,R,IA,T1,,0.2945293261889797,0.6123776491577814,0.31483540055079345,3,212.52724597850568,174.81465664624972,0.5477819347945977,0.7071096690510564
17684.0,ascending_neuron,AN17A015,AN17A015_R,R,BA,A1,,0.2657160822220354,0.5816530095832011,0.21398168251096317,3,222.22685486953475,172.46230675026464,0.5338632546783572,0.7393076001411493
17695.0,ascending_neuron,AN07B017,AN07B017_R,R,BA,T1,,0.511015661886792,0.8066259038075067,0.030321838054109512,3,192.4120692835224,150.56605178682162,0.6286864821718996,0.5455471539414533
17713.0,ascending_neuron,AN04B003,AN04B003(16897)_L,L,IA,T3,,0.34990697205943644,0.6674693954067229,0.1885231952718045,3,89.57813480350895,144.45379225507838,0.5718916013977599,0.40922427691994434
17724.0,ascending_neuron,AN19B049,AN19B049_L,L,BA,T1,,0.5346975742043717,0.8251048999678586,0.12344579026308704,3,116.67034166720137,382.0329139317838,0.6358469949478811,0.7843133010951205
17727.0,descending_neuron,DNg09_a,DNg09_a_L,L,xn,LB,,0.050883886847136885,0.2545336459559013,0.33363852406101835,3,181.95468470843053,177.92492088211236,0.35315929340510294,1.0190291245648495
17739.0,descending_neuron,DNge105,DNge105_L,L,fl,MX,,0.21299771801943052,0.5207658951205314,0.29170651654404156,3,265.3046850978449,202.030363879882,0.5051487786870917,0.9251433809111749
17757.0,ascending_neuron,AN19B001,AN19B001(17757)_R,R,BA,T1,,0.8401410833300833,1.034263433779084,0.01306183426465409,3,181.74860230905722,123.35009476221286,0.711891201344525,0.42857489528602183
17788.0,ascending_neuron,AN10B021,AN10B021_R,R,BA,T2,,0.9317037001233366,1.0891657334736085,0.2551406030863468,3,172.06708147445025,141.25298520323315,0.7305417232452012,0.4288872992576766
17792.0,ascending_neuron,AN08B026,AN08B026_R,R,BA,T2,,0.6087600283901046,0.8803961275473566,0.29515946801460735,3,171.46670850568867,162.22134687343012,0.6568059854311658,0.508046611603374
17832.0,ascending_neuron,AN06B026,AN06B026_L,L,BA,T1,,0.5257952345153747,0.8182073606478212,0.38571210808658474,3,212.8618175230622,173.6082134461265,0.6331837069266962,0.6103600372868254
17873.0,ascending_neuron,AN02A009,AN02A009_L,L,BA,T2,,0.3961269424933544,0.7101862346719842,0.07478175688528405,3,165.6880611655988,184.350069249737,0.5899078360127726,0.593377658417402
17887.0,ascending_neuron,ANXXX131,ANXXX131_L,L,CA,T1,,0.39042359377624647,0.7050551459237314,0.21247123564031678,3,200.71121890910405,148.81077630254916,0.5877729336254166,0.5946547981646276
17955.0,ascending_neuron,ANXXX120,ANXXX120_a_R,R,BA,A6,,0.4172043610193009,0.7288354345706164,0.10742999969634733,3,366.7954363522267,198.48888948355653,0.597603014500096,0.9459194684763297
17960.0,sensory_ascending,,,,abdomen,,,0.7424808533737374,0.9722941857916011,0.17041668105185429,3,65.76123443388346,2.172232031805076,0.6902348520886818,0.09842080019593157
17967.0,descending_neuron,DNde006,DNde006_L,L,xn,,,0.49038840235841336,0.7901784014779384,0.2685324152895895,3,197.95714041213915,179.5287768548698,0.6222438563169506,0.6066527028508419
18050.0,ascending_neuron,AN09B009,AN09B009_L,L,CA,A3,,0.5672125276426268,0.8498219933984875,0.249140808698198,3,188.4705339354198,153.94416648172412,0.6453005321284485,0.5306282629083366
18054.0,ascending_neuron,AN04B023,AN04B023(16506)_L,L,IA,T1,,0.36854910096813903,0.685019189168615,0.19919553283767685,3,202.08794166889558,244.18073492344482,0.5793612022673086,0.770277117014195
18072.0,descending_neuron,DNp16_a,DNp16_a_R,R,ut,,potentially sexually dimorphic,0.6047648668423408,0.877502446566483,0.33413594057831797,3,173.66145821953887,206.32963255512126,0.6557257039476009,0.5794970190844086
18110.0,descending_neuron,DNge145,DNge145_L,L,xn,LB,,0.109696,0.3737235410022607,0.10013029684578055,3,144.9692022957508,243.65183766954567,0.42793052600989767,0.9081404955820048
18122.0,descending_neuron,DNg77,DNg77_L,L,it,,,0.04126757113533495,0.22922369747624222,0.1367736580697897,3,220.3110936257802,222.28440382849968,0.3351411818373843,1.3206240278433885
18134.0,ascending_neuron,AN12A003,AN12A003_L,L,IA,A1,,0.2684107031373562,0.5845948353044631,0.08132410312095716,3,179.4176581746556,156.81554346555174,0.5352116117006309,0.6282247886435588
18153.0,ascending_neuron,AN17A012,AN17A012_R,R,BA,A1,,0.7375006394018621,0.9690278522075195,0.3555122357452062,3,180.809226004981,151.92192986276197,0.689074486236201,0.48286674737466534
18159.0,descending_neuron,DNge174,DNge174_L,L,fl,,,0.08704,0.33290054066304636,0.22004565548349017,3,209.72575019070945,161.9977917714419,0.403882736601718,0.9203749214186397
18164.0,ascending_neuron,AN05B102c,AN05B102c_R,R,CA,A4,potentially sexually dimorphic,0.27776,0.5946890077558512,0.18398728434483752,3,228.86102523014236,222.11835996849493,0.539812572843915,0.8354369792143326
18183.0,descending_neuron,DNg02_f,DNg02_f_R,R,ut,LB,,0.2776043060196654,0.594522312628382,0.09677680442404617,3,191.4907808883751,235.05820887369188,0.5397369110853056,0.7902905674995623
18229.0,descending_neuron,DNge021,DNge021_R,R,fl,MX,,0.12063556176589887,0.39191576613053436,0.06445524245469351,3,182.29446189523324,123.93677989591973,0.4382222328955502,0.6988035266210304
18232.0,ascending_neuron,AN09B027,AN09B027_R,R,BA,A1,,0.5626095441458482,0.8463667761980719,0.28203474748027113,3,185.8597111339206,197.39192529414407,0.6439873603860989,0.595122917006148
18265.0,descending_neuron,DNge019,DNge019_L,L,fl,MX,,0.09243947064246709,0.3430708228870159,0.23445662191451944,3,176.53037592583345,123.67336011547732,0.4100057355874888,0.7321939914112542
18278.0,ascending_neuron,AN05B029,AN05B029_L,L,BA,T1,,0.45429733830198554,0.7605454202044848,0.226036885050276,3,217.77014615166098,166.0907658013989,0.6104647867815125,0.6288010713555621
18279.0,ascending_neuron,AN09B007,AN09B007_L,L,CA,T3,,0.3417222658238983,0.6596167843251781,0.14077780856227556,3,190.80931927081278,186.00373843483467,0.5685175672917567,0.6627993212253216
18281.0,ascending_neuron,ANXXX050,ANXXX050_R,R,CA,A6,potentially male-specific,0.43218533234402173,0.7418055377219269,0.414513922798013,3,237.79642910250806,149.64287691276496,0.6028969343791227,0.642629417935699
18324.0,ascending_neuron,AN05B025,AN05B025_R,R,CA,A7,,0.3907404411790299,0.7053411808737703,0.0717466724214991,3,206.49989997888144,206.59127679360765,0.5878921488063499,0.702664897994003
18325.0,ascending_neuron,AN09B018,AN09B018_R,R,BA,A8,,0.2209073285367419,0.5303470056621252,0.1739909900544615,3,36.55629973532375,153.46083911249144,0.5097744920790381,0.37274744382140235
18338.0,ascending_neuron,AN09B003,AN09B003(18338)_R,R,CA,T3,,0.39510670678941734,0.709271093076806,0.16654782280147654,3,196.58354263496594,218.00044010559412,0.589527637696177,0.7032477465530171
18366.0,ascending_neuron,AN12B019,AN12B019(18366)_L,L,CA,T2,,0.4251307785594176,0.7357263886431546,0.4153739287159153,3,190.93908900162768,152.12759749913897,0.6004214606717067,0.5713764563261435
18373.0,ascending_neuron,AN17B007,AN17B007_L,L,BA,T3,,0.512043496917183,0.8074367027200552,0.24644156554351518,3,254.6592430283072,186.99278771935272,0.6290023722791727,0.7021468442914547
18430.0,ascending_neuron,AN05B023c,AN05B023c_L,L,BA,A6,,0.403072,0.7163848196154714,0.1043697398647333,3,269.92350263728423,214.68473682514525,0.5924766338106346,0.8179364582626195
18436.0,ascending_neuron,AN07B037_a,AN07B037_a_L,L,BA,T1,,0.40903856933125454,0.7216675701418547,0.23482892005870792,3,199.38731112562283,201.70640208911604,0.594657135977959,0.6744957538516874
18445.0,ascending_neuron,AN19B049,AN19B049_R,R,BA,T1,,0.40894077401384227,0.7215812947471889,0.07158614664719787,3,249.27975282575997,372.76959353759133,0.5946215892701193,1.0461264064207605
18455.0,ascending_neuron,AN17B008,AN17B008_L,L,BA,A2,,0.45589942188881943,0.7618852750714797,0.2971482501074737,3,253.9863935792234,191.37019386153665,0.6110022788705661,0.7288951331965552
18490.0,ascending_neuron,AN06B057,AN06B057_R,R,BA,T1,,0.8507354796112072,1.040764168652161,0.10274973024866203,3,207.0793326596034,184.12249489231073,0.7141249488986915,0.5478058540808822
18492.0,sensory_ascending,,,,abdomen,,,0.6632430048779475,0.9189489765920517,0.35995980652345666,3,38.09588848150359,1.2360773439350257,0.6710327849890088,0.05861407475952588
18513.0,ascending_neuron,AN02A005,AN02A005_R,R,BA,T2,,0.9366433334443929,1.0920491433328283,0.1698817161152585,3,160.4816909989375,185.44921887080977,0.7315080862390284,0.47290100598657014
18532.0,descending_neuron,DNg09_a,DNg09_a_R,R,xn,LB,,0.05432960680029055,0.2630106534497079,0.11068892759735882,3,184.9934061456041,229.38933927249096,0.35899195003559187,1.1542953689546842
18556.0,descending_neuron,DNg03,DNg03_R,R,ut,LB,,0.1663567752925565,0.4602304040772452,0.12058496608621333,3,185.94773839379147,262.7194422695197,0.47488198323146574,0.9447972264818961
18562.0,descending_neuron,DNg11,DNg11_R,R,xn,LB,,0.107136,0.36933696249461195,0.05080133078839274,3,169.87715212190392,177.65948806834274,0.4254116966214726,0.8169419011049937
18568.0,ascending_neuron,AN27X003,AN27X003_R,R,BA,T1,,0.8576613879589657,1.044992055061569,0.07015415849187735,3,181.82388242596232,125.49797156414408,0.7155739703064727,0.4294760105073187
18572.0,ascending_neuron,AN06B090,AN06B090_L,L,BA,T2,,0.5025631819108641,0.7999270697612648,0.2055121014694081,3,212.94009736461524,208.0556517950628,0.6260704945794999,0.6724414467773948
18589.0,ascending_neuron,AN02A005,AN02A005_L,L,BA,T2,,0.6626149306283559,0.9185137628843507,0.2083174174752812,3,163.78529772499587,158.3994213998477,0.670873865799922,0.48024634070472244
18607.0,descending_neuron,DNpe037,DNpe037(CL338)_R,R,xn,,,0.002715761273266745,0.05880318568907246,0.20831540841639157,3,230.2845129073174,233.24504475064847,0.16974557722558045,2.7307312816873357
18616.0,descending_neuron,DNg12_a,DNg12_a_R,R,nt,MX,,0.18118729610087345,0.480307016812446,0.255297913470535,3,156.017367521692,189.57618087363093,0.4851293005355361,0.7123740990573459
18626.0,ascending_neuron,AN06B026,AN06B026_R,R,BA,T1,,0.6268083859544986,0.8933516798936957,0.18016604613835668,3,215.1283233615149,164.14291510210916,0.6616209814900906,0.5732454820423566
18627.0,ascending_neuron,AN05B025,AN05B025_L,L,CA,A7,,0.31224562344756024,0.6305263479379103,0.2555337350691124,3,230.98960058247766,215.38253349961565,0.5558398244904516,0.8030589288763013
18641.0,ascending_neuron,AN05B026,AN05B026_L,L,CA,T1,,0.41654379548425163,0.7282582183021523,0.0956749521633686,3,222.19079510050776,208.4029298485082,0.5973663256060343,0.7208202178322892
18643.0,ascending_neuron,AN09B027,AN09B027(hb1446765621)_L,L,BA,A1,,0.6047840569840842,0.8775163687233989,0.3631711745668129,3,186.81389006286372,186.57776050402705,0.6557309056880463,0.5694281714159832
18679.0,ascending_neuron,AN08B026,AN08B026_R,R,BA,T1,,0.5908108538737599,0.8673198617642852,0.1674403975001219,3,222.67997310307265,161.24042737876835,0.6519100645522354,0.5889162038716749
18696.0,ascending_neuron,AN05B023c,AN05B023c_R,R,BA,A6,,0.40414985595535696,0.7173420234458457,0.048740610295211866,3,271.4288007146346,202.1782339524785,0.5928723230919659,0.7988347848608335
18714.0,ascending_neuron,AN18B004,AN18B004_R,R,BA,T2,,1.186904790711096,1.2293144900183106,0.09162716961046308,3,169.8311272377388,117.01278843652986,0.7761211890606854,0.36958650236237794
18804.0,ascending_neuron,AN09B012,AN09B012(14794)_L,L,CA,A4,potentially sexually dimorphic,0.5939432180212092,0.8696160029069508,0.046336194067198,3,311.7611411093554,230.7781800388879,0.6527724269792696,0.8311308791930222
18811.0,ascending_neuron,AN12A003,AN12A003_R,R,IA,A1,,0.275712,0.5924925496223739,0.1527606962448791,3,178.30794901307743,166.96917304315585,0.5388147634530471,0.6408085774107062
18940.0,ascending_neuron,AN05B006,AN05B006_L,L,BA,T2,,0.30605976811275504,0.624249469213738,0.08767125618699467,3,214.18314952829454,153.56194940366413,0.5530662165733246,0.6649205608876737
18957.0,ascending_neuron,AN05B099,AN05B099_L,L,BA,A5,,0.2768640297874159,0.5937290890970999,0.2042315345163595,3,234.32435581938648,170.06245193581515,0.5393767270262769,0.7497298038509937
19030.0,descending_neuron,DNge091,DNge091_L,L,ut,LB,,0.22220800000000002,0.5319060187255932,0.0445977796722465,3,172.7832376196145,212.38527994095338,0.5105232112015482,0.7544583852594082
19038.0,descending_neuron,DNg106,DNg106_L,L,lt,MX,,0.13420892844113103,0.4133764808836851,0.4736258333886089,3,183.3959986305892,222.60521666080146,0.4500605244108904,0.9021035911177245
19043.0,ascending_neuron,AN08B026,AN08B026_R,R,BA,T3,,0.31806332343046256,0.6363731618488911,0.2459296435535322,3,172.24000757180895,157.21460053403845,0.5584110039262806,0.5899858809898036
19063.0,ascending_neuron,AN17A015,AN17A015_L,L,BA,A1,,0.21258222013757236,0.5202577142020605,0.06322909363413877,3,227.36150184695742,232.1238507228829,0.5049022479242983,0.910048141910298
19084.0,descending_neuron,DNge029,DNge029_L,L,xl,LB,,0.195584,0.49902433118785106,0.1440141887443751,3,184.73121479244696,181.4275459173701,0.4944915795865962,0.7404752190440379
19090.0,ascending_neuron,AN07B037_a,AN07B037_a_R,R,BA,T1,,0.5163148667079879,0.8107974505554854,0.453448431998284,3,165.96802321907296,186.44338840075244,0.6303100433692833,0.5591080379046984
19124.0,ascending_neuron,AN03A002,AN03A002_L,L,BA,T1,,0.6403673056022305,0.9029623340141419,0.3740658826739979,3,144.88475226920963,137.1349079961907,0.6651703117750593,0.42398112975428603
19175.0,ascending_neuron,AN06B002,AN06B002_L,L,BA,T2,,0.43297621663869257,0.7424839667994199,0.41531836244752773,3,189.8659843285633,215.90953427150166,0.6031725654667291,0.6727353693317927
19197.0,ascending_neuron,AN09B018,AN09B018_R,R,BA,A3,,0.2891396826248298,0.6067487765707548,0.1209837519979486,3,223.3088911059212,180.8687471140574,0.5452585629952728,0.7412586718486486
19206.0,ascending_neuron,AN06B034,AN06B034_R,R,BA,T2,,0.19972075171899173,0.5042740911377993,0.17242770956401351,3,217.89129827605927,160.42421456916148,0.4970858121667944,0.7610668089602989
19214.0,descending_neuron,DNge019,DNge019_L,L,fl,MX,,0.08889661169865955,0.3364322835396446,0.05604297190648538,3,171.49548820937508,122.16290279849268,0.40601948097896223,0.7232618255159129
19217.0,ascending_neuron,AN23B003,AN23B003_R,R,BA,T3,,0.6702601192146516,0.9237974285756585,0.2398462564148322,3,162.357767202138,148.00754155720466,0.672800668847819,0.4613035080521662
19227.0,ascending_neuron,AN08B069,AN08B069_L,L,BA,T1,sexually dimorphic,1.0157679625940361,1.137240492705828,0.3623667311252327,3,198.16632085047672,158.13866791423882,0.7464903491846734,0.47730689238498064
19247.0,descending_neuron,DNg106,DNg106_L,L,lt,MX,,0.06159002499116742,0.2800336682971912,0.24062070521820683,3,215.72101558935975,214.2071438148108,0.370427452364999,1.1606271529264054
19268.0,descending_neuron,DNg12_c,DNg12_c_R,R,nt,MX,,0.091776,0.34183743571705877,0.10443837871659288,3,183.689529083812,127.68525325709628,0.4092680582471087,0.7608089027873897
19280.0,ascending_neuron,AN08B028,AN08B028(19280)_R,R,BA,T2,,0.23922899462208197,0.5519019987280988,0.36414808209895844,3,353.4257279470407,375.57923363152275,0.5200307484916333,1.4018497246423731
19408.0,ascending_neuron,AN10B022,AN10B022(10199)_L,L,BA,T2,,0.5647933708541196,0.8480078150440226,0.19655488705605986,3,374.9731327788504,213.78466284949536,0.6446113785619759,0.9133530918144347
19411.0,ascending_neuron,AN09B029,AN09B029_L,L,BA,A5,,0.538624,0.8281288405456196,0.16375780032392837,3,198.25585148427857,193.47518985658706,0.6370110924209669,0.6149516798084128
19419.0,ascending_neuron,AN09B029,AN09B029_R,R,BA,A5,,0.6307336185876721,0.896144511437597,0.27924562590918484,3,228.68145259929108,244.32666083735802,0.6626543673774605,0.7138081882846999
19428.0,descending_neuron,DNge144,DNge144_R,R,xl,,,0.21647921086853608,0.5250046589230253,0.27034409503649875,3,194.1844959653788,203.4586663471466,0.5072004365852639,0.7839960962763857
19433.0,ascending_neuron,AN19B025,AN19B025_R,R,BA,T2,,0.5217888193013622,0.8150841421197965,0.06724482425360138,3,174.26459194193978,127.48600161159743,0.6319740735494616,0.47747305812525653
19440.0,ascending_neuron,AN09B016,AN09B016_L,L,BA,T2,,0.05229668667550993,0.2580430381426395,0.4664968477582751,3,183.99326582854758,149.6936389253495,0.3555855574821527,0.938415235749965
19441.0,descending_neuron,DNg12_a,DNg12_a_L,L,nt,MX,,0.09717321926664756,0.3517453417737277,0.673109018912086,3,175.18302393733833,183.82182862959112,0.41515685887279585,0.8647450834406872
19450.0,descending_neuron,DNge091,DNge091_L,L,ut,LB,,0.281195931825122,0.5983558976214726,0.04236359164234187,3,177.08697713826209,308.8808320676218,0.5414742743977053,0.8974901157519206
19455.0,descending_neuron,DNg12_h,DNg12_h_L,L,nt,MX,,0.30208053787376093,0.6201781087040564,0.3906637741967325,3,171.56482427464672,196.60539481466756,0.551259714893976,0.6678707134623915
19457.0,ascending_neuron,AN06B002,AN06B002_R,R,BA,T2,,0.49737132855499466,0.795784420514554,0.300431207546198,3,199.1279768494461,147.49741992743475,0.6244472484142527,0.555091559226365
19480.0,ascending_neuron,ANXXX462a,ANXXX462a_R,R,XA,T1,,0.21107631427508342,0.5184117188991616,0.27044108407878975,3,282.88710763102733,209.09240050510243,0.5040056966548981,0.9761387845443285
19489.0,descending_neuron,DNpe010,DNpe010(PS275)_R,R,ut,,,0.1941480658300817,0.49718909375478626,0.6673937515159185,3,421.41263158588436,189.76832886271342,0.4935814582618002,1.2382575362553867
19570.0,descending_neuron,DNpe010,DNpe010(PS275)_L,L,ut,,,0.10174959843184764,0.35993278870415696,0.1778395858665983,3,184.47526698088024,252.32998632875643,0.4199607915806389,1.0401096056267511
19573.0,descending_neuron,DNg08,DNg08_L,L,ut,MX,,0.10968367885610802,0.3737025519469044,0.3987825465741835,3,156.28060580524848,239.25891879933977,0.42791850912759444,0.924333760208181
19581.0,ascending_neuron,AN17A062,AN17A062_L,L,IA,T1,,0.34063102193243966,0.6585627436227567,0.21456220486351335,3,300.912500734173,175.8507523048648,0.5680631517491261,0.8392786111386272
19607.0,ascending_neuron,AN19B024,AN19B024_R,R,BA,T2,,0.29957859309751544,0.6176044943876956,0.14696527676744897,3,192.56251485447464,115.63295201502748,0.5501147173544539,0.5602385414293931
19612.0,ascending_neuron,ANXXX030,ANXXX030_L,L,BA,A1,,0.2340878448413248,0.5459394664189463,0.4509067037098442,3,186.20761584775647,171.66523380957713,0.517214016191831,0.6919241135271188
19631.0,descending_neuron,DNg12_h,DNg12_h_R,R,nt,MX,,0.13045485319262887,0.40755401836747396,0.07081659106383915,3,176.68289675745095,131.61515289091975,0.44687970305224445,0.6898904728557962
19633.0,descending_neuron,DNg11,DNg11_L,L,xn,LB,,0.40037305577960175,0.7139823578107838,0.4675320718268453,3,154.2996721901251,211.63217781339358,0.5914823372910505,0.6186691079897026
19651.0,ascending_neuron,AN07B037_a,AN07B037_a_R,R,BA,T1,,0.457460301000478,0.7631884075248124,0.18948597941063441,3,174.72013245828012,193.22397884312537,0.6115245863308834,0.6016832675674605
19664.0,descending_neuron,DNge019,DNge019_R,R,fl,MX,,0.2541557537500037,0.5688595223747923,0.20369803976153156,3,187.17684186828276,128.0345205875561,0.5279594359073888,0.5970370847034756
19691.0,descending_neuron,DNge110,DNge110_R,R,ut,LB,,0.30070575052548004,0.6187652647800357,0.28993345993113645,3,169.06259361682297,149.43831545109137,0.5506314372992315,0.5784284868116426
19709.0,ascending_neuron,AN05B097,AN05B097_R,R,BA,A1,,0.258176,0.5733409916459361,0.24835258132250204,3,209.50530251194306,185.05011064966064,0.5300349855495471,0.7443950379096648
19733.0,ascending_neuron,ANXXX174,ANXXX174_R,R,CA,A1,,0.36222598156116814,0.6791174006415895,0.18080781145778635,3,243.04654021323063,184.9612088461398,0.5768600578254477,0.7419611450874303
19749.0,descending_neuron,DNge091,DNge091_L,L,ut,LB,,0.19498479317386821,0.4982593193217522,0.05107166492366912,3,168.14395896561976,220.27571120654466,0.4941124026652827,0.7860957710775867
19753.0,ascending_neuron,AN23B003,AN23B003_L,L,BA,T3,,0.47875468299768886,0.7807492520776466,0.14321877486791534,3,164.0177072304784,159.22171542141885,0.6185201156939415,0.522601309885035
19773.0,descending_neuron,DNg02_g,DNg02_g_L,L,ut,LB,sexually dimorphic,0.18300938049411727,0.4827160452093902,0.1696187350709993,3,212.4404280138685,219.84406281530948,0.48634438636896093,0.8888444134342884
19871.0,descending_neuron,DNg06,DNg06_L,L,xn,LB,,0.11468941605046544,0.382134923656601,0.2968554516159113,3,204.20093657589703,182.70849972157254,0.4327194386571217,0.8941346325882276
19886.0,ascending_neuron,AN04B023,AN04B023(19886)_R,R,IA,T3,,0.1468799760203269,0.432450452420659,0.27693141343252203,3,197.7497946502853,240.6121938580397,0.46032675534463874,0.9522844010666529
19946.0,descending_neuron,DNg12_c,DNg12_c_R,R,nt,MX,,0.08005944411399726,0.31927237615468096,0.6072555004150414,3,187.11079641427176,172.61178492722505,0.39552934697161685,0.9094712796805707
19960.0,descending_neuron,DNa07,DNa07_L,L,ut,,,0.17923801911717743,0.4777163738663219,0.5586937851445594,3,200.85742557845,171.6965774241256,0.4838192050699287,0.7700273141260041
19962.0,descending_neuron,DNge181,DNge181_L,L,ut,LB,,0.29970813647642097,0.617738011814606,0.20066112511854672,3,159.77085764124877,230.10927305604335,0.5501741776829924,0.7086485453374715
19981.0,ascending_neuron,AN06A015,AN06A015_L,L,BA,T1,,0.185344,0.48578525109290216,0.13374487770081026,3,210.88405348022053,193.61219038715274,0.4878880742911452,0.8290758991292576
19982.0,ascending_neuron,AN04B023,AN04B023(19982)_R,R,IA,T2,,0.15627461736452,0.446066164001332,0.10887829339869778,3,240.53555198552058,230.14079838122893,0.46751729418349075,1.006757089465056
19994.0,descending_neuron,DNge091,DNge091_R,R,ut,LB,,0.24944342751958704,0.5635612088249311,0.18921389411062398,3,188.89077290491292,219.52926804569736,0.5254949974302479,0.7772101408155124
20010.0,ascending_neuron,AN06B002,AN06B002_L,L,BA,T3,,0.38721516469584283,0.7021521630044915,0.4474344978721957,3,176.89000137236252,150.96166158894775,0.5865616420055105,0.5589381225822301
20014.0,ascending_neuron,AN19B024,AN19B024_L,L,BA,T2,,0.0790652645508328,0.3172838184355886,0.6219617947745355,3,165.65372496892178,135.93781519457437,0.3942956644872454,0.7648867774280381
20022.0,ascending_neuron,AN02A017,AN02A017_L,L,IA,T1,,0.8798179045546693,1.0584039626933717,0.5412526461455266,3,148.01461559161461,213.7184689676011,0.7201513325126546,0.5023014861294578
20051.0,descending_neuron,DNge183,DNge183_L,L,ut,LB,,0.1724403466692923,0.4685700251693266,0.32295807759326045,3,151.90120210875688,182.3897294310624,0.4791652244612186,0.6976527395444891
20054.0,descending_neuron,DNge091,DNge091_L,L,ut,LB,,0.4605450812253055,0.7657572784827622,0.19530952242746985,3,166.60116538508896,326.30028550040123,0.6125529091079018,0.8046675537029652
20065.0,ascending_neuron,ANXXX055,ANXXX055_L,L,BA,A7,,0.49618052781234157,0.7948312206614927,0.12296695459474463,3,199.47311637276508,183.99233408335658,0.6240731512604363,0.6144559330611148
20102.0,descending_neuron,DNge178,DNge178_L,L,fl,MX,,0.138496,0.419926879334535,0.07149670420226018,3,214.8250120032423,121.64662809211788,0.45361235749692946,0.7417603037801671
20106.0,ascending_neuron,ANXXX075,ANXXX075_L,L,CA,A1,,0.4627794177676322,0.7676125684166875,0.1400868643983722,3,279.95033442870084,199.45967874647505,0.6132945120610299,0.7816962385071351
20108.0,ascending_neuron,AN05B102b,AN05B102b_R,R,CA,A3,,0.34228543327844846,0.660160093641633,0.08487418030115902,3,226.46134621124327,176.98991082982764,0.5687516557201395,0.7093627824788145
20129.0,descending_neuron,DNg12_e,DNg12_e_R,R,fl,MX,,0.2147653441658965,0.5229222973164145,0.05130392818902517,3,182.25602826993074,126.40221852753754,0.5061935654322791,0.6097632760975149
20131.0,descending_neuron,DNpe004,DNpe004_L,L,ut,,,0.2747717087020404,0.5914813651281743,0.18068823944979867,3,144.9768046643819,192.16360324848318,0.5383547797807737,0.6262420629945066
20170.0,ascending_neuron,AN17B013,AN17B013_R,R,BA,A1,,0.286976,0.6044743101157551,0.13533556317385328,3,240.17054837568108,238.7287702851019,0.5442356217271339,0.8799484994036113
20185.0,descending_neuron,DNg36_a,DNg36_a_R,R,ut,LB,,0.13152712718938553,0.40922553627912456,0.12544405774054768,3,168.76652310114324,188.76185895307944,0.4477951683267373,0.7984194724346583
20216.0,ascending_neuron,AN07B106,AN07B106_L,L,BA,T1,,0.48178165718712446,0.7832135455025574,0.31423204216640377,3,188.0580096334166,166.2401436948625,0.6194954699562,0.5719140340983105
20217.0,ascending_neuron,ANXXX165,ANXXX165_L,L,BA,T3,,0.220672,0.5300644459080404,0.09009331658857204,3,97.94557397665609,233.87627050813006,0.5096386744497907,0.6510923544862901
20227.0,ascending_neuron,ANXXX005,ANXXX005_R,R,BA,T1,,0.036936497098145296,0.21686172725807146,0.5521884866699774,3,227.42281990632475,128.70095628774052,0.325978904772157,1.0924749147279271
20234.0,descending_neuron,DNge175,DNge175_L,L,ut,LB,potentially sexually dimorphic,0.49414136234194184,0.7931962703033009,0.18642287807507416,3,202.8977710079948,206.70334986783655,0.6234309684709426,0.6570111874301644
20288.0,descending_neuron,DNg12_c,DNg12_c_L,L,nt,MX,,0.07923357724812384,0.3176213529080492,0.5398176752127508,3,169.8605043356519,118.58774470189192,0.39450533953920586,0.7311643725138426
20289.0,descending_neuron,DNg02_g,DNg02_g_R,R,ut,LB,sexually dimorphic,0.5612501911730153,0.8453436803405187,0.5141476816125183,3,203.92529670422442,226.6010732482935,0.6435980137996498,0.6689367597808336
20328.0,ascending_neuron,AN09B060,AN09B060(20328)_L,L,CA,T3,,0.3968362109455138,0.7108217473872708,0.12359905216410724,3,295.41606249284615,179.103653223802,0.5901717175702024,0.8040366923550567
20344.0,ascending_neuron,AN08B026,AN08B026_L,L,BA,T3,,0.24819200000000002,0.5621457720973355,0.24465923936150288,3,193.31344562538322,157.63670327320926,0.5248346676122818,0.6686870562404512
20354.0,descending_neuron,DNg57,DNg57_L,L,xn,LB,,0.19238603298858806,0.4949277776158799,0.23304757379116164,3,204.6617375776546,184.3455636400657,0.4924577251214373,0.7899303460450199
20371.0,ascending_neuron,ANXXX151,ANXXX151_L,L,BA,A2,potentially sexually dimorphic,0.34137384229098394,0.6592804225388963,0.05849335200755355,3,233.16843736844436,196.9001722394903,0.5683725952612944,0.7566666887065903
20398.0,ascending_neuron,AN01A033,AN01A033_R,R,BA,T1,,0.030405950631694784,0.19675888477916034,0.24512633175871656,3,207.1957753110105,161.27114654558628,0.3105025821821592,1.1866790906119815
20408.0,descending_neuron,DNge021,DNge021_L,L,fl,MX,,0.15743342433754806,0.44771694353646857,0.2447226187514727,3,172.5786137249475,120.80788101630372,0.46838157770440714,0.6263835058995546
20414.0,descending_neuron,DNp16_a,DNp16_a_L,L,ut,,potentially sexually dimorphic,0.18928660450488866,0.4909248314602443,0.018703033011476935,3,146.823553444023,184.20747586453828,0.4904621977436382,0.674936887759063
20418.0,descending_neuron,DNpe053,DNpe053(SMP454)_R,R,xn,,,0.4508380583664642,0.7576442728509215,0.2384212817799274,3,174.24131665007516,165.50920993634554,0.6092993465423637,0.5576085523715532
20456.0,ascending_neuron,AN08B028,AN08B028(19280)_L,L,BA,T2,,0.39086774508243705,0.7054560721975691,0.15509022484627905,3,391.7470152644732,379.46315231333335,0.5879400270238528,1.311715705905695
20473.0,descending_neuron,DNg12_c,DNg12_c_R,R,nt,MX,,0.09902115472868633,0.3550741471381755,0.7317644081704432,3,175.09679878974978,135.75676158087674,0.4171166888266471,0.7452436421210099
20489.0,ascending_neuron,AN02A025,AN02A025_L,L,IA,T1,,0.46799127014611897,0.771922918263783,0.05726726158160571,3,169.1863938568653,201.2426397426132,0.615014007929294,0.6023099129834217
20515.0,descending_neuron,DNg08,DNg08_R,R,ut,MX,,0.08107125140997458,0.3212835558137795,0.7527666445795669,3,161.21774759669736,183.35538243361245,0.39677316233428883,0.8684386010463089
20525.0,ascending_neuron,AN07B013,AN07B013_L,L,BA,T1,,0.272580786368715,0.5891185248654598,0.3609786828917559,3,201.8111300955003,168.51057760023127,0.5372783982109045,0.6892547865852678
20530.0,ascending_neuron,AN05B024,AN05B024_L,L,BA,T1,,0.16950717533382811,0.4645677977985417,0.3889975861807331,3,238.62444980633413,172.8578941272926,0.47711447360280884,0.8624394494395071
20531.0,descending_neuron,DNg09_a,DNg09_a_L,L,xn,LB,,0.08904890976837762,0.33672034885443397,0.09260023904636776,3,160.00584737240186,252.39575506992878,0.4061932679632599,1.0152841885100672
20539.0,ascending_neuron,AN12B006,AN12B006_L,L,BA,T3,,0.2706911591151609,0.5870729837044292,0.34364296695411733,3,233.69309376250393,188.30713910272897,0.536344816340356,0.7868077028219811
20636.0,ascending_neuron,AN12B019,AN12B019(18366)_R,R,CA,T2,,0.27823665555593347,0.5951990529635199,0.14440776123350269,3,203.51862335687534,145.82760743087744,0.5400440129768357,0.6468847397494201
20643.0,descending_neuron,DNg57,DNg57_R,R,xn,LB,,0.21826285998655487,0.5271630720013265,0.23022710361095375,3,211.3501463606925,186.66361467995117,0.5082419751266615,0.783118633484479
20644.0,ascending_neuron,AN09B014,AN09B014_L,L,CA,T2,,0.28872459940765927,0.6063131018736526,0.1222072747630287,3,197.8152340768119,142.05896102336948,0.54506276695266,0.6235505628101364
20691.0,ascending_neuron,AN08B069,AN08B069_R,R,BA,T1,sexually dimorphic,0.4241128766858797,0.7348450762084819,0.06498143640018313,3,202.19317699805148,159.02708686137754,0.600061736275657,0.6019718339339192
20734.0,ascending_neuron,AN19B036,AN19B036(17446)_R,R,BA,T3,,0.7786390588706316,0.9956877225463104,0.3181679256682428,3,378.90331901995836,451.96045198532454,0.6984890722464396,1.1895157762928308
20743.0,descending_neuron,DNge019,DNge019_R,R,fl,MX,,0.14116954077017568,0.42396066069942207,0.07617986257603962,3,87.7493671465646,123.07619960450032,0.4557858310025848,0.46255401640572125
20745.0,descending_neuron,DNpe009,"DNpe009(PS222,PS226)_L",L,nt,,,0.33800224137705426,0.6560166308336894,0.1887448315675454,3,176.86297294076815,177.61508837324308,0.5669639751417261,0.6252214899992562
20753.0,descending_neuron,DNp16_b,DNp16_b_R,R,ut,,potentially sexually dimorphic,0.10318748368784941,0.3624670809233363,0.2252007912378617,3,172.3444193070868,222.19549020523527,0.4214366733596339,0.9361783974970792
20769.0,ascending_neuron,AN23B004,AN23B004_L,L,BA,T2,,0.33760989895023535,0.6556357784909865,0.1821359954687026,3,186.9022992852042,162.37582583437563,0.5667993749648842,0.6162288466553428
20774.0,descending_neuron,DNg36_a,DNg36_a_R,R,ut,LB,,0.10123732910843916,0.3590255851944718,0.0987252774028096,3,149.41132883730393,198.48498801815612,0.41943120621299884,0.8294478610606494
20788.0,descending_neuron,DNg12_c,DNg12_c_R,R,nt,MX,,0.29372715061620336,0.6115431493581882,0.18530410300976968,3,186.1609256394978,165.1153325258651,0.5474085706175161,0.6417076330556866
20821.0,descending_neuron,DNg08,DNg08_R,R,ut,MX,,0.09562020384965653,0.34892323628130606,0.1224717332244131,3,193.7654085066475,180.93884305233215,0.4134880721107199,0.9062032905719343
20831.0,ascending_neuron,AN09A005,AN09A005_R,R,XA,T1,,1.1975395293377575,1.2348095744431071,0.33046826991884737,3,193.03674586028237,176.34197845015248,0.7778539011132634,0.4748690258951977
20842.0,ascending_neuron,AN09B059,AN09B059_L,L,XA,T1,,0.00013215670401920242,0.012971782516643923,1.2086655386819802,3,318.0913706143929,161.7641037043308,0.07972561340720762,6.018837031303947
20849.0,descending_neuron,DNg02_b,DNg02_b_L,L,ut,LB,,0.13028843014100439,0.40729397427041747,0.5825963159308579,3,211.06576237914317,237.62954899640042,0.44673711217281303,1.0043833367530324
20886.0,descending_neuron,DNge025,DNge025_R,R,fl,MX,,0.11776,0.38721659157119387,0.12378747651448099,3,195.5657725704673,125.50791530632982,0.4355871093936148,0.7371055776277838
20891.0,ascending_neuron,ANXXX116,ANXXX116(20891)_L,L,BA,A5,potentially sexually dimorphic,0.5745333106007952,0.8552885658212334,0.04406235200066623,3,215.85215536339848,160.36074061189095,0.6473726880649232,0.5811380413650693
20898.0,ascending_neuron,AN09B060,AN09B060(20328)_R,R,CA,T3,,0.4675313855334474,0.771543549299718,0.03274325166076324,3,282.38156732422885,223.32182021900834,0.6148628620732121,0.822465331274184
20923.0,descending_neuron,DNg110,DNg110_R,R,ut,LB,,0.19279042507779548,0.4954476693409212,0.14197416133669385,3,189.13700720364085,233.82798988343055,0.4927163057754953,0.8584351524988786
20962.0,descending_neuron,DNg02_f,DNg02_f_L,L,ut,LB,,0.2228094682339414,0.532625408609904,0.17970317928589066,3,214.29154023116178,231.24576104544371,0.5108683296299086,0.8721176777573367
20977.0,ascending_neuron,AN23B004,AN23B004_R,R,BA,T2,,0.6107068968227511,0.881802796138243,0.2680553996214513,3,193.4732199317967,170.56766961749528,0.6573304877363738,0.5538171381688486
20983.0,ascending_neuron,AN06A015,AN06A015_R,R,BA,T1,,0.22370695636882673,0.5336970519696862,0.0692432370543457,3,228.83131080253236,211.366207684089,0.5113820054178151,0.860799781421652
21020.0,ascending_neuron,ANXXX165,ANXXX165_R,R,BA,T3,,0.22716476991358805,0.5378058834046396,0.24589410142576135,3,255.5886648620391,241.2507486769218,0.5133467472072589,0.9678436967642198
21027.0,descending_neuron,DNp17,DNp17_L,L,ut,,,0.09587033070881303,0.3493793013692978,0.7439224308476289,3,178.84754435939828,207.80349912168248,0.4137582116054688,0.934485486054267
21031.0,descending_neuron,DNp72,DNp72_R,R,ut,,,0.1764423775313077,0.4739761728609909,0.11200642730704619,3,149.70440538698696,214.34184869151267,0.48192149225977204,0.7554057246367138
21035.0,ascending_neuron,ANXXX151,ANXXX151_R,R,BA,A2,potentially sexually dimorphic,0.6823076704691724,0.9320628239112847,0.07905520933086269,3,236.46005382309295,179.191669960666,0.6758038056392768,0.615047918220249
21050.0,ascending_neuron,ANXXX174,ANXXX174(hb1978499214)_L,L,CA,A1,,0.44531476200588355,0.7529889539961516,0.2867749673170092,3,217.52356180285713,239.88221714401644,0.6074245528937023,0.7530248436087145
21061.0,ascending_neuron,AN10B020,AN10B020_R,R,BA,T3,,0.4781736442032067,0.7802753315654959,0.23800524704890352,3,381.34061171863385,211.64777847118364,0.6183323640786506,0.9590123769008969
21122.0,descending_neuron,DNg02_a,DNg02_a_L,L,ut,LB,sexually dimorphic,0.2877617658945156,0.6053012967107534,0.15815891641514448,3,54.476112955902344,233.24176128290554,0.5446077812410222,0.5283029074303203
21128.0,ascending_neuron,AN17B008,AN17B008_R,R,BA,A1,,0.5280924733067409,0.8199928172192369,0.14680900847140463,3,238.51960561434103,186.09104142934748,0.6338741834444956,0.6698658158569238
21140.0,ascending_neuron,AN08B009,AN08B009_R,R,BA,T3,,0.6539063719662023,0.9124579175730075,0.15632052225895102,3,173.56044266569208,152.07703675136835,0.6686586420669172,0.4870010778750567
21146.0,descending_neuron,DNge091,DNge091_L,L,ut,LB,,0.5105367331251107,0.8062478264496552,0.1770090016458142,3,183.14351907018366,322.74344574456717,0.6285391276287666,0.8048615314105669
21149.0,descending_neuron,DNg107,DNg107_L,L,xl,,,0.17823107650700523,0.4763726007123387,0.09270006020611157,3,197.36844361895982,170.70802823243605,0.48313825593617193,0.7618450150220002
21155.0,descending_neuron,DNg106,DNg106_R,R,it,MX,,0.24315650668933123,0.5564139465151072,0.17486592563784287,3,182.61200371493533,208.9492665313715,0.522152117483404,0.7498988458258088
21182.0,ascending_neuron,AN06B014,AN06B014_R,R,CA,A1,,0.7288534416667258,0.9633301740558107,0.09755091581911707,3,142.54804887164394,131.23295852209307,0.6870456937404871,0.39849024582803133
21195.0,ascending_neuron,AN05B097,AN05B097_L,L,BA,A1,,0.42726400000000003,0.7375699430167452,0.1726014099047167,3,212.8703914325913,187.0244216200544,0.6011732463094188,0.665190634326437
21239.0,ascending_neuron,ANXXX106,ANXXX106_R,R,BA,T1,,0.0033220682784373752,0.06503682574062736,0.11655708775594033,3,160.12830768100488,169.75498655300274,0.17851623067079198,1.8479176542908131
21254.0,ascending_neuron,ANXXX150,ANXXX150_L,L,BA,A10,potentially sexually dimorphic,0.34713600000000006,0.6648212410875465,0.1349086700612024,3,270.84638694783837,249.60323407368747,0.5707559970187767,0.9118601008837129
21278.0,descending_neuron,DNg106,DNg106_L,L,it,MX,,0.1439634806385804,0.4281354885392655,0.6600729331931915,3,72.46813804056849,219.0467484437502,0.4580244419070232,0.6364614195490791
21296.0,ascending_neuron,AN04B023,AN04B023(19982)_L,L,IA,T2,,0.285508880758851,0.6029271907579267,0.29397612343542373,3,237.36838611081686,175.53777071286515,0.5435387046672794,0.7596628414464752
21309.0,ascending_neuron,AN05B102b,AN05B102b_L,L,CA,A3,,0.4114110781058567,0.7237574550818137,0.15241984368678368,3,232.79117509882687,214.72741595961156,0.5955175505307032,0.7514784252111906
21354.0,ascending_neuron,AN08B086,AN08B086_L,L,BA,T1,,0.26131129928261243,0.5768118235029057,0.08709623231812048,3,200.56522755210142,181.0286005320923,0.5316369000703617,0.7177715241994868
21360.0,ascending_neuron,AN04B001,AN04B001_L,L,IA,T2,,0.6084816055402362,0.8801947752729342,0.14362145134044924,3,200.55437000221826,137.27785414013516,0.6567308732530683,0.5144150182386374
21403.0,descending_neuron,DNge183,DNge183_R,R,ut,LB,,0.19336242209159682,0.49618210595787626,0.048596438383798915,3,151.2669374334278,136.79065460811913,0.49308136440080486,0.5841989027340267
21428.0,descending_neuron,DNge091,DNge091_R,R,ut,LB,,0.19546488730989445,0.49887235254136897,0.04016487585037162,3,142.52699237039218,225.02625370063558,0.4944162747576892,0.7434084694140856
21484.0,ascending_neuron,AN08B034,AN08B034_a_R,R,BA,T1,,0.5444761224720853,0.8326154756521912,0.23164669514115044,3,227.97381902840735,191.55040458305177,0.638734360332661,0.656805472924559
21512.0,ascending_neuron,AN08B013,AN08B013_L,L,BA,T2,,0.6515993453437473,0.9108468882392929,0.32115082302847386,3,203.42878326705258,153.91421950864654,0.6680680917670395,0.5348900915631627
21527.0,ascending_neuron,AN19B010,AN19B010_L,L,BA,T3,,0.3392,0.6571779466584124,0.1127545460931318,3,187.8759639590615,163.9769227068157,0.5674655882629555,0.6200426844258855
21533.0,ascending_neuron,AN10B008,AN10B008_L,L,BA,T3,,0.47151241564244833,0.7748214332538612,0.15940492585675153,3,172.71593601910354,155.1846850556205,0.6161675927005509,0.5321614199760085
21549.0,ascending_neuron,AN08B009,AN08B009_L,L,BA,T3,,0.33952483997715355,0.6574925495234071,0.03330465450902315,3,187.38852501170658,141.2816423874005,0.5676013999863544,0.5790510160951128
21578.0,descending_neuron,DNg106,DNg106_L,L,it,MX,,0.12772583350402872,0.4032686227585637,0.35284436767055727,3,208.60979813702895,221.40816530716086,0.4445240433898893,0.9673671645855693
21581.0,descending_neuron,DNge178,DNge178_R,R,fl,MX,,0.1635935098594653,0.45639207488199546,0.568228199017586,3,188.87922187980791,130.12276191692737,0.4728975752656993,0.6745688717424757
21589.0,descending_neuron,DNge111,DNge111_R,R,xn,LB,,0.05210965028679453,0.2575811860510523,0.11133907325891891,3,193.4795857453487,231.47583649218217,0.35526719686035696,1.1961572191101164
21624.0,descending_neuron,DNg12_a,DNg12_a_L,L,nt,MX,,0.1832619814333776,0.4830490677017166,0.30138665504673406,3,171.21325373125623,193.56999441997476,0.48651212027434737,0.7497927244762725
21662.0,ascending_neuron,AN07B106,AN07B106_R,R,BA,T1,,0.19372960364154498,0.49665298986544343,0.020195354923947688,3,198.3462398008725,159.82991375558657,0.49331527954652615,0.7260593142091767
21668.0,descending_neuron,DNge019,DNge019_R,R,fl,MX,,0.16514855154240526,0.4585560669967454,0.07931571704083208,3,185.54061054399534,128.60246789028028,0.4740173760827816,0.6627248161877807
21712.0,descending_neuron,DNp16_b,DNp16_b_L,L,ut,,potentially sexually dimorphic,0.14923879876456442,0.4359090962526666,0.09155133395220365,3,171.34636116733753,211.05567493870626,0.46216388561181043,0.8274165247676627
21730.0,ascending_neuron,AN23B010,AN23B010_L,L,BA,T1,,0.34368000000000004,0.6615035651714818,0.049502372066450334,3,203.5589693233157,132.0135877159629,0.5693300860959537,0.5894165181755772
21743.0,ascending_neuron,AN19B014,AN19B014_L,L,BA,T2,,0.32741495648814,0.6456606462674046,0.12469300857719037,3,170.04283907104153,133.83863969079803,0.5624710807419597,0.5402615159538287
21763.0,ascending_neuron,AN13B002,AN13B002_R,R,CA,A1,,0.17324090757775762,0.4696564428322159,0.21066400281329478,3,223.11242937372802,125.5860536369544,0.4797203945922935,0.7268785879054308
21764.0,ascending_neuron,AN09B059,AN09B059_R,R,XA,T1,,0.007534259539571342,0.09794343870867703,0.2456096122814452,3,301.9830581626692,163.65492253927698,0.21907141522173024,2.125507703643841
21770.0,ascending_neuron,AN09B034,AN09B034_R,R,CA,A2,,0.360192,0.6772080168583711,0.11334495264608996,3,308.82513519604544,213.49992307127934,0.5760485467915024,0.9067379150187794
21783.0,ascending_neuron,AN27X008,AN27X008_R,R,BA,T2,,0.5142002827600403,0.8091354237234245,0.056684571118804594,3,8.647078570001002,119.4640700508341,0.6296636861249646,0.20345964273285064
21803.0,ascending_neuron,AN08B048,AN08B048_R,R,BA,T1,,0.38329670775786595,0.6985903847635694,0.013467619683596025,3,179.33777912891736,157.2600613933784,0.5850720370468485,0.5753100801420515
21863.0,descending_neuron,DNg106,DNg106_L,L,lt,MX,,0.06001448668296398,0.276428684657963,0.21533360981533872,3,255.28279756997765,219.92397362581983,0.36803539976801397,1.2911985409429025
21870.0,ascending_neuron,AN10B022,AN10B022(21870)_L,L,BA,T1,,0.612352,0.8829896838002504,0.14763890003191388,3,390.1154640784992,198.99136127016726,0.6577727153524404,0.8956084854219254
21929.0,ascending_neuron,AN12B005,AN12B005_L,L,BA,T3,,0.4649436418433392,0.7694053748630314,0.07681293411230329,3,186.46698738271576,159.8089653147765,0.6140102879291889,0.5639579002256502
22012.0,descending_neuron,DNxl114,DNxl114_R,R,xl,GNG,,0.32941661048201293,0.6476312648091648,0.3272571751295192,3,193.42117660430227,192.15141208249278,0.5633287847753661,0.6844539088137428
22024.0,descending_neuron,DNge181,DNge181_R,R,ut,LB,,0.18423957005104383,0.48433573716379136,0.27424920618883836,3,167.8584676560194,218.8828857944583,0.48715963626952685,0.7938698624787307
22033.0,descending_neuron,DNg12_c,DNg12_c_L,L,nt,MX,,0.1130724263902611,0.3794315283410648,0.6550590358309516,3,177.26132708656706,126.09617012895252,0.4311860954241471,0.7035419287282775
22047.0,ascending_neuron,AN00A006,AN00A006(22047)_M,M,BA,A3,,0.004118350749905825,0.07241303082919405,0.4886432923498094,3,209.01030573037534,170.25130286198848,0.18836768593977332,2.0134112000166784
22058.0,ascending_neuron,ANXXX030,ANXXX030_R,R,BA,A1,,0.23918208623626167,0.5518478871829304,0.45094822795000505,3,194.39805647486367,145.83567439894543,0.5200052545115634,0.6542890248164661
22080.0,descending_neuron,DNg12_g,DNg12_g_R,R,nt,MX,,0.256384,0.5713477465059086,0.3808599385214159,3,165.94023267627833,156.97796714987038,0.5291128384266396,0.6103011992420604
22087.0,descending_neuron,DNg83,DNg83_L,L,fl,MX,potentially sexually dimorphic,0.08738763814702717,0.33356468129854816,0.3562641968214734,3,223.17859387124426,182.1194845329411,0.40428541135723484,1.002504832028321
22090.0,ascending_neuron,AN27X016,AN27X016_L,L,BA,T1,,0.48873988721824985,0.7888491310102834,0.10378696149395777,3,185.84465178775335,169.24814358009903,0.6217202539688078,0.5711456126788298
22115.0,ascending_neuron,AN08B050,AN08B050_R,R,BA,T1,,1.0828425760911389,1.1741882253719513,0.4195609128268007,3,222.14680539838972,163.61146180591234,0.7585197627170014,0.5085671938494051
22128.0,descending_neuron,DNg12_g,DNg12_g_L,L,nt,MX,,0.09092593221566526,0.3402506319448855,0.07498834432613494,3,168.30326196110948,175.98718896656277,0.4083170455087491,0.8431939217690463
22158.0,descending_neuron,DNpe012_b,DNpe012_b(DNp16)_R,R,xn,,,0.053646437049297835,0.2613518032945469,0.16557992418064146,3,211.0185836345174,196.03689490144882,0.35785804953127426,1.137477497206312
22190.0,descending_neuron,DNg12_e,DNg12_e_L,L,fl,MX,,0.12480947089076683,0.39863812398665094,0.10417417416845086,3,180.85627069187038,121.24082707897557,0.44196456956803554,0.6835323882774306
22210.0,ascending_neuron,AN06B089,AN06B089_L,L,CA,T2,,0.6593586410436124,0.9162540564382592,0.06095331616500417,3,138.16960506248262,177.86319089545387,0.6700481233872287,0.47165686303295173
22247.0,ascending_neuron,AN07B013,AN07B013_R,R,BA,T1,,0.6358467513567674,0.8997695417265594,0.14542689930135483,3,203.08365372849266,164.83125465907537,0.6639932796693157,0.5540943254287127
22319.0,ascending_neuron,AN08B010,AN08B010_L,L,BA,T3,,0.44569600000000004,0.753311205366204,0.21756639328330424,3,188.40658541901493,184.21505700596194,0.6075545165904372,0.6133139203969862
22356.0,ascending_neuron,dMS9,dMS9_L,L,BA,T2,sexually dimorphic,0.4109213914806026,0.7233265966426936,0.10052288837584542,3,172.186428165315,127.99796497761555,0.5953402660285292,0.5042232321113409
22390.0,descending_neuron,DNge008,DNge008_L,L,xn,LB,,0.2380171768879158,0.5505023904942816,0.1056191357077647,3,149.12999586046672,121.83428874361833,0.5193709380993492,0.5217163008690582
22393.0,descending_neuron,DNg02_a,DNg02_a_R,R,ut,LB,sexually dimorphic,0.30537661972437413,0.6235523941663804,0.27045022296468507,3,187.08422158389695,239.91167957116065,0.5527573365786531,0.7724834622693413
22404.0,descending_neuron,DNg02_a,DNg02_a_L,L,ut,LB,sexually dimorphic,0.17215732094272235,0.46818533610092605,0.13699143019134824,3,204.32226692064364,233.19329767338053,0.478968490288718,0.913453752104431
22432.0,ascending_neuron,ANXXX049,ANXXX049_L,L,CA,T2,,0.38759935706369286,0.7025004120478636,0.0368308423727521,3,207.55453119884044,164.88412011090526,0.5867070835633852,0.6347948776205786
22462.0,descending_neuron,DNg02_g,DNg02_g_R,R,ut,LB,sexually dimorphic,0.17104682194921403,0.46667288083518815,0.09068866670583041,3,196.19309377843828,235.39558508147167,0.47819421954812685,0.9025384691344508
22469.0,ascending_neuron,AN18B019,AN18B019_R,R,BA,T2,,0.42353794963849417,0.7343468296219305,0.2569442995889144,3,174.44505325986148,146.1738212914469,0.5998582720232721,0.5344910448094473
22474.0,descending_neuron,DNg12_e,DNg12_e_R,R,fl,MX,,0.1546750713670124,0.4437774413478153,0.2328103720203586,3,185.5026162433454,127.6162201733314,0.46631635855975445,0.6714729832420264
22480.0,ascending_neuron,AN18B019,AN18B019_L,L,BA,T2,,0.3622409520800525,0.6791314341943229,0.4096479956216427,3,164.17559540599137,148.87756371594446,0.5768660180277724,0.5426791479106754
22499.0,ascending_neuron,AN10B009,AN10B009_R,R,BA,T2,potentially male-specific,0.30158573631934477,0.6196699812076275,0.0865918392362841,3,198.77629048250097,172.162001570598,0.5510338381549154,0.6731679007139574
22518.0,ascending_neuron,AN09B060,AN09B060(22518)_R,R,CA,A1,,0.4778243712322785,0.779990310767481,0.07739257526943878,3,235.45772745992528,174.4041395139225,0.6182194208176137,0.6629715165398609
22564.0,descending_neuron,DNg12_e,DNg12_e_R,R,fl,MX,,0.16038400000000003,0.4518929642545947,0.05457090822863288,3,225.87472921843707,127.12166189969827,0.4705608913676862,0.7501609198591718
22572.0,ascending_neuron,AN09B034,AN09B034_L,L,CA,A2,,0.4323477491577787,0.7419449112332549,0.25803073628861645,3,288.38752484242605,207.60686560149315,0.6029535691114987,0.8226079350932568
22596.0,descending_neuron,DNg12_e,DNg12_e_L,L,fl,MX,,0.161733502203727,0.45379013950756664,0.5112929759207031,3,215.30326804631974,120.45724592573632,0.47154763106043446,0.7120394459770372
22597.0,ascending_neuron,AN01A033,AN01A033_L,L,BA,T1,,0.029343118271459183,0.19328946828283924,0.24162583315324174,3,208.76615932995068,150.82609611075833,0.3077528870028537,1.1684447835492588
22617.0,ascending_neuron,AN10B022,AN10B022(22617)_L,L,BA,T3,,0.44405179387590804,0.7519204105976864,0.2583815901627716,3,395.27059425701714,211.3843276094361,0.6069934111609996,0.9994423509574859
22627.0,descending_neuron,DNge095,DNge095_R,R,ut,LB,,0.139776,0.4218629286923682,0.09215031587538978,3,152.38529807155936,146.7575613584325,0.4546568321924354,0.6579530719630282
22645.0,descending_neuron,DNge087,DNge087_L,L,nt,LB,,0.07072826299289556,0.30009002211500335,0.24396412830408226,3,163.7122707840586,213.68513478544781,0.38346331093906705,0.98418126272705
22692.0,descending_neuron,DNg110,DNg110_R,R,ut,LB,,0.329457452311722,0.6476714109724031,0.21849090114391623,3,187.8720715742286,237.55449656855333,0.5633462446635084,0.755177783064646
22728.0,ascending_neuron,AN17A004,AN17A004_L,L,IA,T2,,0.271211480534125,0.5876369474447797,0.01614181445948499,3,181.67510305511306,149.4413759193371,0.5366023707065987,0.6170611556159089
22757.0,descending_neuron,DNge019,DNge019_L,L,fl,MX,,0.17355835731767877,0.47008654932484933,0.08300239924537267,3,208.33655852812697,121.45608263575876,0.4799400058019504,0.6871538883549047
22758.0,descending_neuron,DNg67,DNg67_R,R,xl,,,0.06075052589211207,0.2781186292381265,0.09144851717078692,3,296.84367832111263,23.61392940269065,0.36915867635297694,0.8680755140030696
22840.0,ascending_neuron,ANXXX116,ANXXX116(20891)_R,R,BA,A5,potentially sexually dimorphic,0.3148699102400521,0.6331704519044185,0.09777987957402491,3,211.97807495904337,151.87645988804172,0.5570040587223445,0.6532349794392781
22880.0,ascending_neuron,AN23B010,AN23B010_R,R,BA,T1,,0.34557918695327244,0.6633287922790118,0.17240893815610858,3,215.0837663076048,158.5105694894236,0.5701149956076543,0.6552964554086754
22916.0,ascending_neuron,AN08B086,AN08B086_R,R,BA,T1,,0.36326338905263783,0.6800891942211205,0.07859066270819363,3,175.2073380601187,193.6671206327258,0.5772726437034315,0.6389952177992873
22931.0,ascending_neuron,ANXXX006,ANXXX006_L,L,BA,T1,,0.6433946454098611,0.9050941969799017,0.256641379128746,3,187.83607139387547,154.6191735482715,0.6659550709470962,0.514231755086901
22961.0,ascending_neuron,AN09B026,AN09B026_L,L,BA,T2,,0.018468012011597236,0.15334341591933312,0.1656634608116897,3,261.1678209369443,17.907042045280356,0.2741136147667117,1.0180992404180118
22979.0,ascending_neuron,AN10B020,AN10B020_L,L,BA,T3,,0.5411588457562463,0.8300752028582045,0.02515189745645175,3,382.70230547448887,216.91447605407845,0.6377592409369857,0.9401930117823459
23067.0,ascending_neuron,AN09B019,AN09B019(23067)_R,R,CA,A1,,0.299904,0.6179398291292237,0.11978724086426831,3,293.51958345640685,222.73474673185666,0.5502640423227012,0.9381938314724683
23140.0,ascending_neuron,AN09B019,AN09B019(23067)_L,L,CA,A1,,0.23605557773878894,0.548229237028026,0.1224737656727184,3,292.7659260708175,241.5345536526455,0.5182975266617936,1.0308759973537591
23168.0,ascending_neuron,AN01B002,AN01B002(12457)_R,R,BA,A4,,0.11961913190727944,0.390261206182782,0.04612726382737892,3,212.03346291361137,131.67074300874143,0.43729622800747225,0.7859756931552581
23178.0,descending_neuron,DNge111,DNge111_L,L,xn,LB,,0.058040889994660824,0.2718454641019887,0.07623661351684728,3,182.30806562089955,230.65955968988365,0.36497161178641613,1.1315061554772503
23188.0,ascending_neuron,AN18B023,AN18B023_L,L,BA,T1,,0.33980734375923827,0.6577660280568445,0.17239661750069368,3,144.63722791384805,143.81626371952254,0.5677194322443558,0.5080916298620116
23220.0,descending_neuron,DNge111,DNge111_R,R,xn,LB,,0.1793379323304142,0.4778495027873546,0.3548298649215109,3,158.50866658197447,213.2743543542663,0.48388661519596066,0.7683267303967044
23301.0,ascending_neuron,AN27X022,AN27X022_L,L,XA,T1,,0.24753479317023533,0.5614010040623219,0.10657312341428825,3,228.38558206985252,233.2204821122195,0.5244868844790475,0.8801098327569573
23323.0,ascending_neuron,AN10B015,AN10B015_L,L,BA,T2,,1.27552,1.2743792622687309,0.04872368183379135,3,165.02397237417588,144.5771593666785,0.7902188548191432,0.39179162817079655
23341.0,descending_neuron,DNg110,DNg110_L,L,ut,LB,,0.6034333322423735,0.8765358984219083,0.32805751465492156,3,206.0607681293044,218.48141778236922,0.6553644712881032,0.6477955466173595
23361.0,ascending_neuron,ANXXX191,ANXXX191_L,L,IA,T1,potentially sexually dimorphic,0.27354317906917436,0.5901575999539823,0.5664719829819312,3,144.6363164979833,195.4616759458709,0.5377520097381797,0.6324439263545306
23382.0,ascending_neuron,AN01B002,AN01B002(23382)_R,R,BA,A5,,0.19791791081780727,0.5019929388593025,0.11832047632570172,3,224.6568980101831,131.193127595156,0.4959602202203905,0.7174971118595148
23411.0,descending_neuron,DNg02_a,DNg02_a_R,R,ut,LB,sexually dimorphic,0.3371925112325629,0.6552303713121475,0.20290282927092532,3,187.59761621704675,237.45381605892118,0.5666241099202823,0.7501470989926071
23412.0,descending_neuron,DNge181,DNge181_L,L,ut,LB,,0.41682373381930843,0.7285028902364814,0.12091662322097924,3,165.16076961716075,207.7894959105204,0.5974666653595628,0.6242193701354619
23425.0,ascending_neuron,ANXXX170,ANXXX170_R,R,CA,A3,,0.283392,0.6006878565957424,0.18076600249573296,3,240.23407749702886,195.4045424738227,0.542528386107044,0.8029784820971515
23498.0,ascending_neuron,AN08B022,AN08B022_L,L,BA,T2,,0.20291857861564078,0.5082951491553749,0.36928741720520475,3,173.16987207432894,165.5983396434659,0.49906374651554647,0.6788074952008997
23513.0,ascending_neuron,AN05B035,AN05B035_L,L,BA,A2,potentially male-specific,0.224896,0.5351135212763355,0.3692713870185198,3,286.56312065669874,212.6791516716705,0.5120601775430349,0.9749679709987048
23566.0,ascending_neuron,AN17A004,AN17A004_R,R,IA,T2,,0.29111436717670497,0.6088171518033414,0.10578448371324192,3,186.82202178342757,155.0416551014155,0.5461871514267223,0.6259094085092338
23628.0,descending_neuron,DNg12_a,DNg12_a_R,R,nt,MX,,0.05313580992268097,0.26010500655521507,0.189441081882365,3,179.54891520011833,162.9645246564444,0.3570034358546923,0.9594121665427687
23667.0,descending_neuron,DNge087,DNge087_R,R,nt,LB,,0.09659598089297083,0.35069904866624985,0.049257517512912984,3,175.9940316136159,198.3316599622276,0.41453894129075786,0.9029928296007569
23685.0,ascending_neuron,ANXXX132,ANXXX132_L,L,BA,A1,,0.244096,0.5574878293843502,0.2053601351201576,3,170.4437940191673,151.98064517720567,0.5226557532433098,0.6168963743259056
23715.0,descending_neuron,DNge093,DNge093_L,L,ut,LB,,0.5145697232895924,0.8094260436974704,0.33294547289623677,3,170.04402821162384,253.67099974296394,0.6297767552170852,0.6728019483801563
23747.0,ascending_neuron,AN10B024,AN10B024_R,R,BA,T3,,0.199168,0.5035757873903519,0.11002209438168467,3,173.35399982956244,157.9338806503273,0.49674151811709116,0.6669220679109795
23755.0,ascending_neuron,AN08B048,AN08B048_L,L,BA,T1,,0.40310612187696415,0.7164151415894159,0.13865629615259686,3,186.89923170345511,174.59781302284378,0.5924891723726382,0.6101327443313008
23784.0,ascending_neuron,AN09B024,AN09B024_R,R,BA,T2,,0.00718069962864179,0.0956177322783375,0.6493556040613387,3,197.31138285336053,151.47138886398858,0.21645481934201738,1.6113421395632779
23797.0,ascending_neuron,AN12B008,AN12B008_L,L,BA,T1,,0.31309779588121517,0.6313861695391983,0.08145685353290368,3,190.58959173125035,136.09724708038974,0.5562186827806193,0.5873352494714568
23819.0,descending_neuron,DNge111,DNge111_R,R,xn,LB,,0.07331674725894653,0.30553196543315086,0.7804966391106323,3,191.11560381817404,231.92141876048026,0.38692462193849064,1.0933318754935797
23826.0,ascending_neuron,AN05B005,AN05B005_L,L,BA,T3,,0.2562536518700315,0.5712024886532987,0.25273048508661516,3,223.5699542100804,146.04659304225885,0.5290455740672219,0.6986478393738057
23882.0,descending_neuron,DNge015,DNge015_R,R,ut,LB,,0.6487980819241508,0.9088868876016161,0.4101569670981397,3,186.53156485687248,265.97824331068585,0.6673489154293966,0.6780707928121783
23891.0,descending_neuron,DNge120,DNge120_L,L,xl,MX,,0.2866709804072172,0.6041529844190692,0.0138405044334422,3,199.96062025500225,143.08181803627986,0.5440909504534549,0.6304873073249694
23892.0,descending_neuron,DNge095,DNge095_L,L,ut,LB,,0.20367072688384633,0.5092363140757621,0.12338139509348983,3,166.22294076509195,168.32775554224673,0.4995255688121714,0.6697368807424038
23953.0,descending_neuron,DNge091,DNge091_R,R,ut,LB,,0.136490028986985,0.41687468424968904,0.2280410298304501,3,189.84402648118805,218.5010365251906,0.45196083379242896,0.903496569780023
23960.0,descending_neuron,DNg12_c,DNg12_c_L,L,nt,MX,,0.06383251823076386,0.28508610357475644,0.11884609628042477,3,194.23691499169183,142.3887574876311,0.37375418492858464,0.9006606107799003
23975.0,ascending_neuron,AN06B012,AN06B012_R,R,BA,T2,,0.48444792022245525,0.7853777749541525,0.4137536656729963,3,219.52089795171028,163.11715127271262,0.6203507957015407,0.6168091535881826
24022.0,ascending_neuron,AN09B024,AN09B024_L,L,BA,T2,,0.002188372771434749,0.05278563015833387,0.4899682804274287,3,194.27394699831208,152.40244311372302,0.16082586476553948,2.1556009701389662
24038.0,descending_neuron,DNg08,DNg08_L,L,ut,MX,,0.12882273934489527,0.40499655059646,0.27716740906219794,3,163.70546455744002,177.14102995538295,0.44547537506832563,0.7651298221827525
24043.0,descending_neuron,DNge090,DNge090_L,L,ut,LB,,0.125568,0.3998476499284508,0.6275895626149063,3,174.0897989637398,220.8592208639029,0.44263455407925495,0.8922688393570963
24050.0,ascending_neuron,AN05B098,AN05B098_R,R,BA,T3,,0.5160419818524267,0.8105831592366171,0.3831635940336849,3,211.47792918667412,155.48463342929904,0.6302267433439669,0.5822706930348263
24058.0,descending_neuron,DNge014,DNge014_L,L,ut,LB,,0.3593289658449825,0.6763962218127939,0.26773711614738244,3,199.83421762909185,214.89238822053727,0.5757031775909084,0.7203826937087562
24115.0,ascending_neuron,AN19A018,AN19A018(24115)_R,R,BA,A2,,0.247790924902999,0.5616913782612293,0.1783212728234422,3,223.77440485500694,28.027270364322213,0.5246225074737094,0.4799673510613682
24133.0,ascending_neuron,AN19B001,AN19B001(24133)_L,L,BA,T2,,0.60304530603888,0.8762540333234538,0.060433662455873324,3,170.53008287638798,127.63696865597025,0.6552590909926335,0.45503687874161874
24155.0,ascending_neuron,AN07B036,AN07B036_R,R,BA,T3,,0.19043288842211822,0.492409061814646,0.12033244577833196,3,250.3583160837165,415.43694680041983,0.49120305403079134,1.355437954672001
24184.0,descending_neuron,DNg110,DNg110_L,L,ut,LB,,0.185856,0.4864557624556404,0.13814672260808397,3,196.67623291393983,234.9986567715513,0.4882246650910457,0.8841726372119915
24229.0,ascending_neuron,AN10B015,AN10B015_L,L,BA,T1,,0.3720641180941103,0.6882781039190734,0.02239786871898411,3,315.3564204023113,161.52422652416902,0.580737695453245,0.8211635832495633
24232.0,descending_neuron,DNg36_a,DNg36_a_L,L,ut,LB,,0.2412727384367602,0.5542544466616633,0.3218413654605069,3,142.1882591334194,174.67857912999133,0.5211378693438187,0.6080288094633919
24246.0,ascending_neuron,AN05B098,AN05B098_L,L,BA,T3,,0.6558427498320297,0.9138079252304561,0.2950204630090579,3,166.05538535595412,158.50922368259552,0.6691531090586993,0.48503788541775755
24350.0,descending_neuron,DNge114,DNge114_R,R,ut,LB,,0.05311678514359129,0.2600584383057424,0.3852779584544581,3,163.80869402921124,194.24250657282477,0.3569714761291352,1.0030246799677356
24354.0,descending_neuron,DNge090,DNge090_R,R,ut,LB,,0.2904413457008049,0.6081129884917447,0.24878116307760006,3,173.83943660491508,249.0229037321181,0.5458711975923943,0.7746558935552913
24357.0,ascending_neuron,AN06B002,AN06B002_R,R,BA,T3,,0.6999841377274953,0.9440590473280746,0.323388559286993,3,200.67004077242345,209.4977623730584,0.6801389072761214,0.6030647545045718
24374.0,descending_neuron,DNg08,DNg08_L,L,ut,MX,,0.13045111885934516,0.40754818511025814,0.1369113872690555,3,194.41848153811532,178.27639393897073,0.4468765049809919,0.8339997098145465
24412.0,ascending_neuron,AN06B012,AN06B012_L,L,BA,T2,,0.28428800000000004,0.6016367040778596,0.4531619289877376,3,223.8919110342742,169.99828746953384,0.5429567063755187,0.7254541547763597
24427.0,sensory_ascending,SApp10,SApp10_R,,campaniform sensilla,,,0.5148190130687273,0.8096220882736785,0.19249180871319613,3,241.4882827610541,272.75502415207615,0.6298530171826618,0.8164496999845221
24435.0,ascending_neuron,AN07B021,AN07B021_L,L,BA,T2,,0.7232787830103886,0.9596390719415033,0.3067872084393626,3,178.38537122617984,151.1211518385379,0.6857281861286851,0.4805206052925493
24451.0,ascending_neuron,AN07B013,AN07B013_L,L,BA,T2,,0.29428647437781935,0.612125131536462,0.3219672369859697,3,202.73915210939592,173.0376993600172,0.5476689825550342,0.6861386411118363
24466.0,descending_neuron,DNpe012_b,DNpe012_b(DNp16)_R,R,xn,,,0.09063596285854433,0.3397076567972028,0.11374748716141624,3,176.17702110630808,197.28919450269964,0.4079911173428036,0.9153783004918039
24517.0,descending_neuron,DNg53,DNg53_L,L,nt,LB,,0.07536311826368486,0.309766528837246,0.08998082952271502,3,152.3235862668286,160.4348161569915,0.389596713448985,0.8027747453387429
24522.0,ascending_neuron,AN08B028,AN08B028(24522)_R,R,BA,T3,,0.15590982673051942,0.44554523542071983,0.11962561087898678,3,241.21593238809496,188.11234510666972,0.46724422452947734,0.9188519728138006
24534.0,ascending_neuron,ANXXX049,ANXXX049_R,R,CA,T2,,0.4230762584455859,0.7339464712712459,0.12218025398271237,3,219.24249332578788,162.5654273313918,0.5996947314450165,0.6366704602142833
24540.0,descending_neuron,DNge025,DNge025_L,L,fl,MX,,0.11961682704066122,0.3902574463145017,0.30487864343598253,3,173.58687323768547,126.21542926169742,0.43729412149502517,0.685585027931352
24544.0,ascending_neuron,AN02A025,AN02A025_R,R,IA,T1,,0.37193951113077034,0.688162839610772,0.4413517025826656,3,165.57955018494206,227.12332536378756,0.5806890660321393,0.6762704836722286
24593.0,ascending_neuron,AN19B015,AN19B015_R,R,BA,T1,,0.4495023067317329,0.7565210587819199,0.33691295090232176,3,173.75800068098897,163.1559939421272,0.608847533298067,0.5533634878966929
24619.0,descending_neuron,DNg12_c,DNg12_c_L,L,nt,MX,,0.10255805156391672,0.36135988554648213,0.4614254519551933,3,191.92470688165693,191.74391442662946,0.42079251884720603,0.9117762415533825
24657.0,descending_neuron,DNge091,DNge091_L,L,ut,LB,,0.13555784884916505,0.415448689676582,0.030130411379119492,3,180.86152434054873,285.38662461725465,0.45118716508952816,1.033380789689101
24666.0,descending_neuron,DNge117,DNge117_R,R,nt,LB,,0.4057107290991066,0.7187259171703198,0.3704073647283199,3,159.95877025922147,219.04190992785732,0.5934439311455266,0.6386461471692744
24700.0,ascending_neuron,AN08B031,AN08B031_L,L,BA,T1,sexually dimorphic,0.24093977318733828,0.5538718688664734,0.06223983960855659,3,193.03601524576,156.92102007360128,0.5209579788664072,0.6717567433766154
24752.0,descending_neuron,DNp72,DNp72_L,L,ut,,,0.123776,0.39698425395617326,0.016304128681579162,3,220.00311767267107,237.062541404535,0.44104680526960505,1.0363200767270244
24831.0,ascending_neuron,AN08B028,AN08B028(24522)_L,L,BA,T3,,0.1520543003619214,0.4400017592781153,0.06563321763931106,3,225.3260862299122,227.2093789429865,0.46432839892287064,0.9746021699785568
24880.0,descending_neuron,DNg12_f,DNg12_f_R,R,xn,MX,,0.09959859641627987,0.3561079493037545,0.42748967927768794,3,227.6916364776193,179.5072611893164,0.4177234673307686,0.9748049355927156
24888.0,ascending_neuron,AN03B011,AN03B011_L,L,BA,T2,,0.4532190913133744,0.7596423299745249,0.2930696271464044,3,178.0420203814817,154.78552584401552,0.610102238717018,0.5455274954004418
24913.0,ascending_neuron,AN10B015,AN10B015_R,R,BA,T1,,0.7714387476767038,0.9910733171077458,0.43091297855539046,3,319.5359410412699,155.525744068525,0.6968686571964586,0.6817090712918478
24924.0,ascending_neuron,ANXXX144,ANXXX144_L,L,BA,A1,,0.24872662596325656,0.562750900492367,0.18649432573979963,3,214.77451405799803,169.2638815398579,0.5251170738428335,0.7313386190006038
24961.0,descending_neuron,DNg12_a,DNg12_a_R,R,nt,MX,,0.06182807888680889,0.2805743306392983,0.07452983450494804,3,170.23680730626072,194.068819983662,0.37078487295634943,0.9825255933049095
24966.0,ascending_neuron,ANXXX026,ANXXX026_L,L,BA,T1,,0.46538578503124894,0.7697711251140846,0.15118489964533094,3,263.21654587745877,119.51344794071868,0.6141562108339388,0.6231802057305311
24974.0,ascending_neuron,AN09B015,AN09B015_R,R,BA,T2,,0.008066714459157569,0.10134525072980152,0.4411783267192372,3,337.8787081550892,194.32265538830782,0.22284338190218425,2.3882305096994245
24975.0,ascending_neuron,AN12B008,AN12B008_R,R,BA,T1,,0.7656251399015702,0.9873318614154364,0.36198179640003714,3,198.85828385333667,136.4168059755197,0.695552019689084,0.4820273399230821
24987.0,descending_neuron,DNpe012_b,DNpe012_b(PS227)_L,L,xn,,,0.0937149484655866,0.3454295562328197,0.043082526711323094,3,181.36231573632384,187.52620170582344,0.4114127885154783,0.8966384316180994
24997.0,ascending_neuron,AN08B013,AN08B013_R,R,BA,T2,,0.2576705423762544,0.5727794724558525,0.38114200223166833,3,180.4301193288345,179.99855974672496,0.5297753689096613,0.6803424625372131
25046.0,descending_neuron,DNge115,DNge115_R,R,xn,LB,,0.04761527705057433,0.2462227724527362,0.021041933369442652,3,155.05678974660464,195.84646710448442,0.34734587733531647,1.0102416056959225
25047.0,ascending_neuron,AN09B020,AN09B020_L,L,CA,T2,,0.269568,0.5858537680984636,0.12298888471676557,3,191.79955360284706,143.20132439303632,0.535787594451614,0.6252494112685856
25076.0,ascending_neuron,AN08B022,AN08B022_R,R,BA,T3,,0.231936,0.5434244078505259,0.45050769579494043,3,173.17875588651523,154.63674524954365,0.5160212784825424,0.635275161714381
25092.0,ascending_neuron,ANXXX082,ANXXX082_L,L,CA,A2,,0.4709529202060013,0.7743615962292968,0.12960571379351152,3,251.28586606449224,185.01659724271678,0.6159847255836425,0.7083007827731678
25114.0,ascending_neuron,ANXXX144,ANXXX144_R,R,BA,A1,,0.2533085183929834,0.5679105762672683,0.24116398997315505,3,185.64733556661287,177.75010242725622,0.527518892904284,0.6888804228283931
25153.0,ascending_neuron,AN06B002,AN06B002_L,L,BA,T1,,0.7250145620037183,0.9607898890246387,0.17131304110145595,3,194.83417844912316,151.7897820627206,0.6861392319508286,0.5051802088714905
25179.0,ascending_neuron,ANXXX132,ANXXX132_R,R,BA,A1,,0.17047446371007122,0.46589143430973495,0.23697087093337113,3,117.26017486735962,160.6089136417618,0.4777936822643955,0.5815671048478989
25180.0,descending_neuron,DNg12_a,DNg12_a_L,L,nt,MX,,0.06455664987596481,0.2866985864940752,0.40158911913756296,3,174.67537466115706,183.47517762956898,0.3748096948880816,0.9555530637959353
25185.0,ascending_neuron,AN09A007,AN09A007_L,L,BA,T2,,0.216576,0.5251220121462845,0.19824578833236176,3,193.99576882607792,140.77557171822534,0.5072571201586819,0.6599638077817004
25188.0,descending_neuron,DNg08,DNg08_L,L,ut,MX,,0.19163837298878242,0.4939651351846855,0.15749488197927228,3,159.23786775243212,168.16309763590405,0.49197857294855424,0.6654780988247881
25205.0,descending_neuron,DNg92_b,DNg92_b_L,L,ut,LB,,0.08007449774552819,0.31930239124443327,0.1329088381721194,3,208.19662706256617,239.9396184846811,0.3955479385735341,1.1329505272189322
25230.0,ascending_neuron,AN18B032,AN18B032_R,R,BA,T2,,0.9660134836791215,1.109038578304485,0.0679641344789162,3,168.26410081120014,173.0203177563377,0.737176304128936,0.46296173202529495
25249.0,descending_neuron,DNge092,DNge092_L,L,xn,LB,,0.11884874192199057,0.3890024653612135,0.32838848253060365,3,180.65790399170135,181.78530298842182,0.43659043510708595,0.8301675388083659
25283.0,descending_neuron,DNg08,DNg08_R,R,ut,MX,,0.12074184160372242,0.3920883668690116,0.0744501258701433,3,163.99887266968616,218.8298564989194,0.4383187193878624,0.8734026456895297
25335.0,ascending_neuron,AN01B018,AN01B018_L,L,IA,T2,,0.3978503079504505,0.7117294043156963,0.2205656877798158,3,287.08667593704325,229.0814516283295,0.5905483960817193,0.8740488179972064
25357.0,descending_neuron,DNg02_d,DNg02_d_L,L,ut,LB,,0.181248,0.4803874696577324,0.444914662963493,3,220.44840906902184,232.50489598491814,0.4851699291302881,0.9335972364690873
25411.0,ascending_neuron,AN09B015,AN09B015_L,L,BA,T2,,0.01271083362731604,0.12721609969201333,0.294407966349807,3,243.7154064266288,207.95113141956202,0.24967156195507434,1.8090427852871096
25455.0,ascending_neuron,AN08B022,AN08B022_R,R,BA,T2,,0.49356238201919755,0.7927314441729466,0.3416416556860964,3,171.75296280958358,164.57152937325426,0.6232482712729686,0.5396316487102383
25461.0,descending_neuron,DNg08,DNg08_R,R,ut,MX,,0.14866568925622387,0.4350712981872438,0.10915112563809035,3,157.33551341418234,224.003642547786,0.4617195427007064,0.8259107979953063
25465.0,descending_neuron,DNg07,DNg07_R,R,ut,LB,,0.1923358216339325,0.49486318712695904,0.3808746640650971,3,149.2410036717931,355.5489993457202,0.4924255900054443,1.0251092007869296
25474.0,descending_neuron,DNg07,DNg07_L,L,ut,LB,,0.1870488634704643,0.48801435405975874,0.3799646619211531,3,183.24546914872357,254.362671041183,0.4890061691730297,0.894892882292173
25504.0,descending_neuron,DNge092,DNge092_R,R,xn,LB,,0.09697442665520341,0.3513853651554439,0.17485845872332262,3,189.63789971145678,229.90205679844132,0.4149443684714464,1.011075190766851
25535.0,descending_neuron,DNp17,DNp17(DNp16/17)_R,R,ut,,,0.09372497368137861,0.34544803201117474,0.012037416037480693,3,386.58448221734614,204.11780970068142,0.411423790859833,1.4357514199252335
25589.0,descending_neuron,DNg07,DNg07_L,L,ut,LB,,0.06917165449643456,0.29676941533725865,0.2822451348353228,3,154.36297779689846,332.9727675341766,0.38133582773620517,1.2779699935989148
25634.0,descending_neuron,DNge091,DNge091_L,L,ut,LB,,0.2450911922372931,0.5586231270031785,0.4315317733817935,3,176.31082620890552,222.21018545509963,0.5231876644489598,0.7617171404141225
25687.0,ascending_neuron,AN10B022,AN10B022(22617)_R,R,BA,T3,,0.42683793117866875,0.7372020979145589,0.33560193415471967,3,387.25748039106276,222.07873990641164,0.6010233173331413,1.0138312486797
25693.0,ascending_neuron,AN05B044,AN05B044_R,R,IA,T2,,0.39349868219408046,0.7078263084759406,0.1031654306291635,3,210.00344781117695,167.96313801060134,0.5889268979705469,0.6417886279676785
25802.0,descending_neuron,DNge092,DNge092_R,R,xn,LB,,0.17167957886837054,0.4675352701547644,0.27945855319149715,3,154.59802521024628,186.02194767762586,0.4786358557147955,0.7116474221915317
25819.0,ascending_neuron,AN01B004,AN01B004(25819)_R,R,IA,T2,,0.37056862016679226,0.6868934569744453,0.16458490557805983,3,264.4674218582315,145.4176874344677,0.5801532503722427,0.706511786376626
25844.0,descending_neuron,DNge058,DNge058_L,L,xl,,,0.35390686876301397,0.6712735809358706,0.1302771824022068,3,195.1581543447344,159.14730613769592,0.573519009849348,0.6177745713703532
25848.0,descending_neuron,DNg08,DNg08_R,R,ut,MX,,0.11035484633298272,0.37484417336318004,0.4515478532872649,3,159.77836666502495,190.20680459936793,0.4285716333916166,0.8166316760040587
25852.0,descending_neuron,DNg02_a,DNg02_a_L,L,ut,LB,sexually dimorphic,0.2784766423165147,0.5954556854061064,0.3891574645884042,3,202.54683650209168,232.7847969722146,0.540160426030075,0.8059302616331763
25861.0,descending_neuron,DNge038,DNge038_L,L,xl,LB,,0.5729916658292113,0.8541402974555337,0.18724609100169096,3,169.50220528739382,124.05619906926901,0.646937976743684,0.45376591715061776
25876.0,descending_neuron,DNge108,DNge108_L,L,ut,LB,,0.5157938221005707,0.8103882348779134,0.3267347887405028,3,164.92472065809235,179.0659737237045,0.6301509621433403,0.545886168628192
25974.0,ascending_neuron,ANXXX178,ANXXX178_R,R,BA,A7,,0.27280901440116856,0.5893651035612749,0.14353979201377293,3,237.49685612759959,175.16931455898023,0.5373908268151073,0.7679069870475481
25983.0,descending_neuron,DNpe009,"DNpe009(PS222,PS226)_L",L,nt,,,0.09506242727787136,0.3479040695776588,0.14874096914310234,3,176.95506213053926,189.89257725499954,0.41288375372864067,0.8885010274021143
25985.0,descending_neuron,DNge074,DNge074_L,L,xl,GNG,,0.25793932928462837,0.5730781396874718,0.1719938708114521,3,240.64404268882114,153.94842253367727,0.5299134726036517,0.7446356539752169
26012.0,ascending_neuron,AN03B011,AN03B011_R,R,BA,T2,,0.5504153594278758,0.837144313516606,0.303512407776553,3,157.22261703316238,150.84208302282363,0.6404691355741796,0.48099851022455037
26049.0,descending_neuron,DNg02_a,DNg02_a_R,R,ut,LB,sexually dimorphic,0.4560297985491623,0.7619942080425568,0.34135756942194395,3,190.06997516545934,235.39784435653968,0.611045957306693,0.6962943039461931
26066.0,ascending_neuron,AN06B005,AN06B005_L,L,BA,T3,,0.27569017271826274,0.5924690962402673,0.09421336350726282,3,32.91848719099352,168.2499778432656,0.5388040990543139,0.3733610516091868
26079.0,descending_neuron,DNg02_b,DNg02_b_R,R,ut,LB,,0.4082528250122192,0.7209740918059414,0.35490493636685955,3,194.35713874537538,241.45796494691393,0.5943713527626573,0.7332370607476396
26088.0,ascending_neuron,AN08B010,AN08B010_R,R,BA,T3,,0.5469383875453012,0.8344960057162427,0.06797280035478499,3,193.11129448204053,202.39091310527286,0.6394552703676457,0.6184986283089433
26090.0,ascending_neuron,AN09B060,AN09B060(22518)_L,L,CA,A1,,0.313094251050737,0.631382595315263,0.21231423590232798,3,221.29658198115217,191.23127697847036,0.5562171084248297,0.7416669726824374
26146.0,ascending_neuron,ANXXX154,ANXXX154_R,R,BA,T1,,0.019437833053826167,0.15731820526592505,0.5222956070198497,3,241.36990132583662,137.9547644392764,0.2776435134850142,1.3662291656080308
26182.0,descending_neuron,DNg08,DNg08_L,L,ut,MX,,0.07827454145301602,0.3156932712681595,0.039478742808316716,3,173.0274987480367,169.7973418004342,0.39330611859135645,0.8716488870712549
26232.0,descending_neuron,DNg08,DNg08_L,L,ut,MX,,0.13519840661597404,0.41489752673237545,0.4248388618888784,3,203.89572125060204,209.0803281784841,0.45088777772175637,0.9159175959831283
26241.0,ascending_neuron,AN01B002,AN01B002(26241)_L,L,BA,A3,,0.14976,0.4366696167808541,0.06570637271735247,3,234.8715434353925,144.69665639023742,0.4625668732438786,0.8205693528457898
26269.0,ascending_neuron,AN18B019,AN18B019_L,L,BA,T3,,0.23582022537787112,0.54795587085044,0.05630649222974636,3,186.30297548785708,145.88352414732634,0.5181682899567626,0.6410784026612318
26278.0,ascending_neuron,AN07B005,AN07B005_R,R,BA,T1,,0.5851948293602455,0.8631878116122876,0.22675440552801926,3,118.10977088368247,204.64151884421693,0.6503553088043649,0.49626917064958886
26284.0,ascending_neuron,AN05B005,AN05B005_R,R,BA,T3,,0.28119136169669134,0.5983510352210947,0.2432963532665454,3,231.8872656846033,149.49606489229876,0.5414720743107038,0.7043453368530678
26385.0,descending_neuron,DNge087,DNge087_R,R,nt,LB,,0.07117981674070492,0.30104643738344994,0.14798321100841694,3,172.07154016371334,183.44701180092804,0.3840738917420585,0.9256514426224141
26413.0,descending_neuron,DNg07,DNg07_L,L,ut,LB,,0.11845582125029311,0.38835890091505954,0.08121307119129699,3,168.1993192698116,301.0926913004249,0.43622913869706037,1.0757924424120981
26441.0,descending_neuron,DNg12_f,DNg12_f_R,R,xn,MX,,0.1051939659698771,0.3659742031077771,0.6328347603001622,3,177.23042481138089,132.53087328404678,0.42347061234849664,0.7314823958563351
26452.0,descending_neuron,DNg07,DNg07_L,L,ut,LB,,0.04580102915416415,0.24148640025610113,0.16818755287863063,3,172.1152944753978,262.46573497667896,0.34398886046715166,1.2633578565942427
26464.0,descending_neuron,DNge115,DNge115_L,L,xn,LB,,0.05434556513786264,0.26304927792052074,0.18868944816942176,3,147.88620962098878,245.856324549764,0.35901830897748815,1.0967199285522844
26471.0,ascending_neuron,AN01B002,AN01B002(26241)_R,R,BA,A3,,0.14818844281213986,0.4343724041201762,0.027940062832040737,3,213.7804425914356,132.54172138628863,0.46134854288150334,0.7506735836091641
26512.0,descending_neuron,DNg07,DNg07_L,L,ut,LB,,0.10152648748841292,0.35953795169398606,0.5372754282928399,3,160.56481174849026,282.47205914067007,0.419730385283283,1.055527277564495
26564.0,ascending_neuron,AN00A006,AN00A006_M,M,BA,A4,,0.009702698945676321,0.11114791940605664,0.37777136699488756,3,218.47715402466878,166.39757614429828,0.2333719788427217,1.6491899844940205
26566.0,ascending_neuron,AN05B044,AN05B044_L,L,IA,T2,,0.22183052228593056,0.5314540367743025,0.15313825986069177,3,234.18682434208637,165.07854792550424,0.5103062590439277,0.78240343948676
26587.0,descending_neuron,DNg08,DNg08_R,R,ut,MX,,0.12983688277981542,0.40658757177317273,0.4636019827445868,3,160.4700948029116,215.73274501041791,0.44634953810758515,0.8428435736896676
26591.0,descending_neuron,DNg07,DNg07_R,R,ut,LB,,0.07386777000879449,0.30667795137016163,0.46507969258247783,3,152.64839399342645,251.941518303382,0.3876495790935148,1.0437001202036829
26636.0,descending_neuron,DNp58,DNp58(hb1791391565)_L,L,ad,CG,,0.3753608985865745,0.6913207212486486,0.18879739548932972,3,378.5049970727086,571.2504860569338,0.5820198909073794,1.6318265027831897
26644.0,descending_neuron,DNge094,DNge094_R,R,xn,LB,,0.07571858698731329,0.31049621450786896,0.6518455645662751,3,192.18946852168816,215.05919164430009,0.3900553103200311,1.0440792610459535
26652.0,descending_neuron,DNge094,DNge094_L,L,xn,LB,,0.035487121050079014,0.21256435695987277,0.43871900405404185,3,184.231872745456,185.61576738808262,0.3227329157528523,1.1459867341723724
26661.0,ascending_neuron,AN04B051,AN04B051_L,L,BA,T1,,0.22069606686343773,0.5300933499847404,0.2260480187807824,3,178.61778861282963,210.78245628650788,0.5096525693965672,0.7640503909563147
26671.0,ascending_neuron,ANXXX026,ANXXX026_R,R,BA,T1,,0.27751215455120826,0.5944236278272041,0.09294337299096866,3,259.81163444512214,128.76618739067584,0.5396921137420204,0.7199990734375322
26672.0,descending_neuron,DNpe012_b,DNpe012_b(PS227)_L,L,xn,,,0.07166039857781013,0.3020610091699213,0.6810907586314023,3,204.03915985439605,185.52803576258913,0.38472054077376916,1.0125978582621769
26680.0,ascending_neuron,AN07B005,AN07B005_L,L,BA,T1,,0.6554078267135097,0.9135048784218788,0.3213813983816691,3,199.78342023504686,209.6199494470365,0.6690421439840099,0.6119246348879752
26687.0,ascending_neuron,AN01B005,AN01B005_L,L,BA,T2,,0.17260948903916204,0.4687997730814209,0.044549068734875866,3,217.00969686913402,191.5866967008721,0.479282681525106,0.85251649875983
26743.0,descending_neuron,DNge094,DNge094_L,L,xn,LB,,0.05142783734656521,0.25589051606078467,0.16455929196732175,3,165.15558171497224,214.74593096663278,0.354099354517605,1.0728670014074178
26824.0,descending_neuron,DNg08,DNg08_R,R,ut,MX,,0.08916611451927015,0.3369418689571228,0.08280911394856207,3,181.34035586351771,186.44201299476876,0.40632685831604853,0.9051392034051033
26842.0,ascending_neuron,vMS13,vMS13_L,L,BA,T2,,0.30208,0.6201775565703729,0.2812647347438711,3,197.59044606820567,207.00475253245298,0.5512594695054976,0.7339469360292298
26916.0,ascending_neuron,AN18B023,AN18B023_R,R,BA,T1,,0.29824,0.6162231428807384,0.27614757717359056,3,146.42014805138982,134.30202146370644,0.5494991719844188,0.5108691401687065
26984.0,descending_neuron,DNge115,DNge115_L,L,xn,LB,,0.04980812492465138,0.2518286606071184,0.2199782858089988,3,159.36034070555604,226.3996525621705,0.3512777301473693,1.0981623944845325
27001.0,descending_neuron,DNge094,DNge094_L,L,xn,LB,,0.04029677451074132,0.22651147174558683,0.22229373677739114,3,164.4542504042432,305.6736173920944,0.33315254937541383,1.4111489426622177
27041.0,descending_neuron,DNg08,DNg08_L,L,ut,MX,,0.06586794812331224,0.28959571177965565,0.6143107830216709,3,160.58278695848963,178.01606505074324,0.3766986843247946,0.8988585999872738
27079.0,ascending_neuron,ANXXX072,ANXXX072_L,L,BA,T1,,0.36565795933533607,0.6823270283910142,0.1949546081135828,3,201.37512328645892,129.7219942399413,0.5782216217953087,0.572612827065137
27113.0,descending_neuron,DNge180,DNge180_R,R,xn,LB,,0.11210716000663588,0.37780850886183215,0.03741240698600128,3,192.29137135648512,220.3143838687119,0.43026290723498084,0.9589619469564439
27118.0,descending_neuron,DNg08,DNg08_L,L,ut,MX,,0.15812629912727438,0.44870107768030487,0.49963333660880493,3,179.9517766163332,245.6924384189061,0.46889607384083454,0.9077581126851639
27135.0,descending_neuron,DNge015,DNge015_R,R,ut,LB,,0.4585611056679018,0.7641061008877316,0.12280546668896315,3,188.64016676088133,239.8585165836815,0.6118921387262533,0.7002846682040207
27143.0,descending_neuron,DNg07,DNg07_L,L,ut,LB,,0.0472859559382002,0.24536982090534482,0.14895685468172473,3,170.55212725669335,270.9831978464481,0.34674372704292566,1.2733765333510443
27144.0,descending_neuron,DNge092,DNge092_L,L,xn,LB,,0.09535196909263055,0.34843349109564975,0.13669190942779802,3,165.6643799230584,236.41791921195923,0.4131977863407164,0.9730988703881072
27170.0,descending_neuron,DNge017,DNge017_L,L,ut,LB,,0.190464,0.4924492833261493,0.14318170138736136,3,199.82335416196122,187.83786909965912,0.4912231151216452,0.7891754506821628
27180.0,ascending_neuron,AN09B033,AN09B033_L,L,CA,A4,,0.180864,0.4798783148038474,0.1715470114660826,3,288.53600668270366,225.0295788142096,0.4849127491146064,1.059088643131416
27254.0,descending_neuron,DNg01_c,DNg01_c_R,R,lt,LB,,0.4927644739882654,0.7920904080485264,0.45725180614294525,3,200.0206869011505,217.2984753132012,0.6229962278728322,0.6698582488039335
27346.0,ascending_neuron,AN05B021,AN05B021_L,L,BA,T2,,0.18565109487767648,0.4861875312280615,0.14266569930196693,3,218.76075273180186,154.34515489552487,0.48809004323152316,0.7644202392597174
27373.0,ascending_neuron,AN03B009,AN03B009_L,L,BA,T2,,0.41140076441043505,0.7237483830597761,0.2320375118678155,3,178.289162072174,134.13751125771898,0.5955138182269915,0.524633793150381
27437.0,descending_neuron,DNg07,DNg07_R,R,ut,LB,,0.08486685381829139,0.3287184727372451,0.25188069994774087,3,159.8190428891018,385.32273372869923,0.4013378273241261,1.3583114760262478
27475.0,ascending_neuron,AN17B011,AN17B011_L,L,BA,T3,,0.13930810867170254,0.4211562570627143,0.07296324432758103,3,252.64868029375333,191.15855404326584,0.45427586988605284,0.9769553343177582
27490.0,descending_neuron,DNge015,DNge015_L,L,ut,LB,,0.1608057405554819,0.45248671571181237,0.08035542926437433,3,201.21851506328113,229.42024190815889,0.4708699297032972,0.9145599024401334
27525.0,descending_neuron,DNge094,DNge094_L,L,xn,LB,,0.041959163307570685,0.23113646615625075,0.1699175703774086,3,189.30097673189837,221.01080024042386,0.3365365781257111,1.2192189605584358
27578.0,ascending_neuron,AN01B005,AN01B005_R,R,BA,T2,,0.19741411190849345,0.5013536216790168,0.3832526386034167,3,187.96572728921478,144.30111290719412,0.49564430252220004,0.6703735693229855
27598.0,descending_neuron,DNp17,DNp17_L,L,ut,,,0.11068753953743857,0.3754087804627159,0.5263918933363136,3,173.02390624882844,209.56336036697536,0.4288942788458838,0.8920316392312622
27607.0,descending_neuron,DNge017,DNge017_R,R,ut,LB,,0.2512624260173315,0.5656122849720997,0.34278257441655663,3,180.7993643100272,214.90824684086007,0.5264503961783378,0.7516522240717228
27615.0,descending_neuron,DNge115,DNge115_R,R,xn,LB,,0.05919248407935777,0.27452907219627004,0.08630302461627158,3,168.7711445763557,183.4572152080954,0.36676865375352385,0.9603556797445285
27626.0,descending_neuron,DNge093,DNge093_R,R,ut,LB,,0.13617655728002484,0.4163956985786724,0.08202776317202608,3,174.2559676558695,244.0653181932938,0.45170110947788195,0.9261019667024901
27702.0,ascending_neuron,ANXXX013,ANXXX013_L,L,BA,A1,sexually dimorphic,0.29407739741063765,0.6119076495648847,0.1322020784318027,3,201.6851184703075,196.32386606485295,0.5475716832404626,0.7268618825936939
27714.0,ascending_neuron,ANXXX152,ANXXX152_R,R,BA,A2,potentially male-specific,0.16027529596068657,0.451739797739006,0.23577813481140844,3,281.0643427845234,140.71317655934214,0.4704811376581562,0.8964812520291132
27715.0,descending_neuron,DNg08,DNg08_R,R,ut,MX,,0.10766266188020601,0.3702436476123922,0.1362635707577448,3,190.26592517127864,173.25287756136146,0.42593354802136935,0.8534636551202164
27735.0,descending_neuron,DNge110,DNge110_L,L,ut,LB,,0.2628778588626053,0.5785382315276821,0.14657275178172577,3,197.70382155967297,147.43954890816113,0.5324319049874493,0.6482394597971546
27792.0,descending_neuron,DNge093,DNge093_L,L,ut,LB,,0.10547200000000001,0.36645752995716585,0.09628124356965247,3,172.45851040288284,158.90266829737652,0.42375015006370353,0.7819730061462985
27797.0,ascending_neuron,AN09A007,AN09A007_R,R,BA,T1,,0.26499626594961945,0.5808646357062991,0.05233098889064049,3,201.7142537077654,131.91493177842773,0.5335013322345938,0.6253577363879723
27800.0,descending_neuron,DNpe012_a,DNpe012_a_L,L,xn,,,0.09204707141311905,0.3423418924120224,0.012687827646458637,3,14.348584728295801,241.9422426740937,0.40956992966023636,0.625755967033514
27816.0,ascending_neuron,ANXXX027,ANXXX027(27816)_R,R,CA,A2,,0.3783022935939862,0.6940240918497533,0.13652006182794624,3,204.3238843954051,182.51372205794544,0.583156758518993,0.6633509786215596
27859.0,ascending_neuron,AN01B004,AN01B004(25819)_L,L,IA,T2,,0.286976,0.6044743101157551,0.13450129095660301,3,260.5869461046135,25.499196733150413,0.5442356217271339,0.525665964182698
27952.0,ascending_neuron,AN12B017,AN12B017_L,L,CA,T2,,0.31857838023228796,0.6368882098213343,0.15372676861247184,3,199.67958212392926,150.72037960434668,0.558636932911219,0.6272409521909698
27964.0,ascending_neuron,AN09B026,AN09B026_R,R,BA,T2,,0.032473955520276494,0.20333992313952215,0.4980381132083169,3,260.5521982749061,22.803137702227946,0.3156525975473128,0.8976809890964458
28000.0,descending_neuron,DNg07,DNg07_L,L,ut,LB,,0.08095930821448952,0.3210616650008069,0.5348516702448314,3,189.95466596350354,291.5078790305251,0.39663612524629593,1.2138645835526423
28001.0,descending_neuron,DNge094,DNge094_L,L,xn,LB,,0.05038714625910115,0.2532881899407116,0.1830388979734011,3,182.965587622721,239.26972345201963,0.35229421379146814,1.1985303605487894
28084.0,ascending_neuron,AN05B095,AN05B095_R,R,BA,A2,potentially male-specific,0.16878817749673528,0.46358147317663706,0.2354675107575673,3,181.83108860324396,148.58998172774284,0.4766077232447583,0.6932767855322847
28105.0,ascending_neuron,ANXXX154,ANXXX154_L,L,BA,T1,,0.010451263103775319,0.11535580382520114,0.9226514226977475,3,241.241959147675,138.07707557430902,0.23774848868993584,1.5954634951083961
28131.0,ascending_neuron,AN06B088,AN06B088_L,L,BA,T3,,0.1638654713888812,0.4567712755734449,0.02794465535141602,3,219.26325477817343,156.24592623347735,0.47309399175109795,0.7937306065159498
28152.0,descending_neuron,DNge180,DNge180_L,L,xn,LB,,0.0853169653920604,0.32958903830979064,0.09242320903769749,3,174.03682069921192,236.51010604684512,0.40186891988781287,1.0215941229310959
28165.0,ascending_neuron,AN08B084,AN08B084_L,L,BA,T1,potentially male-specific,0.1696,0.4646949825284147,0.037592116289393296,3,373.4424597148248,147.52180138826972,0.47717977895015956,1.0917567845168648
28192.0,ascending_neuron,AN01B004,AN01B004(28192)_L,L,IA,T3,,0.22022593004489976,0.5295284344671644,0.09057009967892318,3,244.6763276757407,226.92690399819801,0.5093809310220696,0.9258360550083211
28255.0,ascending_neuron,ANXXX139,ANXXX139_R,R,BA,T2,,0.34257604633098043,0.6604402844070231,0.04443365125101743,3,229.962039559367,176.00101134437548,0.5688723401251298,0.7136276845776091
28288.0,ascending_neuron,AN07B040,AN07B040_R,R,IA,T1,,0.3465755572365029,0.6642843553118952,0.20654744248908152,3,214.2252920112542,160.4737569670861,0.5705254894418204,0.6567612769500116
28414.0,descending_neuron,DNge116,DNge116_L,L,xn,LB,potentially sexually dimorphic,0.07938091133036285,0.3179165226957126,0.2548545712680305,3,178.0430769813215,186.11480696405235,0.39468860652532034,0.9226460503921642
28450.0,descending_neuron,DNge153,DNge153_R,R,xl,GNG,,0.5128020219746897,0.8080345370083662,0.02730892786929671,3,302.63673222278305,197.86788490270553,0.6292351890462734,0.7954173985153299
28455.0,ascending_neuron,ANXXX404,ANXXX404_L,L,CA,T1,,0.21593260917642368,0.5243414317038713,0.0930611972884645,3,201.69920134436302,133.14518436316325,0.5068799675809815,0.6605989723869486
28508.0,ascending_neuron,AN17A003,AN17A003_R,R,IA,T3,,0.19160540671033283,0.49392264658411833,0.23095193073313086,3,186.4060239686978,153.2808316511987,0.4919574136307105,0.6904802046034083
28519.0,descending_neuron,DNg08,DNg08_L,L,ut,MX,,0.4033204385591454,0.7166055620586771,0.12626494831249416,3,159.04043299345327,151.77154193011168,0.5925679078458027,0.5245170567091257
28522.0,ascending_neuron,ANXXX169,ANXXX169_R,R,BA,A1,,0.2879129852209883,0.6054603192828683,0.22007734931951897,3,187.97209420882263,164.91876730034724,0.5446793152384304,0.6478873928867556
28579.0,descending_neuron,DNg01_a,DNg01_a_L,L,ut,LB,,0.155008,0.4442547865249266,0.14093428097773145,3,193.64014096943174,181.4007157503934,0.4665670856342248,0.8038305064104895
28580.0,ascending_neuron,ANXXX178,ANXXX178_L,L,BA,A7,,0.22625729232087283,0.5367305952408887,0.09276527385167356,3,224.01415278368782,176.3571694927451,0.5128332981272136,0.780704614420565
28584.0,ascending_neuron,ANXXX013,ANXXX013_R,R,BA,A1,sexually dimorphic,0.260608,0.5760350781630762,0.17569819043675888,3,213.08241382239376,182.84682152377175,0.5312788235003417,0.7452381270113071
28602.0,descending_neuron,DNg01_b,DNg01_b_L,L,ut,LB,,0.7624977065161911,0.9853132662794513,0.18825695847149812,3,199.77069790501977,204.78788091545283,0.6948406295525119,0.5822321862223493
28653.0,ascending_neuron,ANXXX136,ANXXX136_L,L,BA,T3,,0.28512721337062813,0.6025240603856614,0.06629483898575231,3,214.9306433923571,165.24789569121472,0.543356963320591,0.69968467277976
28663.0,ascending_neuron,AN18B032,AN18B032_L,L,BA,T2,,0.908134351106633,1.075301152125009,0.18503022657875612,3,147.63920007508477,175.51414083740278,0.7258771001631436,0.4451901580031353
28678.0,descending_neuron,DNg110,DNg110_R,R,ut,LB,,0.2527218575041191,0.5672525564448073,0.2971431804216386,3,187.2131376041044,241.7424773521217,0.5272131946925793,0.8136283751516354
28683.0,ascending_neuron,ANXXX170,ANXXX170_R,R,CA,A4,,0.2757859837002838,0.5925720380940096,0.0023111895657850056,3,211.67364644718123,198.9803510006761,0.5388509057856956,0.7620920611594499
28687.0,descending_neuron,DNge115,DNge115_L,L,xn,LB,,0.0629572398227856,0.28312479116062234,0.03251313460188834,3,174.23163799136964,209.73119757672544,0.3724663040715293,1.0308659639030273
28756.0,descending_neuron,DNg08,DNg08_L,L,ut,MX,,0.07625419861798652,0.3115924600058702,0.13383755925293084,3,199.69522808588863,176.4403838457147,0.3907432730103954,0.9626157068137076
28826.0,ascending_neuron,AN09B009,AN09B009_L,L,CA,A4,,0.38305218676825414,0.6983675192122129,0.24951287546060405,3,188.89145476201855,169.93034688520459,0.5849787042397221,0.6133929304547457
28852.0,ascending_neuron,AN17A018,AN17A018_L,L,BA,T1,,0.32884820262423503,0.6470722801946144,0.12993993967184228,3,183.6736013724034,161.8179326445697,0.5630856216379184,0.6135683823927134
28856.0,ascending_neuron,AN09B009,AN09B009_R,R,CA,A4,,0.20441684832463994,0.5101682221552626,0.2812265535185768,3,232.66829117104177,176.19149089002806,0.49998242854732267,0.817748302173327
28875.0,sensory_ascending,SApp10,SApp10_R,,campaniform sensilla,,,0.5344460511684685,0.8249108114670618,0.17137202250901856,3,218.8440155315527,278.1921550509459,0.6357722057615135,0.7817834219210007
28901.0,ascending_neuron,ANXXX136,ANXXX136_R,R,BA,T3,,0.44895960084161907,0.7560642286076384,0.2428756008602018,3,295.383055311733,190.5852434302077,0.6086636772617064,0.7984184318805497
28905.0,descending_neuron,DNg02_a,DNg02_a_L,L,ut,LB,sexually dimorphic,0.10648286727445702,0.36820944780196013,0.17793238568697284,3,205.5484255985508,229.9180701313813,0.4247618502442992,1.0252015228756448
28929.0,ascending_neuron,AN19B042,AN19B042_L,L,BA,T1,,0.44415169885569317,0.7520049912363427,0.12128586205295262,3,234.91723038164346,140.3434011891251,0.6070275493796042,0.6181937408842372
28940.0,descending_neuron,DNg94,DNg94_L,L,xn,,,0.1738166909597318,0.4704362703543822,0.11966475148700395,3,159.25032873108833,225.5289314829018,0.4801184983664421,0.8014256095592344
28949.0,descending_neuron,DNg07,DNg07_R,R,ut,LB,,0.06504687396164427,0.2877850798588583,0.10862027479463177,3,157.76394758878413,262.28131176450876,0.37551922604687044,1.1185719138142474
28961.0,descending_neuron,DNge116,DNge116_R,R,xn,LB,potentially sexually dimorphic,0.06483227206064429,0.2873099590383893,0.1311153477458893,3,151.81532662241403,182.13317639608297,0.37520911493300735,0.8900330235264212
28967.0,ascending_neuron,AN01B005,AN01B005_R,R,BA,T3,,0.30937600000000004,0.6276223047279197,0.057861408015647146,3,190.61052353289858,148.10540575969168,0.5545583191303514,0.6107850475018726
29059.0,descending_neuron,DNge115,DNge115_L,L,xn,LB,,0.051101903322769746,0.2550783489867058,0.2510192602720697,3,177.27689833135943,229.7219082926455,0.35353697261175643,1.1512199236682346
29086.0,descending_neuron,DNge023,DNge023_L,L,xl,LB,,1.1223244941829646,1.1954028308560423,0.1205240103759736,3,211.18593014128544,176.1173994636012,0.7653413533316102,0.5060530545212474
29158.0,descending_neuron,DNge085,DNge085_L,L,nt,LB,,0.11519697562623953,0.3829795618583593,0.104510028909879,3,163.0461051474744,213.92805599313377,0.43319739762675863,0.8702133558646348
29188.0,descending_neuron,DNge108,DNge108_R,R,ut,LB,,0.14313012716831058,0.4268945279031645,0.11162964778085144,3,171.25964389195659,170.56066813678837,0.45736016297066207,0.747376662209803
29234.0,ascending_neuron,ANXXX202,ANXXX202_L,L,BA,A3,,0.30488544511726984,0.623050724530106,0.22342122803507955,3,302.7671866968508,167.00351094565485,0.5525349355649396,0.8502099458420458
29242.0,descending_neuron,DNge153,DNge153_L,L,xl,GNG,,0.5485864577011805,0.835752338705269,0.12325635621012834,3,308.31538945193523,206.47261821971995,0.6399364390043606,0.8044361538039362
29304.0,ascending_neuron,AN17A003,AN17A003_L,L,IA,T3,,0.30709890390803307,0.6253082988418844,0.22266497856785825,3,188.5774835808829,156.27085180242776,0.5535350634174165,0.6229927572325498
29310.0,descending_neuron,DNg06,DNg06_L,L,xn,LB,,0.192,0.49443097858968266,0.2875412607649895,3,211.4555755699816,215.86257708616748,0.49221050324931553,0.8681613859013954
29334.0,ascending_neuron,AN09B018,AN09B018_R,R,BA,A7,,0.380858354472605,0.696364787921735,0.3324674842723507,3,208.43574616968365,191.19630382713908,0.5841393207802827,0.6841382454154968
29495.0,sensory_ascending,,,,haltere,,,0.8141687799076168,1.018151210119183,0.20034530917555807,3,38.965000558716476,45.125151949238585,0.7063243539326671,0.11905316875987437
29509.0,descending_neuron,DNg07,DNg07_R,R,ut,LB,,0.04987104955848356,0.2519876831023857,0.7708597851253374,3,201.93289844818983,260.2333094669584,0.351388623492806,1.3152566048417054
29510.0,sensory_ascending,SApp10,SApp10_R,,campaniform sensilla,,,0.7768996458663454,0.9945749601753379,0.21131852285736125,3,211.1472767696454,278.02233434751395,0.6980986538347682,0.7007170239192869
29594.0,descending_neuron,DNg08,DNg08_R,R,ut,MX,,0.09991566172063934,0.356674321533103,0.05274204319696104,3,197.4449061462033,173.2224563326568,0.4180555196995017,0.8866462587201236
29609.0,descending_neuron,DNg08,DNg08_R,R,ut,MX,,0.09160328138771875,0.3415156223225316,0.21549589875588138,3,162.57856621382814,172.5340173537129,0.40907536584111304,0.8191952181684302
29639.0,descending_neuron,DNg05_b,DNg05_b_R,R,ut,LB,,0.27134792741842306,0.5877847493522292,0.3255235655599418,3,188.0094377894586,214.40468510809202,0.5366698493325224,0.7498355337048449
29643.0,ascending_neuron,AN17A018,AN17A018_L,L,BA,T2,,0.21966191279041322,0.5288499161736917,0.4331156526752763,3,181.13887913107664,153.55849326775993,0.5090544754003337,0.6574883211381687
29665.0,ascending_neuron,AN17A018,AN17A018_R,R,BA,T2,,0.2868209748057743,0.6043110187496168,0.4283241830560428,3,182.9792776551252,152.74028279871533,0.5441621074526526,0.6169476996945279
29685.0,descending_neuron,DNp17,DNp17_L,L,ut,,,0.16094716462643419,0.4526856465753872,0.23603581677049904,3,178.0747544232471,203.20619036882977,0.47097342475126946,0.809559361005218
29770.0,ascending_neuron,ANXXX072,ANXXX072_R,R,BA,T1,,0.4807124205829095,0.7823439547484993,0.13839900844994293,3,202.48028000715348,107.09808911460668,0.6191514659812771,0.5000042576514252
29830.0,ascending_neuron,AN01B005,AN01B005_L,L,BA,T3,,0.13722459780859553,0.4179949574340365,0.13146563426285449,3,219.8764794907411,144.73962248409705,0.4525677066944545,0.8056608913569792
29854.0,descending_neuron,DNpe015,DNpe015_R,R,ut,,,0.0827049533734077,0.3245045718946044,0.09161698708364834,3,182.53873370809373,220.22241160519505,0.39875711934504204,1.0100412651561517
29867.0,ascending_neuron,AN12B017,AN12B017_R,R,CA,T2,,0.4057775623519932,0.7187851130573003,0.10849164279217616,3,212.42370744011546,166.22124741275027,0.5934683693324161,0.638020447962202
29908.0,ascending_neuron,AN04B023,AN04B023(19886)_L,L,IA,T3,,0.12172165449280167,0.3936760393405034,0.07727974031019508,3,216.2976964893929,237.76493092489227,0.43920525870809723,1.0338278479403689
29923.0,ascending_neuron,AN19B044,AN19B044_L,L,BA,T1,,0.21298632743916762,0.5207519703116447,0.31741826164989156,3,199.14140872519536,188.52648390670828,0.5051420250312835,0.7674433593362091
29930.0,ascending_neuron,AN06B075,AN06B075_L,L,BA,T1,,0.5273429673278561,0.8194107148675867,0.4956820907744145,3,217.89533564121663,174.07522914403643,0.6336491539370328,0.6185924219259733
29934.0,descending_neuron,DNpe012_a,DNpe012_a(PS227)_L,L,xn,,,0.26391137112616103,0.5603241848395742,0.37486123161741813,2,5.9189647013453195,0.5120000000000005,0.5239836357858816,0.012273216684906628
30016.0,ascending_neuron,AN07B013,AN07B013_R,R,BA,T2,,0.2642958759799385,0.5800965099085478,0.333895039642813,3,215.54542423679447,170.97293736063955,0.5331484688669643,0.7249732188462522
30022.0,ascending_neuron,AN19B042,AN19B042_R,R,BA,T1,,0.48748918824613946,0.7878391410090188,0.22847099164070028,3,244.40350840908715,136.43840969137446,0.6213221218453591,0.6129540615250286
30051.0,ascending_neuron,AN06B023,AN06B023_R,R,BA,T1,,0.924121157965819,1.0847246666544146,0.12146275740971323,3,170.9330197215175,119.84389899692528,0.729050812125371,0.39884314492532147
30088.0,ascending_neuron,AN13B002,AN13B002_L,L,CA,A1,,0.1535592121189151,0.4421737908652861,0.10439808408199105,3,242.41903647839843,215.4644992028543,0.465473047043532,0.983695057296047
30095.0,ascending_neuron,AN09B033,AN09B033_R,R,CA,A4,,0.16036906000887902,0.4518719165375418,0.11184803236149121,3,288.4475768927327,221.7886127564337,0.4705499326356295,1.08434016086507
30161.0,descending_neuron,DNg36_b,DNg36_b_L,L,ut,LB,,0.08361091089517296,0.32627705730416023,0.12867979180536207,3,147.6736306301291,212.62156873035818,0.3998446674385423,0.9010879191376638
30212.0,ascending_neuron,AN03B050,AN03B050_L,L,BA,T3,,0.19605124997450968,0.49962005990783065,0.5187827551267156,3,160.84099618296455,201.3877141351694,0.4947866503401612,0.7320907103477934
30228.0,descending_neuron,DNg02_a,DNg02_a_R,R,ut,LB,sexually dimorphic,0.10757804628312272,0.37009812573562356,0.16345170568993914,3,188.05765117852323,239.9343699521865,0.4258498345784057,1.0050303801442704
30231.0,ascending_neuron,ANXXX200,ANXXX200_L,L,BA,T2,,0.15242661058907722,0.4405401097198309,0.5662335261066502,3,214.2017896346527,176.04106877690515,0.4646123693604348,0.8399321329923893
30346.0,ascending_neuron,AN17A062,AN17A062_L,L,IA,T3,,0.08980180369892314,0.33814081040006594,0.26272849191477404,3,308.5714685492009,246.03989322944813,0.4070491335158844,1.3625169939269903
30379.0,ascending_neuron,AN09B031,AN09B031_L,L,BA,T2,,0.002800283538514887,0.05971123627683541,0.45834122417355255,3,263.7189029830374,218.59810336828022,0.171051178819818,2.819723369807238
30465.0,descending_neuron,DNge134,DNge134_L,L,xn,,,0.16531581502456305,0.4377526535137808,0.4436580738672314,2,8.990964701345291,30.458204755246403,0.46314015181341445,0.08517760617845244
30492.0,sensory_ascending,SAxx01,SAxx01_R,,abdomen,,,0.18447243079207923,0.4846417169393239,0.18236378335003942,3,299.1132350209263,270.0417131470377,0.4873134938622864,1.1679441577885092
30497.0,ascending_neuron,AN09B028,AN09B028_R,R,BA,T1,,0.19413930034442792,0.4971778699678239,0.0996042988045134,3,238.3076593671552,193.3254266271384,0.49357588705713096,0.8745019708475598
30503.0,descending_neuron,DNpe015,DNpe015_R,R,ut,,,0.06477645576276105,0.2871862549721614,0.6173064801301573,3,181.4668593587589,214.40040399175848,0.3751283312899188,1.0552848994083852
30574.0,ascending_neuron,ANXXX338,ANXXX338_R,R,BA,T1,,0.017603490768906473,0.14971125733341537,0.4232412356740974,3,171.5866685241937,153.69685939622102,0.2708477729156611,1.2009828414638812
30577.0,ascending_neuron,AN10B029,AN10B029_L,L,BA,T1,,0.231528961154151,0.5429473538870195,0.1170415277159587,3,379.99026538325376,203.60476360106748,0.5157947299116573,1.131448219884442
30581.0,ascending_neuron,ANXXX049,ANXXX049_L,L,CA,T3,,0.2972591447685022,0.6152089873802329,0.20288305451198482,3,216.16187803569932,163.5079412966391,0.5490468138659163,0.6915071898132502
30624.0,ascending_neuron,AN08B022,AN08B022_L,L,BA,T1,,0.23312427781832365,0.5448146926764329,0.12954936686194196,3,195.29793354103185,161.12760776159053,0.5166809454696893,0.6898368217906959
30660.0,ascending_neuron,AN19B010,AN19B010_R,R,BA,T3,,0.4692222085233382,0.7729374303007215,0.10269865044632313,3,196.3632367689666,162.34447743984256,0.6154180212240729,0.5828683948762758
30664.0,ascending_neuron,AN14A003,AN14A003_L,L,CA,T1,,0.31733845919801196,0.635647603091709,0.11291219187473721,3,182.59639367679847,125.16283081042525,0.5580925779070506,0.5514483379108484
30688.0,ascending_neuron,AN05B100,AN05B100_R,R,BA,T1,,0.271872,0.5883520897440904,0.08520343058725466,3,214.0643418662229,162.81678882190914,0.5369287885507763,0.7019201404815176
30705.0,ascending_neuron,AN17A009,AN17A009_L,L,BA,A1,,0.23223538647442768,0.5437750249377907,0.22649942720344785,3,238.73034906337534,158.88506886560054,0.5161877199425781,0.7702922843131711
30777.0,ascending_neuron,AN19B004,AN19B004_L,L,BA,T1,,0.9223252106576649,1.0836701210772255,0.16860575022432533,3,213.6086244227657,213.79674473650184,0.7286963423318662,0.5865342589638203
30789.0,ascending_neuron,AN08B009,AN08B009_R,R,BA,T1,,0.6348821868329511,0.8990868181236177,0.36357396181827073,3,185.01823459011723,154.45791754153788,0.6637413207572455,0.5114585178219061
30827.0,descending_neuron,DNg36_b,DNg36_b_L,L,ut,LB,,0.06765727662665072,0.29350284511421304,0.07910068107469077,3,163.83131953973762,201.04698146873815,0.3792313200488119,0.9621523374216857
30837.0,ascending_neuron,AN03B094,AN03B094_L,L,IA,T1,,0.2186163843143283,0.5275898270778377,0.14649005058825507,3,226.38087444030342,161.20619242874298,0.5084476524364534,0.7622949285177153
30862.0,ascending_neuron,AN17A014,AN17A014_L,L,BA,T3,,0.186624,0.48745980018526147,0.09365550360598153,3,213.76664853333716,171.33987519150918,0.4887282497367817,0.7879768029211658
30889.0,ascending_neuron,AN01B004,AN01B004(28192)_R,R,IA,T3,,0.17952815338740374,0.478102859525147,0.076856854970347,3,244.58534943921705,262.94176017396785,0.484014877010327,1.0485774998241555
30904.0,ascending_neuron,AN07B021,AN07B021_R,R,BA,T2,,0.22776402715120742,0.5385147781046037,0.27514112839257115,3,201.4625307528942,155.2776311755916,0.5136849630573741,0.6944726585049775
30921.0,ascending_neuron,AN08B023,AN08B023_R,R,BA,T1,,0.2970386072263888,0.6149807322458924,0.14610669947491842,3,186.71579463569267,148.67026326265815,0.5489449506102477,0.610964829033423
30929.0,descending_neuron,DNge117,DNge117_L,L,nt,LB,,0.10356664161909673,0.36313240508779776,0.3222848891294989,3,163.36515890330756,249.0751579381821,0.42182327874717973,0.9777561780526727
30957.0,descending_neuron,DNpe015,DNpe015_R,R,ut,,,0.0714329859131441,0.3015813363972063,0.13695311949777347,3,178.38326202879296,215.08159724357003,0.3844149513671796,1.0235420289273276
31054.0,ascending_neuron,AN10B027,AN10B027(31054)_L,L,CA,T2,,0.22773593567224526,0.5384815679808974,0.08655309269201247,3,236.330854260857,206.50178641693395,0.5136691233767509,0.8620970592250201
31059.0,descending_neuron,DNpe054,DNpe054(DNp16/17)_R,R,ht,,,0.0835245073444094,0.326108426302395,0.7001746388749197,3,184.50075264903435,220.8284353726356,0.39974132747087027,1.013978691135474
31103.0,ascending_neuron,AN18B002,AN18B002_L,L,BA,T3,,0.23165331039627265,0.5430931370081411,0.2589665213280348,3,175.8635006967408,125.8454687880603,0.5158639715409374,0.5848614869993075
31180.0,ascending_neuron,AN09B036,AN09B036_R,R,CA,A2,,0.3596438582065946,0.6766925315752804,0.08113125146588282,3,311.56384167349484,290.107504030396,0.5758292632993632,1.044878029047115
31227.0,ascending_neuron,AN07B005,AN07B005_L,L,BA,T2,,0.37840193243841685,0.6941154833201718,0.08692293019499085,3,194.67466086695853,149.24978006285812,0.5831951532950905,0.589724449846027
31229.0,sensory_ascending,SApp10,SApp10_R,,campaniform sensilla,,,0.35088396736678046,0.668400585625826,0.13656541530359212,3,232.56191883932883,273.26887562097016,0.5722903869161658,0.883870856517458
31264.0,descending_neuron,DNpe009,"DNpe009(PS222,PS226)_L",L,nt,,,0.1513542825752481,0.4389877650229287,0.1732870993246533,3,177.80211525839198,190.69352829659883,0.46379306254108094,0.7945259929849661
31276.0,ascending_neuron,AN06B075,AN06B075_R,R,BA,T1,,0.2877192959561866,0.6052566277165221,0.26447901335370827,3,208.16010677440556,234.78761530458814,0.5445876858515034,0.8133634556690571
31298.0,descending_neuron,DNge009,DNge009_R,R,fl,MX,,0.11715228360711465,0.38621615741007953,0.18559214942046526,3,214.50899118628416,124.94143620819969,0.4350240420148511,0.7803026835535115
31327.0,descending_neuron,DNge108,DNge108_L,L,ut,LB,,0.127872,0.40349930243356646,0.176540513466958,3,169.97232697136155,192.22144697207665,0.44465116461384374,0.8145571242526364
31334.0,ascending_neuron,AN08B009,AN08B009_L,L,BA,T1,,0.22846425050645616,0.5393419307851934,0.11649219393019389,3,182.92063998964667,158.75750530501512,0.5140793188650412,0.6646409080392532
31338.0,descending_neuron,DNge108,DNge108_R,R,ut,LB,,0.20649810370399865,0.5127587654528722,0.4910755297264127,3,165.278991431002,171.62888503644731,0.5012502319918738,0.6721351033168425
31362.0,ascending_neuron,AN18B032,AN18B032_L,L,BA,T2,,0.8991156353884324,1.069948401684041,0.0607077685905047,3,140.77838733809233,145.824376338395,0.7240681713935367,0.3958229003836663
31381.0,descending_neuron,DNg08,DNg08_L,L,ut,MX,,0.09585153864521186,0.34934505782505987,0.3526090209649139,3,159.50628434570987,167.87229668086974,0.41373793436700884,0.7912704004950543
31387.0,ascending_neuron,AN17A014,AN17A014_R,R,BA,T2,,0.22707782322161926,0.537702951691867,0.039860884201436984,3,211.06855043776773,157.62508814232825,0.5132976196409007,0.7182843334399862
31407.0,ascending_neuron,AN05B095,AN05B095_L,L,BA,A2,potentially male-specific,0.285056,0.6024488124845351,0.10913509220426183,3,186.43495772114306,153.4075933981512,0.5433230329347561,0.6254889458369485
31421.0,descending_neuron,DNg07,DNg07_L,L,ut,LB,,0.06093200798939678,0.27853373603967413,0.06762582434472623,3,170.10990869514225,262.6787869170409,0.3694340680817625,1.171491026421524
31474.0,ascending_neuron,AN07B035,AN07B035_L,L,BA,T1,,0.2653929695673766,0.5812992549005026,0.28874218598758994,3,299.6803298703554,162.61047683152685,0.5337008852355842,0.8661983134950574
31567.0,ascending_neuron,AN06B088,AN06B088_R,R,BA,T3,,0.13501520203465242,0.4146163218819622,0.06830948629055884,3,214.89658347289324,176.42838268309683,0.4507349528516304,0.8681930781720483
31609.0,descending_neuron,DNge114,DNge114_L,L,ut,LB,,0.06764325721099275,0.29347243484819474,0.29202021585103843,3,165.88219538469164,181.2658241790876,0.3792116731795257,0.9154465543032823
31641.0,descending_neuron,DNg02_a,DNg02_a_R,R,ut,LB,sexually dimorphic,0.19145472989728415,0.49372840016735076,0.16341548995640662,3,186.88373751139977,238.876625995264,0.4918606673459485,0.8656117306635674
31667.0,ascending_neuron,AN17A009,AN17A009_R,R,BA,A1,,0.20664998524885406,0.5129473005463417,0.12340968943113098,3,214.74958248283457,163.46839269403185,0.5013423752962713,0.7544105461928211
31712.0,ascending_neuron,ANXXX150,ANXXX150_L,L,BA,A9,potentially sexually dimorphic,0.3541784033282174,0.6715310484323463,0.39217669328393456,3,315.3792642547853,363.4760620823584,0.573628986132892,1.18343971930992
31760.0,ascending_neuron,ANXXX049,ANXXX049_R,R,CA,T3,,0.31586361362809984,0.6341687816459,0.08036594227086039,3,222.31326074300324,163.31103155381945,0.5574430042672444,0.6917734895672851
31769.0,descending_neuron,DNge115,DNge115_R,R,xn,LB,,0.042909558331527826,0.23373948428714691,0.061869286625400866,3,164.45145516211448,211.74302285901845,0.3384262804521865,1.1115994819270023
31790.0,descending_neuron,DNg18_b,DNg18_b_L,L,xn,LB,,0.12039682606813831,0.39152777680588,0.11143581499028447,3,161.31925273540503,232.92384704594085,0.4380052632502048,0.9000875853771183
31825.0,descending_neuron,DNge024,DNge024_R,R,fl,MX,,0.10769158533064027,0.370293377037981,0.08172343292337093,3,179.19671727096127,134.20406327057157,0.42596215177948693,0.7357479513902326
31896.0,ascending_neuron,AN18B002,AN18B002_R,R,BA,T3,,0.42421738146560617,0.7349356064622337,0.2414532237011812,3,185.06364289807252,118.11548521515716,0.6000986978543567,0.5052154407220709
31932.0,descending_neuron,DNge009,DNge009_L,L,fl,MX,,0.04938095824819446,0.25074646318246885,0.038139332215952206,3,171.70991851501603,119.50583798539205,0.3505221347638544,0.8308056114533228
31952.0,ascending_neuron,AN02A016,AN02A016_L,L,BA,T1,,0.0048529949416454225,0.07860677496312049,0.19346366646125523,3,14.65262096637003,127.5210589001319,0.1962582985046213,0.7244212395082706
31966.0,ascending_neuron,AN10B027,AN10B027(31966)_R,R,CA,T1,,0.235136,0.547160354549603,0.32286032350884664,3,394.60965173804067,193.1710758339007,0.5177920178308134,1.1351676104130222
31987.0,descending_neuron,DNpe015,DNpe015_L,L,ut,,,0.06115650746371341,0.27904638274073906,0.4885801075244291,3,157.6866427454754,215.38675384582376,0.36977388704850717,1.008923046376066
32016.0,ascending_neuron,AN01A049,AN01A049_R,R,IA,T1,,0.215711000097266,0.5240722999340927,0.12668435792713734,3,183.89201701106074,138.41280821492057,0.506749866273002,0.6360235032649136
32040.0,ascending_neuron,ANXXX214,ANXXX214_L,L,BA,A1,potentially sexually dimorphic,0.18411172263443137,0.48416766301300007,0.05914711993393167,3,210.67444469278232,279.07488310067873,0.4870751018850892,1.0054903769419172
32085.0,ascending_neuron,AN09B018,AN09B018_L,L,BA,A7,,0.6982664288975159,0.9429000106232479,0.30698404382133776,3,219.72926977169752,147.68156648090795,0.6797212702316968,0.5405316154478527
32094.0,ascending_neuron,AN17B011,AN17B011_R,R,BA,T3,,0.12001794140507885,0.39091122914883636,0.4432837333382435,3,245.69566210030095,186.26379893707542,0.4376602589714193,0.9869743760892505
32127.0,ascending_neuron,AN03B011,AN03B011_R,R,IA,T3,,0.14541051959124698,0.43028179576187364,0.14990412845959825,3,168.83529828707074,154.6831666723147,0.4591710791451461,0.7045706483990465
32166.0,descending_neuron,DNpe012_a,DNpe012_a(PS221)_R,R,xn,,,0.05609421625708033,0.26724777710851166,0.11611338241329336,3,186.09378990681725,182.67547575991125,0.36187209174399,1.019059701148819
32193.0,ascending_neuron,AN17A018,AN17A018_L,L,BA,T3,,0.22027289654571142,0.5295848964192211,0.11776595967401168,3,186.18395064456416,159.63227472135972,0.5094080871417516,0.6788589229241948
32255.0,ascending_neuron,AN08B034,AN08B034_c_L,L,BA,A1,,0.25265963304689404,0.567182718489889,0.2081430434206326,3,179.1017124825502,181.374478346746,0.5271807394623267,0.6837810334211887
32263.0,descending_neuron,DNpe008,DNpe008(PS225)_R,R,ht,,,0.04919511588535296,0.2502741835528794,0.021273029319255655,3,180.83305928632208,399.13747484374835,0.3501918758922184,1.656150739226666
32288.0,descending_neuron,DNpe015,DNpe015_L,L,ut,,,0.13535811806366566,0.41514251603466257,0.1794470353183865,3,181.19795606178354,234.99103743935186,0.4510208785156011,0.9227710142175584
32324.0,ascending_neuron,AN08B074,AN08B074_R,R,BA,T1,potentially male-specific,0.12724667690814048,0.40251149173108475,0.6506032554926031,3,390.7263973619642,199.02034333583237,0.4441065535974801,1.3279397386067822
32413.0,descending_neuron,DNg12_f,DNg12_f_L,L,xn,MX,,0.09345530814840584,0.3449507124212974,0.07014274251456579,3,250.23978191575944,129.60175224741832,0.41112753384617245,0.9239019595931497
32414.0,ascending_neuron,AN10B029,AN10B029_R,R,BA,T1,,0.3141604471746602,0.6324567216295985,0.21257288857215298,3,372.81383107881993,212.29835036956283,0.5566900336798776,1.0510556073379413
32464.0,ascending_neuron,AN06B015,AN06B015_L,L,BA,T1,,0.2212875075026872,0.5308031700247281,0.3170707798790898,3,175.7687051847244,172.50003228068405,0.5099936796785983,0.682888340272942
32502.0,sensory_ascending,SApp10,SApp10_R,,campaniform sensilla,,,0.4525708473565891,0.7590988734339621,0.023823126762835514,3,220.08596189235485,268.8842227173255,0.6098839627196647,0.8017429781711397
32556.0,ascending_neuron,AN07B035,AN07B035_R,R,BA,T1,,0.26439307562166303,0.5802031706528806,0.1573125046077792,3,187.18499318978317,165.6978941067033,0.5331974808829384,0.6618239957025616
32592.0,ascending_neuron,AN10B027,AN10B027(31966)_L,L,CA,T1,,0.24164541648239665,0.5546823415878547,0.136721457917085,3,383.02767637425006,194.60546931262186,0.5213389946839281,1.1079799354680406
32608.0,ascending_neuron,AN19B044,AN19B044_L,L,BA,T1,,0.17067848530298063,0.4661701373138934,0.41865800638129336,3,194.58069114917046,181.38920469806456,0.47793657244848686,0.7866522830030086
32630.0,ascending_neuron,AN17A031,AN17A031_R,R,BA,T2,,0.4007494498427072,0.7143178893676089,0.20578290168954858,3,190.6866477673784,155.7955057482365,0.5916213026845198,0.5856485423081111
32645.0,ascending_neuron,AN17A014,AN17A014_L,L,BA,T2,,0.3858015938696218,0.7008693499766254,0.11412053422113315,3,213.67186500342265,162.49177583514629,0.5860255809165213,0.641889455150172
32651.0,ascending_neuron,ANXXX169,ANXXX169_L,L,BA,A2,,0.41917075861458686,0.7305510152376282,0.1331891724862494,3,201.66220126885875,215.54994170685396,0.5983059396884154,0.6973224153398637
32680.0,descending_neuron,DNg36_b,DNg36_b_R,R,ut,LB,,0.17384176073927568,0.47047019491104264,0.442115207175772,3,157.092955842304,181.7355850876031,0.4801358094397989,0.7056931273783499
32832.0,descending_neuron,DNg05_c,DNg05_c_L,L,ut,LB,,0.15057354367389866,0.43785407408920485,0.34284791501366346,3,206.6433871536725,214.20899592660473,0.4631937999409214,0.9085881182648717
32881.0,ascending_neuron,AN10B027,AN10B027(32881)_R,R,CA,T3,,0.1338784978079809,0.4128672881191498,0.08839228854417423,3,394.45329183383006,206.24591476185273,0.4497832491082604,1.3355304088950135
32886.0,ascending_neuron,AN10B024,AN10B024_L,L,BA,T2,,0.188928,0.4904595811152279,0.2740458468154863,3,175.1228574422768,161.14642245926686,0.4902297367015404,0.6859422322360459
32930.0,ascending_neuron,AN05B100,AN05B100_L,L,BA,T2,,0.22694400000000003,0.5375444867547028,0.2566213522382603,3,227.44256113642697,156.09132802416994,0.5132219778125293,0.7473060502890133
32949.0,ascending_neuron,AN17A014,AN17A014_R,R,BA,T3,,0.30598553823445634,0.6241737637847196,0.2240651935730601,3,185.47821290954386,159.5214907816938,0.5530326791922088,0.6238324002754484
32961.0,descending_neuron,DNpe008,DNpe008(PS225)_R,R,ht,,,0.0814881088998575,0.32210849519530516,0.237934870717105,3,172.98578130682822,398.72070605997106,0.3972822203996795,1.4390437276343324
33007.0,descending_neuron,DNp17,DNp17_L,L,ut,,,0.08098667982500175,0.321115934438012,0.19906689006233078,3,175.13343932615774,187.44733438170707,0.39666964576915364,0.9140623124938396
33037.0,descending_neuron,DNp69,DNp69(CL304)_L,L,xn,CG,,1.3951117274130156,1.3327833359800214,0.13531210197997737,3,226.79714846318961,147.95794609651765,0.8081236505821435,0.4637348434113356
33116.0,descending_neuron,DNge089,DNge089_L,L,xn,LB,,0.055737830088604744,0.26639746509030626,0.15113619844750445,3,190.85246371524156,218.97052791319052,0.36129594226098094,1.1343138510323976
33220.0,ascending_neuron,AN03B009,AN03B009_R,R,BA,T2,,0.22950399999999999,0.5405678204211741,0.16788014171303323,3,187.96874597907532,115.03338263143733,0.5146632219290351,0.5887386463614305
33238.0,ascending_neuron,AN07B040,AN07B040_L,L,IA,T1,,0.13779575772417113,0.4188639490707698,0.38283843699320524,3,234.69856901666338,134.3069798880066,0.4530378958152145,0.8145136473421648
33283.0,ascending_neuron,AN06B044,AN06B044_R,R,BA,T3,,0.2257316035984201,0.5361067097117799,0.3303531322312137,3,96.39246034208517,195.02290197659704,0.512535157583138,0.5685763366806929
33333.0,descending_neuron,DNg02_g,DNg02_g_L,L,ut,LB,sexually dimorphic,0.37725102282897643,0.6930591032211036,0.29934491561825466,3,223.54204210284652,233.320204470775,0.5827511995511814,0.7839747853380379
33335.0,descending_neuron,DNpe024,DNpe024(CL325)_L,L,xn,,,0.4632050047910092,0.7679654480633575,0.3395935147788955,3,167.02962039216118,147.72798003234456,0.6134354648624785,0.5131062979788248
33358.0,descending_neuron,DNge116,DNge116_L,L,xn,LB,potentially sexually dimorphic,0.13817244438770532,0.41943607401741984,0.19093701420555959,3,172.52970562386773,203.43402998268166,0.45334719175101956,0.8293064177907832
33400.0,ascending_neuron,AN08B016,AN08B016_R,R,BA,T3,,0.22950399999999999,0.5405678204211741,0.296419034417061,3,193.90782270249272,185.2738677084359,0.5146632219290351,0.7367569203598784
33424.0,descending_neuron,DNg02_b,DNg02_b_L,L,ut,LB,,0.13185349196954788,0.4097329375179015,0.4507180536482736,3,209.6419414908527,236.54045240541922,0.44807269430726493,0.9957812639890599
33487.0,ascending_neuron,AN08B074,AN08B074_R,R,BA,T1,potentially male-specific,0.17999054018124488,0.4787181565775464,0.0997353205630822,3,387.8859418513344,200.34968141087936,0.4843262296458841,1.214544220932042
33596.0,ascending_neuron,AN05B106,AN05B106_R,R,CA,A8,,0.25583963637993123,0.5707408712801224,0.12961332386111427,3,281.1319344525111,226.7046199629838,0.5288317567310609,0.9602989002677402
33683.0,descending_neuron,DNge115,DNge115_R,R,xn,LB,,0.050699181246465753,0.2540712546682437,0.5622926870161734,3,177.46993085892453,220.4310209352355,0.35283836921094536,1.1277145189282798
33710.0,ascending_neuron,AN10B024,AN10B024_R,R,BA,T2,,0.11430693276820014,0.3814971913892106,0.08181155392482417,3,172.46332947296736,160.73280863763188,0.4323582123433221,0.7706483388038865
33729.0,ascending_neuron,AN07B052,AN07B052_L,L,BA,T1,,0.36293451945069555,0.6797812753482392,0.1074063793708259,3,159.5623779876763,145.1896071321064,0.5771419452098739,0.528036452122643
33788.0,descending_neuron,DNpe014,DNpe014_L,L,xn,,,0.23270927075520542,0.5443295380116805,0.17281318420356379,3,231.93207130262374,227.4161757480458,0.5164508433778799,0.8894326593529652
33799.0,ascending_neuron,AN10B015,AN10B015_R,R,BA,T2,,0.5705645278188021,0.8523293492788129,0.04010934229508727,3,169.8861051946575,152.19431983466777,0.6462517939213928,0.49838225295278904
33829.0,descending_neuron,DNg83,DNg83_R,R,fl,MX,potentially sexually dimorphic,0.04445277593156161,0.23790551105284574,0.054713178096929514,3,231.75398832235413,144.18751676114493,0.3414289097541308,1.1010828150264762
33851.0,descending_neuron,DNg05_c,DNg05_c_R,R,ut,LB,,0.19889223073310705,0.5032270395258805,0.09659571264002648,3,186.5906540579992,232.67657725052686,0.49656948090643005,0.844327425324654
33876.0,descending_neuron,DNge085,DNge085_R,R,nt,LB,,0.1167148348114946,0.38549441388848565,0.6734685839388411,3,103.82275607210869,221.52303275515098,0.4346173751765545,0.7485798023953701
33892.0,ascending_neuron,AN03B011,AN03B011_L,L,IA,T3,,0.33599945813502957,0.6540701775093453,0.3896747071062651,3,182.69769856905216,151.74511081928014,0.566122236782463,0.590760771541367
33905.0,ascending_neuron,AN07B015,AN07B015_L,L,BA,T1,,0.44559010891233575,0.7532217119879339,0.344338885285107,3,190.57701501421502,165.80417869632527,0.6075184267774004,0.5866179164325515
34023.0,descending_neuron,DNp17,DNp17_R,R,ut,,,0.45417672514876,0.7604444534334603,0.33472032883935005,3,182.8965021181119,219.45123323308286,0.6104242640839203,0.6591280180433333
34031.0,descending_neuron,DNge114,DNge114_L,L,ut,LB,,0.0776635784816813,0.31445880383369695,0.2512748452073759,3,150.102532273501,244.33792206975534,0.39253638541988883,1.0048506813485092
34162.0,descending_neuron,DNge114,DNge114_R,R,ut,LB,,0.10689795427143042,0.3689264189912079,0.22466983603851545,3,163.34785669296556,197.42232565094605,0.425175193662203,0.8485212395305911
34231.0,ascending_neuron,AN16B078_d,AN16B078_d_R,R,IA,T1,,0.3183686131166767,0.6366784965919947,0.022613660760258704,3,143.17272741037522,145.14533232508924,0.558544951933215,0.516194907388472
34292.0,descending_neuron,DNge087,DNge087_L,L,nt,LB,,0.08796690996958775,0.33466841560182664,0.014519542766385578,3,156.05913270485132,189.89618566163162,0.40495373025185855,0.8543082641844493
34332.0,ascending_neuron,AN07B015,AN07B015_R,R,BA,T1,,0.2660958936237481,0.582068565079233,0.05843294984446634,3,208.7474898151242,165.29789667869392,0.5340539269482288,0.7003887952500311
34432.0,sensory_ascending,SApp10,SApp10_R,,campaniform sensilla,,,0.46678114792614284,0.7709242610506163,0.04405592493110164,3,206.98086012985704,280.24605189294437,0.6146160491842056,0.792733793186021
34462.0,ascending_neuron,AN06B044,AN06B044_L,L,BA,T3,,0.15563612101380356,0.4451539777020553,0.4042106887453452,3,163.39441560278058,177.37778053308003,0.46703902307409717,0.7296439468652195
34468.0,descending_neuron,DNpe015,DNpe015_L,L,ut,,,0.2258109752875243,0.5362009542804735,0.4277962852200591,3,158.51345145978738,212.3360832790247,0.5125802060140755,0.7234956215391362
34474.0,descending_neuron,DNge089,DNge089_R,R,xn,LB,,0.05732001111082164,0.27015200323328536,0.6001059949325784,3,151.93278497019713,322.3925099863167,0.36383304080898127,1.303689444757006
34539.0,ascending_neuron,AN10B027,AN10B027(32881)_L,L,CA,T3,,0.557178059883155,0.8422714166478936,0.2645021969531512,3,393.5985171149581,217.47166865200504,0.6424274232607664,0.9511894474637408
34569.0,descending_neuron,DNpe008,DNpe008(PS225)_R,R,ht,,,0.05710574865160164,0.26964661580469707,0.16269542924968464,3,379.4257287331822,398.1334972632064,0.3634925607826129,2.1391338087422613
34590.0,descending_neuron,DNge182,DNge182_R,R,xn,,,0.3098120746223567,0.6280644750705343,0.13735226906935952,3,221.03893262222917,177.75035563366978,0.5547536325113714,0.718858363217161
34649.0,descending_neuron,DNge179,DNge179_L,L,nt,LB,,0.07603288271736272,0.3111399572153293,0.4778423018864389,3,158.06107842936947,220.27187243553735,0.39045944608308725,0.9689430097291077
34664.0,descending_neuron,DNge154,DNge154_R,R,ut,LB,potentially sexually dimorphic,0.28928000000000004,0.6068959840870493,0.5344291781767656,3,185.2347885413007,158.73018671469842,0.5453247034590071,0.6307526012928103
34667.0,ascending_neuron,AN08B074,AN08B074_L,L,BA,T1,potentially male-specific,0.10561947453029041,0.3667136371422722,0.10646407525942543,3,383.8716969334862,180.83024977623327,0.42389819791987005,1.3321640655251517
34683.0,ascending_neuron,AN09B037,AN09B037_R,R,BA,A5,,0.21699241037802974,0.5256265954084783,0.39167843347946546,3,231.89490322106354,153.82896639587827,0.507500770196612,0.7600458802604528
34719.0,ascending_neuron,AN16B078_a,AN16B078_a_R,R,IA,T1,,0.27827821940665576,0.5952435076395559,0.024429336696544436,3,135.6113667009654,148.24350897458226,0.5400641802076698,0.5255947090703137
34735.0,sensory_ascending,SApp10,SApp10_R,,campaniform sensilla,,,0.43338215435806343,0.7428319439221799,0.23481924172972382,3,223.9487270296003,265.5485410714367,0.6033138922002941,0.8113475827911633
34758.0,ascending_neuron,ANXXX027,ANXXX027(27816)_L,L,CA,A2,,0.29696093200706153,0.6149003186475029,0.09451009969386004,3,223.5732787534512,182.36482241759603,0.548909059988334,0.7395361650246303
34797.0,ascending_neuron,AN10B029,AN10B029_R,R,BA,T2,,0.2008557111726131,0.5057048884980995,0.07713250161936963,3,87.88409891550268,331.9489381590866,0.4977905135336236,0.8433930050099907
34830.0,descending_neuron,DNg36_b,DNg36_b_R,R,ut,LB,,0.05209508697996762,0.25754518987803415,0.0708743933650413,3,159.6376225279002,226.10818955416383,0.3552423722477891,1.0858665582071896
34887.0,descending_neuron,DNpe015,DNpe015_L,L,ut,,,0.0723763703804772,0.30356623144352257,0.4511755079380311,3,180.25184978228563,253.80771005260127,0.38567791407770036,1.1254457255424777
35136.0,ascending_neuron,ANXXX099,ANXXX099_R,R,BA,A8,,0.520448,0.8140362243649394,0.40007044761067523,3,169.89023828776186,160.52503435949436,0.6315676922854907,0.5231668381445593
35153.0,descending_neuron,DNpe054,DNpe054(DNp16/17)_L,L,ht,,,0.07907117584383973,0.31729567903311334,0.07431856491049368,3,175.95537308331004,192.8669741937421,0.39430303413266493,0.9353779082332911
35232.0,ascending_neuron,AN01B005,AN01B005_R,R,BA,A1,,0.19172411289859903,0.4940756239906652,0.2194240380545695,3,193.90771984264524,206.24897071893562,0.4920335921006064,0.8132710794261392
35233.0,descending_neuron,DNg53,DNg53_R,R,nt,LB,,0.06635318213048756,0.2906604469265664,0.3208280110292423,3,186.91612863612133,140.99189026765856,0.3773905390891742,0.8688824571362611
35345.0,descending_neuron,DNge024,DNge024_R,R,fl,MX,,0.10849210341231656,0.3716671042156652,0.3418765215696047,3,176.48529410545467,125.74890056060542,0.4267515448896183,0.7082205050815568
35371.0,ascending_neuron,AN08B099_f,AN08B099_f_R,R,BA,T1,,0.3873811571163938,0.7023026471015597,0.2034249385025391,3,191.2532612764725,155.991039164367,0.5866244941014347,0.5919362453024279
35394.0,ascending_neuron,AN19B044,AN19B044_R,R,BA,T1,,0.11511684530032243,0.382846339543074,0.1721554626984558,3,214.6649500480949,177.54245773460096,0.4331220455900464,0.9055355454105041
35398.0,descending_neuron,DNp17,DNp17_L,L,ut,,,0.36524206903100803,0.6819388870647938,0.29551454131290444,3,178.20891222943976,202.94188022912135,0.5780571378866876,0.6593652555731876
35409.0,ascending_neuron,AN08B049,AN08B049_L,L,BA,T1,,0.3641230435161821,0.6808934264289277,0.28646021382089615,3,180.65772188707732,145.13691840225093,0.5776138666532985,0.5640353514658264
35440.0,ascending_neuron,AN08B016,AN08B016_L,L,BA,T3,,0.187136,0.4881280113285442,0.031271637964120504,3,244.47684078290268,182.0808060857311,0.48906310998784874,0.8721934616561695
35441.0,ascending_neuron,AN08B074,AN08B074_L,L,BA,T1,potentially male-specific,0.11989577326205268,0.3907122211600838,0.05983574672853903,3,384.35141443325773,184.15021579583276,0.43754884112341225,1.2992872493261671
35469.0,descending_neuron,DNge009,DNge009_R,R,fl,MX,,0.045056,0.23951426038461154,0.2809781867421319,3,228.89628001059052,126.31502643345547,0.34258135907906556,1.0368670011670587
35505.0,ascending_neuron,AN07B024,AN07B024_L,L,BA,T2,,0.5600072308793042,0.8444071006885034,0.25447987804771716,3,211.2578539423585,177.1209580350042,0.6432413849694115,0.6037839309668043
35517.0,ascending_neuron,AN08B066,AN08B066_R,R,BA,T1,,0.19533408561767895,0.4987054062701876,0.7260881112208234,3,174.8489927417099,177.0789969572176,0.4943335403069388,0.7119241584951131
35519.0,descending_neuron,DNpe015,DNpe015_L,L,ut,,,0.0399975260165542,0.2256688543327375,0.8348946642296865,3,258.4594074692321,275.9032139466014,0.3325323121488216,1.6069494659414771
35621.0,ascending_neuron,AN17A062,AN17A062_R,R,IA,T1,,0.21718995665591878,0.5258658018293563,0.3295864100373996,3,287.0585306135378,179.85035788615974,0.5076162358478937,0.9198068452633299
35630.0,descending_neuron,DNp17,DNp17_L,L,ut,,,0.09898371978611324,0.3550070229117499,0.10390970627562861,3,179.5746231417072,193.22224502657392,0.4170772605006864,0.8938316793410213
35714.0,ascending_neuron,AN01B011,AN01B011_L,L,IA,T3,,0.3144518014872072,0.6327499257737795,0.3964414446550208,3,322.6904179069129,186.1790686508818,0.5568190582488641,0.9138866190358755
35899.0,descending_neuron,DNpe008,DNpe008(PS225)_L,L,ht,,,0.049270354065436825,0.2504654929909848,0.020000901437887426,3,160.609057911857,396.4496957135889,0.3503256935561286,1.5901167509890188
35920.0,ascending_neuron,ANXXX145,ANXXX145(35920)_L,L,BA,T2,,0.17094347128125198,0.46653187195473544,0.22994435876806443,3,196.95343078006007,201.40154547669292,0.4781219690181788,0.8331660163509597
35921.0,ascending_neuron,AN09B030,AN09B030_R,R,BA,T2,,0.3339298631749533,0.6520526872595134,0.1970044526580351,3,230.13847088678926,190.87964995213773,0.5652484557760078,0.7448372773719962
35966.0,ascending_neuron,AN17A015,AN17A015_L,L,IA,T2,,0.10627161984536193,0.36784402791152787,0.027559747485503546,3,222.9721387245465,183.33985834914276,0.42455102599881755,0.9570392536863659
35988.0,descending_neuron,DNg02_a,DNg02_a_L,L,ut,LB,sexually dimorphic,0.14848,0.4347995027622237,0.23898968340206286,3,209.41076162330913,226.18759479725628,0.4615752986821214,0.9437211169321134
36095.0,sensory_ascending,SApp14,SApp14_R,,campaniform sensilla,,,0.6538803982990378,0.9124397956257244,0.012026264280094102,3,261.6093368986298,272.401757348651,0.668652002058324,0.7986382940654099
36102.0,descending_neuron,DNge136,DNge136_L,L,xn,MX,,0.7306078841265614,0.9644889059834869,0.12989520772426522,3,191.9416954446133,196.00959485380088,0.6874587725325124,0.5643266269906629
36172.0,descending_neuron,DNg06,DNg06_R,R,ut,LB,,0.10861404722919356,0.37187592022869925,0.407236315384916,3,193.13216683171703,244.34978295331595,0.4268714102772199,1.0248565241249636
36260.0,descending_neuron,DNg18_b,DNg18_b_R,R,xn,LB,,0.1898336617745034,0.49163373063000626,0.3670358014251441,3,154.198006523843,187.55623119727193,0.490816185561054,0.6962978153021875
36263.0,descending_neuron,DNge116,DNge116_R,R,xn,LB,potentially sexually dimorphic,0.09306973228062762,0.3442383818774568,0.668109087764808,3,153.56340396634906,201.37411985314972,0.4107028209301147,0.8642198342238683
36371.0,ascending_neuron,AN23B002,AN23B002_L,L,BA,T2,,0.37619716848076334,0.69209039259847,0.021222125232436648,3,155.95309678086136,223.85442354994936,0.5823437922509781,0.6522049782014702
36379.0,descending_neuron,DNg12_b,DNg12_b_R,R,nt,MX,,0.09762188368615246,0.35255643908563883,0.12012490624534998,3,170.7560064031229,138.79857848955405,0.4156352429137392,0.7447746315317197
36475.0,ascending_neuron,ANXXX145,ANXXX145(35920)_R,R,BA,T2,,0.1195200409367165,0.3900995289781736,0.3440080833087953,3,322.69934362050697,199.70704311258353,0.4372056371998251,1.1948756884265066
36477.0,ascending_neuron,AN01B005,AN01B005_L,L,BA,A1,,0.10512754738291188,0.36585864834515386,0.558600775274237,3,207.73192285969685,140.25310690116078,0.4234037525685447,0.8218751667878108
36541.0,descending_neuron,DNge078,DNge078_R,R,fl,,,0.31701367824158294,0.6353222421410512,0.1491540857607001,3,196.38524880483743,138.97512420832012,0.5579497277077166,0.6010584042955872
36593.0,ascending_neuron,AN08B023,AN08B023_L,L,BA,T1,,0.19715276425536732,0.5010216520309104,0.0433835721801945,3,182.35028867086268,145.59462656238938,0.4954801807289027,0.6618729224462845
36623.0,descending_neuron,DNge085,DNge085_L,L,nt,LB,,0.23166228845793527,0.5431036610891953,0.192761212770943,3,141.61970858239596,222.9223557830767,0.515868969733309,0.7066563134315514
36631.0,descending_neuron,DNg05_b,DNg05_b_R,R,ut,LB,,0.14059830615024024,0.4231020247094865,0.37117262712355464,3,187.79473121658356,215.49415552849533,0.4553240517561623,0.8857183915271193
36667.0,ascending_neuron,AN09B020,AN09B020_R,R,CA,T1,,0.210048,0.517147387011219,0.06500639771569924,3,205.05510554433093,146.83726685930142,0.5033907226355063,0.699044214723102
36671.0,ascending_neuron,AN08B057,AN08B057_R,R,BA,T1,,0.29388800000000004,0.6117105715312819,0.2504334971904734,3,235.00191433132835,170.58734213380575,0.5474834975141517,0.7408246244986594
36691.0,ascending_neuron,ANXXX130,ANXXX130_R,R,BA,T1,,0.22569629213725678,0.536064776169126,0.22556487104134365,3,172.52495994682695,145.7510981805503,0.5125151122873077,0.6210081429734639
36718.0,sensory_ascending,"SApp09,SApp22","SApp09,SApp22_R",,campaniform sensilla,,,1.7797714986816329,1.5053489471594352,0.2662726776113783,3,176.5229785176578,427.82667236106363,0.8588486386483494,0.7036742257982072
36721.0,descending_neuron,DNpe054,DNpe054(DNp16/17)_L,L,ht,,,0.05442410366765475,0.26323928463742646,0.1766656250642361,3,177.82693350172048,171.18281626161843,0.35914794928043087,0.9717715233028495
36812.0,sensory_ascending,LgAG6,LgAG6_R,,leg bristle,,,0.05544590616764491,0.2656989279736009,0.018234842222534253,3,314.41317515543426,317.12525782084447,0.360821943217239,1.7502772346526891
36849.0,ascending_neuron,AN08B074,AN08B074_R,R,BA,T1,potentially male-specific,0.16601511806117827,0.45975755930639023,0.14243721870166445,3,387.4852762529856,198.88569802421776,0.4746379715742633,1.23540679295495
36930.0,ascending_neuron,AN19B001,AN19B001(24133)_R,R,BA,T2,,0.48961549133116994,0.7895554478805031,0.12833238237345684,3,168.6920193232527,168.60162043269767,0.6219985285042453,0.542274015610711
37025.0,descending_neuron,DNg03,DNg03_R,R,ut,LB,,0.1590652917350398,0.45003135405423467,0.13791931453068423,3,185.03899985610798,226.25378381086892,0.4695906339425595,0.8758538904702395
37066.0,ascending_neuron,AN08B049,AN08B049_R,R,BA,T1,,0.35479308608040283,0.6721135226999941,0.08608803610407954,3,177.90936800461364,156.04372707819726,0.5738777100768047,0.5819237952945001
37071.0,descending_neuron,DNge179,DNge179_R,R,nt,LB,,0.08083230056330921,0.3208097279839308,0.6451259170699147,3,16.60866207223083,231.2423334652851,0.3964804745660574,0.6251278724602656
37098.0,descending_neuron,DNpe057,DNpe057(PS226)_R,R,nt,,,0.0873761515117016,0.3335427579358748,0.128075773220096,3,189.87430439933024,175.90609023407688,0.404272125416258,0.9047875716308218
37135.0,descending_neuron,DNg02_b,DNg02_b_L,L,ut,LB,,0.11340985747618533,0.3799972569657022,0.09321607737700456,3,213.42627223281508,230.61717415592247,0.43150742277879073,1.0290516986456877
37163.0,descending_neuron,DNpe008,DNpe008(PS225)_L,L,ht,,,0.04206619677105041,0.23143108094098339,0.1175863159277927,3,158.72005212764824,395.6703373817079,0.3367509905866378,1.6462917853443553
37199.0,ascending_neuron,AN18B025,AN18B025_L,L,BA,T1,,0.2695330868031338,0.5858158283388092,0.1764569333946993,3,148.86961625842426,148.96963674034737,0.5357702454280346,0.5559085364302444
37212.0,descending_neuron,DNpe008,DNpe008(PS225)_L,L,ht,,,0.05291529805712986,0.259564731825773,0.3593798558188468,3,176.58821783945842,275.7474596011261,0.35663246991073144,1.2683524793853136
37217.0,ascending_neuron,AN07B005,AN07B005_L,L,BA,T3,,0.25663707379302914,0.5716296624549856,0.24523656584269662,3,202.2915235898164,160.16288334663685,0.5292433604712892,0.6848539519016146
37229.0,ascending_neuron,AN07B043,AN07B043_L,L,BA,T3,,0.16843568532377598,0.4630971553559789,0.280707768812756,3,263.4070023723789,273.28872332344935,0.4763586948135088,1.126663019987367
37310.0,descending_neuron,DNpe041,DNpe041(SMP290)_L,L,xl,,sexually dimorphic,0.18184983300656776,0.481184370680769,0.3927977447087374,3,305.7742090122005,158.0760025693847,0.48557217963303534,0.9552652129537853
37363.0,ascending_neuron,AN07B035,AN07B035_R,R,BA,T3,,0.12449050853892832,0.39812841950299654,0.13707232142752976,3,210.8849532419101,234.96369763813462,0.44168192803924894,1.0094337634761128
37406.0,descending_neuron,DNge009,DNge009_L,L,fl,MX,,0.07223582945907392,0.3032713547535245,0.09205977327945833,3,218.6309394766469,121.4551461672914,0.3854905495978169,0.8822164019293102
37417.0,ascending_neuron,ANXXX145,ANXXX145(37417)_L,L,BA,T3,,0.20967027044053252,0.5166821844037223,0.10663021692168607,3,308.9780408116521,200.30647387075484,0.5031642578302078,1.0121635365727117
37422.0,ascending_neuron,vMS16,vMS16_L,L,BA,T2,male-specific,0.5254383217631388,0.8179296116342204,0.20046807081147588,3,181.9366568744171,133.94317612525234,0.6330762274013833,0.4989601873004705
37530.0,ascending_neuron,AN18B053,AN18B053_R,R,,T2,,0.5080740206984538,0.804300898175467,0.029603688670649376,3,171.06880683576918,143.6942408695299,0.6277797703860637,0.5013908739233987
37683.0,descending_neuron,DNge114,DNge114_L,L,ut,LB,,0.07518416492186895,0.3093985325052687,0.08970326872324735,3,185.78343233145233,269.26602617496667,0.3893652281953046,1.1686956758197404
37686.0,descending_neuron,DNg12_b,DNg12_b_R,R,xn,MX,,0.05914449592437534,0.27441776739916524,0.1385095093482103,3,176.95345753851325,127.47317591316113,0.3666942950546012,0.8301918997849281
37743.0,ascending_neuron,AN05B069,AN05B069_L,L,BA,T1,,0.1462239255898608,0.4314835853742558,0.14570050920180075,3,198.80045701257217,187.25370467330112,0.4598118711314284,0.839591550204947
37779.0,ascending_neuron,AN05B050_c,AN05B050_c_R,R,BA,T2,,0.141696,0.42475045677526185,0.0037614682547252904,3,220.53787558771077,168.8403308559289,0.4562101750507964,0.8535061858282416
37876.0,ascending_neuron,AN17A003,AN17A003_R,R,BA,T2,,0.3648777680276632,0.6815987113012496,0.17733477415794952,3,222.46070744403303,160.83912550468003,0.5779129420056383,0.663248397965404
37942.0,ascending_neuron,AN08B049,AN08B049_R,R,BA,T1,,0.31568840165014306,0.6339928680949016,0.004224555045451456,3,189.04890232313255,192.71892940871805,0.5573656837001196,0.6849503708184047
37979.0,ascending_neuron,AN09B018,AN09B018_L,L,BA,A6,,0.17237358434247707,0.4684793101649033,0.055773992604064175,3,213.992993708215,185.41403068830635,0.4791188391002827,0.833628302211099
38005.0,ascending_neuron,AN09B030,AN09B030_L,L,BA,T2,,0.18983699249990313,0.49163804358945734,0.27397274080430717,3,229.671243993012,193.1110857659783,0.49081833845001555,0.8613825047656527
38007.0,ascending_neuron,AN05B107,AN05B107_L,L,BA,T2,,0.17073833836433136,0.4662518677794647,0.2696326779002112,3,172.64139735874775,151.49277068739957,0.47797846730991733,0.6781355023593173
38035.0,ascending_neuron,AN07B052,AN07B052_R,R,BA,T1,,0.24870472026490512,0.5627261188212022,0.2925495769910559,3,150.3086278972081,135.4467704194797,0.525105511514009,0.5441866292600592
38064.0,descending_neuron,DNg07,DNg07_R,R,ut,LB,,0.04195084666991484,0.23111355848425896,0.13831653206158695,3,158.19547213004606,284.664873014065,0.33651990083394306,1.3160004625183876
38071.0,ascending_neuron,ANXXX200,ANXXX200_R,R,BA,T2,,0.15116143877730348,0.4387080139344688,0.49556039687686526,3,213.5310433556897,171.61028282580577,0.46364525968448084,0.8306810393005878
38191.0,descending_neuron,DNge085,DNge085_R,R,nt,LB,,0.07359218642869896,0.30610534452136223,0.4809489568382193,3,154.7257960991743,199.64810627826904,0.3872875144068906,0.9150150448824753
38322.0,ascending_neuron,AN05B021,AN05B021_R,R,BA,T2,,0.09480130909092536,0.3474259282598627,0.27993934806238,3,183.73617878429997,164.63038358862235,0.41259993316447924,0.8443204527472599
38327.0,ascending_neuron,AN10B029,AN10B029_L,L,BA,T3,,0.2047933738875493,0.5106378581082304,0.1063621269437583,3,379.7298682108474,218.2458482001378,0.5002125053145242,1.1954433566889522
38368.0,ascending_neuron,AN16B078_c,AN16B078_c_R,R,,T1,,0.30732800000000005,0.6255414956694465,0.07492750535232784,3,137.74883538590095,154.7838297294469,0.5536382689789685,0.5283823057514482
38415.0,ascending_neuron,AN08B099_f,AN08B099_f_L,L,BA,T1,,0.5413556399572454,0.8302261189332554,0.4784888501367621,3,201.36452855868956,153.7105449850449,0.6378172138452325,0.5567034972340744
38416.0,descending_neuron,DNpe008,DNpe008(PS225)_L,L,ht,,,0.07233124024414406,0.30347157263668645,0.17235575247154128,3,380.13984012329917,392.74550016250976,0.38561777784741247,2.0042782897619333
38465.0,descending_neuron,DNge089,DNge089_L,L,xn,LB,,0.03952942748500896,0.224344445562297,0.17352003761843054,3,180.22177398342183,214.89808351044877,0.331555090935919,1.1917170578757212
38483.0,ascending_neuron,AN07B072_e,AN07B072_e_R,R,,T1,,0.19459941134956535,0.4977666781861269,0.2066300413947544,3,150.53623736003433,172.08321262922956,0.4938680717673518,0.653250267495003
38616.0,ascending_neuron,AN05B106,AN05B106_L,L,CA,A8,,0.14800141239397657,0.4340982042541386,0.03211127693468419,3,286.1091225167906,231.79920680529324,0.4612029055464936,1.1229511416637719
38685.0,ascending_neuron,AN08B034,AN08B034_c_R,R,BA,A1,,0.20329562042390195,0.5087671600989802,0.13022382586305542,3,191.06934788077209,185.134400151371,0.4992954120042565,0.7534692668654763
38712.0,sensory_ascending,SApp14,SApp14_L,,campaniform sensilla,,,0.20198410340735845,0.50712340496779,0.2253959462248448,3,245.76361812362285,270.7561246249567,0.49848818284310115,1.036172492199587
38731.0,descending_neuron,DNge179,DNge179_L,L,nt,LB,,0.059904000000000006,0.27617411480407644,0.21062038179971426,3,156.07931049659243,215.74476835049998,0.36786589438815537,1.0107598571091252
38757.0,descending_neuron,DNpe008,DNpe008(PS225)_R,R,ht,,,0.1105129109263993,0.37511252764375413,0.1770947075563123,3,380.66770277659214,397.2305194399693,0.4287250150684463,1.8144456116990733
38781.0,descending_neuron,DNpe029,DNpe029_R,R,xl,DC,,0.08496320134563333,0.3289050133405633,0.08655283098279035,3,562.085019946712,233.51712683145894,0.401451686429234,1.981812939571287
38796.0,descending_neuron,DNg92_b,DNg92_b_L,L,ut,LB,,0.05986096111176919,0.2760748863503493,0.04138953226643881,3,155.39342506930453,217.7052471914016,0.3677998019462098,1.014406941728781
38833.0,ascending_neuron,AN19B044,AN19B044_R,R,BA,T1,,0.14112179040640693,0.423888952638854,0.374194176632323,3,214.9692104510305,170.03850552673524,0.455747283911861,0.8447833471942844
38848.0,descending_neuron,DNge089,DNge089_R,R,xn,LB,,0.057332824745539905,0.2701821971881051,0.8232992441435256,3,193.96282558999582,215.00199493414692,0.3638533724210502,1.123982492735809
38850.0,ascending_neuron,AN17A047,AN17A047_L,L,BA,T1,,0.4412189906623338,0.7495181564174532,0.35763770979022796,3,175.63782941532708,161.753862939511,0.60602301659636,0.5567308222874922
38926.0,ascending_neuron,ANXXX130,ANXXX130_L,L,BA,T1,,0.29611963695072296,0.6140286896703444,0.14160680078180418,3,175.50623355121368,140.0551416001483,0.5485198792555004,0.5752961507606064
39014.0,descending_neuron,DNge126,DNge126_L,L,it,LB,,0.03419198503633702,0.20864943676237718,0.17481542901913102,3,183.0956969032141,5.49481001347527,0.31974712510602,0.5898114231806074
39026.0,ascending_neuron,AN05B046,AN05B046_L,L,,T1,,0.23487937653804414,0.5468616922504064,0.22506755621844576,3,221.71972112061846,218.59849872029173,0.5176506826062331,0.8506087881967533
39071.0,descending_neuron,DNge094,DNge094_L,L,xn,LB,,0.03182255490790949,0.20129017691694842,0.08167010751574022,3,189.73282651447005,199.07928279453967,0.3140576168305821,1.2380279556115776
39082.0,ascending_neuron,ANXXX169,ANXXX169_L,L,BA,A1,,0.3129673780613411,0.631254656980667,0.11188396789339007,3,163.97577986542126,166.71544611480695,0.5561607518699309,0.5945964810864015
39115.0,ascending_neuron,AN08B084,AN08B084_L,L,BA,T1,potentially male-specific,0.21724662716685222,0.5259344033899784,0.105118350894531,3,240.67407067629654,181.9433743557858,0.5076493451794155,0.8324987494718804
39130.0,descending_neuron,DNge071,DNge071_R,R,nt,LB,,0.05484292117352725,0.2642502147339303,0.2303381951476996,3,170.81988701959438,247.92008289410975,0.3598369147539282,1.1636937533217133
39143.0,ascending_neuron,AN09B006,AN09B006_R,R,BA,T1,,0.18529299253754766,0.48571840140262657,0.13101193982729079,3,309.8269323116137,175.4260139719088,0.4878545036045962,0.9946673499950257
39248.0,descending_neuron,DNg03,DNg03_L,L,ut,LB,,0.124544,0.3982139448330459,0.14694039831739644,3,207.2950626231606,263.8799131482936,0.44172936620536385,1.0666598415655273
39283.0,descending_neuron,DNg36_b,DNg36_b_L,L,ut,LB,,0.14870238017196521,0.43512498300050306,0.4093594612437112,3,177.55964293232154,219.84629587049108,0.4617480283339025,0.8606554103473889
39291.0,sensory_ascending,SApp10,SApp10_L,,campaniform sensilla,,,0.2644924895990545,0.5803122409901156,0.2576521428114311,3,267.38080760270515,263.646375288203,0.5332475954799577,0.9958360570064059
39376.0,ascending_neuron,AN06A016,AN06A016_L,L,BA,T1,,0.26010112973394856,0.5754746249901503,0.19197309605574647,3,153.3819881739682,160.8631797452502,0.5310203068105528,0.5917761785922223
39537.0,ascending_neuron,ANXXX254,ANXXX254_R,R,BA,A8,,0.12618085277309488,0.4008222193680259,0.46348150690280837,3,196.52077060482858,155.44213860511985,0.44317365387659574,0.7941873487541623
39558.0,descending_neuron,DNpe057,DNpe057(PS226)_L,L,nt,,,0.07148120097230201,0.30168309827217116,0.4848121700442832,3,185.01572641766006,206.19782139672307,0.38447980200962945,1.0175139130054613
39565.0,descending_neuron,DNpe029,DNpe029_L,L,xl,DC,,0.1406987231680101,0.42325309004336387,0.2239266843276975,3,559.0869485293409,220.5702235904447,0.45540532948270185,1.7120071322077053
39580.0,ascending_neuron,AN08B053,AN08B053_L,L,BA,T1,,0.19971557176234894,0.5042675516699601,0.04711051040409526,3,176.11168207534863,151.81063416034974,0.4970825890315214,0.6596938284935662
39640.0,descending_neuron,DNge126,DNge126_R,R,it,LB,,0.02199425232870198,0.16734381321634453,0.13661590497072704,3,206.9837492084777,211.60452959506637,0.2863537470961552,1.4617873279059472
39695.0,ascending_neuron,AN09B006,AN09B006_L,L,BA,T1,,0.160768,0.45243361405623106,0.05179586292162346,3,303.2329892921101,170.05616051833277,0.47084229938223815,1.0051967515055786
39735.0,descending_neuron,DNg03,DNg03_R,R,ut,LB,,0.17659077023076897,0.47417544421137625,0.3001775843208573,3,186.339510154144,269.0792401752362,0.4820227874940918,0.9448075114809013
39736.0,ascending_neuron,AN05B052,AN05B052_R,R,BA,T2,,0.1453718405443264,0.4302245647007744,0.4596015472373009,3,234.02528275718603,173.11125571296677,0.45914054134151494,0.8867361990744337
39774.0,descending_neuron,DNpe008,DNpe008(PS225)_R,R,ht,,,0.059168927756786095,0.274474440776401,0.17205898902201816,3,380.58705788533695,396.2133542891563,0.3667321583668884,2.1181682447312453
39794.0,ascending_neuron,ANXXX084,ANXXX084_R,R,BA,A4,potentially sexually dimorphic,0.15029878395198482,0.43745440362770804,0.1679304331216038,3,169.16702355262188,147.21003644714753,0.462982351475277,0.6833458316319078
39852.0,descending_neuron,DNge020,DNge020_R,R,fl,MX,,0.0840261560371686,0.32708626485777464,0.454435205519952,3,178.14631436190157,128.4478312387664,0.4003401925616632,0.7658340363950445
39864.0,ascending_neuron,ANXXX296,ANXXX296_L,L,BA,A8,,0.14291545320518018,0.42657426853313957,0.062399975909902185,3,261.5326318000574,221.59770744302847,0.4571885733275039,1.0567419385107832
39880.0,ascending_neuron,IN27X001,IN27X001_L,L,BI,T1,,0.14658055597442715,0.4320094447531288,0.4545768248362896,3,200.839308832125,125.63473503536359,0.46009197768384646,0.7095842998849812
39887.0,descending_neuron,DNge085,DNge085_L,L,nt,LB,,0.10557321913495893,0.36663332836448553,0.6085778842559222,3,150.81912850916635,203.59838136050288,0.4238517793977016,0.8361826636030659
39941.0,ascending_neuron,AN10B029,AN10B029_L,L,BA,T2,,0.250368,0.5646046743839916,0.11413092127252064,3,384.12125813798633,221.24039126856155,0.5259812643508852,1.1509186551608948
40001.0,descending_neuron,DNge119,DNge119_L,L,xn,,,0.9134051862666226,1.0784171750861775,0.10507258082256979,3,167.9436907754976,138.9994370571409,0.726928067825302,0.42224690642486545
40114.0,ascending_neuron,AN05B100,AN05B100_R,R,BA,T3,,0.126976,0.40208315611610995,0.38310156736894885,3,230.6145185038229,163.9561378321421,0.44387019104338804,0.8889325399582779
40157.0,descending_neuron,DNg03,DNg03_L,L,ut,LB,,0.1212484508449638,0.3929100690408499,0.09096839344956102,3,201.53019430701204,263.5326601979053,0.43877777271645885,1.0599052263420918
40218.0,ascending_neuron,AN06B039,AN06B039_R,R,CA,T3,,0.14215630032790658,0.42543979963179146,0.3899565701111887,3,174.7156261880954,145.63684298179083,0.4565802249545832,0.7016345686056645
40248.0,descending_neuron,DNpe008,DNpe008(PS225)_R,R,ht,,,0.05752616751737028,0.27063737979106883,0.16474725391032083,3,179.68164694046473,397.08015405677946,0.36415973980881483,1.5838153918388842
40302.0,ascending_neuron,AN07B024,AN07B024_R,R,BA,T2,,0.21435988756148933,0.5224284502668967,0.04891645276376119,3,254.21473794182216,168.3599587404528,0.5059544847422338,0.835202986485162
40361.0,descending_neuron,DNge024,DNge024_L,L,fl,MX,,0.07379673341733443,0.3065304540485807,0.16349441835640433,3,216.96863958334743,115.98136142666426,0.38755634749517975,0.859100884714971
40428.0,sensory_ascending,SApp10,SApp10_L,,campaniform sensilla,,,0.6569290675165044,0.9145644137227344,0.3092049680313523,3,247.2312749881139,266.3091078695594,0.6694300282510038,0.767130784675707
40447.0,descending_neuron,DNg79,DNg79_L,L,xn,MD,,0.5233920000000001,0.8163353427348509,0.09848696483372446,3,355.0208964804164,179.4801990769259,0.6324589456558243,0.8451158754709284
40549.0,descending_neuron,DNg03,DNg03_R,R,ut,LB,,0.1123031365369343,0.3781385915727421,0.2568112705767023,3,190.74801364172026,247.5130712267812,0.4304508216633389,1.0181443798271361
40588.0,ascending_neuron,AN10B029,AN10B029_R,R,BA,T3,,0.1208992077886137,0.392343793481707,0.034659877589561856,3,373.4549796672647,218.76383857923312,0.43846146786922613,1.3506747152138139
40623.0,descending_neuron,DNg18_b,DNg18_b_R,R,xn,LB,,0.07733006902985147,0.3137828897277651,0.2638349655746138,3,156.44935127986733,239.31033990965088,0.3921142894190479,1.0092967837919686
40683.0,descending_neuron,DNge102,DNge102_R,R,xl,,,0.2121864949205378,0.5197732545943236,0.12432435157815484,3,325.17951276765837,185.07910031859754,0.5046671128092443,1.0110795812429434
40700.0,descending_neuron,DNge094,DNge094_R,R,xn,LB,,0.039289312591158906,0.22366203628806713,0.05542338073401589,3,203.23611199851004,187.47897341879954,0.3310504459763691,1.1802282406385864
40701.0,descending_neuron,DNg12_b,DNg12_b_L,L,nt,MX,,0.07674138080298698,0.3125862453083035,0.06588456843836901,3,182.45548682153537,126.27522598053748,0.39136589044150066,0.7888544207411461
40732.0,ascending_neuron,AN08B015,AN08B015_R,R,BA,T3,,0.13696,0.4175917720057807,0.4267771561760443,3,235.59643535373812,219.69762395045532,0.45234938740185393,1.0065097289492368
40743.0,sensory_descending,LN-DN1,LN-DN1_L,,,,potentially sexually dimorphic,0.08482899306911966,0.3286451407151309,0.2146784557530778,3,228.76461442417454,153.68163708977983,0.40129305868705745,0.9530348039540837
40773.0,ascending_neuron,AN01A014,AN01A014_L,L,BA,T1,,0.1682560013717433,0.4628500778713528,0.08749467150492961,3,143.74995545958924,134.36825935143514,0.47623160138420345,0.5839978153542363
40782.0,descending_neuron,DNpe008,DNpe008(PS225)_L,L,ht,,,0.033753540463793204,0.2073073623712384,0.2722473896199562,3,181.48292916574462,207.0769126711246,0.318717127813845,1.219136996188726
40792.0,descending_neuron,DNge094,DNge094_R,R,xn,LB,,0.06672733096328441,0.2914787753801034,0.050633888483913786,3,204.20966726197125,204.71302348617616,0.37792142031942383,1.082030995762349
40877.0,ascending_neuron,ANXXX005,ANXXX005_L,L,BA,T1,,0.020578174953472483,0.16186706307720491,0.4170786155454423,3,3.446810013475268,0.0,0.28162894188600435,0.01223883451179688
40893.0,ascending_neuron,ANXXX254,ANXXX254_L,L,BA,A8,,0.16472589129832135,0.4579689059780899,0.28222017942321725,3,210.98482839271065,160.03464760440153,0.47371379959767274,0.7832144140876215
40917.0,ascending_neuron,AN16B078_c,AN16B078_c_R,R,,T1,,0.33916703649329755,0.6571460135570333,0.09198754670755088,3,131.232811238734,138.52370050543135,0.5674518011628356,0.4753822460187349
40934.0,descending_neuron,DNpe008,DNpe008(PS225)_L,L,ht,,,0.05899006195523245,0.2740592629848136,0.16937358947339642,3,380.33011513980426,394.610688919611,0.366454688689555,2.114697472777903
40959.0,descending_neuron,DNge089,DNge089_L,L,xn,LB,,0.03725465105793397,0.21779369814636784,0.4656792769887071,3,184.77615818826018,220.94881617998894,0.3266786067248975,1.2419698321718327
41007.0,ascending_neuron,AN23B026,AN23B026_L,L,BA,A1,,0.123392,0.39636797789927636,0.5227737159372519,3,295.9614386661981,194.95213732898068,0.4407043330518154,1.113929542275365
41039.0,ascending_neuron,AN08B099_i,AN08B099_i_L,L,BA,T1,,0.37334426795742126,0.6894611560948083,0.040512311062617844,3,201.31400696061712,153.5465377337154,0.5812365839195396,0.6105268568976653
41101.0,ascending_neuron,AN07B005,AN07B005_R,R,BA,T3,,0.2515273434771111,0.5659103818602746,0.16875898289042487,3,206.41506291040326,155.20199705568345,0.5265891065256996,0.6867158007729094
41107.0,ascending_neuron,AN07B035,AN07B035_L,L,BA,T3,,0.12635644751948538,0.40110101684496147,0.25607212331598445,3,184.1857088563481,235.7669525636096,0.443327754887996,0.9472735618054325
41114.0,ascending_neuron,AN08B015,AN08B015_L,L,BA,T3,,0.13830124585764492,0.4196315232583148,0.18688878982627766,3,180.76229483446755,210.8358484077078,0.4534528050377175,0.8635918421755111
41184.0,ascending_neuron,AN09B013,AN09B013_L,L,CA,A7,,0.1961736487877362,0.49977599709423115,0.43577732715520423,3,297.0512615093587,276.6855994074519,0.4948638586279798,1.159383234224273
41268.0,ascending_neuron,,,L,,T3,,0.11925650365884717,0.3896692141102474,0.1541836573436094,3,176.64403807443475,145.17161458984552,0.43696443209261465,0.7364802007410786
41311.0,sensory_ascending,"SApp11,SApp18","SApp11,SApp18_R",,campaniform sensilla,,,0.279808,0.5968773831644624,0.2677490412454732,3,219.24570933555077,261.30743043854807,0.5408048795550818,0.8885887645271398
41319.0,descending_neuron,DNge085,DNge085_R,R,nt,LB,,0.06924820320200491,0.29693357964138845,0.19677270988840256,3,141.59202550019384,232.07947684093017,0.3814412851596957,0.9796304618276471
41337.0,ascending_neuron,AN05B062,AN05B062_R,R,BA,T3,,0.09545543246643393,0.3486224768658217,0.034837687807210166,3,226.77169911810395,276.98975407707246,0.4133098276889295,1.2188470233384427
41346.0,descending_neuron,DNge094,DNge094_R,R,xn,LB,,0.07503076415496655,0.3090827332508255,0.23036148831614497,3,162.57480543174853,211.98243995011669,0.3891664673284486,0.9624602241635235
41414.0,ascending_neuron,AN08B066,AN08B066_L,L,BA,T1,,0.6797888829667831,0.9303408449942696,0.2955722100022974,3,175.8515352812811,149.25115011523675,0.6751792458652681,0.4815057444188561
41594.0,ascending_neuron,AN05B096,AN05B096_L,L,BA,T3,,0.13908270616729207,0.42081540071743734,0.10797703172965682,3,208.34469922390528,164.45870798586475,0.454092002078372,0.8209865082482286
41598.0,ascending_neuron,ANXXX084,ANXXX084_R,R,BA,A2,potentially sexually dimorphic,0.12683990673238155,0.4018676213657776,0.5176504277750756,3,182.72741247254118,153.72107476345687,0.4437512078510108,0.7581917103174634
41670.0,sensory_ascending,"SApp09,SApp22","SApp09,SApp22_R",,campaniform sensilla,,,0.7149263902169805,0.9540820465761954,0.16602636419337366,3,169.42731557729527,433.22005752157594,0.6837398648772323,0.8813986196447365
41681.0,ascending_neuron,AN08B074,AN08B074_L,L,BA,T1,potentially male-specific,0.14719104037322636,0.432908134866858,0.25799258996328067,3,380.4072179936484,180.03182250263532,0.46057028354504204,1.2168371701763838
41705.0,descending_neuron,DNpe008,DNpe008(PS225)_L,L,ht,,,0.07391206770507751,0.3067698932999251,0.07201120519836031,3,384.7743688581288,390.57352957232837,0.38770768333496214,1.9998259816806137
41746.0,ascending_neuron,AN08B049,AN08B049_L,L,BA,T1,,0.3950863570327571,0.709252827530114,0.0774665798958512,3,184.9528513932698,180.79836725225817,0.5895200467242449,0.6204220207232622
41779.0,sensory_ascending,SApp04,SApp04_R,,campaniform sensilla,,,0.20682156554366435,0.5131602049596489,0.22813862591249603,3,226.74940127490507,266.40638096276916,0.5014464083331617,0.9834665759735999
41824.0,ascending_neuron,AN23B026,AN23B026_R,R,BA,A1,,0.12966400000000003,0.4063167881450878,0.17331831834744116,3,251.28764634001328,248.07319480205234,0.4462008809842188,1.119139074850296
41951.0,descending_neuron,DNpe008,DNpe008(PS225)_L,L,ht,,,0.0609939927635116,0.27867537310963325,0.2693220434295718,3,383.3990094522669,378.67200319691136,0.36952798652297003,2.0622822639762566
41969.0,descending_neuron,DNge085,DNge085_L,L,nt,LB,,0.11026030998713897,0.3746835823603467,0.06371618338036382,3,159.7241707588043,228.4013299246902,0.42847981907736316,0.9058197922115379
42002.0,descending_neuron,DNge176,DNge176_R,R,ut,LB,,0.07573859475796359,0.31053723433512853,0.7367548903758293,3,192.40076686419087,248.92246744216573,0.390081074680909,1.1313628446787998
42051.0,descending_neuron,DNpe054,DNpe054(DNp16/17)_L,L,ht,,,0.08232788347993597,0.323763983298024,0.025216897441622095,3,381.6708419295297,280.9614006998587,0.39830183506485606,1.6636434590402804
42088.0,ascending_neuron,AN07B052,AN07B052_L,L,BA,T1,,0.31153310556827973,0.6298065333923489,0.10740171642575357,3,182.7083794923725,139.40373332339686,0.5555224580179013,0.5798363471479843
42102.0,descending_neuron,DNge108,DNge108_L,L,ut,LB,,0.2920655773252066,0.6098109893289547,0.27227677370529835,3,170.2328450647456,194.85485910616524,0.5466327695731273,0.6678847747382809
42125.0,descending_neuron,DNpe008,DNpe008(PS225)_R,R,ht,,,0.07347475697842493,0.3058610242001038,0.6227646270251914,3,378.7682261821475,385.8197348242139,0.3871329253086733,1.975001119826559
42148.0,ascending_neuron,AN17A031,AN17A031_L,L,BA,T2,,0.24917819115290035,0.5632615082370268,0.18598764338723123,3,186.03566492302178,174.6894629905298,0.525355250317481,0.6866308611088578
42178.0,descending_neuron,DNg110,DNg110_L,L,ut,LB,,0.09787479012057254,0.3530128230166255,0.18632287312833884,3,206.66835013639374,234.20552230585602,0.4159041755959496,1.0600371391090773
42199.0,ascending_neuron,AN03B039,AN03B039_R,R,IA,T2,,0.46159952748877114,0.7666334014571562,0.2756312373212408,3,198.32620812248686,199.68307238867115,0.6129032278541258,0.6493835607697049
42206.0,descending_neuron,DNge179,DNge179_L,L,nt,LB,,0.26344941032796554,0.5791668216211335,0.48731111476803846,3,177.84050243199684,235.18906170504573,0.5327210739161305,0.775320490140903
42226.0,descending_neuron,DNpe008,DNpe008(PS225)_L,L,ht,,,0.06800875193453187,0.29426422200316843,0.4182917543112098,3,157.19312284755023,221.50909336354562,0.37972288419524114,0.9973120714430775
42345.0,ascending_neuron,ANXXX099,ANXXX099_L,L,BA,A8,,0.21260394173676153,0.5202842934260223,0.5517045301167008,3,167.55831151547562,157.79001251982135,0.5049151451271301,0.644362378857499
42428.0,ascending_neuron,AN05B107,AN05B107_R,R,BA,T2,,0.2352029840106782,0.5472382847371954,0.16882096313032413,3,171.38044545390417,151.14202945289037,0.5178288901956183,0.6228360004884169
42465.0,descending_neuron,DNg06,DNg06_R,R,xn,LB,,0.1143374012315725,0.3815480319570381,0.7359335845530576,3,196.7114161123487,186.93577470400547,0.4323870206874261,0.8872773058877126
42467.0,ascending_neuron,AN17A003,AN17A003_L,L,BA,T2,,0.24091063735371882,0.5538383791559653,0.17879726847766356,3,227.05177224043337,164.9698458294977,0.5209422288377311,0.7525241694161873
42529.0,ascending_neuron,AN05B062,AN05B062_R,R,BA,T3,,0.12066186102067313,0.39195848376181286,0.1991492489939646,3,191.8291739969686,169.51687714368117,0.4382461146927469,0.8245276775448162
42580.0,ascending_neuron,ANXXX092,ANXXX092_L,L,BA,A1,,0.20458514160487964,0.5103781858157496,0.10289651065143655,3,227.23123596165192,135.67315710960213,0.5000853037729837,0.7256849788091282
42681.0,ascending_neuron,AN06B039,AN06B039_L,L,CA,T3,,0.13003495070493237,0.4068975810141999,0.05476042136538895,3,166.79529643586648,148.78249677571833,0.4465196688802834,0.7067500385883214
42685.0,ascending_neuron,AN12B055,AN12B055_R,R,CA,T1,,0.12735225251123666,0.40267843747636206,0.0724339192356497,3,207.75111693394973,129.72600686881958,0.4441986429103733,0.7597437074360054
42692.0,ascending_neuron,ANXXX202,ANXXX202_R,R,BA,A3,,0.16237358568248084,0.4546872225072724,0.03600004025748071,3,305.79838062339894,243.45503735575858,0.4720134945407424,1.1636392271233003
42696.0,ascending_neuron,AN07B043,AN07B043_R,R,BA,T3,,0.13899524646151643,0.4206830687406054,0.3980826203606878,3,225.50100950441922,275.78298464377605,0.45402059830243013,1.1040996730599484
42780.0,descending_neuron,DNpe054,DNpe054(DNp16/17)_R,R,ht,,,0.06122693021747725,0.27920699983279845,0.920366364941951,3,179.99142376554826,218.0412299447992,0.36988029133500916,1.0761120909517183
42792.0,descending_neuron,DNge094,DNge094_R,R,xn,LB,,0.08936477123359983,0.33731700318962665,0.15350257582359575,3,194.65610657696604,222.29770587991345,0.4065529873988347,1.0255829507602203
42837.0,sensory_ascending,SApp14,SApp14_R,,campaniform sensilla,,,0.16299779887388227,0.4555603617864657,0.03299838626840385,3,246.25258011506259,278.7182398886403,0.47246648270048547,1.1111281735862348
42875.0,sensory_ascending,SApp10,SApp10_R,,campaniform sensilla,,,0.29457251720081323,0.6124225483212178,0.1665021173055485,3,224.14864096386853,275.610540752046,0.5478020159486424,0.9122989093978946
43003.0,ascending_neuron,AN12B055,AN12B055_R,R,BA,T1,,0.12329188677979097,0.3962071501033775,0.0857076488857359,3,205.92401584440668,133.19148005528365,0.44061491526122326,0.769641435534796
43041.0,sensory_ascending,SApp10,SApp10_R,,campaniform sensilla,,,0.4506971914725106,0.7575258984905241,0.1229710603653305,3,223.36699255241177,280.0193080666692,0.6092517462103467,0.8262369435134695
43153.0,ascending_neuron,AN09B029,AN09B029_L,L,BA,A4,,0.22128761613629613,0.5308033003146336,0.09405477431454286,3,210.8639159905212,198.7819920011606,0.5099937422696189,0.8032371263393148
43210.0,ascending_neuron,AN05B052,AN05B052_L,L,BA,T2,,0.26219104736227494,0.5777819742577458,0.1505167017655027,3,188.79833904862144,182.52100964343316,0.5320837973348704,0.6978587781697896
43340.0,ascending_neuron,AN09B021,AN09B021_R,R,BA,T2,,0.2561672461623982,0.5711061791644986,0.10434160597610975,3,20.254964701345276,160.61381471224448,0.5290009714458039,0.3419063275427647
43365.0,ascending_neuron,AN07B052,AN07B052_L,L,BA,T1,,0.3471237223483757,0.6648094841453609,0.1357443162928195,3,115.68322962799434,148.7377234854556,0.5707509502674759,0.4632860497026454
43436.0,ascending_neuron,AN19B004,AN19B004_R,R,BA,T1,,0.30532460525296695,0.6234992874003393,0.024695041592937953,3,222.6611378902648,141.8592079758686,0.5527337974343222,0.6594862618464128
43473.0,ascending_neuron,AN05B078,AN05B078_L,L,BA,T1,,0.11794633384706604,0.38752282050302517,0.09725805294530154,3,193.1461931371986,164.80542617545672,0.4357593166490905,0.821443410700287
43559.0,sensory_ascending,"SApp09,SApp22","SApp09,SApp22_R",,campaniform sensilla,,,0.5691654683575715,0.8512837257992014,0.1517151430577162,3,171.44651637455848,407.7272905683457,0.6458552667909496,0.8967547943374922
43627.0,ascending_neuron,AN07B049,AN07B049_L,L,BA,T1,,0.20291028857563034,0.5082847660988042,0.19403997514681048,3,152.31160658540213,176.36023240234354,0.4990586492471742,0.6585835943000775
43649.0,ascending_neuron,AN26X004,AN26X004_R,R,IA,T1,,0.22745600000000002,0.5381505122986331,0.2901006194710085,3,203.2370726782646,150.72645116718772,0.5135111985403339,0.689300495980615
43682.0,ascending_neuron,AN19A019,AN19A019_R,R,BA,T1,,0.13716231001836535,0.41790008035726284,0.6127898657261814,3,181.54889666340074,125.87524404115948,0.4525163415558147,0.6793658316240974
43697.0,ascending_neuron,AN09B033,AN09B033_L,L,CA,A5,,0.2051916035002783,0.5111340957363071,0.24701498952356893,3,281.10580032872394,223.6641247545173,0.5004554994310587,1.0086209975853744
43716.0,ascending_neuron,AN09B020,AN09B020_L,L,CA,T1,,0.23652674798642226,0.5487761009044771,0.20400723173222898,3,198.7484720447359,144.6547485935443,0.5185559655844235,0.6622298140013828
43730.0,descending_neuron,DNg10,DNg10_L,L,nt,LB,,0.04665786320403987,0.24373476671215213,0.03775825877948455,3,156.05936311490953,201.22283943073091,0.3455865097033658,1.033843024868979
43782.0,ascending_neuron,AN01B014,AN01B014_R,R,BA,T2,,0.1094684244737155,0.3733356759536772,0.0631192686379364,3,272.18367543211144,178.99032318163503,0.4277084067648213,1.0548635272951925
43839.0,ascending_neuron,AN17A024,AN17A024_L,L,BA,T1,,0.327710756290305,0.6459522382838253,0.34108567852724037,3,225.98734595668677,165.93414989863226,0.562598077457677,0.696627861983411
43940.0,ascending_neuron,AN16B078_c,AN16B078_c_L,L,,T1,,0.5437727228968084,0.8320774808517126,0.3324870253501902,3,149.46416555125168,143.7687522929257,0.6385279677644035,0.4592326924548605
44315.0,ascending_neuron,ANXXX410,ANXXX410_R,R,BA,A7,,0.08377152808384393,0.32659029728276123,0.4432891025564182,3,200.728358975445,189.28284763665172,0.40003655541531824,0.974938918287572
44319.0,ascending_neuron,AN19B015,AN19B015_L,L,BA,T1,,0.1981477621962345,0.5022843482819517,0.1506001826343338,3,173.7055080926572,128.78284757644124,0.49610415303457833,0.6097275215674622
44393.0,ascending_neuron,ANXXX007,ANXXX007_L,L,BA,A6,,0.3789517569276295,0.694619581114098,0.3112250161279003,3,358.8473627923077,204.02941319388748,0.5834068860974372,0.9648099626513267
44409.0,ascending_neuron,AN01B011,AN01B011_R,R,IA,A1,,0.09533726463573244,0.34840662367569264,0.3502616019120856,3,292.49891221860764,205.47200526298835,0.41318185536285273,1.2052100328662356
44445.0,ascending_neuron,AN05B062,AN05B062_L,L,BA,T3,,0.09909063259655598,0.35519869359945316,0.3348060951956129,3,222.79406996252692,231.4039121826938,0.4171898367215242,1.0887081663218934
44495.0,ascending_neuron,ANXXX074,ANXXX074_R,R,BA,A6,,0.0994005573637635,0.3557537356153266,0.07922478155086511,3,174.96429820694962,168.79363348164384,0.4175156649175094,0.8233413990742391
44502.0,descending_neuron,DNge071,DNge071_L,L,nt,LB,,0.06635620282210399,0.29066706292865346,0.6943088915805895,3,171.0074174596004,251.035230555345,0.37739483413931385,1.1183053127302478
44529.0,ascending_neuron,AN07B078_b,AN07B078_b_R,R,BA,T1,,0.28767371249549345,0.6052086803161668,0.3716506671251039,3,208.49866610600233,181.43758479776415,0.5445661147692921,0.7160494204986748
44650.0,descending_neuron,DNg10,DNg10_R,R,nt,LB,,0.07496694697782888,0.3089512606225065,0.12091046417676439,3,159.02308103872548,236.4918731020449,0.38908368984709213,1.0165292569734952
44659.0,descending_neuron,DNg10,DNg10_R,R,nt,LB,,0.05364428657265878,0.2613465649543048,0.12394000390662371,3,154.62416638175918,223.85739608649314,0.3578544631936415,1.057641028396086
44665.0,ascending_neuron,ANXXX410,ANXXX410_L,L,BA,A7,,0.08666782576131976,0.3321880536917744,0.11332761912256181,3,190.28836150338833,145.71836644123988,0.4034503021550107,0.8328330060725302
44667.0,ascending_neuron,AN05B052,AN05B052_L,L,BA,T2,,0.12077254235941887,0.3921382114130356,0.10129419612825778,3,234.31454510492082,159.73613394391617,0.43834657930955434,0.8989477679271766
44826.0,descending_neuron,DNg10,DNg10_L,L,nt,LB,,0.07254599692274684,0.30392175324296333,0.5519086639800397,3,137.10651684036264,251.7921791673312,0.38590369146854764,1.0077610155211234
44836.0,descending_neuron,DNg12_b,DNg12_b_R,R,xn,MX,,0.17578098112668708,0.47308698606370825,0.2509450371642799,3,183.87731562147124,128.0747619169274,0.4814692338781545,0.6479169500108586
44847.0,ascending_neuron,AN14A003,AN14A003_L,L,CA,T2,,0.23404048985009365,0.545884242991431,0.384069250602388,3,194.9255344736449,202.35522443169688,0.5171878566495942,0.7681556204335012
44887.0,ascending_neuron,AN19B032,AN19B032_R,R,CA,T2,,0.1656295760292387,0.4592233944151211,0.14977106154678316,3,263.93968138439396,236.98172156912005,0.4743621646626229,1.055989369029422
44917.0,ascending_neuron,ANXXX037,ANXXX037_L,L,IA,A1,,0.23598959049586382,0.5481526053620389,0.10106044868419348,3,214.48890705332826,163.57823315568663,0.518261301495104,0.7294913571944296
44952.0,descending_neuron,DNge071,DNge071_R,R,nt,LB,,0.038268687370991934,0.22073786735821754,0.12298500012935913,3,157.00155622032585,232.49180316309275,0.3288792407640327,1.1843050916761142
44960.0,ascending_neuron,AN08B053,AN08B053_R,R,BA,T1,,0.194668320075123,0.4978548013495587,0.056019137528289104,3,187.54278426991198,153.36772570254382,0.4939117863154146,0.6902255006215797
44980.0,descending_neuron,DNg03,DNg03_R,R,ut,LB,,0.14617971339187966,0.43141834885479013,0.09596109919608226,3,189.94268293736945,263.08470711782104,0.45977711006404737,0.9853195823343256
44992.0,ascending_neuron,AN19A018,AN19A018_L,L,BA,A4,,0.1080745299648374,0.3709511629984415,0.057916438987279786,3,164.1567779650815,165.94077297628542,0.4263403216554075,0.7742583428648124
45062.0,ascending_neuron,AN18B025,AN18B025_R,R,BA,T1,,0.31566585622969445,0.6339702288548978,0.30001968554222685,3,148.1399814161795,166.59307718761718,0.5573557321306563,0.5646897312792263
45097.0,sensory_ascending,SApp21,SApp21_L,,campaniform sensilla,,,0.8298842789532265,1.0279306793345915,0.09913897543885371,3,223.7840416830895,280.1915345705494,0.7097084139799597,0.7101163891060616
45139.0,ascending_neuron,AN19B039,AN19B039_L,L,BA,A1,,0.1426624337104636,0.4261964947630624,0.3668857180178847,3,146.4789157923782,215.49696658848907,0.4569860856020679,0.792093881598108
45311.0,ascending_neuron,ANXXX084,ANXXX084_L,L,BA,A2,potentially sexually dimorphic,0.007242411392906554,0.09602772820747713,0.46862342104156474,3,198.80679798144206,147.9985073228052,0.21691838746787648,1.59878242389943
45366.0,ascending_neuron,AN07B049,AN07B049_L,L,BA,T1,,0.12236094889665042,0.39470849859932544,0.07328046987682756,3,157.55405365143395,175.23823028553755,0.4397808139444801,0.7567230615453466
45501.0,ascending_neuron,AN19B009,AN19B009_L,L,BA,T2,,0.19299279127430954,0.49570762925263734,0.09227418159392628,3,250.57432042481096,208.2747226195419,0.4928455522106213,0.9310199533834084
45591.0,sensory_ascending,SAxx02,SAxx02_L,,leg,,,0.07629731025766988,0.3116805296726009,0.7288425975839531,3,260.3576950438703,508.5791969881884,0.39079848968435693,1.9676045643193747
45757.0,descending_neuron,DNg92_b,DNg92_b_R,R,ut,LB,,0.0950290589707464,0.3478430045013469,0.5157127671276546,3,192.03252823578975,191.85547774070662,0.4128475168941433,0.9298542204262009
45836.0,sensory_ascending,"SApp11,SApp18","SApp11,SApp18_L",,campaniform sensilla,,,0.25708618829607766,0.5721296193554362,0.26271053193311594,3,222.36750544907076,247.72728432124944,0.5294747524520538,0.8878511913802524
45843.0,ascending_neuron,AN17A024,AN17A024_R,R,BA,T1,,0.21580338315690778,0.5241845107622021,0.39238913695903815,3,224.35126199500172,168.05046038637965,0.5068041143020438,0.7742670418565679
45906.0,descending_neuron,DNg18_b,DNg18_b_R,R,xn,LB,,0.19989027389370004,0.5044880586588761,0.3960987181656021,3,153.5600362697128,217.00037297943945,0.4971912597208938,0.7453075692786156
45915.0,descending_neuron,DNg10,DNg10_R,R,nt,LB,,0.06614022504363949,0.2901936422860514,0.05077705681036392,3,154.73668058867426,237.80362788687452,0.3770873701414106,1.040979729255698
46011.0,descending_neuron,DNge020,DNge020_R,R,fl,MX,,0.07069805310425299,0.3000259271265093,0.1861049706399482,3,211.79458039102383,127.31696513371236,0.3834223575797185,0.8844334161036254
46086.0,ascending_neuron,,,R,,T3,,0.13842531471466704,0.4198197049771774,0.4439227542377928,3,192.53721968240342,170.81862234405565,0.4535544679956498,0.8011294511819121
46164.0,ascending_neuron,AN07B052,AN07B052_R,R,BA,T1,,0.5842381538796236,0.8624819540504044,0.19598696796520923,3,160.70577561389246,133.3314956404329,0.6500893457707934,0.4523028613946799
46228.0,descending_neuron,DNg10,DNg10_L,L,nt,LB,,0.059044721973823766,0.27418620484073525,0.07636938022027351,3,139.69779764107633,220.51576834983052,0.3665395481690349,0.9827413379818685
46240.0,ascending_neuron,AN04A001,AN04A001_L,L,BA,T1,,0.310272,0.6285304925173228,0.061195800355946836,3,194.21330335024456,198.2099216097995,0.5549594051221118,0.7071205953770552
46322.0,ascending_neuron,AN16B078_d,AN16B078_d_R,R,IA,T1,,0.2546657620172297,0.5694299947231888,0.2649694769081501,3,141.2932224981293,139.6332029582961,0.5282240977221339,0.531831899884665
46348.0,ascending_neuron,AN17A014,AN17A014_L,L,IA,T1,,0.331026854782429,0.6492122009622838,0.20695099550395585,3,183.29728492608112,167.66616439307447,0.564015938136077,0.622258034904114
46359.0,ascending_neuron,AN05B063,AN05B063_L,L,,T2,,0.11186486299511784,0.37740000958103487,0.18188904861651697,3,195.08338307736784,177.46890380537795,0.4300302369539927,0.8663397474596739
46376.0,ascending_neuron,AN17B002,AN17B002_L,L,BA,A1,,1.3761376600048354,1.3236891204952426,0.028012500813285702,3,192.39573143078889,183.6311792813415,0.8053618249226051,0.4669043144033632
46380.0,descending_neuron,DNge024,DNge024_L,L,fl,MX,,0.07410158528508462,0.30716293512163045,0.12156301492538968,3,172.3153441852515,119.98655471536728,0.3879559745764961,0.7534409006581324
46466.0,ascending_neuron,AN05B023a,AN05B023a_R,R,BA,T2,,0.08080914877976567,0.3207637819374015,0.1307675574444759,3,180.723278884304,140.21574879295008,0.3964520817820569,0.8095279162985582
46515.0,ascending_neuron,AN09B042,AN09B042_R,R,CA,A8,potentially sexually dimorphic,0.09990367147746497,0.35665291978243885,0.11448658275679244,3,240.21228871418637,227.44093794505054,0.41804297708895316,1.1186726061414671
46542.0,sensory_ascending,SApp10,SApp10_R,,campaniform sensilla,,,0.3599340689204241,0.6769655013713147,0.24816164241283387,3,240.75479258477253,276.03514183656523,0.5759453929600827,0.8972898138229488
46578.0,descending_neuron,DNg10,DNg10_R,R,nt,LB,,0.06527898114022525,0.28829807531052937,0.1139639397149432,3,152.70376117157824,211.08876016723264,0.3758537706371447,0.9679097291537404
46750.0,sensory_ascending,SAxx02,SAxx02_L,,leg,,,0.14210450869022453,0.4253622925807546,0.38025952468557417,3,237.05122987852332,182.25324299172874,0.4565386329376406,0.9184424769754932
46808.0,ascending_neuron,AN12B076,AN12B076_L,L,BA,T1,,0.1863624893600486,0.4871181490239302,0.22382728007506647,3,198.02419130214844,163.41111140116988,0.4885569496197202,0.7398017835682206
46875.0,ascending_neuron,AN12A017,AN12A017_R,R,BA,T1,,0.14716318884262214,0.43286717542885483,0.13897401847077878,3,178.80167053285194,163.15527625341713,0.46054849468882086,0.7424993257600796
46961.0,ascending_neuron,AN19A018,AN19A018_R,R,BA,A3,,0.10668955179913849,0.3685666240460924,0.15284695299690843,3,207.55317385937784,161.7699560761398,0.42496781734924977,0.8690614085536696
47050.0,sensory_ascending,"SApp11,SApp18","SApp11,SApp18_R",,campaniform sensilla,,,0.18769683696999248,0.4888589113966353,0.09220636190284298,3,226.73627821980125,269.4570406524544,0.489429123146908,1.0138205828085087
47073.0,sensory_ascending,SApp10,SApp10_L,,campaniform sensilla,,,0.6836489765746773,0.9329785162009906,0.20743631230421658,3,232.8732951543905,276.1725241914604,0.6761356912177358,0.7528752378521061
47102.0,descending_neuron,DNg12_b,DNg12_b_L,L,xn,MX,,0.1271199371901045,0.4023109878622397,0.28760561047483385,3,171.3708325433921,123.7663113465687,0.44399592796837384,0.6647293934438598
47264.0,sensory_ascending,SApp10,SApp10_L,,campaniform sensilla,,,0.494523297560242,0.7935027525135209,0.26872281366928624,3,239.94378987217786,269.38383145437757,0.6235514002322705,0.8168173804706923
47277.0,ascending_neuron,AN11B008,AN11B008_R,R,IA,T1,,0.4270708015892106,0.7374031685483373,0.3446001050901024,3,138.9616561680535,208.28446498778183,0.601105275795085,0.577679376872098
47285.0,descending_neuron,DNg12_b,DNg12_b_R,R,nt,MX,,0.070653609540053,0.2999316082787425,0.09919918968849795,3,168.06799147700949,125.11266852880043,0.3833620847926719,0.764761753015733
47286.0,sensory_ascending,SApp19,SApp19_R,,campaniform sensilla,,,0.291584,0.6093080332738587,0.34442685368745496,3,226.5990526306536,280.2194860531385,0.5464072989118929,0.9275471606859256
47311.0,ascending_neuron,AN12B076,AN12B076_L,L,BA,T1,,0.14428024943120313,0.4286062518210167,0.19161202942567457,3,195.7680820495718,142.47903769791924,0.4582761868047457,0.7380857428047107
47383.0,descending_neuron,DNg18_a,DNg18_a_L,L,ut,LB,,0.07421921655667771,0.30740663867136114,0.046677876137198995,3,152.7655744183215,178.1714576408742,0.38810984649834246,0.8526890905887106
47402.0,descending_neuron,DNg10,DNg10_L,L,nt,LB,,0.05389852489764769,0.261965137570971,0.20911226753249507,3,153.06598892606877,155.0333306010313,0.3582777098980283,0.8599455422855923
47409.0,ascending_neuron,AN19B022,AN19B022_R,R,BA,T3,,0.11627612181203942,0.3847692248602159,0.07883665038026964,3,182.7730488604354,122.22922045169626,0.4342083833616134,0.7024329354279706
47449.0,ascending_neuron,AN05B068,AN05B068_L,L,BA,T3,,0.14904590841033186,0.43562730007313555,0.3811047762134038,3,184.07869174511222,164.88669968799067,0.46201447708468657,0.7553126768560936
47468.0,ascending_neuron,AN05B063,AN05B063_R,R,BA,T2,,0.12289310918814886,0.3955658812306836,0.05549889588833983,3,193.16373116049328,171.53457284123073,0.4402581990185247,0.8283736789337537
47521.0,ascending_neuron,AN16B116,AN16B116_R,R,IA,T1,,0.2425514602934726,0.5557212528587601,0.15880718421907453,3,150.67388309495402,144.81980825194285,0.5218269961402845,0.5662675437118595
47572.0,ascending_neuron,AN08B023,AN08B023_R,R,BA,T2,,0.08067715258000681,0.3205017020570985,0.04052955646136683,3,168.7914627151514,145.79427696433615,0.39629008820304634,0.7938269188259484
47608.0,ascending_neuron,ANXXX007,ANXXX007_L,L,BA,A5,,0.1337322183955829,0.41264167126747553,0.5019952980367365,3,357.07329644263547,210.32173751231522,0.4496603372781093,1.2618302903687588
47659.0,ascending_neuron,AN05B096,AN05B096_L,L,BA,T2,,0.2881452232682153,0.6057044600229011,0.38764997907152304,3,180.49007901219488,153.99252106569085,0.5447891201292675,0.613967107123064
47680.0,sensory_ascending,"SApp11,SApp18","SApp11,SApp18_L",,campaniform sensilla,,,0.2622468322260547,0.577843436643301,0.1864448918480533,3,239.79476435643193,274.6750229441821,0.532112097170528,0.9668447495110036
47693.0,descending_neuron,DNpe036,DNpe036_R,R,xn,CG,potentially sexually dimorphic,0.262656,0.5782940479219537,0.08941372398796489,3,187.1466520194091,163.12820146341932,0.5323195313735513,0.6580161591647962
47744.0,sensory_ascending,SApp10,SApp10_R,,campaniform sensilla,,,0.18550204965011818,0.4859923304373805,0.1517490365218284,3,250.99521492018687,277.99654686173545,0.4879920510769785,1.084017169161791
48163.0,sensory_descending,LN-DN1,LN-DN1_R,,,,potentially sexually dimorphic,0.12335914869685728,0.3963152108179849,0.06782323383933898,3,200.94148363955043,170.20270841776411,0.44067499736292337,0.8422174942492916
48408.0,descending_neuron,DNg12_b,DNg12_b_L,L,xn,MX,,0.06248409830425281,0.2820589032065714,0.04450390728363964,3,177.9927398776883,122.80461397568307,0.37176452570305846,0.809107198392643
48417.0,sensory_ascending,SAxx02,SAxx02_R,,leg,,,0.1518703138692605,0.43973547649659056,0.1529510992725768,3,253.86671826367254,231.63348403668815,0.4641878752006878,1.0459131490465117
48437.0,sensory_ascending,"SApp09,SApp22","SApp09,SApp22_R",,campaniform sensilla,,,1.046737259566796,1.1544467384111574,0.20753766817331903,3,173.29956122093355,396.2296477056483,0.7521162821143197,0.7572355797504393
48512.0,sensory_ascending,SAxx02,SAxx02_L,,leg,,,0.15023365777080008,0.4373596163616295,0.49861978140396596,3,258.872890858944,219.03422112113367,0.46293218943728515,1.032347982889233
48535.0,descending_neuron,DNge071,DNge071_R,R,nt,LB,,0.044672,0.23849141901210869,0.10076219803556276,3,155.59119354948658,224.9559077481685,0.3418490826606578,1.1132020549413366
48555.0,ascending_neuron,AN17A068,AN17A068_L,L,IA,T1,,0.7026489030126061,0.9458543066352408,0.32907825505358523,3,217.33924428122455,158.41386912158507,0.680785289391059,0.5519407062084273
48565.0,descending_neuron,DNge071,DNge071_L,L,nt,LB,,0.05156874974253759,0.25624084655797974,0.09360641466584546,3,167.1687234266098,258.0602195932196,0.3543416639536057,1.2000534689465843
48575.0,ascending_neuron,AN09B042,AN09B042_L,L,CA,A8,potentially sexually dimorphic,0.1059520703997973,0.36729057417742944,0.27523624902859617,3,288.3993547091837,213.9343989128746,0.4242315185685057,1.1841028580740411
48618.0,descending_neuron,DNp17,DNp17_R,R,ut,,,0.09891757384983182,0.3548883862496302,0.14637608739003607,3,181.22686644143533,207.07987822151892,0.4170075649941123,0.9311743413298431
48633.0,ascending_neuron,AN18B053,AN18B053_L,L,,T2,,0.3798758842009285,0.695466029260853,0.1570040788181737,3,159.723909411636,178.3153152833801,0.5837622412744917,0.5790700404962749
48696.0,sensory_ascending,SApp10,SApp10_L,,campaniform sensilla,,,0.5244877282971827,0.8171894005653063,0.06429991936601702,3,254.32870481675153,265.93972520155074,0.6327897014625001,0.8221822017897268
48777.0,ascending_neuron,AN16B078_d,AN16B078_d_L,L,IA,T1,,0.2958022628145085,0.6136995506252028,0.06710931516948615,3,147.3174460605344,146.07659928698646,0.5483728474371696,0.5350265731038711
48824.0,ascending_neuron,AN19B010,AN19B010_L,L,BA,T2,,0.1296440885195631,0.406285589510942,0.15368873736895167,3,200.03509362841487,198.45948202059864,0.4461837501079141,0.8931176349489051
48877.0,ascending_neuron,AN16B078_d,AN16B078_d_R,R,IA,T1,,0.21555087149034924,0.523877746696345,0.16877679011283087,3,141.55397354993647,138.3642069085807,0.5066557962573891,0.5524819463751174
48924.0,descending_neuron,DNg10,DNg10_R,R,nt,LB,,0.07120484918385339,0.30109936857752695,0.08981001357550349,3,152.83397552585544,248.99717039340112,0.38410765496536015,1.046141988384727
48949.0,descending_neuron,DNg10,DNg10_R,R,nt,LB,,0.05335742129315452,0.2606468468935282,0.07012457928973838,3,149.59400544639288,261.42494830280555,0.3573750900354259,1.1501052121692503
49106.0,ascending_neuron,,,R,,T1,,0.16896,0.4638173708243936,0.024442537060909677,3,204.83547325051325,157.45397678940594,0.47672897090899863,0.7599484657899583
49136.0,ascending_neuron,AN07B078_a,AN07B078_a_L,L,IA,T1,,0.1146165993310896,0.3820135949824418,0.22663139511206223,3,169.16514004462002,163.99500478256445,0.4326507385194165,0.7700440913779532
49164.0,ascending_neuron,AN08B023,AN08B023_L,L,BA,T2,,0.177536,0.4754427997289494,0.6360563425369481,3,168.31199513069535,147.4523931762447,0.48266652242224667,0.6542081823331903
49210.0,descending_neuron,DNpe011,DNpe011(PS227)_R,R,xn,,potentially sexually dimorphic,0.058720526774020836,0.27343243548701973,0.07163130066948384,3,379.53285874917145,211.00490995720494,0.36603537177251005,1.6133352518548232
49243.0,ascending_neuron,ANXXX214,ANXXX214_R,R,BA,A1,potentially sexually dimorphic,0.147072,0.432733042791153,0.0793190712449984,3,213.43143524525368,191.45146024730676,0.46047713403345547,0.8792681885114932
49246.0,ascending_neuron,AN19A019,AN19A019_L,L,BA,T1,,0.10558719261082264,0.3666575910160156,0.07587532132172638,3,171.93965602712137,117.33919631629735,0.42386580376086913,0.6824774487036
49310.0,descending_neuron,DNge009,DNge009_R,R,fl,MX,,0.09728063001331229,0.3519396895345842,0.1477139768163623,3,216.69103769402136,123.45209833815436,0.4152715351091936,0.8190860853073803
49624.0,descending_neuron,DNg03,DNg03_L,L,ut,LB,,0.13350642870590676,0.4122931778537285,0.07524473642267937,3,209.42198572685123,232.3464670154336,0.4494704185464567,0.9828643543904864
49690.0,descending_neuron,DNge085,DNge085_R,R,nt,LB,,0.11140528436204704,0.3766239683586589,0.4480202961598889,3,157.9294812748663,198.1289139040627,0.429587877500917,0.8288371572546736
49721.0,sensory_ascending,SApp10,SApp10_R,,campaniform sensilla,,,0.12032000000000001,0.39140283854685415,0.11034357664735825,3,225.01966894592562,268.4940086766884,0.4379353729581095,1.1269098321268074
49724.0,ascending_neuron,AN05B050_c,AN05B050_c_R,R,BA,T2,,0.1977976885508027,0.5018404516577869,0.1591533046490351,3,187.5702317982285,174.5147630955184,0.4958848871586183,0.7301795321258239
49928.0,descending_neuron,DNge071,DNge071_L,L,nt,LB,,0.10525492987687,0.36608023573740966,0.32150583673387084,3,161.32415023046187,178.3771656411976,0.42353195335338123,0.8020677381765898
50028.0,ascending_neuron,AN08B023,AN08B023_L,L,BA,T3,,0.058488530671159146,0.27289175539758487,0.24325897866602111,3,181.32183991711122,148.71324677361855,0.3656732970081581,0.9025408455880953
50107.0,ascending_neuron,AN07B052,AN07B052_R,R,BA,T1,,0.33079041725805086,0.6489803080775218,0.37822331768352396,3,160.3658241788602,135.78653823395442,0.5639151983747075,0.5251718046727104
50191.0,ascending_neuron,ANXXX007,ANXXX007_L,L,BA,A6,,0.13011051468790044,0.4070157889891743,0.19754455972891005,3,362.65671745266997,209.0751909064086,0.4465845234719799,1.28023224789372
50240.0,ascending_neuron,AN12B055,AN12B055_L,L,CA,T1,,0.12060744733663267,0.39187009497863484,0.3671445184616934,3,197.0850193009757,142.79330724273908,0.43819669845804526,0.7756295922349494
50269.0,sensory_ascending,SAxx02,SAxx02_L,,leg,,,0.22908395006525842,0.5400729064554363,0.30291137186810496,3,257.9136138050463,219.88079474386,0.5144275694042493,0.9287884961185744
50285.0,ascending_neuron,AN17A047,AN17A047_R,R,BA,T1,,0.24360066452234141,0.5569218968523406,0.1218399817514557,3,191.91060182367883,166.3838161173645,0.5223903994692541,0.685874813750537
50292.0,sensory_ascending,"SApp09,SApp22","SApp09,SApp22_R",,campaniform sensilla,,,0.5622424262683559,0.8460905925802004,0.1734819880415807,3,170.82452470191186,260.1563258708141,0.6438822798961764,0.6693472767137185
50494.0,ascending_neuron,ANXXX007,ANXXX007_R,R,BA,A6,,0.4824439486419855,0.7837516912448457,0.33911913681400363,3,372.0033503433386,197.6977799173129,0.6197082609663795,0.9193053669677623
50570.0,ascending_neuron,AN07B101_b,AN07B101_b_L,L,,T1,,0.14529898221325763,0.4301167399249774,0.1240729345254422,3,172.72225980800434,258.6941825440437,0.4590830018234599,0.9397351691055401
50595.0,ascending_neuron,AN08B096,AN08B096_R,R,BA,T1,,0.08383846368858286,0.32672074825169384,0.3206359786429207,3,230.44164479723798,159.5102948907407,0.4001164413559257,0.9745961409796076
50664.0,descending_neuron,DNge071,DNge071_R,R,nt,LB,,0.044519620389563926,0.2380843153099142,0.9070355420305873,3,157.20011633738014,29.4342047552464,0.34155719067508733,0.5464218765933285
50881.0,ascending_neuron,AN12B017,AN12B017_L,L,CA,T3,,0.0881510685940298,0.3350185464188223,0.21738497856082895,3,200.3998073250151,151.59961714043067,0.4051655066083772,0.868779347511632
50921.0,ascending_neuron,AN07B041,AN07B041(50921)_R,R,BA,T2,,0.11620181795837825,0.3846462658010913,0.4212946830313789,3,173.84760734808938,215.05856218879683,0.4341389987579263,0.8958102604224651
50992.0,ascending_neuron,AN10B025,AN10B025_R,R,BI,T1,,0.32125313691308616,0.6395562506832067,0.3228123156672822,3,203.05319696324895,141.85042210021854,0.5598058260100293,0.6161129503094673
51024.0,descending_neuron,DNg03,DNg03_L,L,ut,LB,,0.10195584161476,0.3602973901663283,0.008280561139751152,3,202.1534659147863,258.6896328864957,0.42017344178505717,1.0967925455817593
51057.0,ascending_neuron,AN23B002,AN23B002_R,R,BA,T2,,0.5667393731625431,0.8494674693412149,0.14769309134483385,3,174.29137773294084,168.82273724588833,0.6451659166270296,0.5318230646352998
51068.0,ascending_neuron,AN17A024,AN17A024_R,R,BA,T2,,0.14274232066818782,0.4263158070984514,0.048626099238298796,3,226.29816645779434,173.12180025332057,0.4570500470169992,0.8739085999837106
51188.0,descending_neuron,DNg18_a,DNg18_a_R,R,ut,LB,,0.08219459118652733,0.3235017833985261,0.06689127616760139,3,156.191073956049,228.6718361974631,0.39814052025042335,0.9666509450267461
51200.0,ascending_neuron,AN07B041,AN07B041(51200)_R,R,BA,T2,,0.39304587235576427,0.7074189335735143,0.3271005598244084,3,175.01071872170644,182.8580275267179,0.5887574011857701,0.6078373631102878
51273.0,ascending_neuron,AN07B101_b,AN07B101_b_L,L,,T1,,0.1270521460102905,0.40220370031088437,0.07891351505144302,3,201.2076834816259,240.06557573407585,0.44393672201377227,0.994000354856907
51290.0,ascending_neuron,AN05B078,AN05B078_L,L,BA,T1,,0.133632,0.4124870262711899,0.07593892019081548,3,227.39115979977632,174.41576881382372,0.4495760701737616,0.8937462540172594
51393.0,ascending_neuron,AN07B049,AN07B049_L,L,BA,T1,,0.163328,0.4560215656770024,0.11758395948362292,3,163.69223267583328,159.05428561138874,0.47270558192360196,0.6827643476809712
51454.0,sensory_ascending,SApp10,SApp10_L,,campaniform sensilla,,,0.5160204731921264,0.8105662664836023,0.23785008320575685,3,248.7804447307653,270.18590492805333,0.6302201762693457,0.8234683198035554
51494.0,ascending_neuron,AN08B081,AN08B081_L,L,BA,T1,potentially sexually dimorphic,0.41400783314567763,0.726037977650752,0.5048737854217702,3,197.60262076658475,146.15090694818323,0.5964550352280282,0.5763276482079642
51570.0,ascending_neuron,AN07B041,AN07B041(51200)_L,L,BA,T2,,0.14917047364533623,0.43580929998350937,0.21057038460096286,3,157.6644990459666,181.02433183456958,0.4621109790861061,0.7329166503473782
51597.0,ascending_neuron,ANXXX264,ANXXX264_R,R,BA,T2,,0.1191078148864897,0.3894262189432989,0.2928803015290923,3,193.2433493086047,165.4300941753408,0.4368281667683718,0.8210858886170043
51752.0,sensory_ascending,SApp10,SApp10_L,,campaniform sensilla,,,0.33949566236589873,0.657464297578446,0.048520250579215114,3,235.1482312276424,271.909880601101,0.567589205159364,0.8933540441213553
52104.0,ascending_neuron,AN09B023,AN09B023_L,L,BA,A5,,0.24273668610475166,0.555933402222367,0.3326389861782034,3,283.8804910108816,278.06912032987736,0.5219265916668356,1.076683235368608
52112.0,ascending_neuron,ANXXX074,ANXXX074_L,L,BA,A6,,0.137525638057541,0.4184532002384452,0.6537749036314775,3,178.94883947793014,160.09064733755974,0.4528157109871941,0.7487361383206912
52122.0,ascending_neuron,AN16B078_c,AN16B078_c_L,L,IA,T1,,0.594396156388761,0.8699475222981882,0.23602871890216331,3,145.2885323757122,140.84841501074285,0.652896841718592,0.4382575149747534
52221.0,ascending_neuron,AN02A022,AN02A022_R,R,IA,T3,,0.1295210462197564,0.40609274546889484,0.3083415422087495,3,186.93795756925113,197.3355780049271,0.4460778466588074,0.8614494946396619
52244.0,sensory_ascending,SApp04,SApp04_R,,campaniform sensilla,,,0.11844711655878033,0.3883446314325643,0.46583524681789723,3,225.783768269814,276.50739232546107,0.43622112443341904,1.1514599648232768
52279.0,sensory_ascending,SApp08,SApp08_R,,campaniform sensilla,,,0.48609766185384334,0.7867139033191256,0.3529783120850592,3,178.24978732085364,329.23984540677804,0.6208782591026775,0.8173738173101432
52419.0,ascending_neuron,AN19B039,AN19B039_R,R,BA,A1,,0.21446320893161902,0.5225543402389236,0.40778389148827177,3,162.30281958300546,207.86987376061904,0.5060154411844292,0.7315442637030247
52437.0,ascending_neuron,AN08B099_a,AN08B099_a_L,L,,T1,,0.12001317137074774,0.39090346081649613,0.10429776932800121,3,176.6239786440604,191.4919268436058,0.43765591027664996,0.8411080413719847
52450.0,ascending_neuron,AN01B014,AN01B014_L,L,BA,T2,,0.14409695862750785,0.428333918807056,0.0523537709595973,3,218.64243565883214,173.56088476791155,0.4581305711426137,0.8560950635722862
52543.0,ascending_neuron,AN08B081,AN08B081_R,R,BA,T1,potentially sexually dimorphic,0.1891971506004926,0.4908088160330468,0.012339515952068832,3,232.10465188509875,155.06622829638445,0.49040424127060006,0.7894933354947195
52595.0,sensory_ascending,"SNxx27,SNxx29","SNxx27,SNxx29_L",,leg,,,0.11406080192345792,0.381086241568954,0.05884393286582112,3,193.2880749770981,191.9466901819981,0.4321252808720955,0.8914886080759565
52665.0,ascending_neuron,AN12B008,AN12B008_L,L,BA,T2,,0.1980391363801076,0.5021466517307,0.3169110042811631,3,197.08618740269154,147.51677775973624,0.49603614721917494,0.6947134137185449
52770.0,descending_neuron,DNge020,DNge020_L,L,fl,MX,,0.06051086334558545,0.27756949417698057,0.13384413082287241,3,176.02037114535722,124.83629079363816,0.36879405112707614,0.815785018818887
53005.0,sensory_ascending,SAxx02,SAxx02_R,,leg,,,0.14400000000000002,0.4281897878766651,0.12359887495243095,3,254.90454334980146,361.4765636068114,0.45805348602490287,1.3456531295192504
53056.0,ascending_neuron,AN08B059,AN08B059_L,L,BA,T1,male-specific,0.230784,0.542073163966046,0.27203706446000825,3,194.06680930693733,151.45918230073875,0.5153793266550012,0.6704304455715465
53059.0,ascending_neuron,AN07B041,AN07B041(50921)_L,L,BA,T2,,0.134144,0.4132764758475295,0.06801540099643402,3,159.31909764594099,166.42491125116575,0.45000608125367536,0.7238657930790935
53097.0,sensory_ascending,SApp10,SApp10_R,,campaniform sensilla,,,0.3146266653736231,0.6329258346614193,0.13750280169202903,3,237.47381176263397,273.7037497500472,0.5568964526589261,0.9179041437093772
53514.0,descending_neuron,DNpe008,DNpe008(PS225)_R,R,ht,,,0.04312189783321521,0.23431710472195394,0.13545094187534962,3,377.38907752377844,401.11878629093434,0.33884418441779024,2.2975393989788033
53581.0,ascending_neuron,AN09B021,AN09B021_L,L,BA,T2,,0.16131421720545971,0.45320154509223454,0.06747233785097093,3,203.99571106748724,177.1906073618097,0.47124171833061945,0.808897649765931
53582.0,sensory_ascending,SApp04,SApp04_L,,campaniform sensilla,,,0.24956600365388298,0.5636996583941167,0.19792259694510894,3,173.60424269372209,217.3360452178204,0.5255595424051562,0.7438553700736821
53588.0,ascending_neuron,AN01A006,AN01A006_R,R,CA,A2,,0.12792994364817217,0.4035907124905054,0.16831815606018855,3,231.0027612447183,150.3753872035058,0.44470152812908975,0.8576047625757566
53696.0,ascending_neuron,AN07B078_b,AN07B078_b_L,L,BA,T1,,0.11231445166828176,0.378157640818353,0.09668553171451955,3,195.1462967116968,190.26134847847084,0.4304616637994526,0.8953355840991333
53762.0,ascending_neuron,AN07B049,AN07B049_R,R,BA,T1,,0.4728670555783496,0.7759336534555225,0.34427110999728106,3,152.2672810477615,135.0946613953376,0.6166096740995928,0.4660354102661798
53799.0,sensory_ascending,"SApp09,SApp22","SApp09,SApp22_R",,campaniform sensilla,,,0.8248564101370296,1.0248120803907184,0.1335897199797787,3,178.76795618155793,425.4943510315447,0.7086310178022494,0.8527178348573617
53821.0,descending_neuron,DNge020,DNge020_L,L,fl,MX,,0.08477037001614994,0.3285315621464611,0.09818168368960783,3,180.97195544906884,127.06490416578202,0.4012237099820572,0.7677434108483427
53902.0,sensory_ascending,SApp04,SApp04_R,,campaniform sensilla,,,0.31532841847355925,0.6336312902464125,0.1523373125724505,3,222.646968769703,272.1053294557598,0.5572067230577374,0.8879151628150704
53920.0,sensory_ascending,SApp04,SApp04_R,,campaniform sensilla,,,0.21469547037151435,0.5228372241458411,0.14494387781323703,3,218.99210021468372,275.2896624869126,0.5061523879539265,0.9765473293521026
54001.0,ascending_neuron,AN09B032,AN09B032_R,R,BA,T1,,0.15692212019393667,0.446989316286871,0.10555246975552424,3,223.50976849458834,187.33869018199803,0.4680008172862166,0.8778797888836217
54011.0,sensory_ascending,SAxx01,SAxx01_R,,,,,0.07825206341684954,0.3156479393239509,0.9867312129965047,3,197.06122482977082,202.22066269514912,0.3932778792008723,1.0152665803025778
54021.0,descending_neuron,DNpe054,DNpe054(DNp16/17)_R,R,ht,,,0.057808825171928827,0.2713014600837623,0.4448031889196528,3,186.34260964324713,227.80497109635996,0.36460624712289763,1.135876261055973
54088.0,sensory_ascending,SApp08,SApp08_R,,campaniform sensilla,,,0.5883006316484584,0.8654753771237469,0.11449263958712272,3,193.02425421931005,328.93102688579376,0.6512165037763064,0.8015080669460367
54115.0,ascending_neuron,AN07B025,AN07B025_L,L,BA,T2,,0.13400479827761103,0.41306199093031154,0.20478354990435366,3,227.57673939790843,257.63441424837885,0.4498892925552381,1.0785123399813128
54230.0,ascending_neuron,AN05B058,AN05B058_L,L,BA,T1,,0.18070211316290782,0.4796635031938772,0.09906605214805297,3,221.63922617460784,210.76755080440367,0.48480420435986293,0.8919204352816263
54278.0,descending_neuron,DNg03,DNg03_L,L,ut,LB,,0.10166722928735095,0.3597870713801597,0.6174842050592696,3,211.042146029772,49.36370411751125,0.41987577326666303,0.6201973696203221
54324.0,ascending_neuron,AN07B072_e,AN07B072_e_L,L,BA,T1,,0.13545085832451487,0.41528470858808697,0.6808673658239575,3,147.0686413443561,164.44073767658747,0.4510981126187102,0.6905579303193544
54436.0,sensory_ascending,SAxx02,SAxx02_R,,leg,,,0.137472,0.41837158925270285,0.15026210251211733,3,256.37907450062187,359.93692309392145,0.45277155247853673,1.361207421757707
54542.0,ascending_neuron,AN07B101_c,AN07B101_c_L,L,,T1,,0.10698565095218904,0.3690777174411376,0.03298293365618783,3,258.2767879041057,246.40246325207417,0.4252623678932306,1.186747968451533
54604.0,ascending_neuron,AN02A022,AN02A022_L,L,IA,T3,,0.17707299932943493,0.47482243528618095,0.1711206271118935,3,179.79904317282828,192.50813610576827,0.48235152460651415,0.7718586140726144
54772.0,sensory_ascending,SApp08,SApp08_R,,campaniform sensilla,,,0.7704664319127631,0.9904485493968537,0.20134865605528204,3,205.3399291947408,328.4915734281697,0.6966489712936195,0.766284778446783
54774.0,ascending_neuron,ANXXX169,ANXXX169_L,L,BA,A4,,0.08809252290149193,0.3349072763522278,0.025347551998958343,3,187.58407400006593,255.93610758696292,0.40509821699507836,1.0948460471560586
54923.0,ascending_neuron,ANXXX380,ANXXX380_L,L,BA,A6,,0.15239309658631744,0.44049167633264596,0.40306893062136856,3,289.16006464996633,6.00681001347527,0.4645868287015857,0.6353319905524781
55021.0,descending_neuron,DNg12_e,DNg12_e_L,L,fl,MX,,0.21083141585845444,0.5181108915507261,0.3219997830626559,3,180.50353177245236,121.83179965897246,0.5038594415706187,0.6000390316969993
55185.0,ascending_neuron,AN17A024,AN17A024_R,R,BA,T3,,0.109056,0.3726317374978115,0.06840751115063837,3,226.50065238862265,170.8642216509649,0.42730498636679587,0.9299326867636692
55370.0,descending_neuron,DNge045,DNge045_L,L,ut,LB,,0.34507481353032765,0.6628445507650534,0.2288232650854991,3,207.47884360458158,172.61567443589877,0.5699068607017082,0.6669414675452091
55375.0,ascending_neuron,AN07B049,AN07B049_R,R,BA,T1,,0.17244455313161805,0.46857574021854775,0.03934597978782983,3,121.25173058935992,138.74797572355254,0.4791681465906184,0.5426064068800581
55428.0,ascending_neuron,AN12B017,AN12B017_R,R,CA,T3,,0.18661093054185568,0.487442731247187,0.1393490905206672,3,201.91883467726686,141.6600044701802,0.48871969298476364,0.7030182005744517
55451.0,ascending_neuron,AN08B059,AN08B059_R,R,BA,T1,male-specific,0.1427664099365525,0.42635177821968767,0.26297841929790816,3,217.29017325523864,164.20546697385797,0.45706932879777323,0.8346559617827394
55453.0,ascending_neuron,AN05B081,AN05B081_L,L,CA,T1,,0.1310002622957283,0.4084050860672526,0.5659006497469273,3,186.09404538102254,167.80344582778497,0.44734605416048295,0.7911045328721034
55546.0,descending_neuron,DNg01_c,DNg01_c_L,L,lt,LB,,0.1824462403540535,0.4819727876208751,0.116507191306164,3,213.28503006648506,218.07434575922676,0.485969819982917,0.887625852652486
55576.0,ascending_neuron,AN12B008,AN12B008_R,R,BA,T2,,0.19008330826480496,0.49195689331163345,0.10202991137800706,3,204.3056697888884,142.97137322668297,0.49097747170588224,0.7073176734748556
55579.0,descending_neuron,,,L,xn,,,0.11231219302432517,0.37815383842359646,0.21037181727753698,3,298.2251035681667,244.3186747923386,0.4304594996367977,1.2603828671879218
55591.0,sensory_ascending,"SNxx27,SNxx29","SNxx27,SNxx29_R",,notum,,,0.08700950715787883,0.3328422228043319,0.050773163860855584,3,188.78549231122685,248.43658696814515,0.40384735875590744,1.082641918536446
55712.0,sensory_ascending,SApp10,SApp10_R,,campaniform sensilla,,,0.2129526372927758,0.5207107824472297,0.17655494044181633,3,228.11213965285083,274.5036019988383,0.5051220480231906,0.9950382162463309
55763.0,descending_neuron,DNpe011,DNpe011(PS227)_L,L,xn,,potentially sexually dimorphic,0.06638399110106276,0.29072791852042734,0.09813327755869701,3,386.27911427122046,210.83716300700766,0.3774343387597495,1.582040148335083
55795.0,ascending_neuron,AN10B025,AN10B025_L,L,BI,T1,,0.3082372961451678,0.6264662118696195,0.21252008082358814,3,196.14562787073274,166.79918261936544,0.5540473299422293,0.6550790715441993
55899.0,sensory_ascending,SApp20,SApp20_L,,campaniform sensilla,,,0.40489193950283986,0.7180002985511447,0.09215352952531455,3,215.0710911634775,221.40282878962094,0.5931442879182609,0.7358646603256969
55905.0,sensory_ascending,SApp10,SApp10_R,,campaniform sensilla,,,0.288281322710123,0.6058474891283181,0.04859821341708159,3,218.83507271262323,279.58263347935673,0.5448534387088658,0.914773902084707
55985.0,sensory_ascending,"SApp11,SApp18","SApp11,SApp18_L",,campaniform sensilla,,,0.27950265890251064,0.5965516223876188,0.17931048969325256,3,206.37913713545854,256.04689543953344,0.5406572805113542,0.8553034412810069
56057.0,descending_neuron,DNpe011,DNpe011(PS227)_L,L,xn,,potentially sexually dimorphic,0.0932203561906038,0.3445168266952633,0.3798978401824424,3,386.85525997393825,210.89877262781434,0.4108688903782799,1.4548534741859152
56138.0,ascending_neuron,AN19B009,AN19B009_R,R,BA,T2,,0.13020021239828788,0.4071560624114758,0.05624045984449389,3,273.2472722226675,215.02190711252894,0.446661472013899,1.0931526669038576
56143.0,sensory_ascending,SApp10,SApp10_L,,campaniform sensilla,,,0.32540951834006443,0.6436802521312831,0.1335088796481537,3,238.45925911098234,273.4992347576737,0.5616078022466646,0.9115943400725726
56214.0,descending_neuron,DNg03,DNg03_R,R,ut,LB,,0.08900718474294698,0.33664145226081166,0.21929981340843807,3,189.56748201466317,262.34727551299403,0.40614567781499006,1.112691288403951
56217.0,sensory_ascending,"SApp11,SApp18","SApp11,SApp18_R",,campaniform sensilla,,,0.3303190727709142,0.6485177760340729,0.3157211162336266,3,195.97050459055083,250.54462929316003,0.5637142097345921,0.7920948703669172
56218.0,ascending_neuron,AN17A024,AN17A024_L,L,BA,T2,,0.14852935228508066,0.43487175682408336,0.4880592508120461,3,219.76415230079309,168.96864426492922,0.4616136488924486,0.8421172066692794
56233.0,ascending_neuron,AN07B025,AN07B025_R,R,BA,T2,,0.18201599999999998,0.48140416385249035,0.16848136373391617,3,257.0947367768208,178.232062807724,0.4856830656793793,0.8963186702332403
56385.0,ascending_neuron,AN05B050_c,AN05B050_c_L,L,BA,T2,,0.131389267460441,0.4090110158472733,0.10882910886266457,3,187.28913304090207,170.507855651331,0.44767778341700615,0.799228824716883
56511.0,ascending_neuron,AN07B101_b,AN07B101_b_R,R,BA,T1,,0.12786787712978412,0.4034927975354431,0.666477219540445,3,209.7655261919508,246.57518172062723,0.44464758044137276,1.0262975173722937
56587.0,descending_neuron,DNg36_b,DNg36_b_R,R,ut,LB,,0.047488,0.245893471853938,0.7451409767318445,3,158.85505583701183,192.92980364915437,0.34711352783841426,1.013457647925282
56630.0,ascending_neuron,AN05B049_c,AN05B049_c_L,L,BA,T2,,0.13990392724687584,0.4220559354332948,0.022737645020214546,3,185.62938792215704,180.32121381897736,0.4547608254481848,0.8047100393497518
56660.0,ascending_neuron,AN07B049,AN07B049_L,L,BA,T1,,0.12617416916054047,0.4008116037483246,0.4109695753357891,3,158.7468897511367,176.3281522754122,0.44316778519729866,0.7560907024804909
56679.0,ascending_neuron,ANXXX075,ANXXX075_R,R,CA,A1,,0.2704215328280205,0.5867805291116379,0.2125410786195864,3,281.44162503519124,209.97654830804868,0.5362112077015013,0.916463822995664
56694.0,sensory_ascending,SApp,SApp_L,,haltere,,,0.7527666494333051,0.9790057538218431,0.13686107996007613,3,186.60760747010855,431.7942740836893,0.6926130372529116,0.8928533658658014
56710.0,ascending_neuron,AN01A021,AN01A021_R,R,BA,A2,,0.10752,0.3699982646579909,0.048771389661157113,3,234.72707559132465,26.499394741771134,0.4257923786100633,0.6135066841398882
56906.0,ascending_neuron,AN09B023,AN09B023_R,R,BA,A6,,0.24793600000000002,0.5618557819969973,0.10138981754151397,3,307.4934005043975,273.8664241132917,0.5246992788050395,1.1079867041969058
56930.0,ascending_neuron,AN07B072_e,AN07B072_e_R,R,BA,T1,,0.16682084028382863,0.4608718810421387,0.15652903124404208,3,154.20186360285044,143.77120243865957,0.4752128172836334,0.6270307853747622
57190.0,ascending_neuron,AN18B020,AN18B020_L,L,BA,T1,,0.1595871139520623,0.4507689256303304,0.10087776722423462,3,160.00705397161033,181.45027664481742,0.4699752903705277,0.7265431558055389
57245.0,ascending_neuron,AN08B098,AN08B098_R,R,BA,T1,,0.08313593227137168,0.32534897657182604,0.056611222810872205,3,186.89293487539993,190.64404599529988,0.3992755921919029,0.9455548705046942
57335.0,ascending_neuron,INXXX063,INXXX063_L,L,BI,T3,,0.17742898817382613,0.4752994888754489,0.11801378918888475,3,199.13918854897403,153.79240574297322,0.48259377280376287,0.7313223132604734
57382.0,ascending_neuron,AN01B004,AN01B004(57382)_R,R,BA,A1,,0.09106744580465395,0.3405153054364983,0.10794707505146614,3,268.8477605125076,209.34818352501384,0.40847582506665453,1.1706835868670808
57589.0,sensory_ascending,SApp,SApp_R,,haltere,,,0.3499393776407747,0.6675003025259586,0.20670347322069807,3,177.85613298845738,395.00014710495765,0.5719048419428879,1.0016636301719266
57644.0,ascending_neuron,AN07B049,AN07B049_R,R,BA,T1,,0.20818778417173844,0.5148523278943649,0.28487406736404103,3,150.51751802286142,135.01000287437782,0.5022724765187107,0.5684713661322885
57655.0,sensory_ascending,"SApp09,SApp22","SApp09,SApp22_R",,campaniform sensilla,,,1.0623393217195944,1.1630186732552998,0.21516009227907104,3,186.62683581941607,381.5306232712975,0.7549034043472693,0.752622727383212
57720.0,sensory_ascending,SApp08,SApp08_R,,campaniform sensilla,,,0.2283326680616318,0.5391865932411126,0.06487804496794414,3,189.7276702079329,343.811285074193,0.5140052827434219,1.0380028633839056
57732.0,ascending_neuron,AN06A017,AN06A017_R,R,BA,T1,,0.09314690899901253,0.3443810796303861,0.10307408051298848,3,145.42507926343356,172.59137068418866,0.4107879367981601,0.7741620954752597
57774.0,ascending_neuron,AN06A017,AN06A017_L,L,BA,T1,,0.47867329883424625,0.7806828889405699,0.3578773173898427,3,150.97350124974508,206.64505597944256,0.6184938282480102,0.5782087724985123
57776.0,descending_neuron,DNge020,DNge020_L,L,fl,MX,,0.1026571637940302,0.3615344527052906,0.30189099565757044,3,175.7489126759705,120.61768329752196,0.4208941456299819,0.7041357050236461
58084.0,sensory_ascending,SApp10,SApp10_L,,campaniform sensilla,,,0.3257228897321748,0.6439901115952137,0.28166780829623894,3,232.3294087817266,262.6359748618471,0.5617429613992992,0.881124317802963
58156.0,ascending_neuron,AN01A049,AN01A049_L,L,IA,T1,,0.3097852012003263,0.6280372349964565,0.3595762898370887,3,183.89911854399816,167.47649413177982,0.5547416021430731,0.6334041134076598
58229.0,ascending_neuron,AN01A006,AN01A006_L,L,CA,A2,,0.4312235973091924,0.7409797141062738,0.3440707557365955,3,233.88147292529118,135.6675122017273,0.6025612499257433,0.6132969638730665
58298.0,ascending_neuron,AN16B078_a,AN16B078_a_L,L,IA,T1,,0.19766286196366065,0.5016693855296142,0.056477667736473815,3,155.16593436551145,144.6108327501538,0.4958003619497579,0.6046320053837381
58394.0,ascending_neuron,AN09A005,AN09A005_R,R,BA,A2,,0.21386652909009407,0.5218269082107215,0.5103968319625468,3,263.7072904575098,46.104793760856765,0.5056631141612501,0.6126847609445586
58424.0,sensory_ascending,"SApp09,SApp22","SApp09,SApp22_R",,campaniform sensilla,,,0.5860254507439836,0.8638001957099154,0.047950739636456546,3,133.56881226395976,322.3076944882472,0.6505859634958769,0.7007167881437025
58532.0,sensory_ascending,LgAG6,LgAG6_L,,leg bristle,,,0.07704328647440409,0.3132005092517747,0.25712014399124083,3,319.49929105428987,332.1593240028758,0.39175023871514053,1.6634542896373736
58581.0,descending_neuron,DNpe015,DNpe015_R,R,ut,,,0.06718792864683695,0.2924830382808502,0.3883377529935304,3,22.752662072230834,394.4590194777623,0.37857190698415083,1.1020672000562894
58594.0,ascending_neuron,AN17A073,AN17A073_R,R,IA,T2,,0.14672170754762479,0.43221739914157026,0.05132901455897681,3,183.05790427882735,167.9366720984871,0.46020270053463336,0.7626956034146518
58609.0,ascending_neuron,AN19B009,AN19B009_L,L,BA,T1,,0.15702221722373438,0.44713185568828956,0.40135281650802407,3,259.4742057197645,211.03371805993243,0.4680754311938001,1.005196796122567
58667.0,ascending_neuron,AN07B101_c,AN07B101_c_R,R,,T1,,0.13046058040655814,0.4075629644640582,0.6521053658320043,3,269.0501979691218,249.41028518107143,0.44688460768680377,1.1601663477153212
58725.0,ascending_neuron,AN09B009,AN09B009_R,R,BA,A5,,0.2552762061222193,0.5701120595679187,0.21174120566247914,3,215.57709375791916,152.06783826781094,0.528540357199221,0.6955853550595661
58756.0,sensory_ascending,SApp08,SApp08_R,,campaniform sensilla,,,0.6933834738650794,0.9395973917539678,0.18516530916865465,3,143.1489776419531,399.6857756641532,0.6785298239277653,0.8000160555417168
58772.0,ascending_neuron,AN08B099_j,AN08B099_j_R,R,BA,T1,,0.13084218786723817,0.4081586060739562,0.13673893855087674,3,198.56046649128186,147.5419810818473,0.44721104299451114,0.7739130171196981
58803.0,sensory_ascending,SApp10,SApp10_L,,campaniform sensilla,,,0.32242075527693514,0.6407174538452751,0.1666456191501569,3,256.4987922153895,267.0147154481867,0.5603137981383154,0.9343219984997498
59042.0,sensory_ascending,SApp19,SApp19_L,,campaniform sensilla,,,0.2640791801127907,0.5798586509321428,0.021637822193892164,3,225.86508307612974,276.41934597823797,0.533039153305599,0.9423030671189754
59144.0,sensory_ascending,"SApp09,SApp22","SApp09,SApp22_R",,campaniform sensilla,,,0.34539980411932614,0.6631566099712083,0.16893007774578825,3,202.3064707643261,382.9677521357243,0.5700409975483273,1.0267230346891525
59198.0,sensory_ascending,LgAG5,LgAG5_L,,leg bristle,,,0.059730826444524134,0.275774636739641,0.4974938556364402,3,316.3863965460381,323.5661812082928,0.367599744290477,1.7408950569036328
59262.0,ascending_neuron,AN01B011,AN01B011_R,R,IA,T2,,0.110208,0.3745946926294776,0.26319317077276083,3,311.00641868654645,199.28851687727658,0.4284289899019953,1.1910840479785338
59387.0,ascending_neuron,AN05B023a,AN05B023a_L,L,BA,T2,,0.11608177998932165,0.3844475422026407,0.14765694895842732,3,36.78873941616587,206.96146674658996,0.434026837510417,0.5616016916394153
59404.0,sensory_ascending,SApp14,SApp14_R,,campaniform sensilla,,,0.134656,0.4140644202728098,0.13329237681835449,3,244.78981937690162,274.1339228074396,0.45043486314191616,1.152050573005595
59592.0,sensory_ascending,SApp04,SApp04_L,,campaniform sensilla,,,0.16458557751109515,0.4577738150879762,0.3866049508908456,3,231.977494552258,274.4421510358425,0.47361288980886945,1.0692691362189708
59703.0,ascending_neuron,AN26X004,AN26X004_L,L,IA,T1,,0.0005293819322031238,0.025962087942793165,0.4809919589899261,3,200.86153549438677,165.99952376486303,0.11278928624638357,3.2526232895725298
60041.0,ascending_neuron,ANXXX007,ANXXX007_R,R,BA,A5,,0.095232,0.3482142276303756,0.10724925191244741,3,373.52288860736803,192.60569646551656,0.4130677565955542,1.3705465411748325
60056.0,sensory_ascending,LgAG5,LgAG5_R,,leg bristle,,,0.08722164160632542,0.3332477205471799,0.18869833881811288,3,306.2405098822298,326.8946594160926,0.4040932851064443,1.566804479642726
60372.0,ascending_neuron,AN05B049_c,AN05B049_c_R,R,BA,T2,,0.11880473656407313,0.3889304419754533,0.059887791409928066,3,193.73653461092843,175.44372601177147,0.4365500161126696,0.8456768915280897
60511.0,ascending_neuron,AN08B099_g,AN08B099_g_L,L,BA,T1,,0.19701463567441713,0.5008461091315962,0.3079739069231572,3,194.61258344564666,194.2063241677185,0.4953933724571637,0.7848690136584053
60774.0,sensory_ascending,LgAG6,LgAG6_R,,leg bristle,,,0.07287533787069798,0.3046108369919046,0.08906605091252483,3,316.3182470512113,338.3042020857165,0.3863409247362144,1.6944165301252783
61011.0,ascending_neuron,AN18B053,AN18B053_R,R,,T2,,0.3307896272334289,0.6489795330993152,0.15646878463106578,3,176.5474126806928,176.9535743478725,0.5639148616756473,0.6268694284420049
61311.0,sensory_ascending,LgAG5,LgAG5_R,,leg bristle,,,0.08732366572680157,0.3334425653611104,0.12206059172268523,3,265.94014684746605,265.5365349855566,0.40421140140642253,1.3148483194283744
61625.0,ascending_neuron,AN07B078_a,AN07B078_a_R,R,IA,T1,,0.07804263763788122,0.3152252724893535,0.13084143917786334,3,173.63383614003524,171.01769980163857,0.3930144825827456,0.8769436018661491
61672.0,sensory_ascending,"SApp09,SApp22","SApp09,SApp22_R",,campaniform sensilla,,,0.6292319790406217,0.8950771131732096,0.2134312617039766,3,171.35135386677035,361.63742272467886,0.6622596057852786,0.8048033912010296
61865.0,sensory_ascending,SApp10,SApp10_L,,campaniform sensilla,,,0.45732442399685486,0.7630750562074651,0.19382777931105272,3,259.7602680448857,270.93327598008784,0.6114791717970922,0.8678849067995307
62005.0,ascending_neuron,AN12B089,AN12B089_L,L,BA,T1,,0.10598400000000001,0.367345913151639,0.12651027569458073,3,196.18174755153,148.45001268207614,0.42426347644394646,0.8123059828816982
62106.0,sensory_ascending,SApp19,SApp19_L,,campaniform sensilla,,,0.2519388787345487,0.5663731484287229,0.24488043373480187,3,232.563012785971,276.15492449286256,0.5268043685563686,0.9656676513008077
62196.0,sensory_ascending,SAxx02,SAxx02_R,,leg,,,0.1905857159983371,0.49260660802586453,0.5425585755974911,3,260.9146881914474,522.7799427433424,0.4913015753411275,1.5951396662846922
62405.0,descending_neuron,DNg39,DNg39_L,L,xl,LB,,0.5868080784348854,0.8643767989906653,0.06217422087816366,3,305.9842956789096,191.57898837896283,0.6508030666072695,0.7645373993883307
62677.0,ascending_neuron,AN05B063,AN05B063_R,R,BA,T3,,0.13036061257748746,0.40740678321495466,0.17883509395303265,3,196.18775204947448,194.91991106156937,0.4467989746802557,0.8753548805498795
62760.0,ascending_neuron,AN03B095,AN03B095_R,R,IA,T1,,0.13379416501450028,0.41273723087611514,0.032644838376379916,3,168.2725894441354,188.52696207747314,0.44971240046200234,0.7933949589894748
62810.0,ascending_neuron,AN08B023,AN08B023_R,R,BA,T3,,0.19817388419606294,0.5023174554922355,0.22336837762652803,3,169.17885745692251,145.14271408743832,0.4961205026918313,0.6335589233642372
62884.0,ascending_neuron,AN02A046,AN02A046_L,L,IA,T1,,0.16724847474778676,0.4614622106364966,0.06227428597296954,3,171.46061177127794,105.10042673658128,0.47551706931705756,0.5816006540102945
62985.0,sensory_ascending,SApp14,SApp14_L,,campaniform sensilla,,,0.16898494872651565,0.4638516133243945,0.14622233789329564,3,258.32823269270176,247.8226811774927,0.4767465684501077,1.0616770992514528
63109.0,ascending_neuron,AN18B020,AN18B020_R,R,BA,T1,,0.20238126576537382,0.5076217397689253,0.14721177896725093,3,187.85146415572638,160.6046085620098,0.49873304731767415,0.6986825408739814
63141.0,sensory_ascending,SApp04,SApp04_L,,campaniform sensilla,,,0.2629395579809608,0.5786061208599019,0.23086893602350456,3,224.0729031396315,246.3233080287479,0.5324631435332889,0.8834343125553267
63154.0,ascending_neuron,AN16B078_c,AN16B078_c_L,L,,T1,,0.23298712826297288,0.5446544088857636,0.031970072453556715,3,122.1200975577334,145.93931644402994,0.5166049364398526,0.518886667729264
63287.0,descending_neuron,DNg12_b,DNg12_b_L,L,nt,MX,,0.07419709233133244,0.30736081738019005,0.04617250231861815,3,170.59575318957815,126.1618379853921,0.38808092006216066,0.7646796733202891
63539.0,ascending_neuron,ANXXX023,ANXXX023_L,L,BA,T1,,0.1909021117446892,0.4930153322633985,0.059952278026548136,3,216.81329003982938,160.21820019574653,0.4915053537949157,0.7670953883299816
63701.0,descending_neuron,DNd02,DNd02(SAD039)_R,R,xl,,,0.849287989750138,1.0398783839557908,0.15973752603381963,3,187.65190663027082,129.41736828757362,0.713820991662712,0.4441859774665509
63704.0,sensory_ascending,SApp14,SApp14_L,,campaniform sensilla,,,0.2059813471462561,0.5121167802996057,0.457071336935886,3,259.49164577540125,271.40960389991966,0.5009363456037171,1.0598177878977633
63718.0,descending_neuron,DNg10,DNg10_L,L,nt,LB,,0.09713798375121227,0.3516815636451322,0.30218524392758656,3,164.63333575094873,170.94455313586448,0.4151192192444416,0.8083891887675024
63911.0,sensory_ascending,SAxx02,SAxx02_L,,leg,,,0.06846793180138501,0.29525595390398757,0.7379331726699797,3,260.6395850636715,345.33164068235584,0.38036221869811665,1.5931425256170633
63939.0,ascending_neuron,AN06A030,AN06A030_L,L,BA,A1,,0.227438260074527,0.5381295259625216,0.30957161605837913,3,167.66471019210658,217.77311248971475,0.5135011857061633,0.7506074638401659
63963.0,ascending_neuron,AN07B049,AN07B049_R,R,BA,T1,,0.1454243218936532,0.4303022163564752,0.3184394763286116,3,157.30014723261667,171.67694050172048,0.459181974836418,0.7164416413591456
64108.0,ascending_neuron,AN08B099_h,AN08B099_h_L,L,IA,T1,,0.17715200000000003,0.4749283438887635,0.14246797563888558,3,172.24197115257962,192.52092503737558,0.48240531558586097,0.7561336585749807
64257.0,ascending_neuron,AN08B089,AN08B089_L,L,BA,T1,,0.10604224908640592,0.36744684642743664,0.2321925912530261,3,198.9356107923846,151.24951326488596,0.4243217585152144,0.8252820342813374
64272.0,sensory_ascending,"SApp09,SApp22","SApp09,SApp22_R",,campaniform sensilla,,,0.35638643855733343,0.6736210409262209,0.42230127979242454,3,195.4443213758749,365.7540500657928,0.5745209396130381,0.9768109963401096
64315.0,ascending_neuron,ANXXX084,ANXXX084_R,R,BA,A5,potentially sexually dimorphic,0.14272,0.42628247421704124,0.08119617116624786,3,175.65406338301227,160.52677505113056,0.45703217869899504,0.7355736731516976
64399.0,sensory_ascending,LgAG3,LgAG3_L,,leg bristle,,,0.07161939979154491,0.301974588309666,0.09846301458364162,3,13.76169737088551,492.0394116860116,0.3846655017956982,1.3149115444346133
64444.0,ascending_neuron,AN09B030,AN09B030_L,L,BA,T1,,0.127232,0.4024882777867502,0.14241149696944944,3,238.5540563463305,150.7723672900091,0.44409374698987547,0.8766762114423906
64528.0,ascending_neuron,AN07B072_e,AN07B072_e_L,L,BA,T1,,0.09360292947182379,0.3452230457350472,0.08735589635645545,3,169.06857703091907,158.4427720110946,0.4112897912788173,0.7963031322116879
64607.0,sensory_ascending,LgAG3,LgAG3_R,,leg bristle,,,0.0678036603630622,0.2938201859165617,0.619975045659134,3,317.7442242833912,491.9068227620298,0.37943628068374696,2.1338261211775102
64710.0,sensory_ascending,"SNxx27,SNxx29","SNxx27,SNxx29_R",,leg,,,0.07193600000000001,0.30264130565748737,0.023149385569644527,3,183.4688911339751,213.98511105248193,0.3850899112832857,1.0321070236869327
64873.0,ascending_neuron,AN09B035,AN09B035_R,R,BA,T3,,0.10959606397844866,0.3735532660875631,0.2645781493838214,3,192.82840918308312,171.13305456395372,0.42783302862554445,0.8507091304201051
64916.0,ascending_neuron,AN01B004,AN01B004(57382)_L,L,BA,A1,,0.09256445723609534,0.3433026760599799,0.10885189489038465,3,273.3364917861306,201.30413001358315,0.4101442566578131,1.1572528789442744
65170.0,ascending_neuron,AN03B095,AN03B095_L,L,IA,T1,,0.10988784575552653,0.37405019810407053,0.5102117557671728,3,186.33447496491274,185.43516738940033,0.42811750381290714,0.8683822526368397
65252.0,sensory_ascending,SAxx02,SAxx02_R,,leg,,,0.34624077918095947,0.663963441804677,0.40163877167714185,3,251.15731629976295,521.1068145146371,0.5703876633345883,1.3539285304657636
65465.0,ascending_neuron,AN18B053,AN18B053_L,L,,T2,,0.1875929613480153,0.4887236199553568,0.021427947645281074,3,174.40689635379968,159.0800862438952,0.48936139383703414,0.6814738285397967
65577.0,ascending_neuron,AN08B059,AN08B059_R,R,BA,T1,male-specific,0.265128057659065,0.5810090596800931,0.32301122310791236,3,218.20634529848758,166.1569962315348,0.5335676519835564,0.7203647749280493
65912.0,sensory_ascending,"SApp11,SApp18","SApp11,SApp18_L",,campaniform sensilla,,,0.15812977619621849,0.44870601093939716,0.3823600440274252,3,202.1918781976082,205.04842338286622,0.468898651480578,0.8685038873423642
66084.0,ascending_neuron,AN02A046,AN02A046_R,R,IA,T1,,0.11031545042095633,0.3747772590102458,0.06829121820453843,3,169.08026060210616,131.67991126830958,0.4285333789975063,0.7018360450100806
66264.0,ascending_neuron,AN18B053,AN18B053_L,L,,T2,,0.24643827228890453,0.560156186803685,0.1058112863471778,3,180.2259263122251,163.62929335747577,0.5239050787440465,0.656331143981315
66284.0,descending_neuron,DNg47,DNg47_L,L,fl,,,0.1963109210850695,0.4999508253707502,0.21017865568192434,3,189.44938778456628,163.27595056124304,0.49495040603243023,0.7126478411711779
66446.0,ascending_neuron,AN06B068,AN06B068_L,L,BA,T2,,0.12141694228255862,0.3931829756169263,0.667617818195504,3,152.88888586817816,165.4419150749061,0.43893012889558386,0.7252425385882117
66518.0,ascending_neuron,AN09B009,AN09B009_L,L,BA,A5,,0.39901517341384407,0.7127705786154931,0.36478103707025233,3,191.21707341842742,174.04253432445879,0.59098018877251,0.618057279553728
66800.0,ascending_neuron,AN04A001,AN04A001_L,L,BA,T3,,0.2249530893573531,0.5351814356646954,0.07856698840218088,3,195.86980983249802,213.82996871983397,0.5120926707888922,0.8000500728143183
67038.0,ascending_neuron,AN08B089,AN08B089_R,R,BA,T1,,0.1117558600058031,0.3772160923333936,0.13992451134915534,3,241.90006584590057,163.06819019603788,0.429925441493479,0.9419499684297722
67107.0,descending_neuron,DNg18_b,DNg18_b_L,L,xn,LB,,0.09260363943831713,0.3433753277672437,0.045636320364424214,3,149.69723747618363,225.24545800941988,0.41018765291747805,0.9140760157425675
67219.0,sensory_ascending,SAxx01,SAxx01_L,,abdomen,,,0.1136715571013198,0.3804354368523278,0.45412976647873915,3,299.0663193853656,163.68594396641257,0.4317561395714491,1.0717908118483157
67239.0,ascending_neuron,ANXXX024,ANXXX024_R,R,BA,A1,,0.186368,0.4871253508833253,0.09914384803441394,3,200.3501727271819,144.53475125697727,0.4885605611721328,0.7059205171140432
67526.0,sensory_ascending,SApp10,SApp10_L,,campaniform sensilla,,,0.40622605157842473,0.7191822251497016,0.1054256870938115,3,258.0876077711242,243.72870640165291,0.5936322854455894,0.8453319108075568
67529.0,ascending_neuron,AN07B011,AN07B011_R,R,BA,T2,,0.10451112586575649,0.3647844545989797,0.012097529901482188,3,205.99190359297768,24.663472085706157,0.42278171998502967,0.5455661036783973
67824.0,ascending_neuron,AN16B078_d,AN16B078_d_L,L,IA,T1,,0.2592896674548869,0.5745762422383925,0.17879088867081222,3,143.5981405568267,146.93789046394306,0.5306056527184876,0.5475554765243208
67946.0,sensory_ascending,SApp10,SApp10_L,,campaniform sensilla,,,0.22154102712692184,0.5311071422220213,0.1160098640204889,3,230.5088193601372,274.1992246909319,0.510139686447536,0.9893526370506648
67951.0,ascending_neuron,AN06B068,AN06B068_R,R,BA,T2,,0.10424876394530612,0.3643262943364437,0.15922811232271525,3,144.08321520919142,151.81914838218148,0.42251613486925843,0.7003338788066298
67972.0,ascending_neuron,ANXXX200,ANXXX200_L,L,BA,T1,,0.2579881037033797,0.5731323195444304,0.3045903771260119,3,210.14445219078036,167.96403107838825,0.5299385215067601,0.7134949959744439
67982.0,descending_neuron,DNge013,DNge013_R,R,xn,LB,,0.5343566400977245,0.8248418061448134,0.16650346592592008,3,186.8375484649166,176.98280394808506,0.6357456134421681,0.5722734765610732
68005.0,descending_neuron,DNg82,DNg82_L,L,ut,LB,,0.4286612596328781,0.7387749772837241,0.37483347620865254,3,182.56027851315764,279.6474328480255,0.6016641412524306,0.7682154871304887
68642.0,ascending_neuron,AN16B112,AN16B112_R,R,IA,T1,,0.21929139162644468,0.5284037013863497,0.1053855653617546,3,141.01710376055104,160.6919967669912,0.5088396738456146,0.5929354883972408
68651.0,ascending_neuron,AN05B078,AN05B078_L,L,,T1,,0.1721467994904735,0.4681710292306283,0.32649674029164105,3,228.29947195408545,172.09903122657798,0.47896117204112465,0.835972781414282
68881.0,sensory_ascending,"SApp11,SApp18","SApp11,SApp18_R",,campaniform sensilla,,,0.21145090786998416,0.5188715232793331,0.08880523557113905,3,223.9967439097926,270.802617776433,0.5042291606074297,0.9812985847350748
69173.0,descending_neuron,DNpe018,DNpe018(hb1436667616)_L,L,xn,,,0.2268653607462898,0.48184698325883746,0.6987324952257212,2,376.06680398835533,192.34080237368406,0.4859063920106735,1.1697882878428025
69211.0,ascending_neuron,AN09B030,AN09B030_R,R,BA,T1,,0.17490081088967516,0.4719010794975794,0.3577109012820402,3,192.51975426025652,147.36677046773372,0.4808653958789444,0.7068225903565643
69409.0,descending_neuron,DNg06,DNg06_R,R,ut,LB,,0.10282520562337186,0.36183023366656564,0.22914785267237875,3,187.8802379174226,249.21269120175933,0.42106628278290953,1.0380620510156955
69544.0,sensory_ascending,LgAG3,LgAG3_L,,leg bristle,,,0.0673995647729524,0.29294332415479624,0.05942955154817001,3,326.6782512468967,499.56798407607977,0.3788696726261554,2.180819144472046
69759.0,ascending_neuron,AN11B008,AN11B008_L,L,IA,T1,,0.79061601863799,1.0033162909227387,0.2359744878012242,3,150.38461473194997,212.30860134509817,0.7011597411090728,0.5172761566477723
70004.0,ascending_neuron,AN07B072_e,AN07B072_e_R,R,BA,T1,,0.3281291299951949,0.6463644359720195,0.14562089657519717,3,193.41471648480118,153.86387980747432,0.5627775525252313,0.6170796875852752
70198.0,ascending_neuron,AN07B069_b,AN07B069_b_L,L,,T1,,0.1979245360038619,0.5020013407486831,0.2268338230927782,3,150.17541766802688,146.14490738886067,0.4959643706627066,0.5974629279537659
70454.0,sensory_ascending,SApp08,SApp08_R,,campaniform sensilla,,,0.3608983108212083,0.6778716699831057,0.2552493651123605,3,183.1687660734193,331.7302217842199,0.5763307368965512,0.8934088621236616
70598.0,sensory_ascending,SApp08,SApp08_R,,campaniform sensilla,,,0.471936,0.7751693865111895,0.09192799699234028,3,191.06071723796296,337.0111057050767,0.6163059300302755,0.856833915125721
70636.0,ascending_neuron,ANXXX024,ANXXX024_L,L,BA,A1,,0.16726837927255694,0.4614896695198918,0.06033361754251196,3,213.8691630778135,133.66990932935053,0.4755312167090053,0.7308438651249173
70651.0,ascending_neuron,AN09A005,AN09A005_L,L,BA,A2,,0.0006020645050781318,0.027687042751924257,0.7611655138483642,3,294.1045660923294,108.13839431420591,0.11647596725695342,3.453441683117013
70869.0,sensory_ascending,SAxx01,SAxx01_R,,abdomen,,,0.24856561926636345,0.5625687299446338,0.3545745122891141,3,302.1770217151378,421.74258389241766,0.5250320729944701,1.3788102533979485
71162.0,ascending_neuron,AN08B095,AN08B095_L,L,BA,T1,,0.124544,0.3982139448330459,0.19250318473940697,3,180.87523744288845,144.55044786646553,0.44172936620536385,0.7367082883913603
71245.0,ascending_neuron,AN05B071,AN05B071_L,L,BA,T1,,0.09397627736576598,0.34591084488505597,0.007777504453421297,3,197.63779024534637,182.75161632842344,0.4116993004532281,0.9239496063146327
71282.0,ascending_neuron,AN07B042,AN07B042_L,L,BA,T1,,0.15901229126438485,0.4499563727037994,0.16596176775284194,3,168.44258695738407,138.34502202126626,0.4695515122165636,0.6533630517564081
71393.0,sensory_ascending,SApp,SApp_R,,haltere,,,0.5909690412909568,0.8674359648330667,0.15645187176765943,3,223.72164843180323,331.0063212883247,0.6519536967977118,0.8508701959124698
71443.0,sensory_ascending,"SApp09,SApp22","SApp09,SApp22_R",,campaniform sensilla,,,0.751730085755101,0.9783314735561509,0.3615683051327834,3,188.16331883827073,431.20532693943784,0.6923744810740167,0.8945572991323122
71633.0,descending_neuron,DNpe015,DNpe015_L,L,ut,,,0.038568231249062813,0.22160008392777564,0.13948500369413594,3,17.91626154625096,480.1854839202507,0.32952092668692534,1.5115936656118452
71722.0,ascending_neuron,AN07B101_a,AN07B101_a_L,L,BA,T1,,0.0650128844293393,0.28770988056153324,0.1268029311924751,3,268.9808669077601,197.08561913378495,0.3754701605655918,1.2412876840585227
71760.0,sensory_ascending,SApp,SApp_R,,haltere,,,0.4077325836380755,0.720514572486244,0.14894110430941532,3,180.44385103635895,328.75940099162744,0.5941819086090214,0.8569820868831738
71940.0,ascending_neuron,AN14A003,AN14A003_R,R,CA,T2,,0.1384153142021168,0.4198045398028441,0.38507369134509756,3,176.03880034333199,218.8617431974982,0.45354627603299047,0.8706951515397418
71953.0,descending_neuron,DNg06,DNg06_L,L,ut,LB,,0.08618679217123854,0.331264897063199,0.08404365855643428,3,195.99243917189514,245.73534102186252,0.402889314279949,1.0963998411901825
72013.0,ascending_neuron,AN09B035,AN09B035_R,R,BA,T2,,0.09058546715007744,0.3396130135224306,0.04810741513467746,3,231.76694610488718,166.5762128565605,0.40793427978779984,0.9764885637182995
72021.0,ascending_neuron,AN12B080,AN12B080_L,L,BA,T1,,0.11706742405331642,0.38607625374395,0.12314734359136773,3,212.52139948060807,144.4698649259001,0.4349452429151692,0.8207728908903943
72215.0,ascending_neuron,AN05B015,AN05B015_L,L,BA,A1,,0.1017644928045169,0.3599591316922351,0.23138099301710677,3,195.26489961585065,231.19964247863663,0.4199761594771722,1.015449406998227
72401.0,ascending_neuron,IN06B017,IN06B017_L,L,,T2,,0.3251805519470469,0.6434537574043584,0.4313410913612587,3,129.18418803587159,48.70155617626685,0.5615089857946493,0.31679946129516334
72661.0,ascending_neuron,AN19B046,AN19B046_L,L,BA,T3,,0.10265292468427463,0.3615269880530896,0.019627825888047776,3,167.83120681657098,222.37383364652234,0.4208898004775286,0.9270955010560452
72797.0,sensory_ascending,SAxx01,SAxx01_L,,abdomen,,,0.08770388488090958,0.3341677040907371,0.46429775525371453,3,300.6896538694385,388.21077323348794,0.4046506826936798,1.7024570983472758
72959.0,ascending_neuron,AN08B099_b,AN08B099_b_L,L,,T1,,0.0983806029894127,0.35392382536502204,0.051483126076351894,3,238.65861232432815,185.6223361508931,0.41644048125615835,1.0188273416537528
73179.0,ascending_neuron,AN00A009,AN00A009_M,M,BA,T1,,0.00037937351267718447,0.021978019896380062,0.1284200189082483,3,237.15583250661507,23.913852058755626,0.1037748994180492,2.5157305478434777
73541.0,descending_neuron,DNg18_b,DNg18_b_L,L,xn,LB,,0.06859182727091136,0.29552297191076043,0.09562741186428432,3,160.21755148991306,356.95546147812155,0.3805341722319726,1.3590711444773147
73606.0,ascending_neuron,ANXXX338,ANXXX338_R,R,BA,T1,,0.1092571340399956,0.37297520507957715,0.18763800871005962,3,336.0815293238772,161.0801515338199,0.4275018719128523,1.1629462080087571
73615.0,ascending_neuron,AN07B069_b,AN07B069_b_L,L,BA,T1,,0.1668019506119149,0.46084578728469644,0.2121896508110569,3,164.0726823915847,161.62339883365638,0.475199364235161,0.6853882932891814
73646.0,sensory_ascending,LgAG7,LgAG7_R,,leg bristle,,,0.07578028177810238,0.3106226834457738,0.10991096068846425,3,321.36909518180073,342.4479436701081,0.3901347394022085,1.701507125125682
73753.0,ascending_neuron,AN07B003,AN07B003_R,R,BA,T2,,0.21433382666108516,0.5223966920639002,0.13068023091159603,3,194.51730685612293,157.67724359895485,0.5059391061296913,0.6961204346295323
73864.0,ascending_neuron,AN05B056,AN05B056_L,L,,T1,,0.19765123681457858,0.5016546329678775,0.156880021098323,3,194.6935017585875,193.20395511398243,0.4957930719103081,0.7823777274216185
74105.0,ascending_neuron,AN17B005,AN17B005_L,L,IA,T2,,1.1012223127983707,1.1841113951818893,0.09377918562011123,3,197.18756505834068,169.96310890971483,0.7617181786193143,0.48200329764159033
74133.0,ascending_neuron,AN19B059,AN19B059_R,R,BA,T3,,0.12439242593405528,0.39797155145158175,0.35104142207858474,3,172.48212252393114,112.08812014320569,0.4415949051011289,0.6444146872617741
74183.0,ascending_neuron,AN08B099_g,AN08B099_g_L,L,BA,T1,,0.0922677141397113,0.3427519545458496,0.06547675586462948,3,200.9853923979316,194.14545555444013,0.4098151506807262,0.9641684727761697
74389.0,ascending_neuron,AN06B031,AN06B031_L,L,CA,T2,,0.3382398229141196,0.6562471471469233,0.42896443116445493,3,180.38516026149958,225.3804288220035,0.5670635785359455,0.715555723277301
74561.0,ascending_neuron,AN19B010,AN19B010_R,R,BA,T2,,0.10824395393179599,0.37124181152512153,0.2656413698138678,3,207.54121014344676,160.95787728433038,0.4265073125367366,0.8639924254429681
74629.0,sensory_ascending,SApp10,SApp10_R,,campaniform sensilla,,,0.13413109874724122,0.41325660200868486,0.158400703527996,3,256.99541444480553,277.67704443231554,0.4499952610686645,1.188173532333123
74742.0,ascending_neuron,AN19A018,AN19A018_R,R,BA,A4,,0.12838400000000003,0.4043063018446277,0.07358156383055516,3,157.30377693835166,151.15888451641354,0.44509559411868765,0.6930256455706718
75140.0,ascending_neuron,AN17A015,AN17A015_R,R,IA,T2,,0.11866856435850083,0.38870748495262214,0.02035427212914824,3,220.69521945097966,169.93256258710096,0.43642487054106444,0.8950630644715408
75194.0,ascending_neuron,AN07B069_b,AN07B069_b_R,R,,T1,,0.12351979821011995,0.396573185728476,0.3398698698775743,3,159.434788599933,160.29335393340307,0.440818399124802,0.725305802044838
75573.0,sensory_ascending,SApp,SApp_R,,haltere,,,0.3284112593047217,0.6466422521634705,0.34974417907288613,3,170.6867325242271,305.1810878677607,0.562898484240365,0.8453883492583469
75729.0,ascending_neuron,AN07B011,AN07B011_L,L,BA,T2,,0.11033686503904434,0.3748136334364292,0.04890198712133382,3,219.84990397797733,135.6057510308372,0.4285541743862149,0.8294299210080179
75754.0,ascending_neuron,AN19B009,AN19B009_R,R,BA,T1,,0.10403902253443378,0.3639596099657678,0.2220091641143991,3,241.9744831759466,195.51232220079157,0.42230345592148094,1.035953647175647
75833.0,ascending_neuron,AN08B109,AN08B109_L,L,BA,T1,,0.20180370982758994,0.5068968964461584,0.20627608512912882,3,212.2388712011456,146.45835256406605,0.49837684462524695,0.7197309177454523
75920.0,ascending_neuron,AN08B111,AN08B111_R,R,BA,T1,,0.08015287121425392,0.31945861274044995,0.6453772933062231,3,232.74260065118355,155.21449980320176,0.3956446893903929,0.980569462595713
75938.0,ascending_neuron,AN08B109,AN08B109_R,R,BA,T1,,0.2417390988721466,0.5547898522798164,0.08509807291828721,3,177.6508327313045,142.82270700476187,0.5213895162132721,0.6146528262854023
75948.0,sensory_ascending,SApp10,SApp10_R,,campaniform sensilla,,,0.22731769767457022,0.5379868789268146,0.2705421735790412,3,236.92554867541207,274.44270380554457,0.5134331219098931,0.995978308876421
76294.0,ascending_neuron,AN08B098,AN08B098_R,R,BA,T1,,0.1293686512100692,0.40585376993408667,0.10999448057775217,3,180.67212249353375,183.01715173078398,0.4459465744544995,0.8155444958158893
76330.0,sensory_ascending,LgAG7,LgAG7_L,,leg bristle,,,0.07032150363835234,0.2992258666585959,0.19462595309958353,3,322.42418401376733,317.17828785780756,0.382910792042627,1.6703694049980495
76363.0,ascending_neuron,AN08B101,AN08B101_R,R,BA,T1,,0.14030086786584808,0.42265424773384286,0.06824732810085837,3,198.98663063613262,148.4046115063721,0.455083048892818,0.7633579035467941
76367.0,ascending_neuron,AN08B101,AN08B101_L,L,BA,T1,,0.10396956798647887,0.36383810329515504,0.22900659433913184,3,197.6184834198778,198.34549599978828,0.422232957755107,0.9377855805593537
76512.0,ascending_neuron,AN08B106,AN08B106_L,L,,T1,,0.084096,0.32722217643987433,0.28476234871283984,3,224.72081018494166,138.72995163171427,0.4004233590283394,0.9076662328056969
76553.0,sensory_ascending,SApp10,SApp10_L,,campaniform sensilla,,,0.23629936142402216,0.5485122526988178,0.24910769520824003,3,236.4678731287786,264.9975702020715,0.518431291322602,0.9672746451155187
76611.0,ascending_neuron,AN08B111,AN08B111_L,L,BA,T1,,0.087552,0.33387822423849833,0.3996406975011371,3,227.09427305471098,147.91467280611516,0.40447537610695683,0.9271490132978112
76789.0,sensory_ascending,LgAG7,LgAG7_L,,leg bristle,,,0.10988140857824845,0.37403924210305456,0.23371125307851773,3,321.85358081288257,329.1105654174226,0.4281112339456847,1.5205490877468877
76875.0,sensory_ascending,SApp14,SApp14_L,,campaniform sensilla,,,0.11454198898367404,0.38188923774653977,0.07826062327779654,3,260.57641730124817,271.3260103837909,0.4325803121916258,1.2296038739955768
76985.0,ascending_neuron,AN19B022,AN19B022_L,L,BA,T3,,0.3606931447282735,0.6776789618860255,0.386030328703216,3,175.33922005858915,127.53448206966219,0.5762488102583401,0.5255953621708459
77107.0,ascending_neuron,AN12B055,AN12B055_L,L,BA,T1,,0.10186429390367696,0.36013559556740077,0.3753417720620382,3,199.1113404287188,133.47401739888016,0.42007908996762305,0.7917208110816285
77245.0,ascending_neuron,AN06B051,AN06B051(77245)_L,L,BA,T2,,0.17500816291069954,0.4720458808943854,0.094404362290254,3,154.6832204459289,165.0330055559603,0.48093916625520194,0.6647747749290965
77349.0,ascending_neuron,AN09B035,AN09B035_L,L,BA,T1,,0.0790558590675996,0.31726494607485034,0.07790857781836134,3,221.07969702026156,147.86700103823532,0.3942839377614521,0.9357385952701814
77693.0,ascending_neuron,AN08B099_g,AN08B099_g_R,R,BA,T1,,0.12512742536274604,0.39914557006529067,0.32487084800092014,3,189.50708896631917,193.12207832960866,0.4422457793263746,0.8651957467604227
77796.0,sensory_ascending,"SApp09,SApp22","SApp09,SApp22_R",,campaniform sensilla,,,0.24230400000000002,0.5554376964588458,0.2947000331666507,3,166.37628209349538,411.59232738163905,0.5216938482144815,1.1078693211607833
78114.0,ascending_neuron,AN04A001,AN04A001_R,R,BA,T1,,0.199552,0.5040610058623769,0.0068991165934043155,3,191.6717103761391,188.89068920939155,0.4969807771660436,0.7657487312801697
78117.0,sensory_ascending,SApp,SApp_R,,haltere,,,0.3152257996421121,0.6335281790300258,0.08100695504345226,3,178.63454796467434,340.36903254829525,0.5571613839137747,0.9315139123017357
78157.0,ascending_neuron,AN05B050_b,AN05B050_b_R,R,,T2,,0.07778990051473095,0.3147144380487963,0.046605240157034086,3,231.16084612859453,180.83906809262277,0.39269590606970955,1.0491576506226195
78164.0,ascending_neuron,ANXXX380,ANXXX380_L,L,BA,A5,,0.1765680107091366,0.4741448866855936,0.3227380904465328,3,352.86324771360654,386.5867492164629,0.4820072556258265,1.5341055311916114
78341.0,ascending_neuron,AN19B046,AN19B046_L,L,BA,T3,,0.09977454424824923,0.3564223552119019,0.12152951209994149,3,139.07528167355673,228.38459022789496,0.41790782961537337,0.8792844877772401
78445.0,sensory_ascending,SApp08,SApp08_R,,campaniform sensilla,,,0.7327784026320593,0.965920514203422,0.3852720996006555,3,187.11143189370136,339.35556888721794,0.6879687870533638,0.7652483814503095
78620.0,ascending_neuron,AN17A013,AN17A013_R,R,BA,T2,,0.20353654034424193,0.5090685336620921,0.08240808089491151,3,218.69954352368984,178.66962263669075,0.4994432715478557,0.7956242256079835
78630.0,ascending_neuron,AN07B046_c,AN07B046_c_L,L,BA,T2,,0.14263295535508988,0.42615245997242046,0.13541854225293867,3,181.87776418282786,223.63893068559778,0.45696247700055853,0.8874179287765239
78641.0,descending_neuron,DNpe057,DNpe057(PS226)_L,L,nt,,,0.056345883927648624,0.26784661207441035,0.03211365613441985,3,179.47359340689985,181.96398561358322,0.3622772969928713,0.9976821126265476
78845.0,sensory_ascending,SApp08,SApp08_L,,campaniform sensilla,,,0.5121575669023678,0.8075266356693378,0.08634329361061684,3,198.3474193960514,321.553902201235,0.6290374006988579,0.8265030362577459
79044.0,ascending_neuron,AN17B012,AN17B012_L,L,BA,T1,,1.529293312477719,1.3954055757899422,0.3885145958034722,3,192.56974881675916,155.62546154614444,0.8268910037828876,0.42108961008158136
79158.0,ascending_neuron,AN08B098,AN08B098_R,R,BA,T1,,0.12355982594460743,0.3966374371302688,0.0609978419260079,3,188.33235785061646,169.33861344362643,0.4408541076068495,0.8113136865976788
79187.0,ascending_neuron,AN08B112,AN08B112_R,R,BA,T1,,0.11468082642419494,0.3821206134536505,0.05646231012373521,3,199.2130261495573,154.74813362628294,0.43271133633438436,0.8180075954892738
79289.0,ascending_neuron,AN05B071,AN05B071_L,L,BA,T1,,0.07970276692083089,0.3185603783718426,0.17155299451441974,3,198.98711469561104,202.10957980040146,0.3950880729688038,1.0152083090791837
79403.0,ascending_neuron,AN07B069_b,AN07B069_b_R,R,,T1,,0.20174216122636215,0.5068195906964738,0.17609106242897604,3,159.79631391509082,177.92865876838667,0.49833883998868894,0.6777014865851978
79510.0,sensory_ascending,"SApp06,SApp15","SApp06,SApp15_R",,campaniform sensilla,,,0.509340664485196,0.8053028472346514,0.4008818649613691,3,154.80471647340127,256.8327811446928,0.6281706735792265,0.655295630521308
79556.0,ascending_neuron,AN17A015,AN17A015_R,R,BA,T3,,0.242816,0.556024220060973,0.3954750791192909,3,222.37751468436412,168.18675316392643,0.5219692211518575,0.7482515290583829
79634.0,ascending_neuron,ANXXX037,ANXXX037_R,R,IA,A1,,0.14503852886388804,0.42973106759892815,0.1285034410041877,3,203.3723097963021,163.09124758589147,0.45887713292718646,0.7986093249940679
79892.0,descending_neuron,DNg18_a,DNg18_a_L,L,ut,LB,,0.15984038333389855,0.45112647551030177,0.6839181727824538,3,163.88669919116376,220.22068181362567,0.47016164560717605,0.8169687693447337
79897.0,ascending_neuron,ANXXX202,ANXXX202_R,R,BA,A1,,0.17332326050945807,0.46976805904943814,0.5220158631488413,3,185.28733949977067,173.4377632678168,0.47977739518887785,0.7476907131616013
79943.0,descending_neuron,DNg05_b,DNg05_b_L,L,ut,LB,,0.147072,0.432733042791153,0.13329403184218808,3,206.34846510266877,183.27563207352307,0.46047713403345547,0.8461312590342088
80046.0,ascending_neuron,AN08B099_h,AN08B099_h_R,R,IA,T1,,0.3618753608941823,0.6787886414457607,0.3853817738379387,3,222.92653444478526,200.4186260420655,0.5767204125990536,0.7340561409626538
80212.0,ascending_neuron,AN08B005,AN08B005_L,L,BA,T3,,0.09844827234895288,0.354045524566466,0.19434695442401737,3,192.0379180973355,151.1058013882697,0.4165120730994101,0.8238505955713464
80279.0,sensory_ascending,"SApp06,SApp15","SApp06,SApp15_R",,campaniform sensilla,,,0.3060221870267941,0.6242111422338231,0.31891603781801064,3,180.11009593532344,413.30577940946273,0.5530492380381455,1.072989228680316
80346.0,ascending_neuron,AN08B094,AN08B094_L,L,BA,T1,,0.12642607456932173,0.4012115123314596,0.12432462750874693,3,197.6954613225547,155.40986793676498,0.443388814746623,0.79637852267677
80418.0,sensory_ascending,SApp10,SApp10_L,,campaniform sensilla,,,0.3852402489872668,0.7003592786807413,0.20748769183874385,3,239.25479321261193,268.48244023690177,0.585812296348893,0.86672341399116
80419.0,ascending_neuron,AN08B101,AN08B101_L,L,BA,T1,,0.26113685612262844,0.5766192606938717,0.22874822052654425,3,252.98724741365308,194.93630797373243,0.5315481518545588,0.842677288641849
80724.0,ascending_neuron,AN08B101,AN08B101_L,L,IA,T1,,0.19334221791704104,0.49615618258647143,0.2570476117350577,3,198.00634115971187,200.1448453229663,0.4930684835470332,0.8074967266584561
80727.0,ascending_neuron,AN01A021,AN01A021_L,L,BA,A2,,0.074546894492503,0.3080844916659304,0.09596477087003881,3,236.36324192874378,143.0108816754167,0.3885375154554652,0.9764156832048432
80766.0,sensory_ascending,SApp,SApp_R,,haltere,,,0.289024,0.6066273866036183,0.3497750021095711,3,131.44154782020132,444.7399864693848,0.5452040163422982,1.0568182130335575
81109.0,ascending_neuron,AN17A013,AN17A013_L,L,BA,T2,,0.17636503570093223,0.4738722800112449,0.06223826676235373,3,186.029125879267,180.1087962649729,0.481868672156128,0.7598292715439473
81230.0,ascending_neuron,AN06B031,AN06B031_R,R,CA,T2,,0.13898271315183502,0.42066410165296986,0.16196528170782978,3,163.1216355442467,225.170531138423,0.4540103631085476,0.8552495674858294
81283.0,sensory_ascending,"SApp09,SApp22","SApp09,SApp22_R",,campaniform sensilla,,,0.3404789770924292,0.6584157484333576,0.23816656163988212,3,157.73730962961648,239.65177837794343,0.5679997506446153,0.6996289832109404
81442.0,sensory_ascending,LgAG6,LgAG6_L,,leg bristle,,,0.06586317149491398,0.28958521110201435,0.18588008608169043,3,325.54359621031676,174.9907610107312,0.376691854756626,1.3287634200225393
81566.0,ascending_neuron,AN19B060,AN19B060_L,L,BA,T3,,0.10197826173274974,0.3603370027370067,0.03539438189870888,3,157.08527102615,258.15718736975464,0.42019653894473386,0.9882100872099738
81588.0,ascending_neuron,AN10B045,AN10B045_R,R,BA,T1,,0.05855936739254534,0.27305695793893175,0.04913092458478217,3,240.9285616228824,185.7453643111622,0.3657839654633272,1.1664642691310705
81707.0,ascending_neuron,AN19B060,AN19B060_L,L,BA,T3,,0.06702734431156988,0.29213330066267734,0.03463874793189475,3,142.62394603854582,228.2345760027178,0.37834549993981936,0.9802112674797332
82131.0,ascending_neuron,AN10B045,AN10B045_L,L,BA,T2,,0.053110795305674356,0.2600437748447735,0.482841416187217,3,414.92958656941914,261.022949171171,0.3569614120236793,1.8936291514214154
82353.0,sensory_ascending,SApp20,SApp20_R,,campaniform sensilla,,,0.31657863667735037,0.6348861624227985,0.192946928471657,3,216.84068316858477,253.430489982037,0.5577582088926807,0.8431452296941585
82411.0,descending_neuron,DNg06,DNg06_R,R,ut,LB,,0.09864222733263146,0.35439410917883796,0.6083005614579412,3,189.57360178954062,288.73130137568074,0.4167170664823204,1.1477929310714083
82508.0,ascending_neuron,ANXXX169,ANXXX169_R,R,BA,A5,,0.09589764478634975,0.3494290680366279,0.5390961281932815,3,177.0780644657121,169.6139400549452,0.41378767905527064,0.8378499942584051
82770.0,sensory_ascending,"SApp09,SApp22","SApp09,SApp22_L",,campaniform sensilla,,,0.5818352155168114,0.860706456880341,0.3094365488249223,3,156.61444090870995,366.7385282658192,0.6494198671671256,0.8058776696461094
82781.0,sensory_ascending,"SApp09,SApp22","SApp09,SApp22_R",,campaniform sensilla,,,0.6960753665674156,0.9414195041689214,0.18508864311942463,3,170.89935897880346,424.6480987393521,0.6791874240905609,0.8768528930222758
82791.0,ascending_neuron,AN17A013,AN17A013_R,R,BA,T1,,0.250368,0.5646046743839916,0.11962710654559376,3,225.90719082196824,171.01458940408784,0.5259812643508852,0.7546310241979782
82880.0,ascending_neuron,AN04A001,AN04A001_R,R,BA,T2,,0.2592,0.574476883778063,0.05806239143954272,3,196.81361549013877,194.59203097376133,0.5305597733066942,0.7377220553764919
82900.0,ascending_neuron,AN08B097,AN08B097_L,L,BA,T1,,0.22903387102369968,0.5400138717395576,0.09431940678319614,3,187.82217534327467,199.28832231900796,0.5143994529083242,0.752548424135422
82912.0,ascending_neuron,IN17A051,IN17A051_L,L,II,T3,,0.09864066678116326,0.35439130585388406,0.3496552421573227,3,172.21359416881668,174.30609185141023,0.4167154183233483,0.8315499517979118
82990.0,sensory_ascending,"SApp09,SApp22","SApp09,SApp22_R",,campaniform sensilla,,,0.1503363199388758,0.4375090256853383,0.1450159661594279,3,204.80868771923912,391.61741444830517,0.46301125535543486,1.2881460121518908
83137.0,sensory_ascending,"SApp09,SApp22","SApp09,SApp22_L",,campaniform sensilla,,,0.4353676610728447,0.7445316128794004,0.01241722603084044,3,157.77323844793733,368.7574421912773,0.6040037171333519,0.8717341726606744
83255.0,sensory_ascending,SApp13,SApp13_L,,campaniform sensilla,,,0.20291896173048446,0.5082956289914895,0.2791227892592754,3,262.6966358362564,269.31308024941643,0.4990639820762763,1.0660150505599122
83621.0,ascending_neuron,AN06A030,AN06A030_R,R,BA,A1,,0.3337323836150631,0.6518598531720017,0.4334417715719489,3,183.0260582811308,234.83556159984352,0.5651648680290388,0.7393623410071982
83661.0,descending_neuron,DNge046,DNge046_R,R,fl,LB,,0.2014484930360705,0.5064505776093369,0.35046678961162464,3,188.60058847644,188.30027274875735,0.4981573878088882,0.7565899260933787
83880.0,ascending_neuron,ANXXX202,ANXXX202_L,L,BA,A1,,0.13727044162643584,0.41806477321347935,0.5600388157018112,3,190.47010848855194,228.9626925015151,0.4526055002699424,0.9267072555236502
84268.0,ascending_neuron,AN19B051,AN19B051_L,L,BA,A2,,0.05620370898542593,0.2675084762040846,0.0665425007557787,3,198.76031875093975,133.44285275411355,0.3620485510812071,0.9175652561320167
84378.0,ascending_neuron,AN08B103,AN08B103_L,L,IA,T1,,0.15794006829534252,0.4484367744195411,0.46464881408974945,3,189.78719063408948,190.84979996174494,0.46875795402912906,0.8120118012380035
84503.0,ascending_neuron,AN16B112,AN16B112_L,L,IA,T1,,0.2092023083830706,0.5161052720939847,0.13526743069502523,3,150.97399967056288,147.69811939557508,0.5028832700797,0.5939193781865175
84556.0,sensory_ascending,SApp,SApp_L,,haltere,,,1.1230903047375216,1.1958105988410026,0.2126244782628147,3,168.27895350105516,376.9970844199129,0.7654718763168842,0.712339740742139
84623.0,ascending_neuron,AN07B071_a,AN07B071_a_L,L,BA,T1,,0.14703566441554883,0.43267958401140855,0.5202113709262435,3,199.15421401607372,164.9711169376806,0.4604486900465568,0.7908054443958499
84693.0,sensory_ascending,LgAG7,LgAG7_R,,leg bristle,,,0.06962833718203787,0.2977474640266887,0.15496301827962336,3,315.2166773034524,248.58219203657168,0.3819636859350342,1.4760535886019204
84817.0,ascending_neuron,AN05B067,AN05B067_L,L,CA,T1,,0.06102601050488867,0.278748506421555,0.0224843215682009,3,200.28178740342113,5.706887357410295,0.3695764713108262,0.5573641472094366
85089.0,sensory_ascending,LgAG7,LgAG7_R,,leg bristle,,,0.06921136815960974,0.2968545955279103,0.05592954027532036,3,314.9438503243699,329.56018869709214,0.3813905502351573,1.6898794126495127
85165.0,ascending_neuron,AN17A015,AN17A015_L,L,BA,T3,,0.09201875589361636,0.34228923275657414,0.13540666265830467,3,230.64319068902745,172.6154096943377,0.4095384280512896,0.9846660844556009
85220.0,ascending_neuron,AN05B062,AN05B062_L,L,BA,T3,,0.08595146384742403,0.330812337584944,0.13323460593611017,3,193.1608669859127,170.91493633316122,0.40261401542497566,0.9042800036028971
85298.0,ascending_neuron,AN06B045,AN06B045_L,L,BA,A1,,0.12466618051609665,0.39840922545064955,0.29447994553008683,3,174.44844515726604,198.40374883184847,0.4418376630288756,0.8438669339167388
85496.0,sensory_ascending,SApp19,SApp19_R,,campaniform sensilla,,,0.11210650294863655,0.377807401695855,0.16874162589151206,3,222.22291511964022,274.32570733729295,0.43026227679285217,1.1540603237592086
85508.0,ascending_neuron,AN10B045,AN10B045_R,R,BA,T1,,0.07464357755143083,0.30828421091419456,0.02926250827806665,3,247.2207603843854,182.93039389332068,0.38866343196647063,1.1067445993087779
85530.0,ascending_neuron,AN09B040,AN09B040_R,R,BA,T3,,0.07131961450646372,0.3013419212537432,0.06770854381761522,3,275.9479342039651,221.22451702661982,0.384262334108268,1.2938360258086181
85538.0,ascending_neuron,AN05B049_b,AN05B049_b_R,R,BA,T2,,0.12676753278075145,0.4017529535983075,0.3858267105673797,3,195.81967249064954,169.93306363984587,0.4436878939786059,0.8243468913491058
85566.0,sensory_ascending,"SApp06,SApp15","SApp06,SApp15_R",,campaniform sensilla,,,0.11118099962488714,0.3762446615509536,0.1505622265010232,3,196.567661514086,254.41684851021253,0.4293714990075229,1.0503363895059017
85602.0,sensory_ascending,SApp04,SApp04_L,,campaniform sensilla,,,0.2179259079424743,0.5267560002645181,0.12141535360186488,3,228.80682931090737,269.2204905314351,0.5080457067327839,0.9802805402000753
85686.0,ascending_neuron,AN06B051,AN06B051(77245)_R,R,BA,T2,,0.1840803411185532,0.4841263984957649,0.22285521266712924,3,144.55900094477926,170.15453661662139,0.48705434528697594,0.6461569239793337
85758.0,ascending_neuron,AN10B045,AN10B045_L,L,BA,T1,,0.07883210461838981,0.31681564512320626,0.23160701472240983,3,332.12803391762577,184.16512308641785,0.3940046523968608,1.3103732503239782
85781.0,ascending_neuron,AN06B068,AN06B068_L,L,BA,T2,,0.054244962903778685,0.262805692236266,0.1684773271459867,3,136.08839065785762,186.99277507412813,0.3588520435998245,0.9003185894972112
86060.0,sensory_ascending,SApp23,SApp23_R,,chordotonal organ,,,0.07511188754619103,0.3092497785019595,0.12536144464253424,3,387.30158925990713,461.19287232932584,0.38927161656863724,2.17969773668208
86299.0,ascending_neuron,AN06B068,AN06B068_R,R,BA,T2,,0.053682723209258196,0.2614401768265537,0.19733442740514817,3,141.1506445897582,177.11485013500817,0.3579185475007006,0.8892120761753576
86590.0,ascending_neuron,,,L,,T3,,0.2495505048128771,0.5636821543533002,0.5002097553285922,3,275.2363674971104,165.65515585830354,0.5255513824861628,0.838912308192857
86646.0,ascending_neuron,AN05B015,AN05B015_R,R,BA,A1,,0.08310570901665229,0.32528983247752347,0.15964660343495315,3,189.6984821450767,154.43836079780473,0.3992392990600831,0.861981382476806
86887.0,ascending_neuron,AN05B054_a,AN05B054_a_R,R,BA,T2,,0.0967320199403961,0.35094591183004625,0.10944549173972776,3,231.51363813141438,187.45033995481833,0.4146848162119306,1.0103190705495113
86945.0,sensory_ascending,"SApp09,SApp22","SApp09,SApp22_R",,campaniform sensilla,,,0.47339884850042047,0.7763698437876279,0.1679249856584134,3,160.845878266077,370.4767527825979,0.6167829630071971,0.8614418084088276
87028.0,ascending_neuron,AN06B068,AN06B068_L,L,BA,T2,,0.06857044979542029,0.2954769166615326,0.07152011139449216,3,138.83353830971524,177.1204770353816,0.380504519242743,0.8303554869043064
87309.0,ascending_neuron,ANXXX171,ANXXX171_R,R,IA,T2,,0.07857862518231781,0.3163058851065679,0.6673811709715877,3,150.88939686067525,174.63362617046687,0.3936875457799221,0.8268562887511683
87419.0,ascending_neuron,AN07B072_f,AN07B072_f_R,R,,T3,,0.507499011455242,0.8038456383527981,0.3289861485486279,3,249.63297498349823,207.62850677951621,0.6276020736046616,0.7285850397796042
87481.0,sensory_ascending,SApp08,SApp08_L,,campaniform sensilla,,,0.43203019683642346,0.7416723880068953,0.08657468186699584,3,210.23499617971768,324.0639432249187,0.6028428237305132,0.8862989130372101
87499.0,ascending_neuron,AN09B023,AN09B023_L,L,BA,A7,,0.1332227623255045,0.41185493714618276,0.031055185312472432,3,323.1354547320138,276.3027116861381,0.44923147619198445,1.3343636815020834
87645.0,ascending_neuron,AN09B032,AN09B032_L,L,BA,T3,,0.053503999999999996,0.26100461413835224,0.25588214318589875,3,230.73227183637604,206.75744332283892,0.35762027477170893,1.22333588451743
87710.0,sensory_ascending,LgAG2,LgAG2_L,,leg bristle,,,0.052224000000000007,0.2578636499862847,0.07392246297900666,3,321.7016637948686,262.9131148045374,0.35546193677140664,1.6446621089992115
88070.0,ascending_neuron,AN04B004,AN04B004_R,R,IA,T1,,0.10553365316752629,0.366564619832929,0.17224923561266717,3,200.0103211669323,141.05744196815067,0.42381206178934455,0.8047618128070418
88089.0,sensory_ascending,SAxx01,SAxx01_R,,abdomen,,,0.07323327119538427,0.3053579815172313,0.6599306271578634,3,297.13851917604507,167.77631917851951,0.38681443993657133,1.2019066259025901
88111.0,sensory_ascending,SApp10,SApp10_R,,campaniform sensilla,,,0.4122818285752126,0.7245229656247509,0.22163239501687385,3,259.9970849764031,277.9730774124624,0.5958324035801745,0.9028883947169831
88392.0,ascending_neuron,AN07B042,AN07B042_R,R,BA,T1,,0.10777386750206873,0.3704348120691166,0.12760726341339879,3,157.2036986053858,165.1774745980888,0.42604349298383504,0.7566860626027831
88408.0,ascending_neuron,AN08B098,AN08B098_L,L,BA,T1,,0.8298232177053264,1.0278928620832999,0.4564008709124843,3,175.17739178047447,187.57448454481133,0.7096953588835261,0.5111374504350111
88461.0,ascending_neuron,AN07B069_b,AN07B069_b_L,L,,T1,,0.24271928736268272,0.5559134779262914,0.22066360700323562,3,158.73610845410983,152.52235423743556,0.5219172388261215,0.5963751329456319
88607.0,sensory_ascending,LgAG9,LgAG9_L,,leg bristle,,,0.05516425597906156,0.2650232294883494,0.17758281917036145,3,250.8286712289589,272.86104652769905,0.3603628483199831,1.4532289335543525
89046.0,sensory_ascending,"SApp09,SApp22","SApp09,SApp22_L",,campaniform sensilla,,,0.5814008810895133,0.8603851423328011,0.017064212555422367,3,180.8096993995258,368.3234373863126,0.6492986367944049,0.8457327732842859
89217.0,ascending_neuron,AN01B011,AN01B011_L,L,IA,T2,,0.10916090957477,0.37281092635524565,0.04865432177649892,3,328.96690195009546,175.6186361503607,0.42740771391502796,1.180571902828997
89347.0,sensory_ascending,"SApp09,SApp22","SApp09,SApp22_L",,campaniform sensilla,,,0.8625517886974134,1.047967101941466,0.11506104484878212,3,177.76021021805033,198.14083419309318,0.7165918503243797,0.5245678474308413
89412.0,sensory_ascending,SAxx01,SAxx01_L,,abdomen,,,0.14716557176598186,0.4328706799911593,0.5312226907413714,3,208.44537302715676,199.44608893494026,0.460550359022407,0.8856609358158204
89420.0,ascending_neuron,AN08B100,AN08B100(89420)_R,R,BA,T2,,0.0598545069928514,0.276060002959367,0.10730168220070123,3,168.16732849858212,166.40124202472975,0.3677898876397906,0.9096731089327412
90051.0,ascending_neuron,AN07B003,AN07B003_L,L,BA,T2,,0.239104,0.5517577984082839,0.10014479753034652,3,239.75007743265135,162.12773474704306,0.5199628075353651,0.7728972271778513
90118.0,ascending_neuron,AN08B100,AN08B100(90118)_L,L,BA,T2,,0.057603604551033645,0.27081947351263796,0.06320309635061121,3,219.73968146956813,168.3602882197002,0.3642822285278169,1.0653826601909917
90235.0,descending_neuron,DNp17,DNp17(DNp16/17)_R,R,ut,,,0.10469777743839079,0.3651100525601015,0.07129374398921089,3,383.98602659802816,224.74182143051445,0.4229703603734542,1.4391737697437645
90390.0,ascending_neuron,IN06B027,IN06B027_L,L,BI,T3,,0.13911046227748763,0.4208573887412295,0.19773370077015645,3,175.2297634094655,150.31405652394594,0.45411465565780024,0.716875828334257
90534.0,ascending_neuron,AN08B099_c,AN08B099_c_R,R,,T1,,0.12449047383334776,0.3981283640076858,0.18790745445932405,3,180.74632275246225,205.15464365038662,0.44168189725612034,0.8737079078861919
90669.0,ascending_neuron,AN10B045,AN10B045_L,L,,T1,,0.07932019363961092,0.3177949138013432,0.4217921395635723,3,236.130095622018,178.64415565054622,0.39461311149359724,1.0510909019283667
90679.0,sensory_ascending,"SApp06,SApp15","SApp06,SApp15_R",,campaniform sensilla,,,0.47595024836543426,0.7784591688363579,0.29636428607891346,3,157.31069250278304,442.9186783140264,0.6176123320739437,0.9718545755089406
90683.0,ascending_neuron,AN17A015,AN17A015_R,R,BA,T1,,0.112128,0.37784362330475335,0.15505964285587534,3,224.96524421201536,162.17466330012212,0.43028290161163635,0.8997334220395335
90710.0,ascending_neuron,AN19B059,AN19B059_R,R,BA,T3,,0.09578011074403558,0.34921486881062114,0.2760663556594418,3,177.48767708656536,270.55723049707814,0.4136608341591023,1.0831214139342868
90711.0,ascending_neuron,AN07B072_b,AN07B072_b_L,L,,T3,,0.06426773797814558,0.2860563326417592,0.07652863544411748,3,252.794858716999,185.00785425808482,0.3743896406078326,1.1693772089000598
90756.0,ascending_neuron,AN19B093,AN19B093_L,L,BA,T3,,0.12306271847329245,0.395838754599403,0.297709390467952,3,165.31040327610884,243.3476189810676,0.4404100245835776,0.9279035431665668
90840.0,sensory_ascending,SApp08,SApp08_R,,campaniform sensilla,,,0.15061002012386399,0.43790710596548016,0.08952688751008923,3,143.88170073780626,267.4376117869651,0.4632218495743538,0.8879531760056768
90850.0,ascending_neuron,AN10B045,AN10B045_L,L,BA,T2,,0.052100776514541,0.25755925331799406,0.25784138365408704,3,419.5803333055917,389.5168874959138,0.3552520712477509,2.277529918290738
90949.0,ascending_neuron,AN08B106,AN08B106_R,R,,T1,,0.113792,0.380636932357468,0.5525160381754105,3,230.9897859722672,160.91058177281417,0.43187046305015964,0.9074488794098523
91157.0,sensory_ascending,SApp13,SApp13_L,,campaniform sensilla,,,0.12123956619449773,0.39289567325865393,0.32541428957066965,3,285.79334860147486,270.6421379775751,0.4387697344812429,1.268171988291132
91194.0,ascending_neuron,AN16B112,AN16B112_L,L,,T1,,0.24347142401623553,0.5567741418838105,0.1536596813748186,3,145.20671701138062,141.9304967106931,0.5223210981025629,0.5497331330577259
91201.0,descending_neuron,DNge071,DNge071_R,R,nt,LB,,0.028416,0.19021139530321096,0.42848632041177953,3,0.5120000000000005,236.58341072692107,0.3052926197905435,0.7766169090153194
91221.0,sensory_ascending,LgAG2,LgAG2_R,,leg bristle,,,0.06605514561657924,0.2900069370416305,0.1534458541715145,3,311.73778749633965,182.84607840856737,0.37696604508947346,1.312011711260405
91302.0,sensory_ascending,LgAG2,LgAG2_L,,leg bristle,,,0.05380400006245269,0.2617353253660039,0.5388778666074177,3,324.1621524276224,410.6689481456389,0.3581205236081031,2.0519100474045957
91413.0,ascending_neuron,AN07B082_d,AN07B082_d_L,L,BA,T1,,0.18800911687084126,0.48926541096902604,0.14546928815441504,3,165.70344477157693,187.37853843975154,0.48963256772280045,0.7211162134362383
91500.0,sensory_ascending,"SApp06,SApp15","SApp06,SApp15_R",,campaniform sensilla,,,0.13814369693901074,0.4193924388906628,0.02906961990650737,3,141.12265676019595,254.83266676906567,0.4533236096393224,0.8734495956305812
91538.0,ascending_neuron,AN19B059,AN19B059_L,L,BA,T3,,0.09413431406763581,0.34620157594591255,0.12080510170823823,3,164.40487818531557,270.4840747338446,0.41187227657794245,1.0558830434824424
91673.0,sensory_ascending,LgAG1,LgAG1_L,,leg bristle,,,0.06327653528471548,0.2838418344401149,0.017689875501945698,3,324.1366514237696,331.7818348918172,0.37293766084381486,1.7587885461379653
91740.0,ascending_neuron,AN09B035,AN09B035_L,L,BA,T3,,0.10036901843573223,0.35748259165814894,0.5856737817682539,3,224.60045695393998,164.62701836129722,0.41852893557374615,0.9299894039145927
92001.0,ascending_neuron,AN08B100,AN08B100(92001)_R,R,BA,T3,,0.074409246107997,0.3077999263135597,0.1367237324205977,3,170.4856188046194,165.8079709815068,0.38835803570113525,0.8659369933700155
92052.0,ascending_neuron,AN07B072_a,AN07B072_a_R,R,,T3,,0.07705523059935968,0.3132247862602698,0.5364486153138492,3,241.04313678750708,166.29270293303756,0.39176542122491126,1.0397442389043683
92534.0,ascending_neuron,AN08B100,AN08B100(90118)_R,R,BA,T2,,0.092416,0.3430272667970358,0.174684732609589,3,223.64599926526978,168.9211143819944,0.40997970770581743,0.9575281563178055
92774.0,ascending_neuron,AN05B081,AN05B081_L,L,,T1,,0.10449195157043963,0.3647509901919873,0.1435345739063752,3,195.0496132303338,193.554098625447,0.42276232707524186,0.9192013738410008
92777.0,sensory_ascending,LgAG1,LgAG1_L,,leg bristle,,,0.07300167144623862,0.3048747528364964,0.07762005124847858,3,313.74471774698753,331.51766135665474,0.3865082520333598,1.6694659834790517
92806.0,ascending_neuron,AN07B046_c,AN07B046_c_R,R,BA,T2,,0.11083912296049492,0.3756657483149951,0.24791850609544872,3,205.61207234535527,224.90686107051985,0.42904104311166735,1.0034446361902563
92929.0,sensory_ascending,LgAG2,LgAG2_L,,leg bristle,,,0.0686929271755101,0.29574068256408714,0.10947613864180122,3,326.9446020189519,273.4406942319572,0.38067431546717556,1.577162608184104
92936.0,descending_neuron,DNge083,DNge083_L,L,xl,,,0.4821970152371071,0.7835510884129692,0.2872665169153823,3,206.9808220878947,129.70797608386215,0.6196289480990658,0.5433716407289728
93001.0,ascending_neuron,ANXXX202,ANXXX202_R,R,BA,A2,,0.11467677353800336,0.382113861213153,0.3760505010434186,3,168.64873614090723,167.7577971080321,0.43270751321700546,0.7774455561168623
93068.0,sensory_ascending,SApp,SApp_L,,haltere,,,0.6104600545180965,0.8816245696971153,0.07118984988013974,3,150.5885446997226,384.0504937213679,0.6572640558798164,0.8134311219946759
93105.0,ascending_neuron,AN09B040,AN09B040_R,R,BA,T1,,0.08689589053862766,0.3326248398853561,0.05650516826996674,3,191.81114210704453,210.98207827960513,0.4037154586386611,0.9977156231393237
93227.0,ascending_neuron,AN04A001,AN04A001_R,R,BA,T3,,0.18292447482951657,0.4826040561918771,0.1172667778219227,3,195.20477922073695,218.62306964845587,0.48628796770434257,0.8509933955857105
93294.0,sensory_ascending,LgAG2,LgAG2_R,,leg bristle,,,0.06822608950160633,0.2947340413594699,0.15644641750016036,3,312.8811891835596,235.40738202309646,0.38002589420477684,1.4427663471563623
93388.0,sensory_ascending,SApp19,SApp19_R,,campaniform sensilla,,,0.15290178806092203,0.4412262492416795,0.3559036691370658,3,231.22151092622653,280.81782303844295,0.464974044574988,1.1012213260907966
93756.0,ascending_neuron,AN08B100,AN08B100(92001)_L,L,BA,T3,,0.0599673377934074,0.2763200786607042,0.08432681163241061,3,216.70681610305274,168.86817463769097,0.36796309399686405,1.0478632151735026
93812.0,ascending_neuron,AN08B112,AN08B112_R,R,BA,T1,,0.20429413217147377,0.5100150662853721,0.3902541489409416,3,228.57844370514343,157.33399357386423,0.49990737390023793,0.7719678833063598
93833.0,ascending_neuron,AN08B096,AN08B096_L,L,BA,T1,,0.07400304531873149,0.30695863521106115,0.1453176202624713,3,179.57834162255958,145.3291997207553,0.38782693466728163,0.8377642507528632
93838.0,sensory_ascending,SApp,SApp_R,,haltere,,,0.342085144684392,0.659966918775947,0.064410983363641,3,178.41274014080125,331.9309399514286,0.5686684360857511,0.8974362699027552
93955.0,sensory_ascending,SApp08,SApp08_L,,campaniform sensilla,,,0.4842282569566888,0.7851996978065108,0.16039111001847872,3,191.2237895669467,323.47971952143536,0.6202804623113566,0.8297915868096791
93982.0,ascending_neuron,AN07B042,AN07B042_L,L,BA,T1,,0.09712506114560121,0.35165817015306233,0.42132665695532373,3,167.07901263330862,138.77404707658502,0.4151054123653419,0.7368081711271611
94243.0,ascending_neuron,AN08B100,AN08B100(89420)_L,L,BA,T2,,0.07382424653067603,0.3065875895125802,0.1886684136194907,3,173.34536584764962,167.42749875915538,0.38759246491793964,0.8792040492297826
94281.0,sensory_ascending,LgAG1,LgAG1_L,,leg bristle,,,0.06573898273474073,0.2893120675819348,0.08856307802869859,3,278.6698992835248,334.5083025709801,0.3765141605771926,1.6285661100090059
94367.0,sensory_ascending,LgAG2,LgAG2_R,,leg bristle,,,0.07034936158400505,0.299285130127823,0.11548404914793955,3,310.7371794069921,251.78801679577109,0.3829487090494408,1.4689309113982103
94382.0,sensory_ascending,SApp13,SApp13_R,,campaniform sensilla,,,0.09505478852699736,0.3478900913636537,0.056750004167325264,3,237.57820014241133,272.7825852578593,0.4128754591498389,1.2361131525016427
94425.0,ascending_neuron,AN19B059,AN19B059_L,L,BA,T3,,0.12444234302352912,0.39805139388909966,0.41811744847218457,3,167.7604776593357,367.18028397788646,0.4416392000328535,1.2112619568132266
94603.0,sensory_ascending,SApp01,SApp01_R,,campaniform sensilla,,,0.2391530853880643,0.5518144303672281,0.18562425401695704,3,202.5744180815641,343.182053141613,0.5199894911245243,1.049552886238007
94612.0,ascending_neuron,AN19B060,AN19B060_R,R,BA,T3,,0.06923097008375596,0.2968966298748019,0.08811374972245634,3,160.09435076462222,144.0291197029155,0.3814175515608228,0.7973504869480045
94719.0,sensory_ascending,LgAG1,LgAG1_L,,leg bristle,,,0.06959155876622403,0.2976688169777234,0.08480764629858069,3,317.23934139106353,326.3731603275693,0.3819132366377008,1.685232246425622
94732.0,ascending_neuron,AN08B101,AN08B101_R,R,IA,T1,,0.14727046287180692,0.43302491510285657,0.2163033063871628,3,231.73599192813572,201.8148302377914,0.4606324005108625,0.9412078301159433
94838.0,descending_neuron,DNg03,DNg03_L,L,ut,LB,,0.10101315919693929,0.35862786956422044,0.010803183997103439,3,202.50731476394049,261.18700814351155,0.41919882643736966,1.1061441341528426
94941.0,ascending_neuron,AN07B072_f,AN07B072_f_L,L,,T3,,0.08043152300887386,0.3200134305590538,0.08984880409793818,3,244.31334496159388,223.16664383711154,0.39598810711173676,1.18054047685527
94995.0,sensory_ascending,LgAG1,LgAG1_L,,leg bristle,,,0.06083506465727831,0.27831207309092293,0.010646316829119557,3,319.3259446140524,322.4166228872085,0.3692870371601909,1.7377879614628422
95011.0,sensory_ascending,SApp,SApp_R,,haltere,,,0.188032,0.4892951850117086,0.01650708249363979,3,160.86894851032397,334.44137032435964,0.4896474656890784,1.0115651638013399
95022.0,ascending_neuron,AN07B057,AN07B057_L,L,BA,T2,,0.09711904014576139,0.3516472699457586,0.17441066340619404,3,183.49129024674895,164.9585640129336,0.41509897888747177,0.8394379942672491
95057.0,sensory_ascending,LgAG3,LgAG3_L,,leg bristle,,,0.05316546083231784,0.2601775684907819,0.07891621615283315,3,317.8156801570515,6.381620026950536,0.3570532293096971,0.9079803053757095
95106.0,ascending_neuron,AN05B049_b,AN05B049_b_L,L,BA,T2,,0.09628094244036373,0.35012669609648606,0.08577782281544745,3,193.3729443298477,193.06016249912824,0.41420053245653626,0.9329613956242945
95401.0,ascending_neuron,AN19B076,AN19B076_L,L,BA,T3,,0.12625088867263354,0.40093344088009625,0.3370677587539165,3,164.2850575680957,226.52976145815632,0.4432351362778532,0.8817324869778822
95403.0,ascending_neuron,AN05B045,AN05B045_R,R,BA,A2,,0.10149805430717064,0.35948760264794494,0.09812312800760417,3,191.03386794832957,212.65618830081107,0.41970099511139236,0.9618515584934405
95462.0,sensory_ascending,LgAG9,LgAG9_R,,leg bristle,,,0.05165407256029698,0.25645273995492734,0.2400709100912421,3,319.8497994295213,175.1937350096429,0.3544881416604995,1.3965023826192682
95652.0,ascending_neuron,AN08B100,AN08B100(92001)_L,L,BA,T3,,0.05793533616234215,0.27159816096472217,0.11044876441955957,3,168.37796792004008,166.04501192772486,0.3648055631054903,0.9167156799937843
95862.0,ascending_neuron,AN08B031,AN08B031_R,R,BA,T1,sexually dimorphic,0.13801955294120016,0.4192039512592938,0.5782293574868407,3,280.9260443050991,160.3953284552014,0.4532217295287749,0.973742748872947
95900.0,sensory_ascending,LgAG1,LgAG1_R,,leg bristle,,,0.05657197312787188,0.2683834445529408,0.04072863260253856,3,271.3711979623575,292.14827958070714,0.36264016301416613,1.5539356503130934
95918.0,ascending_neuron,AN19B059,AN19B059_L,L,BA,T3,,0.0794681123249445,0.31809109254673434,0.04505079591117194,3,243.85082988852488,331.97149071726034,0.3947969545828587,1.458527767049767
96002.0,sensory_ascending,SApp08,SApp08_R,,campaniform sensilla,,,0.1200059660065893,0.39089172608758704,0.13028310111747185,3,246.75468347199697,429.64636174835937,0.4376493411201685,1.5455319628474709
96040.0,sensory_ascending,SApp,SApp_R,,haltere,,,0.35688364301965414,0.6740907707139824,0.24121033256882485,3,176.45709225352311,329.0996132871076,0.5747212173304995,0.8796555448028726
96068.0,sensory_ascending,SApp,SApp_R,,haltere,,,0.30931838964960323,0.6275638657664051,0.1931192686169164,3,171.9207261261285,337.1509753501925,0.5545325006034709,0.9180195947439019
96106.0,descending_neuron,DNbe002,DNbe002_R,R,xl,,,0.46781893538927327,0.7717807773672047,0.3920269000677726,3,242.35225008885558,195.2747202517673,0.6149573813768969,0.7116378851503024
96166.0,descending_neuron,DNge176,DNge176_L,L,ut,LB,,0.058845795072726255,0.2737239363445891,0.07654668955725648,3,200.1379561664105,254.25524074951926,0.36623043129817684,1.2407303109827394
96482.0,ascending_neuron,AN07B072_a,AN07B072_a_L,L,,T3,,0.05150742431153555,0.2560884407404996,0.21203210955459226,3,245.92131044340033,185.61474477748885,0.35423627138231456,1.218215327123144
96994.0,sensory_ascending,SApp08,SApp08_L,,campaniform sensilla,,,0.1765286912252187,0.47409209068311986,0.30291301818434785,3,195.6466646736852,336.7263505906002,0.48198041914037204,1.104553202003082
97180.0,sensory_ascending,LgAG9,LgAG9_R,,leg bristle,,,0.06351585203969375,0.2843780837801774,0.19971129712864763,3,320.26574378006944,324.9290213737609,0.37328978160711407,1.7284018929639362
97309.0,ascending_neuron,AN08B098,AN08B098_L,L,BA,T1,,0.07667752941177786,0.3124561771507632,0.11326365953715309,3,205.85323897362494,189.3865320944182,0.391284457656925,1.0101085369830511
97432.0,ascending_neuron,AN08B094,AN08B094_R,R,BA,T1,,0.11456661479229809,0.3819302874347547,0.6046788979918354,3,218.55711683694935,150.4322884289539,0.4326035608302708,0.8529504578226851
97567.0,sensory_ascending,"SApp06,SApp15","SApp06,SApp15_L",,campaniform sensilla,,,0.4385904708259442,0.7472822300841937,0.237092336246792,3,136.85434939053314,400.6320789567398,0.6051184121651355,0.8882334722292238
97614.0,descending_neuron,DNp17,DNp17_R,R,ut,,,0.11896275202681181,0.3891890032247313,0.4524521589032204,3,380.9040241298261,211.9734670668921,0.43669510139239975,1.3576463058695456
97980.0,descending_neuron,DNpe029,DNpe029_R,R,xl,DC,,0.14310395516158733,0.42685549629791647,0.3674542184477567,3,571.7473988872499,230.24661128155768,0.4573392539307981,1.7536085155073098
97985.0,ascending_neuron,AN10B033,AN10B033_L,L,BA,T2,,0.07692012454237468,0.31295006686898974,0.15111411505165717,3,388.02204270225695,325.885086222237,0.3915935811090434,1.8230817954232472
98013.0,ascending_neuron,AN19B060,AN19B060_R,R,BA,T3,,0.07712171372259831,0.3133598820355864,0.017543042227448413,3,183.3826720915116,212.8645961321032,0.39184989753403954,1.0112220794677973
98227.0,descending_neuron,DNpe009,"DNpe009(PS222,PS226)_R",R,nt,,,0.09951181734179838,0.35595277918291357,0.41174387879164404,3,185.53091389093214,184.43699187184544,0.41763244821209433,0.8858696381151152
98280.0,sensory_ascending,SApp08,SApp08_R,,campaniform sensilla,,,0.1802532906002746,0.479067445837127,0.17632012570367347,3,183.8562572523068,424.6866189207554,0.4845028879792072,1.2560149614612375
98400.0,ascending_neuron,AN19B076,AN19B076_L,L,,T3,,0.11549894274619414,0.38348118764752576,0.06894174225729272,3,157.006976330305,244.22759081470068,0.43348100529006756,0.9256104933052745
98764.0,ascending_neuron,AN04A001,AN04A001_L,L,BA,T2,,0.18835458205602051,0.48971471522284216,0.10814763921251887,3,194.2531023198561,152.68155333527002,0.489857336843282,0.7082361119480782
98875.0,ascending_neuron,AN05B059,AN05B059_L,L,BA,T3,,0.09834697130349808,0.353863325266335,0.26989829767781837,3,226.44212019701422,164.83275128376272,0.41640488635522055,0.9396500480712272
98952.0,sensory_ascending,SApp08,SApp08_R,,campaniform sensilla,,,0.1242796621160879,0.39779112661361316,0.12143581670654333,3,236.0729079342412,404.9433383526124,0.4414947927673331,1.4519225521753047
99217.0,sensory_ascending,SApp,SApp_R,,haltere,,,0.14736566749537705,0.4331648593681247,0.30823518201348943,3,213.3581430932198,420.116570194,0.46070682770106747,1.3750061323125298
99240.0,sensory_ascending,SApp,SApp_L,,haltere,,,0.3782294315710211,0.6939572531928219,0.13599387073462885,3,184.93462844852306,343.73864213677575,0.5831286771069338,0.906615111450523
99260.0,sensory_ascending,"SApp06,SApp15","SApp06,SApp15_R",,campaniform sensilla,,,0.36632827226172093,0.6829521524954236,0.21940226947393432,3,166.13133236711022,443.60352884661694,0.5784864343463532,1.05401756205862
99309.0,ascending_neuron,AN09B040,AN09B040_L,L,BA,T3,,0.07536611745718505,0.30977269259836815,0.10668894349890506,3,235.34788037386772,203.44382340051556,0.38960058954421567,1.1262603690813586
99327.0,ascending_neuron,AN06B039,AN06B039_R,R,CA,A1,,0.07014400000000001,0.2988479791230037,0.3661447411672007,3,174.14651233845038,150.42918027210538,0.38266892971636957,0.8481893025679614
99350.0,sensory_ascending,SApp,SApp_R,,haltere,,,0.24421046227022186,0.5576185235449956,0.03789900660624167,3,188.47317301537834,349.0238095414683,0.5227170138201432,1.0282752777237683
99407.0,sensory_ascending,SApp08,SApp08_R,,campaniform sensilla,,,0.8104023167611761,1.0157934223282414,0.027241880846103916,3,199.70939515209386,413.1741223203338,0.7055060431639393,0.8687147663879204
99545.0,ascending_neuron,AN08B097,AN08B097_R,R,BA,T1,,0.09911625601737581,0.3552446152827899,0.4649041011307722,3,192.16382754189473,202.6656261905411,0.4172168039383925,0.9463412067907445
99551.0,ascending_neuron,AN10B033,AN10B033_L,L,BA,T3,,0.07269060890457268,0.3042245187163255,0.6473886979124233,3,387.3401630913397,475.6870422539104,0.3860958613751247,2.235266657020046
99569.0,sensory_ascending,"SApp09,SApp22","SApp09,SApp22_R",,campaniform sensilla,,,0.15711778421993228,0.44726790187759297,0.05555772186355249,3,178.30527796344018,388.95892238601374,0.4681466350621571,1.2117233316739244
99955.0,descending_neuron,DNpe011,DNpe011(PS227)_R,R,xn,,potentially sexually dimorphic,0.0504424077783266,0.25342704732333127,0.06141197410769582,3,377.90173430746796,213.22141404248794,0.3523907677400648,1.6774649124349028
100012.0,ascending_neuron,AN07B032,AN07B032_L,L,BA,T3,,0.12242967408516954,0.39481932892688476,0.1255335310648292,3,158.8556175784841,147.0404499902466,0.4398425527096867,0.6954671977148015
100059.0,ascending_neuron,AN17A015,AN17A015_L,L,BA,T1,,0.08963452532964289,0.33782572759230006,0.4810845810716686,3,229.49784691665081,163.74768715715643,0.4068594431990328,0.9665390361394027
100113.0,ascending_neuron,AN05B063,AN05B063_L,L,,T3,,0.09226651473020543,0.3427497267823666,0.355961673763588,3,195.05316507087093,281.0905126117143,0.40981381885358575,1.1618536412816698
100234.0,ascending_neuron,AN05B050_a,AN05B050_a_R,R,,T2,,0.151168,0.43871753497954136,0.258941220085065,3,187.5997519786388,198.75408943250773,0.46365029077956504,0.8332871759048073
100359.0,sensory_ascending,LgAG1,LgAG1_L,,leg bristle,,,0.05949176804740359,0.27522222232982213,0.043520654288255814,3,326.16987765644444,488.33454051038404,0.36723138338330075,2.2179597251814474
100532.0,sensory_ascending,"SApp09,SApp22","SApp09,SApp22_L",,campaniform sensilla,,,0.632994869142337,0.8977494633841243,0.06886314467016823,3,178.59246343978847,5.964140792256468,0.6632474930659149,0.2782620457092377
100755.0,sensory_ascending,"SApp09,SApp22","SApp09,SApp22_R",,campaniform sensilla,,,0.31129172189289633,0.6295624911497953,0.1664969494801269,3,136.72800394343312,336.7469818784378,0.5554148185486228,0.8524709280518077
100816.0,sensory_ascending,SApp13,SApp13_R,,campaniform sensilla,,,0.06656000000000001,0.2911130778539028,0.4750327292461531,3,222.51264928660626,266.98834788213617,0.3776842704540557,1.296058733344281
101032.0,sensory_ascending,LgAG1,LgAG1_R,,leg bristle,,,0.07131961450646371,0.3013419212537432,0.12677612777635822,3,261.66851335026155,500.23066086201567,0.384262334108268,1.9827578885147976
101048.0,sensory_ascending,SApp,SApp_R,,haltere,,,0.1355988265149988,0.4155114777458974,0.035421626499570195,3,140.29801617963014,269.5529884070013,0.451221258470265,0.9083149273066445
101146.0,ascending_neuron,AN19B093,AN19B093_R,R,BA,T3,,0.081152,0.3214435184201852,0.4425955574876446,3,197.69804723352863,393.61605933384544,0.39687192395770543,1.4899368558769361
101169.0,ascending_neuron,AN08B099_c,AN08B099_c_L,L,,T1,,0.08499200000000001,0.3289607505252427,0.07777399314637698,3,178.4815676157347,144.94103104368133,0.4014857005640038,0.8055644278365947
101522.0,ascending_neuron,AN07B072_c,AN07B072_c_R,R,,T3,,0.0761591831869929,0.3113982718776851,0.5463628338435513,3,251.59070118156586,212.6805096119087,0.3906214961059692,1.1885449608424146
101558.0,sensory_ascending,"SApp09,SApp22","SApp09,SApp22_L",,campaniform sensilla,,,0.6174308728469119,0.8866438988957384,0.2577711089674694,3,186.86676242084536,353.2813122463222,0.6591323922088124,0.8194834316321222
101681.0,ascending_neuron,AN08B098,AN08B098_L,L,BA,T1,,0.06725233722597287,0.29262319667444914,0.1677997071020541,3,199.95579477245025,154.81750739541394,0.3786626022866268,0.9369113823902796
101889.0,descending_neuron,DNge025,DNge025_L,L,fl,MX,,0.09391413106467339,0.3457964509375178,0.05016829849034308,3,177.08859573067875,121.18699369431113,0.41163121961214716,0.7246184818198077
101919.0,sensory_ascending,"SApp06,SApp15","SApp06,SApp15_R",,campaniform sensilla,,,0.4332994202739258,0.7427610360025513,0.20106089834765078,3,146.43391686481814,314.68747714628944,0.6032850964852771,0.7643507136138262
102006.0,sensory_ascending,SApp19,SApp19_R,,campaniform sensilla,,,0.09934216017899251,0.3556492187525625,0.49538996430948234,3,220.74614243152456,279.41621402021195,0.4174543294646201,1.198124731616003
102277.0,sensory_ascending,LgAG1,LgAG1_L,,leg bristle,,,0.07209246755663,0.3029702635088765,0.09241790340994838,3,317.1202788770451,270.8064147708105,0.3852991423807604,1.5258967098007565
102868.0,sensory_ascending,SApp01,SApp01_L,,campaniform sensilla,,,0.4676677677859342,0.7716560734829168,0.31791200445737483,3,200.81482929197645,333.39584245189,0.6149076971437495,0.8687656281182992
102964.0,ascending_neuron,AN06A060,AN06A060_R,R,BA,T1,,0.1435927021993991,0.42758380088078024,0.5168755632811646,3,168.63674794560845,132.91286439371052,0.4577292457682623,0.6587947244515517
102965.0,ascending_neuron,AN06B068,AN06B068_R,R,BA,T2,,0.06834308426678158,0.2949866395239517,0.709094909150617,3,137.39223023244287,184.04346255149494,0.3801887075739314,0.8454635458141047
103156.0,ascending_neuron,AN06B048,AN06B048_R,R,BA,T3,,0.08421846140011677,0.32746034179940103,0.3163712991358254,3,157.35785924390632,132.17998141789792,0.40056905457324893,0.7228162968561486
103189.0,ascending_neuron,AN10B045,AN10B045_R,R,BA,T2,,0.06809804405715791,0.29445733581062433,0.19340184705970384,3,403.777243182698,183.41550552877837,0.3798474622097743,1.545864609165649
103235.0,ascending_neuron,AN10B053,AN10B053_L,L,BA,T3,,0.07072076266408603,0.3000741102756857,0.21533205624306317,3,15.29769737088548,258.56374160647437,0.3834531445106247,0.7141979219569856
103311.0,sensory_ascending,"SApp09,SApp22","SApp09,SApp22_R",,campaniform sensilla,,,0.19417600000000002,0.49722486043891145,0.3044843059015022,3,138.04764278041463,388.87821626959243,0.49359921152192554,1.0675176271560984
103807.0,ascending_neuron,AN05B056,AN05B056_L,L,BA,T1,,0.10847181645480104,0.3716323535424587,0.053648060354181154,3,193.556113763442,186.6684159614683,0.4267315939039489,0.8910156528285865
104118.0,sensory_ascending,LgAG1,LgAG1_R,,leg bristle,,,0.0751566527953459,0.30934191825383917,0.10966801107017932,3,261.71730656240675,496.0702313101058,0.38932960322120536,1.9463907486170797
104481.0,sensory_ascending,SApp,SApp_R,,haltere,,,0.19260911220467383,0.49521463865209275,0.4608922549413031,3,172.3730358345887,627.5385565436443,0.4926004191426611,1.6238548756625641
104547.0,ascending_neuron,AN08B103,AN08B103_R,R,IA,T1,,0.08994600563507649,0.33841219136661016,0.15491207407799298,3,192.23567192317492,205.81288333224074,0.407212443043725,0.9774960516436739
104602.0,sensory_ascending,SApp23,SApp23_R,,chordotonal organ,,,0.06132682202391578,0.2794346702787342,0.02846609368431926,3,348.51696607936066,322.25285699036357,0.3700310641508085,1.8127392212572395
104605.0,sensory_ascending,"SApp09,SApp22","SApp09,SApp22_L",,campaniform sensilla,,,0.1095767180702177,0.3735202948024341,0.25848509130259684,3,189.79410268100008,390.09813520924934,0.42781414709332916,1.3554770028765406
104610.0,sensory_ascending,"SApp09,SApp22","SApp09,SApp22_L",,campaniform sensilla,,,0.823424,1.0239218714745801,0.0695268446808938,3,170.53480836968032,428.32695418102566,0.7083231727273535,0.8454640277330286
104738.0,ascending_neuron,AN05B069,AN05B069_L,L,BA,T1,,0.11595274854918344,0.38423381523956623,0.5263384800452332,3,186.74043067186804,203.62811441521788,0.43390617588067054,0.8996611866488897
104910.0,ascending_neuron,AN07B062,AN07B062_L,L,BA,T1,,0.10040385446477339,0.35754462371623436,0.009569678591991471,3,242.91044324229574,166.78179015590322,0.41856524655178295,0.9788013619700118
105057.0,ascending_neuron,AN07B082_b,AN07B082_b_L,L,BA,T1,,0.15827744361387047,0.44891547116218866,0.28328192783019257,3,218.66666598780944,152.40218359920655,0.4690080818807629,0.7911779432435317
105240.0,sensory_ascending,SApp01,SApp01_R,,campaniform sensilla,,,0.2558140007090989,0.5707122758446095,0.3685773302461378,3,175.821510234258,308.7606128197493,0.5288185087190677,0.9163486433706487
105291.0,ascending_neuron,AN06A026,AN06A026_L,L,BA,T3,,0.11178405792075036,0.37726367836788266,0.2921603487882831,3,97.5508609824414,226.41540635541375,0.4299525583134289,0.7534930565564599
105298.0,sensory_ascending,SApp23,SApp23_R,,chordotonal organ,,,0.05725846775592492,0.2700069358697788,0.2644030681221996,3,393.1772332425151,314.0219892647909,0.36373534139012614,1.9442686536989429
105726.0,ascending_neuron,AN06A026,AN06A026_R,R,BA,A1,,0.091392,0.3411215450135567,0.08952182115007579,3,136.5162642556272,137.21372814103822,0.40883928022713617,0.6695295820024705
105789.0,ascending_neuron,AN06B046,AN06B046_R,R,BA,T2,,0.10988784575552653,0.37405019810407053,0.12231591980065196,3,135.1264098321874,155.95826555650711,0.42811750381290714,0.6799177160387777
105806.0,ascending_neuron,AN07B070,AN07B070_L,L,,T1,,0.13361253040438836,0.4124569764023837,0.20600458564883647,3,251.69058684759338,181.82574506045756,0.4495596939641809,0.9643131662568303
105831.0,ascending_neuron,AN06A018,AN06A018_L,L,BA,T1,,0.08666687974187529,0.3321862406936241,0.5841198172921782,3,154.15186936418553,253.6336825704187,0.40344920118879374,1.01074819514584
105893.0,ascending_neuron,AN10B033,AN10B033_R,R,,T2,,0.06006715589125951,0.2765499561029134,0.15529622158644238,3,377.77059556565865,356.5786853015744,0.36811612093254964,1.9948848722161472
105964.0,sensory_ascending,LgAG1,LgAG1_R,,leg bristle,,,0.08416612186839742,0.3273585720427106,0.14621655731146832,3,313.06046969752293,340.30395253484363,0.4005068043128958,1.6313441249850171
105967.0,ascending_neuron,AN09B035,AN09B035_L,L,BA,T2,,0.07121739658875056,0.3011258966111754,0.1030653866601171,3,234.82190616719882,173.75717271311638,0.3841245752870752,1.0636629499035928
106045.0,ascending_neuron,AN07B050,AN07B050_L,L,,T3,,0.08641424175040305,0.3317017181518924,0.15145311698480954,3,220.95982615545725,177.60082300824405,0.4031548609336458,0.9886043498041794
106104.0,ascending_neuron,AN05B045,AN05B045_L,L,BA,A2,,0.09373045389889711,0.3454581312547903,0.19647271899618116,3,191.33416383081834,150.70595594748454,0.4114298048450637,0.8313450210713549
106125.0,sensory_ascending,"SApp06,SApp15","SApp06,SApp15_R",,campaniform sensilla,,,0.4864287215728503,0.7869817558250782,0.10620054406967208,3,157.29829779296645,269.8064160949988,0.6209839453273235,0.6877870468339343
106132.0,sensory_ascending,SApp,SApp_L,,haltere,,,1.0052871801876737,1.1313582065951744,0.168526894782284,3,192.2425290716047,414.36013042140627,0.7445572652466936,0.8147159228807279
106199.0,ascending_neuron,AN07B082_d,AN07B082_d_R,R,BA,T1,,0.15424223684980773,0.4431560847213793,0.3571578147424093,3,156.80891669420447,151.0767223501478,0.46598978691970905,0.6607132767426973
106214.0,ascending_neuron,AN08B079_b,AN08B079_b_L,L,BA,T3,,0.10839576301233,0.3715020483779863,0.19907144343976804,3,173.5465920525569,235.07578245791393,0.42665677506071936,0.9577308937665832
106293.0,ascending_neuron,AN08B094,AN08B094_L,L,BA,T1,,0.07807813124925461,0.31529694620400817,0.07996529457543923,3,201.09466928037895,155.40987636752067,0.393059160483462,0.9069997127389162
106310.0,ascending_neuron,AN07B082_b,AN07B082_b_R,R,BA,T1,,0.1347991295459048,0.4142844220263707,0.048526807167417085,3,183.5432468551627,155.2050188606069,0.4505545103457756,0.7518474633752952
106355.0,ascending_neuron,AN18B053,AN18B053_R,R,,T2,potentially sexually dimorphic,0.1754307551053118,0.47261546183216757,0.21011300188004106,3,189.83915199510704,188.92551489638552,0.481229234666559,0.787077425073596
106544.0,ascending_neuron,AN07B072_a,AN07B072_a_L,L,,T3,,0.272164259883626,0.5886682413273291,0.4304139654029073,3,243.2865841797034,216.1188110561902,0.537073028786953,0.8553872017619624
106648.0,ascending_neuron,AN06A026,AN06A026_R,R,BA,T3,,0.15753746951874364,0.4478648635121701,0.24454684070452623,3,146.7703257646241,153.15378507034126,0.46845894496846074,0.640235636561829
107137.0,sensory_ascending,SApp,SApp_R,,haltere,,,0.2553786784210561,0.5702264745238448,0.2811530361601702,3,185.08841604175237,429.08893282801637,0.5285933905344296,1.1619088695922026
107282.0,sensory_ascending,"SApp09,SApp22","SApp09,SApp22_L",,campaniform sensilla,,,0.40947186227411014,0.7220496987768551,0.029314203157961523,3,182.1729858890386,360.99440370444773,0.5948145529496223,0.9131709822834309
107413.0,ascending_neuron,AN10B033,AN10B033_R,R,BA,T3,,0.0694296678023205,0.2973223816394254,0.5465516360835879,3,388.7415569046769,314.81436250458324,0.38169093125632214,1.8432607688464873
107573.0,sensory_ascending,SApp23,SApp23_R,,chordotonal organ,,,0.10233092580803395,0.36095952873992515,0.08066244148156308,3,392.6848987117032,124.1835032678937,0.42055935262762056,1.2290022769681503
107589.0,sensory_ascending,LgAG4,LgAG4_R,,leg bristle,,,0.054881945825065864,0.26434421445624023,0.11247498244997814,3,313.6084723363907,507.44264501628345,0.3599009100899269,2.2813254824710545
107860.0,sensory_ascending,LgAG1,LgAG1_R,,leg bristle,,,0.08814373117359063,0.33500460317840575,0.22047539808839034,3,269.2381044340348,258.9831840144754,0.4051570751664332,1.3037444507948526
108171.0,ascending_neuron,AN19B059,AN19B059_R,R,BA,T3,,0.08927626209297929,0.3371499181416511,0.12639844873442344,3,190.67246895828293,270.8281111965436,0.40645228488644153,1.135436058094162
108202.0,ascending_neuron,AN07B062,AN07B062_R,R,BA,T1,,0.13264109521602824,0.4109548487194538,0.1285076301097312,3,250.160829821709,158.8401017573271,0.44874032120206486,0.9114423470648308
108261.0,ascending_neuron,AN08B106,AN08B106_L,L,,T1,,0.06610304135796057,0.2901120581503281,0.2278984616621787,3,220.60100819356234,161.01334605475142,0.3770343598316482,1.012147419186704
108296.0,ascending_neuron,AN19B076,AN19B076_R,R,BA,T3,,0.20555200393407905,0.5115827791359158,0.2923998672074516,3,217.8416954527657,348.8042447408252,0.500675106008476,1.1317637593589445
108339.0,sensory_ascending,SApp,SApp_R,,haltere,,,0.24645515343560692,0.5601753719666609,0.4025288695084301,3,165.3598976525114,417.32103995722997,0.5239140504545223,1.1121689466129716
108395.0,ascending_neuron,AN08B079_b,AN08B079_b_R,R,BA,T3,,0.1554160170996686,0.4448390932197105,0.31394717360089613,3,180.48734209646037,224.64561516660075,0.46687381129986083,0.867756870181041
108436.0,sensory_ascending,LgAG1,LgAG1_R,,leg bristle,,,0.07182542737530388,0.3024086216557663,0.07267522028857748,3,295.2187515511333,339.17926207561584,0.3849418457524792,1.6480359842059684
108865.0,sensory_ascending,LgAG1,LgAG1_R,,leg bristle,,,0.07298351435922903,0.3048368360220218,0.039111717616412744,3,307.87230551286103,491.2024338274655,0.3864842165610268,2.0675481820462664
108941.0,sensory_ascending,"SApp09,SApp22","SApp09,SApp22_L",,campaniform sensilla,,,0.11565364053254423,0.3837379165766927,0.356635685129978,3,187.0306100485845,382.58285336594474,0.4336260821520996,1.313605170121502
109150.0,ascending_neuron,AN12B089,AN12B089_L,L,,T1,,0.10502218271595579,0.3656752604543499,0.1226045955180093,3,195.38678768417998,143.48773079096048,0.42329762298249607,0.8005585197655443
109214.0,sensory_ascending,SApp,SApp_L,,haltere,,,0.3214920926975955,0.639794065103953,0.2759927479752528,3,172.12783866462513,316.3088865564832,0.5599098962341502,0.8723487984517558
109328.0,ascending_neuron,AN06B048,AN06B048_L,L,BA,T3,,0.07881149304922648,0.31677422485091106,0.2979747661987105,3,152.56483296272842,145.74992205295533,0.3939788955984145,0.757184606456073
109486.0,ascending_neuron,AN19B059,AN19B059_R,R,BA,T3,,0.08493551845290068,0.32885142670637185,0.08410847168541535,3,237.25054993886502,176.0355989985352,0.40141898197036247,1.0295630438520567
109521.0,sensory_ascending,"SApp09,SApp22","SApp09,SApp22_R",,campaniform sensilla,,,0.09327386239171787,0.34461568462175524,0.1360499476801774,3,177.9370898692519,357.46825841784784,0.4109278348623515,1.3029181838374237
109547.0,sensory_ascending,"SApp09,SApp22","SApp09,SApp22_R",,campaniform sensilla,,,0.10423771324545074,0.36430698395291866,0.6752082658213325,3,186.1400183598959,237.63964927053755,0.42250493741130424,1.0030170776865697
109626.0,ascending_neuron,ANXXX169,ANXXX169_R,R,BA,A4,,0.07343275940018294,0.30577359785850655,0.13546912605788852,3,209.66238593895014,167.49105269753508,0.38707759293282296,0.9743613309643061
109707.0,ascending_neuron,AN07B050,AN07B050_R,R,,T3,,0.0914256760428604,0.34118438730679934,0.2273234142790184,3,241.6079640061871,147.59990868732848,0.40887693720767826,0.9518949035167217
109763.0,sensory_ascending,"SApp09,SApp22","SApp09,SApp22_R",,campaniform sensilla,,,0.3144242727973206,0.6327222281144745,0.1732523331001109,3,168.01508133845078,328.42729612184274,0.5568068711645829,0.8915880948486954
109776.0,ascending_neuron,AN07B071_c,AN07B071_c_L,L,,T1,,0.040425862192822404,0.22687398787414043,0.14401466093159834,3,181.522902481423,152.86712973998664,0.3334190367365499,1.0029122376885364
110140.0,ascending_neuron,AN10B053,AN10B053_L,L,BA,T1,,0.07382818208695699,0.30659576146617196,0.215813053949901,3,392.06249140519793,215.8140604065778,0.3875976304344807,1.568318545008574
110202.0,sensory_ascending,"SApp09,SApp22","SApp09,SApp22_R",,campaniform sensilla,,,0.22176102880927123,0.5313707851972272,0.3495260028971982,3,148.97396254020413,218.43847885558895,0.5102662880757863,0.7200405944537409
110249.0,sensory_ascending,LgAG1,LgAG1_R,,leg bristle,,,0.09804800000000001,0.3533250498934278,0.2891049123133898,3,313.99489645017985,250.4800440953277,0.41608806092914946,1.3566237379774884
110253.0,sensory_ascending,LgAG1,LgAG1_L,,leg bristle,,,0.07045024330413206,0.2994996422552697,0.11584950964848187,3,317.66893928340164,247.14339966603808,0.3830859233971957,1.4743750799838817
110353.0,sensory_ascending,SApp,SApp_R,,haltere,,,0.3355461574808456,0.653628821877176,0.05740167078767892,3,163.3591765819882,281.7651147796014,0.5659311996345635,0.7865342848194584
110429.0,ascending_neuron,AN10B045,AN10B045_R,R,BA,T2,,0.06413877256285827,0.2857691753457776,0.05820481311235874,3,198.452072703576,181.67490699417783,0.3742016781355089,1.0158345136017781
110525.0,sensory_ascending,SApp,SApp_R,,haltere,,,0.3957237773495179,0.7098247404207457,0.15268160119530436,3,155.62063401293918,326.66960703008823,0.5897576814304035,0.8177769552289278
110697.0,ascending_neuron,AN08B099_e,AN08B099_e_R,R,BA,T1,,0.18613988302722237,0.48682713556521995,0.10438042840410523,3,187.10645242220426,190.15613329892358,0.48841099130441135,0.7724285334233844
110937.0,sensory_ascending,LgAG1,LgAG1_L,,leg bristle,,,0.07460739815392481,0.30820948989182384,0.16033000432525765,3,335.02921879921206,281.2822941061247,0.38861632756099385,1.5859125548671287
111052.0,sensory_ascending,SApp,SApp_R,,haltere,,,0.14175704345171897,0.4248419393933105,0.40585984638468436,3,182.306079994703,274.3862426481727,0.456259301606797,1.0009490678536386
111207.0,ascending_neuron,AN10B033,AN10B033_L,L,BA,T2,,0.12419200321970914,0.3976508137036945,0.27964499113820473,3,388.6615018231615,328.5475159266122,0.441416921645297,1.6247882275933474
111348.0,ascending_neuron,AN07B082_c,AN07B082_c_R,R,BA,T1,,0.31904150767118944,0.6373509739373473,0.2902594828328789,3,162.1644119530272,139.6156309362971,0.5588398493569514,0.5400116746087059
111432.0,ascending_neuron,AN09B040,AN09B040_L,L,BA,T2,,0.089856,0.3382428307174045,0.25432384845187417,3,277.0868418148502,173.49337533510268,0.4071105341937595,1.1067761192725722
111439.0,ascending_neuron,AN10B053,AN10B053_L,L,BA,T2,,0.06747020745953378,0.29309680351202017,0.2304378408198656,3,418.91871703623656,274.9440389725233,0.37896890864672506,1.830922643460387
111523.0,sensory_ascending,SApp23,SApp23_R,,chordotonal organ,,,0.0825075564414337,0.3241170831670275,0.1351171026969576,3,385.76456318444207,329.5297657108865,0.39851897163352645,1.794881498271819
111577.0,sensory_ascending,SApp08,SApp08_L,,campaniform sensilla,,,0.7208234870306822,0.9580088561497531,0.11616650929780145,3,208.02413007706537,320.2407508287299,0.6851454878442819,0.7710258482003722
111859.0,sensory_ascending,SApp,SApp_R,,haltere,,,0.110848,0.37568079143709665,0.2781408878882618,3,151.0767365081385,236.05554370248063,0.42904963326423823,0.9023018555342673
111872.0,sensory_ascending,LgAG1,LgAG1_R,,leg bristle,,,0.05052018785206825,0.2536223589920697,0.07624206081884409,3,271.300054446596,329.452541288956,0.3525265322016403,1.704134415028738
111877.0,ascending_neuron,AN09B040,AN09B040_R,R,BA,T2,,0.058294933133829385,0.27243974402367155,0.20254591342298,3,230.42553545629792,204.68221035594186,0.36537032524768487,1.1908677737232214
112210.0,ascending_neuron,AN08B099_d,AN08B099_d_R,R,BA,T1,,0.09457665689587236,0.3470140336768446,0.28023062530653337,3,179.69581469494037,150.59396795197128,0.4123552794637821,0.8009835185726574
112284.0,ascending_neuron,AN07B069_b,AN07B069_b_R,R,,T1,,0.12046680854248572,0.3916415509931659,0.3481250752921708,3,157.34564964387073,172.01854337837383,0.43806889867536963,0.7518547744845028
112349.0,sensory_ascending,SApp,SApp_R,,haltere,,,0.22788008934668347,0.5386519666853352,0.12530944538133415,3,179.12366409409637,418.4321502671743,0.5137503904386003,1.1631247887736373
112469.0,sensory_ascending,LgAG1,LgAG1_R,,leg bristle,,,0.05149309703200893,0.25605282154672426,0.0475363298487192,3,312.74020204454007,674.837104907205,0.35421163526611443,2.7880995671127273
112589.0,ascending_neuron,AN08B099_d,AN08B099_d_L,L,BA,T1,,0.07015931757596364,0.2988806075498202,0.043901217426643886,3,182.72844151368494,156.35733791308311,0.38268981917397793,0.8860590547160946
112677.0,ascending_neuron,AN10B033,AN10B033_R,R,BA,T2,,0.05515201139933002,0.26499381480576384,0.1508790082810583,3,401.81208564360514,315.5868952732952,0.3603428495958041,1.9908789135724645
112841.0,ascending_neuron,AN05B104,AN05B104_L,L,BA,T2,,0.11236930717806429,0.3782499775460723,0.12179349120192823,3,306.1185681037235,220.36689010422805,0.43051421462894274,1.2229223573064265
112864.0,sensory_ascending,SApp23,SApp23_L,,chordotonal organ,,,0.11456000000000001,0.3819192614216521,0.15781900909323146,3,383.3026696806919,313.7920852925953,0.4325973163307991,1.6114171971428313
113166.0,descending_neuron,DNpe018,DNpe018(hb1436667616)_R,R,xn,,,0.05594248198076919,0.26688608110680784,0.06700104152735192,3,374.987439726787,76.38081051939439,0.3616271280508914,1.248159264707212
113192.0,sensory_ascending,SApp23,SApp23_R,,chordotonal organ,,,0.060776270145996306,0.2781775521701735,0.15298407923311302,3,431.431949796825,311.9856123256041,0.36919777973788653,2.013602472501924
113323.0,ascending_neuron,AN05B104,AN05B104_L,L,BA,T1,,0.08783934128366641,0.33442566125501194,0.11982689561104869,3,227.49161238502143,225.04585170714418,0.40480683543507,1.117909641041008
113457.0,sensory_ascending,SApp23,SApp23_R,,chordotonal organ,,,0.056615916968798405,0.268487661441111,0.7029916956736397,3,388.6055905117229,312.6123376839672,0.3627105651978508,1.93327130631883
113651.0,ascending_neuron,AN06B039,AN06B039_L,L,CA,A1,,0.10620788371416505,0.36773370461178645,0.40594596871943933,3,146.99339490020654,148.9498925385096,0.4244873558302713,0.6971780981788471
113655.0,sensory_ascending,"SApp09,SApp22","SApp09,SApp22_R",,campaniform sensilla,,,0.1071941743293028,0.36943722297746767,0.7561285449762676,3,13.59896470134527,438.07264481763656,0.42546943398904596,1.0615841549045575
114184.0,ascending_neuron,AN05B050_a,AN05B050_a_L,L,BA,T2,,0.09578363180668863,0.3492212876595994,0.19287779205850752,3,224.36831607237468,171.40388516577727,0.4136646358503513,0.9567465210667122
114550.0,ascending_neuron,IN10B007,IN10B007_L,L,CI,T2,,0.08170182481187002,0.32253060975277587,0.2124815942695823,3,191.04310083757576,167.18156803541308,0.3975424490275978,0.9010979072781244
114612.0,ascending_neuron,AN16B078_b,AN16B078_b_R,R,IA,T1,,0.14638268641617505,0.431717760822555,0.12013618985415504,3,140.16468080280166,159.87138999077038,0.45993662911650324,0.6523421962932464
114757.0,ascending_neuron,AN04B004,AN04B004_L,L,IA,T1,,0.100882811092031,0.3583964068826876,0.3596047055042841,3,202.56799582412881,144.2039560991371,0.4190635266549893,0.8274925634574722
114795.0,ascending_neuron,AN08B031,AN08B031_L,L,BA,T1,sexually dimorphic,0.08773279600673871,0.33422277786824,0.6400252454314446,3,261.18593006759903,155.54115710737668,0.40468402631613415,1.029759170304967
114858.0,sensory_ascending,LgAG3,LgAG3_R,,leg bristle,,,0.047172271476087047,0.245074685470239,0.2780735312644723,3,326.25537243564435,421.9985530914682,0.34653512935980546,2.15924407695534
114880.0,ascending_neuron,AN10B053,AN10B053_L,L,BA,T2,,0.05470797921445833,0.2639249183923293,0.13544339216503112,3,379.26207048270027,216.95545190453666,0.35961536398246574,1.6579311734197972
114917.0,sensory_ascending,SApp23,SApp23_L,,chordotonal organ,,,0.09469883540959066,0.3472381057485732,0.10370779580297634,3,384.35015109303885,231.1543719972075,0.412488389917584,1.4921741754070348
115809.0,sensory_ascending,SApp,SApp_R,,haltere,,,0.10992605613720996,0.3741152251254594,0.11754021831366271,3,77.42347806618004,242.9583866788108,0.4281547153909146,0.748285265181478
116066.0,sensory_ascending,LgAG4,LgAG4_L,,leg bristle,,,0.05614522844125867,0.2673692673057244,0.06788688286627508,3,320.3375047480545,241.13231988481002,0.3619543354897202,1.5512172934002904
116576.0,ascending_neuron,AN08B079_b,AN08B079_b_L,L,BA,T3,,0.08445585806329142,0.32792154285853603,0.12346154309308267,3,186.97718525836714,262.35918869402957,0.4008510396652136,1.1209559898551777
116672.0,ascending_neuron,AN19B093,AN19B093_R,R,BA,T3,,0.0916843586903757,0.34166672521372243,0.07677128530848207,3,142.70655869208878,236.3508979908839,0.4091658531142646,0.9264151780943367
116739.0,ascending_neuron,AN06A041,AN06A041_R,R,BA,T1,,0.0740533374463152,0.3070629213308988,0.06159095125370379,3,198.8919036586318,167.79018696911993,0.3878928092297412,0.9453180927893232
117027.0,sensory_ascending,SApp,SApp_L,,haltere,,,0.46480404200121006,0.7692898587845054,0.33885024933483815,3,194.46085927787462,402.08557192209116,0.6139641934220655,0.9716306546721919
117092.0,ascending_neuron,AN10B053,AN10B053_R,R,BA,T1,,0.07628938783194669,0.3116643473855681,0.09249111454274067,3,388.51238757380946,208.53304563785574,0.39078834452799166,1.5277974422005813
117433.0,ascending_neuron,AN08B106,AN08B106_R,R,,T1,,0.06470365370967612,0.2870248257416241,0.4982174073122947,3,230.67866206074638,163.1790916141741,0.3750228854528691,1.0502232502406
117465.0,ascending_neuron,AN10B045,AN10B045_L,L,BA,T2,,0.077875344310493,0.31488723050639283,0.32697251350099504,3,409.69173473129337,263.6832571627254,0.39280369518136216,1.7142786591737982
117577.0,sensory_ascending,LgAG4,LgAG4_R,,leg bristle,,,0.06480169696107187,0.28724220291729613,0.23733841955320123,3,314.1139724946306,497.8711322423976,0.37516486966329227,2.16434205437673
117692.0,ascending_neuron,AN08B059,AN08B059_R,R,BA,T1,male-specific,0.16022106282303705,0.4516633625675074,0.4910927175294517,3,215.20881507147536,168.26633156344818,0.4704413328546702,0.8151391466986332
117712.0,ascending_neuron,AN07B071_d,AN07B071_d_R,R,,T1,,0.11994398701299874,0.3907907719204111,0.6625174489671992,3,185.09222385638805,142.1272736602324,0.43759282242856934,0.7477716286583614
117729.0,sensory_ascending,"SApp09,SApp22","SApp09,SApp22_R",,campaniform sensilla,,,0.2026563260200532,0.5079665818530519,0.2969229303616659,3,160.1048275145784,321.69233300476276,0.49890242042707644,0.9657142174353601
117741.0,sensory_ascending,LgAG3,LgAG3_L,,leg bristle,,,0.042076442785663644,0.23145926392454785,0.1799681657772079,3,318.9890317459263,278.88914035767425,0.33677149422572633,1.7753229782057012
117817.0,ascending_neuron,AN08B047,AN08B047_R,R,BA,T1,potentially male-specific,0.24781309216571412,0.5617165020261438,0.4056895205385172,3,252.344159963263,153.47675515917425,0.524634240202458,0.7735311270683164
118151.0,ascending_neuron,AN08B079_a,AN08B079_a_L,L,BA,T3,,0.09311002145433564,0.3443128828940322,0.5158158599655047,3,163.59695295531245,238.8810936650101,0.4107472612423311,0.9798678764235753
118190.0,sensory_ascending,SApp10,SApp10_R,,campaniform sensilla,,,0.16863703174689745,0.4633738636640061,0.08012339967734335,3,229.26014297061494,269.15893638885564,0.4765009897107906,1.045997993964258
118236.0,sensory_ascending,SApp,SApp_R,,haltere,,,0.16943805600124084,0.46447307056903836,0.5394178308694602,3,182.82452069109522,225.39999434367533,0.47706582834953576,0.8556985027560459
118257.0,ascending_neuron,AN07B056,AN07B056_R,R,,T3,,0.07677997414664907,0.3126648354504501,0.4831098303603073,3,164.50286883649198,240.09970444125096,0.39141508577304546,1.033691822272645
118303.0,ascending_neuron,AN05B060,AN05B060_L,L,BA,T3,,0.06539769450657419,0.2885600990786491,0.12202319326696362,3,218.89487188102345,172.9228136290482,0.3760245318440514,1.0420003279801173
118641.0,sensory_ascending,"SApp06,SApp15","SApp06,SApp15_R",,campaniform sensilla,,,0.095483155040409,0.348673097404327,0.06195977410635017,3,159.9964656481903,261.84082648666026,0.41333983322215656,1.0205580450508551
118766.0,ascending_neuron,AN08B079_b,AN08B079_b_R,R,BA,T3,,0.11937749043057341,0.3898668254256183,0.23939313323351752,3,211.0929960500484,224.39452605804237,0.43707521601956906,0.99636745838408
118772.0,ascending_neuron,AN07B056,AN07B056_L,L,,T3,,0.12824459394280627,0.4040867337670026,0.17324588573492297,3,142.04534053582404,225.29677892696316,0.4449747178726352,0.8255348106494699
118792.0,ascending_neuron,AN08B079_a,AN08B079_a_R,R,BA,T3,,0.07483424028802299,0.3086776863249499,0.051421567361308505,3,157.8949585811571,221.07326840332033,0.3889113861784268,0.974433355393232
119214.0,sensory_ascending,"SApp09,SApp22","SApp09,SApp22_L",,campaniform sensilla,,,0.5126222214776657,0.8078928665951636,0.06686520558397134,3,137.8014062802614,330.5510387151272,0.6291800256139971,0.7443854317185897
119228.0,sensory_ascending,SApp,SApp_L,,haltere,,,0.22022483879572224,0.5295271225231433,0.21343405333170998,3,213.6521219177944,346.4428729082081,0.5093803000080982,1.0995615551231526
119284.0,ascending_neuron,AN07B042,AN07B042_R,R,BA,T1,,0.14186498534380854,0.42500365804662354,0.40146268425249376,3,168.97824217377004,158.05398816452396,0.4563461322755409,0.7166319756180876
119815.0,ascending_neuron,AN07B072_c,AN07B072_c_L,L,,T3,,0.06832855406992232,0.2949552797906826,0.4300991288788908,3,288.67927996426863,216.7515375912419,0.38016849829705046,1.3294915802323644
119877.0,sensory_ascending,"SApp09,SApp22","SApp09,SApp22_L",,campaniform sensilla,,,0.22700147540173476,0.5376125511878559,0.12881002205921802,3,149.69057321635788,333.63728982099263,0.5132544691301278,0.941692458823598
119884.0,ascending_neuron,ANXXX171,ANXXX171_L,L,IA,T2,,0.08605967300874408,0.33102051127038984,0.11873428057506569,3,147.86158957950212,164.9799317368942,0.40274067403540337,0.776781540790925
119914.0,ascending_neuron,AN07B085,AN07B085_L,L,,T3,,0.2236985255015485,0.5336869951268429,0.4038020690373242,3,201.51875924093244,177.38866548170338,0.5113771872230448,0.7409548845544603
119972.0,sensory_ascending,SApp23,SApp23_R,,chordotonal organ,,,0.09625600000000001,0.3500813414308564,0.21706643233895218,3,381.6981255567453,201.39681582094076,0.41417370426080846,1.4078511875068402
119995.0,ascending_neuron,AN12B060,AN12B060_L,L,,T1,,0.0856485374524642,0.33022886735294366,0.11201829823769367,3,198.97777711114324,146.3852914759656,0.4022588035120454,0.8585593791156572
120169.0,sensory_ascending,"SApp06,SApp15","SApp06,SApp15_L",,campaniform sensilla,,,0.09202688562177512,0.34230435280969457,0.4002538770115107,3,141.12750070433935,249.2978625812904,0.4095474732882018,0.9533091735396553
120187.0,ascending_neuron,AN10B053,AN10B053_R,R,BA,T3,,0.06465728253241504,0.28692195624487316,0.11346758520779204,3,390.4092806414134,146.60907299604398,0.3749556754604307,1.4322182294694434
120242.0,sensory_ascending,"SApp09,SApp22","SApp09,SApp22_R",,campaniform sensilla,,,0.0997004937846593,0.3562900662609758,0.5176068235304624,3,179.73837838984508,240.42998536107822,0.4178302675344118,1.0055958038423314
120262.0,ascending_neuron,AN07B056,AN07B056_R,R,,T3,,0.11456661479229807,0.3819302874347547,0.1587527541014651,3,158.9869636341505,406.47582403843967,0.4326035608302708,1.3071154259279103
120318.0,sensory_ascending,"SApp09,SApp22","SApp09,SApp22_L",,campaniform sensilla,,,0.12630046963017064,0.40101215997991346,0.3957069644180771,3,186.20272141251073,393.90768113871707,0.4432786464405403,1.3086811359162585
120476.0,ascending_neuron,AN14B012,AN14B012_L,L,BA,T1,,0.0780000886086547,0.31513932999450556,0.21685464735055385,3,224.96416529280452,111.76291377643817,0.39296090352261215,0.856897151983127
120568.0,ascending_neuron,AN06A062,AN06A062_L,L,BA,T1,,0.10132366943129117,0.3591786501695129,0.09114235133865924,3,139.26172406843318,157.9327347642426,0.41952060567159427,0.7084144492900621
120857.0,sensory_ascending,"SApp09,SApp22","SApp09,SApp22_R",,campaniform sensilla,,,0.16038400000000003,0.4518929642545947,0.42500514760679925,3,158.73498766729864,344.65844240690615,0.4705608913676862,1.0697731989819441
120960.0,ascending_neuron,AN16B112,AN16B112_R,R,,T1,,0.14434233190341875,0.42869845457934724,0.41887692684720373,3,143.61443781409005,156.62303744016077,0.4583254768653824,0.6550748112622058
120984.0,ascending_neuron,AN07B072_d,AN07B072_d_R,R,,T3,,0.20308473194133284,0.5085032071085149,0.3440823440083472,3,254.80544749542537,142.61439859366283,0.49916587571985754,0.7961678981279733
121271.0,sensory_ascending,SApp,SApp_R,,haltere,,,0.14104201634310237,0.42376912662111316,0.21508011391471282,3,189.6691745507261,314.6086434667221,0.455682863452583,1.106642049684894
121294.0,ascending_neuron,AN19B093,AN19B093_L,L,BA,T3,,0.10886251368139316,0.37230103056320224,0.28829640729731,3,138.57847351961195,241.3010692698024,0.42711532983021,0.8894074182268916
121691.0,ascending_neuron,AN17A024,AN17A024_L,L,BA,T3,,0.11076246297765775,0.3755358144510564,0.15693725241338222,3,224.00971745614444,166.9975868559422,0.42896683913913164,0.9115093956837693
121748.0,ascending_neuron,AN07B072_d,AN07B072_d_L,L,,T3,,0.09991566172063934,0.356674321533103,0.45626824091899565,3,242.56541985670765,210.1602111356148,0.4180555196995017,1.082931834790129
121911.0,ascending_neuron,AN06A062,AN06A062_L,L,BA,T1,,0.10757679111307238,0.3700959666638884,0.31216035567141603,3,145.11224115175608,171.75441444008715,0.4258485924190724,0.7440828999618218
122012.0,ascending_neuron,AN07B045,AN07B045_L,L,,T2,,0.17905016324391837,0.47746596562838195,0.17311385703457755,3,201.87318963788277,216.1789442374812,0.48369238484589266,0.8642933959122758
122112.0,ascending_neuron,AN01A014,AN01A014_R,R,BA,T1,,0.004294696612379727,0.073947126783412,0.34971910463377365,3,168.1374180979347,57.37060928090518,0.19035254693297876,1.1846861574079122
122141.0,sensory_ascending,SApp08,SApp08_R,,campaniform sensilla,,,0.1255236309882487,0.39977700130570587,0.11866676206401748,3,245.1929476311863,350.73595436943015,0.44259544805589207,1.3464415520273518
122261.0,ascending_neuron,AN07B062,AN07B062_L,L,,T1,,0.09724252403452234,0.35187075330384215,0.12763144288652176,3,243.97419588831798,150.6024895752368,0.415230862435444,0.9502585697730974
122413.0,sensory_ascending,SApp,SApp_R,,haltere,,,0.1611463314069184,0.45296565171797126,0.3632683565116462,3,135.53719528658354,333.8707848854843,0.47111906068615594,0.9963680507606802
122460.0,sensory_ascending,"SApp09,SApp22","SApp09,SApp22_R",,campaniform sensilla,,,0.1460630295782338,0.4312461307453425,0.1808281217567465,3,240.33724309843686,275.337738106387,0.45968533157500013,1.1217999483211458
122489.0,sensory_ascending,"SApp09,SApp22","SApp09,SApp22_L",,campaniform sensilla,,,0.35473810221298946,0.6720614404664818,0.019919548999240037,3,145.12498311453876,376.7037264139551,0.5738554746872909,0.9093382089154977
122597.0,ascending_neuron,AN10B045,AN10B045_L,L,BA,T1,,0.07372800000000002,0.30638767134830036,0.2929045245371204,3,230.76986119173748,181.44476577656167,0.3874660745932051,1.0638728239654973
122753.0,sensory_ascending,"SApp09,SApp22","SApp09,SApp22_L",,campaniform sensilla,,,0.48621100689883545,0.7868056183512535,0.23239233024012976,3,180.91506428718893,371.2086798207516,0.6209144490121922,0.8892106553266874
122754.0,ascending_neuron,AN10B048,AN10B048_L,L,BA,T1,,0.062079999999999996,0.2811453555319008,0.2032830449070822,3,402.7989637232191,216.5272937138529,0.37116199187232435,1.668614435203574
122992.0,sensory_ascending,"SApp09,SApp22","SApp09,SApp22_L",,campaniform sensilla,,,0.18767769132949352,0.48883397822298597,0.2687715678616747,3,168.22886800671753,358.6981605971211,0.48941664185973804,1.0766430552944921
123191.0,sensory_ascending,LgAG2,LgAG2_R,,leg bristle,,,0.05703287311619842,0.2694745060324015,0.12993895232004576,3,310.0541286014156,517.2269443658763,0.3633765374317345,2.276649667076286
123315.0,ascending_neuron,AN07B070,AN07B070_L,L,,T1,,0.06380158150410507,0.2850170110496391,0.052438034778526016,3,294.1423270285437,153.95536692073503,0.37370889127009427,1.1990554798585746
123524.0,sensory_ascending,SApp,SApp_R,,haltere,,,0.14630400000000002,0.43160171263901775,0.16491323664861798,3,138.72786508653473,336.66151656596253,0.45987480817404935,1.0337365152486806
123566.0,sensory_ascending,"SApp09,SApp22","SApp09,SApp22_R",,campaniform sensilla,,,0.227072,0.5376960571755226,0.2912120180998305,3,153.12230698590585,380.4457776104399,0.5132943288367855,1.0394973305189326
123771.0,sensory_ascending,LgAG1,LgAG1_R,,leg bristle,,,0.03746651830255789,0.21841211666562926,0.10125452037528795,3,302.85750416296963,602.2135968504839,0.32714207489431607,2.7665995005559547
123827.0,ascending_neuron,AN19B063,AN19B063_L,L,BA,T3,,0.10356760915679893,0.36313410130709556,0.11524236143035671,3,183.02862155176607,312.3833183059049,0.42182426393046285,1.1744510266942323
124001.0,sensory_ascending,SApp13,SApp13_L,,campaniform sensilla,,,0.09652861612665128,0.35057674088708846,0.6170276644653478,3,267.33706145238216,276.61080536009274,0.41446664888103285,1.3124044317703543
124174.0,ascending_neuron,AN08B079_b,AN08B079_b_L,L,BA,T3,,0.08966970383070978,0.33789201364037863,0.16925326997306697,3,171.75166744729185,242.12737004283684,0.4068993569468813,1.0171533339241885
124189.0,sensory_ascending,"SApp09,SApp22","SApp09,SApp22_L",,campaniform sensilla,,,0.3898038103229695,0.704495298771858,0.3474576195271323,3,143.9966782331654,334.61130201592573,0.5875395275198175,0.8145970744631268
124222.0,ascending_neuron,AN06A026,AN06A026_L,L,BA,A1,,0.24247038617344754,0.5556283686991148,0.4244643483979661,3,137.207375711268,123.70090056060549,0.5217833848088363,0.5000317830500897
124465.0,sensory_ascending,SApp08,SApp08_L,,campaniform sensilla,,,0.09680234493723049,0.35107345897571857,0.15306170869795444,3,184.07480990752305,411.1486300178056,0.4147601655150867,1.4351027157734069
124505.0,sensory_ascending,SApp,SApp_L,,haltere,,,0.14596814102455474,0.4311060303729723,0.08780617228273652,3,229.1372513280138,358.54351953532324,0.45961065575414634,1.278649142498771
124567.0,sensory_ascending,"SApp06,SApp15","SApp06,SApp15_R",,campaniform sensilla,,,0.09385797832597045,0.3456930569067325,0.31552704419851957,3,200.53116988633852,285.09820531928034,0.4115696756131323,1.1799445002408324
124570.0,sensory_ascending,"SApp06,SApp15","SApp06,SApp15_R",,campaniform sensilla,,,0.13936618003902712,0.4212440285919429,0.319708831389424,3,206.92308619022847,388.97277250364283,0.4543232043491197,1.3116122024794525
124578.0,ascending_neuron,ANXXX086,ANXXX086_R,R,CA,A1,,0.1248,0.39862299881335034,0.05265453510263111,3,254.90333373491183,149.75435129181182,0.44195618495337485,0.9156058876501838
124689.0,ascending_neuron,AN05B054_a,AN05B054_a_L,L,BA,T2,,0.08140800000000001,0.32195012790461836,0.2007947626788534,3,230.1181933452643,195.1830498565383,0.3971845448570009,1.0707900111141653
125223.0,ascending_neuron,AN10B048,AN10B048_L,L,BA,T3,,0.063488,0.2843157262905906,0.16403928711515378,3,385.1950966930423,477.98936247741096,0.3732488524863665,2.312624549065378
125469.0,ascending_neuron,AN07B085,AN07B085_L,L,BA,T3,,0.05556262114157244,0.2659784322959063,0.06025624392406859,3,238.837970815263,179.69095270865515,0.3610116782390759,1.15932239523496
125557.0,ascending_neuron,AN07B032,AN07B032_R,R,BA,T3,,0.07716958694403425,0.3134571258529988,0.5676313984907482,3,172.05292555826895,147.71567204215793,0.3919106934850967,0.8159221039795047
125825.0,sensory_ascending,"SApp09,SApp22","SApp09,SApp22_R",,campaniform sensilla,,,0.31270400000000004,0.6309889845289411,0.04813097719980246,3,205.74059063690098,327.7711972544772,0.556043705493715,0.9594781536420225
125885.0,ascending_neuron,AN07B071_c,AN07B071_c_R,R,,T1,,0.08135713550024198,0.3218495334240599,0.160516910539777,3,187.82582582827737,132.90779721558206,0.39712248913627307,0.8076440690665576
125886.0,ascending_neuron,AN06A018,AN06A018_R,R,BA,T1,,0.124911394421581,0.3988008612899026,0.09891392979893039,3,157.35581521563608,253.524836846827,0.44205477266064247,0.9294790543476132
125890.0,sensory_ascending,SApp,SApp_R,,haltere,,,0.20624852664576476,0.5124488073639665,0.1147636711426069,3,140.67580215248574,335.58578344606536,0.5010987084480897,0.9504346699945415
125942.0,sensory_ascending,SApp08,SApp08_R,,campaniform sensilla,,,0.1658045940818914,0.4594659572632404,0.4163780311559071,3,224.27593965859145,401.19450266386224,0.47448742771435765,1.3182023501347397
125949.0,ascending_neuron,AN12B080,AN12B080_R,R,BA,T1,,0.06452382367484787,0.2866256860093582,0.11384218133653957,3,205.93106980635872,6.00681001347527,0.37476203935909186,0.5655265410079542
126209.0,ascending_neuron,AN06B046,AN06B046_L,L,BA,T2,,0.16169700505034515,0.4537389349563698,0.47422017172520337,3,136.68448205063314,152.2350709674106,0.47152102617870734,0.6127394898155458
126215.0,sensory_ascending,SApp08,SApp08_L,,campaniform sensilla,,,0.23344757539451053,0.545192337267165,0.09383694405193825,3,177.9901621103786,335.294351016249,0.5168599861286525,0.9930823180397351
126597.0,ascending_neuron,AN10B045,AN10B045_L,L,BA,T3,,0.04131714807973485,0.2293613455026738,0.6304739406882338,3,412.0875392719869,185.69390571870733,0.3352417922877608,1.7831352138744614
126615.0,ascending_neuron,AN07B062,AN07B062_R,R,BA,T1,,0.14376791344041642,0.4278445893737586,0.05302968325404914,3,269.52061149240916,149.09230213063188,0.4578688117716052,0.9142638739758805
126727.0,ascending_neuron,AN08B047,AN08B047_L,L,BA,T1,potentially male-specific,0.09407750262919905,0.3460970913160388,0.1408207964519851,3,178.6798837505209,138.1272324497445,0.41181011976985094,0.7693038635799431
126986.0,ascending_neuron,AN19B065,AN19B065_L,L,BA,T3,,0.1051541987991923,0.3659050207445566,0.2856666005182944,3,174.80945782519493,313.7002413923269,0.4234305848245173,1.15369488347181
127217.0,ascending_neuron,AN10B053,AN10B053_L,L,BA,T3,,0.065024,0.2877344750926785,0.19512743994302006,3,213.11513503381238,212.29783971176607,0.37548620852890513,1.1329656458283206
127742.0,descending_neuron,DNge179,DNge179_R,R,nt,LB,,0.038241919726179775,0.22066065453986078,0.04769999383215006,3,170.04709315118103,247.45743653645076,0.32882171571313806,1.2696987751619788
127914.0,ascending_neuron,AN08B099_e,AN08B099_e_L,L,BA,T1,,0.13325649546716115,0.4119070764403199,0.11304030891291374,3,174.77746849920385,186.4671298224938,0.44925991080415434,0.8040882118217194
128061.0,sensory_ascending,SApp08,SApp08_L,,campaniform sensilla,,,0.12493577860352154,0.39883978471346215,0.5072678589580073,3,210.6035780527742,240.17209568075464,0.44207634466186546,1.0196783410302517
128197.0,ascending_neuron,AN08B079_a,AN08B079_a_L,L,BA,T3,,0.46509540884893164,0.7695309393528165,0.4613047994730316,3,172.9524959035431,230.36860866537504,0.6140603881401894,0.6568101645352189
128531.0,sensory_ascending,"SApp09,SApp22","SApp09,SApp22_L",,campaniform sensilla,,,0.35929458744832554,0.6763638643130738,0.1531370009660788,3,186.70358962597197,321.80022412001784,0.5756894071575455,0.8832954148951894
128832.0,ascending_neuron,AN10B053,AN10B053_R,R,BA,T2,,0.09699876067597105,0.3514294493677904,0.36356979194682304,3,384.26309612447795,320.85295544936355,0.4149703967636936,1.6991960319891743
128834.0,sensory_ascending,SApp,SApp_L,,haltere,,,0.08612644523659363,0.33114890294654215,0.13643996501977262,3,229.38940364521227,241.9699928997202,0.4028187712157983,1.170152510823324
129014.0,sensory_ascending,SApp23,SApp23_L,,chordotonal organ,,,0.07668855937107655,0.3124786495426928,0.0994668018483254,3,377.2545471979678,287.91431269798625,0.3912985283334444,1.6999012562836204
129205.0,sensory_ascending,SApp,SApp_R,,haltere,,,0.04296780652721009,0.2338980769928935,0.08291224545077977,3,170.22714636136178,263.3237040990276,0.3385410724365919,1.2806447599990767
129361.0,sensory_ascending,SApp08,SApp08_R,,campaniform sensilla,,,0.1337013434004275,0.41259403485949714,0.4259863519172204,3,177.44933551309398,413.6095362810818,0.44963438156034463,1.3145321977893516
129431.0,ascending_neuron,AN07B056,AN07B056_R,R,,T3,,0.09986803665768565,0.3565893065245034,0.19671651714846208,3,152.53869683562772,206.81429416062844,0.4180056939767766,0.8596844401268394
129436.0,ascending_neuron,AN07B062,AN07B062_R,R,,T1,,0.05986627316437052,0.27608713550035974,0.17671367123804504,3,267.0527838897294,148.582677490316,0.3678079612993393,1.130033890271836
129503.0,sensory_ascending,SApp08,SApp08_L,,campaniform sensilla,,,0.2928424098914086,0.610621434809887,0.19376100637450208,3,256.86317979090967,246.53247380838008,0.5469958894332246,0.9202914744403076
130140.0,ascending_neuron,AN05B104,AN05B104_R,R,BA,T2,,0.12493577860352152,0.39883978471346215,0.29798588024177014,3,228.63902063266647,135.0571513754557,0.44207634466186546,0.8226999168804325
130228.0,sensory_ascending,LgAG1,LgAG1_R,,leg bristle,,,0.05033918834780303,0.25316762283967975,0.033278133661041265,3,309.0482236716467,419.33600723114586,0.3522103564511456,2.0680375166759903
130333.0,ascending_neuron,AN12B089,AN12B089_L,L,,T1,,0.06783805087879213,0.29389469035121085,0.08551041219992606,3,196.4760823141958,143.35491864729266,0.37948438475396234,0.8955072056043016
130347.0,sensory_ascending,LgAG1,LgAG1_L,,leg bristle,,,0.06580254467731889,0.2894518993327988,0.17074410720707311,3,310.91213464880474,427.24765873034073,0.3766051389360897,1.9600364335559741
130639.0,ascending_neuron,AN05B068,AN05B068_L,L,,T3,,0.07903837162223928,0.3172298540505111,0.17504176083631287,3,184.00891030666332,170.92997684523783,0.3942621316900095,0.9002611679454257
131108.0,ascending_neuron,AN07B082_c,AN07B082_c_L,L,BA,T1,,0.091045660944562,0.34047457451499386,0.18850878832432302,3,177.47140612260674,175.66356577132575,0.408451394308242,0.8645703670371989
131125.0,ascending_neuron,AN07B062,AN07B062_L,L,BA,T1,,0.1148155286870798,0.38234496397110357,0.12357257975653092,3,233.05772676674175,154.98946260271072,0.4328383443571523,0.8965175900618896
131199.0,ascending_neuron,AN10B045,AN10B045_L,L,BA,T3,,0.045853866290436036,0.24162565228050975,0.40633364487365325,3,243.74057562519323,22.05412741131137,0.3440880259722064,0.7724613557403305
131295.0,ascending_neuron,AN07B071_d,AN07B071_d_L,L,,T1,,0.06865342758484731,0.2956556423994635,0.09749718091534364,3,236.1795099726845,143.32174467889456,0.38061958012658403,0.9970618288354133
131384.0,ascending_neuron,AN07B072_d,AN07B072_d_R,R,,T3,,0.07979720490377969,0.3187490499481166,0.5286856829088034,3,244.2838363220299,163.84429430413024,0.39520505370576564,1.0326996752678568
131475.0,sensory_ascending,SApp01,SApp01_R,,campaniform sensilla,,,0.1595345489305374,0.45069468207406993,0.19664460476685428,3,179.28918383328516,343.4927482664087,0.4699365853136934,1.112452080637061
131604.0,ascending_neuron,AN07B071_d,AN07B071_d_L,L,BA,T1,,0.06418301106843805,0.28586771030060387,0.4492441553368543,3,236.7861947230244,167.38646904530384,0.3742661860859138,1.0799069720809598
131792.0,ascending_neuron,AN07B082_a,AN07B082_a_L,L,BA,T1,,0.08613692028777638,0.3311690401775163,0.03806142058117885,3,209.64207946359593,166.66776502339874,0.40283101877460104,0.9341630285366729
132009.0,sensory_ascending,SApp,SApp_L,,haltere,,,0.08807703311392097,0.33487783077354133,0.22081586234630549,3,144.88735710338352,195.20257503687412,0.40508040816489166,0.8395615420675219
132257.0,ascending_neuron,AN07B056,AN07B056_L,L,,T3,,0.07022968571019957,0.2990304550719676,0.524085673774723,3,158.53771200480404,225.45214153518288,0.3827857403107698,1.0031456585301206
132393.0,sensory_ascending,"SApp06,SApp15","SApp06,SApp15_R",,campaniform sensilla,,,0.13163991201396916,0.40940095461740555,0.3966300365833111,3,178.0629665003969,346.54818009416596,0.44789113382889006,1.1712916531966502
132581.0,ascending_neuron,AN05B104,AN05B104_R,R,BA,T1,,0.13140229950756413,0.40903129953851264,0.10821755490571575,3,296.0523882905262,137.30715745807333,0.447688883906973,0.9679926424946682
132618.0,ascending_neuron,AN06B045,AN06B045_R,R,BA,A1,,0.05915530962047065,0.2744428528671054,0.07171945747910397,3,157.99397265045292,171.8465887385519,0.3667110550622678,0.8994562799122531
132923.0,ascending_neuron,AN08B110,AN08B110_L,L,BA,T1,,0.085968825912766,0.3308457476930702,0.5755492073325953,3,192.23915387392205,198.91058349907965,0.4026343457401571,0.971476332089744
133115.0,sensory_ascending,SApp13,SApp13_R,,campaniform sensilla,,,0.041426277369398884,0.22966404711640437,0.10946577352844754,3,226.16387312233715,263.9992336658052,0.3354629384701656,1.4611542754125582
133389.0,sensory_ascending,"SApp09,SApp22","SApp09,SApp22_R",,campaniform sensilla,,,0.09357911747269283,0.345179131651451,0.6513470033108303,3,214.92168591396938,385.04839998176857,0.4112636313962261,1.4588454706263712
133408.0,sensory_ascending,SApp08,SApp08_L,,campaniform sensilla,,,0.48859171729601286,0.7887295453394317,0.21843921527242902,3,174.07265623254978,334.3743082661189,0.6216731273075277,0.8178686550289818
133485.0,ascending_neuron,AN08B079_a,AN08B079_a_L,L,BA,T3,,0.05823228581042885,0.2722933144132597,0.6058002400968654,3,163.70633421462622,163.09898465116638,0.3652721233032946,0.8946900078504977
133908.0,sensory_ascending,"SApp06,SApp15","SApp06,SApp15_L",,campaniform sensilla,,,0.07936493278896567,0.3178845244615715,0.06147352315333396,3,224.70503005455998,250.83323511324716,0.39466874336102425,1.2049048047689128
134030.0,ascending_neuron,AN08B043,AN08B043_L,L,BA,T1,sexually dimorphic,0.091264,0.3408825806794913,0.3638983158836646,3,238.45832986871298,153.96235387838726,0.4086960539728157,0.9601773247685969
134187.0,sensory_ascending,SApp,SApp_L,,haltere,,,0.20694999654096802,0.513319510031292,0.3351931808723383,3,197.02241017935927,230.31483783103255,0.5015242366180651,0.8520769622063744
134221.0,ascending_neuron,AN06A062,AN06A062_R,R,BA,T1,,0.08529583023822564,0.329548212042375,0.2123980928716108,3,136.04239166693853,144.71681870793213,0.4018440293207848,0.6986770734143364
134546.0,sensory_ascending,SApp,SApp_R,,haltere,,,0.192990454819005,0.49570462861666115,0.41668613558969125,3,179.45859830102404,347.2439830181602,0.49284406055279184,1.0687002714984846
134828.0,ascending_neuron,AN10B048,AN10B048_R,R,BA,T3,,0.05288157159769207,0.25948199965686514,0.6356613637391971,3,391.8155216534518,456.6948492550726,0.35657562989058,2.3796084190299296
135049.0,ascending_neuron,AN07B070,AN07B070_L,L,,T1,,0.059096741238106675,0.274306959279816,0.14540175613085707,3,253.08193473583603,156.4910780162957,0.3666202531872862,1.1171587199327564
135305.0,sensory_ascending,SApp23,SApp23_L,,chordotonal organ,,,0.100736,0.35813553129847553,0.17342342039904945,3,340.9641087006539,215.02768043352793,0.4189109813984983,1.3272313542081209
135347.0,sensory_ascending,SApp,SApp_R,,haltere,,,0.20574346502754795,0.5118209801716905,0.18345444891081497,3,181.64073940159267,340.50794783838546,0.5007916535687553,1.042646544763731
135600.0,ascending_neuron,AN19B061,AN19B061_R,R,,T3,,0.08439498103302223,0.3278033362069671,0.23194990198594634,3,159.81489275493604,402.6537351219522,0.40077878529360045,1.4034391253140757
135694.0,ascending_neuron,AN07B045,AN07B045_R,R,,T2,,0.09194674189076421,0.3421552685329836,0.43492053782567186,3,214.00070515756138,208.90002843786672,0.4094582781934711,1.0328298537796454
135809.0,ascending_neuron,AN06A080,AN06A080_L,L,BA,T1,,0.0881577278018591,0.3350312003550199,0.056885156453616734,3,146.1072719257717,185.33011159902472,0.40517315825947764,0.8180141669516519
136203.0,sensory_ascending,SApp08,SApp08_R,,campaniform sensilla,,,0.15206576543472544,0.4400183472901032,0.28982324716135727,3,171.45126912848374,401.1920283679988,0.4643371514020287,1.2332489351055198
136369.0,ascending_neuron,AN05B068,AN05B068_R,R,BA,T3,,0.07042401602192645,0.2994438880628213,0.049686801207390004,3,191.79855984805985,148.61982613688525,0.38305026452253294,0.888704218516262
136454.0,sensory_ascending,SApp,SApp_L,,haltere,,,0.10786459428016586,0.3705906999835822,0.07896351163160592,3,162.9036365212392,220.34766019771416,0.4261331282497938,0.8993698713194068
136663.0,ascending_neuron,AN10B048,AN10B048_L,L,,T1,,0.080768,0.32068210356858023,0.12672413545801686,3,397.4766420993381,216.48131426678341,0.39640160285826836,1.5488281377753141
136883.0,sensory_ascending,SApp,SApp_L,,haltere,,,0.11079658554485908,0.3755936556138121,0.32352819282271866,3,164.25362573750164,202.37567848652427,0.4289998732526245,0.8546140152543341
137572.0,ascending_neuron,AN10B047,AN10B047_L,L,,T3,,0.13764764948465533,0.41863878291876855,0.37175872743612576,3,225.61298508969114,7.380077343935032,0.45291611102962165,0.5144287358291565
137815.0,ascending_neuron,AN08B102,AN08B102_L,L,BA,T1,,0.10040887335598567,0.35755355990277293,0.09642917430857782,3,176.80800497026078,175.10712306342054,0.4185704771628772,0.840754776636436
137825.0,sensory_ascending,"SApp09,SApp22","SApp09,SApp22_L",,campaniform sensilla,,,0.22451200000000002,0.5346564847334977,0.12379091757380463,3,142.92403088624658,372.53736669935483,0.5118414574059177,1.007072385652444
137839.0,ascending_neuron,AN05B054_b,AN05B054_b_R,R,BA,T2,,0.0873999249840781,0.3335881303293254,0.6167256779586544,3,249.30454606475246,166.89956427758113,0.40429962139652,1.0294447194995964
137843.0,ascending_neuron,AN07B071_c,AN07B071_c_L,L,,T1,,0.12644049552812203,0.4012343940420792,0.4809952814894029,3,179.22907619393624,149.59232561279757,0.44340145813993304,0.7415884539174452
138205.0,sensory_ascending,SApp,SApp_R,,haltere,,,0.05228839442689064,0.25802257946743123,0.09223338596529092,3,168.85742862795448,220.23972712419229,0.3555714610862931,1.0942867983932978
138315.0,ascending_neuron,AN07B085,AN07B085_L,L,,T3,,0.08239253885850244,0.32389109074776024,0.13276174306999594,3,220.15372733417232,154.36083933090316,0.39838001263417133,0.9400937667246592
138437.0,sensory_ascending,LgAG8,LgAG8_R,,leg bristle,,,0.07481511499852912,0.3086382396269718,0.13964926764217522,3,335.8665664889103,511.88527554543606,0.3888865354023152,2.179946500737858
138523.0,ascending_neuron,AN08B079_a,AN08B079_a_R,R,BA,T3,,0.07504475140309678,0.30911154153677667,0.04124767397157326,3,144.6748695368534,221.1689513912699,0.38918460318083054,0.9400264500138455
138625.0,sensory_ascending,SApp,SApp_L,,haltere,,,0.245149463519996,0.5586895303514011,0.17559927086425584,3,170.68433424179963,300.300026543434,0.5232187590981295,0.9001671912472478
138981.0,sensory_ascending,SApp,SApp_R,,haltere,,,0.08870642897437159,0.3360722143266398,0.06307563618760476,3,161.87278938755648,372.8371908490724,0.4058021500929406,1.3176617721571084
139028.0,ascending_neuron,AN09B040,AN09B040_L,L,BA,T1,,0.05216209395726048,0.25771076958981576,0.0567151172357408,3,234.70514283730003,173.9906791580579,0.355356549255828,1.1501007167343074
139217.0,sensory_ascending,SApp01,SApp01_R,,campaniform sensilla,,,0.15959689601948696,0.4507827406068212,0.06178841347730882,3,158.04408355703137,348.9938911969408,0.46998249211788984,1.0788443894348034
139218.0,sensory_ascending,SApp,SApp_R,,haltere,,,0.1572832879135301,0.44750340992831844,0.355069300665931,3,221.37528751742232,164.21082996329625,0.4682698696957514,0.8234271355772796
139436.0,ascending_neuron,AN06A010,AN06A010_L,L,BA,T2,,0.06527095478853819,0.2882803509769401,0.04263558931216157,3,163.00937805278912,173.51056359525333,0.3758422168659351,0.89537557662949
139538.0,sensory_ascending,SApp,SApp_R,,haltere,,,0.05759910252649546,0.2708088903230266,0.38712751622132746,3,146.31915161303743,205.61430173594897,0.3642751106763719,0.9661199544913459
139623.0,ascending_neuron,AN08B110,AN08B110_R,R,BA,T1,,0.12510146295893618,0.3991041590155867,0.4554297685861936,3,189.87001068140975,195.93439700291515,0.44222283739946927,0.8724208137984959
139941.0,ascending_neuron,AN11B012,AN11B012_L,L,IA,T1,,0.2918781040214938,0.6096152428232822,0.46309453182209903,3,145.3549826408521,223.09137532319463,0.5465450292367575,0.6741372407660114
140146.0,ascending_neuron,AN05B053,AN05B053_L,L,,A5,,0.04629136702761858,0.24277561467209471,0.22508817186232746,3,199.0819191069751,184.53011243175163,0.34490585844448396,1.1122224286615674
140179.0,ascending_neuron,AN12B089,AN12B089_L,L,,T1,,0.0794658032085698,0.3180864711038391,0.1610194236143768,3,195.2704313925457,144.65228600481038,0.3947940866336287,0.8610126871348163
140194.0,ascending_neuron,AN12B060,AN12B060_L,L,BA,T1,,0.04731156244420522,0.24543624880438725,0.032439039248117016,3,200.14792762632575,134.92197360484644,0.3467906600734076,0.9662022072919888
140213.0,ascending_neuron,AN12B060,AN12B060_L,L,BA,T1,,0.04013189542073725,0.22604759732157884,0.10600527524443151,3,203.05212798992375,136.59710276491106,0.3328112418287183,1.0205461476858273
140432.0,sensory_ascending,"SApp09,SApp22","SApp09,SApp22_L",,campaniform sensilla,,,0.15076332671842016,0.4381299230521922,0.07700996716618322,3,203.30496249437243,375.9579140766423,0.4633396834888786,1.25019051294992
140650.0,ascending_neuron,AN10B047,AN10B047_L,L,BA,T1,,0.074112,0.30718451969364013,0.10890491058935749,3,232.37422491848045,213.3711868554725,0.38796960531707075,1.1489183834637366
140748.0,sensory_ascending,"SApp09,SApp22","SApp09,SApp22_L",,campaniform sensilla,,,0.2174959228354021,0.5262360779846831,0.0755007811365222,3,178.01149980170413,331.81240008214365,0.5077949174740671,1.0039956729379518
140790.0,sensory_ascending,LgAG8,LgAG8_R,,leg bristle,,,0.055909618640299155,0.2668076786449203,0.21259242253164803,3,308.16300699731016,248.79362381239184,0.36157400699719955,1.5403668959367858
140838.0,sensory_ascending,SApp,SApp_R,,haltere,,,0.09035040402040968,0.33917209095322753,0.05193378682438717,3,137.2855702226366,173.11232481682276,0.4076693814441814,0.7613961439533802
140895.0,ascending_neuron,AN10B047,AN10B047_L,L,BA,T2,,0.064,0.2854598585844434,0.23431185159819345,3,225.71961427076374,235.0045223369276,0.3739991052213591,1.231885665434954
141234.0,sensory_ascending,LgAG8,LgAG8_R,,leg bristle,,,0.05356151409262928,0.26114485983573427,0.2606214123029564,3,324.41335645846345,667.801862674109,0.3577163419799405,2.773748645758578
141369.0,ascending_neuron,AN19B061,AN19B061_L,L,,T3,,0.0925764401369482,0.34332489640742625,0.06722017479041684,3,172.38041244836953,413.3329857953318,0.4101575297853726,1.4280205913815447
141508.0,sensory_ascending,SApp,SApp_L,,haltere,,,0.1462450841749125,0.4315148020573815,0.2761969472880444,3,247.6521512780733,232.90308989735675,0.45982850391000873,1.0450749292163883
141639.0,ascending_neuron,AN07B060,AN07B060_L,L,BA,T2,,0.16603094751524025,0.459779477604484,0.3685733746114963,3,163.92948332660552,311.4754588791509,0.4746492852898834,1.0015920321367628
141892.0,ascending_neuron,AN10B034,AN10B034_L,L,BA,T3,,0.07140191446441212,0.3015157393335995,0.12609414765063076,3,251.40724228030385,266.94676744697415,0.3843731419772507,1.3485697961642622
142316.0,ascending_neuron,AN05B054_b,AN05B054_b_R,R,CA,T2,,0.07616836678244653,0.3114170461700886,0.33964605898373584,3,197.31554731722548,195.18323646975034,0.3906332712703098,1.0047756109217207
142571.0,sensory_ascending,SApp23,SApp23_L,,chordotonal organ,,,0.11307132810659473,0.3794296856085998,0.370050682536557,3,397.18442693143936,216.09142991121712,0.43118504838203037,1.4223031599632217
142880.0,sensory_ascending,SApp08,SApp08_L,,campaniform sensilla,,,0.24719008361759057,0.5610099727529876,0.36174484321362277,3,204.6341161114604,326.3049212612638,0.5243041928584625,1.0126545707713857
142953.0,ascending_neuron,AN10B034,AN10B034_L,L,BA,T1,,0.126336,0.4010685616246448,0.15413825758675334,3,214.52640956512872,216.83020837081907,0.4433098185198202,0.9730364632486975
143017.0,sensory_ascending,"SApp09,SApp22","SApp09,SApp22_L",,campaniform sensilla,,,0.18475608271228824,0.48501417570999505,0.419931587966394,3,144.41407811160929,231.54837395874776,0.48750071394603883,0.7712039004561787
143082.0,sensory_ascending,"SApp06,SApp15","SApp06,SApp15_L",,campaniform sensilla,,,0.3726230342053436,0.6887948768896635,0.1521396191805849,3,138.3574361429752,384.82050113553703,0.5809556692863364,0.9005470897998119
143196.0,sensory_ascending,"SApp06,SApp15","SApp06,SApp15_R",,campaniform sensilla,,,0.11628273349887902,0.38478016406861854,0.42924464167302784,3,181.35140819243574,259.8006526323072,0.43421455571367373,1.0159771362331849
143244.0,ascending_neuron,AN08B097,AN08B097_L,L,BA,T1,,0.07792404660909913,0.3149856784498162,0.12641130883742194,3,176.4418477776618,147.16505277916443,0.39286509445407586,0.8237099837197532
143861.0,ascending_neuron,AN05B083,AN05B083_L,L,BA,T1,,0.09728,0.35193854990869733,0.14228649176279895,3,282.0411692699255,170.89350970146597,0.41527086275738356,1.09069698741665
144434.0,sensory_ascending,"SApp09,SApp22","SApp09,SApp22_R",,campaniform sensilla,,,0.08839606445989615,0.33548377735636975,0.3288361094260031,3,135.02922886313945,241.14501619507365,0.4054467300455402,0.9278018964808541
144505.0,descending_neuron,DNg65,DNg65_L,L,xl,MX,,0.15664662178778788,0.4465967682478057,0.007896037584877507,3,213.82041309613518,137.92086429661055,0.46779527193145587,0.751912852689723
144519.0,ascending_neuron,AN07B062,AN07B062_R,R,BA,T1,,0.09392643263671588,0.34581909769266655,0.05006182837196948,3,267.45382894759285,157.40105288379146,0.4116446985804707,1.0320912264787279
144662.0,sensory_ascending,SApp13,SApp13_L,,campaniform sensilla,,,0.07225705684159336,0.30331591147991743,0.7850321669922623,3,249.4126737424852,279.42541873667864,0.3855188667564267,1.37175671045248
144990.0,sensory_ascending,LgAG8,LgAG8_L,,leg bristle,,,0.05394415459498994,0.2620760020254587,0.0638581645497748,3,321.4693157881359,663.2451611407017,0.35835351399487453,2.7478856449637656
145101.0,ascending_neuron,AN07B089,AN07B089_L,L,BA,A1,,0.054751558191550476,0.2640300153871724,0.1374360544336211,3,162.239359990202,273.22578690204284,0.3596869577003237,1.2106781676945215
145433.0,sensory_ascending,SApp,SApp_R,,haltere,,,0.06857523426108392,0.29548722485192086,0.3863356045349503,3,187.442773269569,384.594754909877,0.3805111564428055,1.5033397010671585
145544.0,ascending_neuron,AN07B046_b,AN07B046_b_L,L,BA,T2,,0.08732761556573901,0.3334501064413218,0.07250645882510798,3,266.3053412768016,217.60411977152006,0.40421597216865096,1.1971557146841791
145554.0,sensory_ascending,SApp08,SApp08_L,,campaniform sensilla,,,0.10952832581024194,0.37343780699098617,0.07973538042465199,3,170.88916727924666,269.4298269927048,0.42776690548192625,1.0293432910053757
145804.0,sensory_ascending,"SApp06,SApp15","SApp06,SApp15_R",,campaniform sensilla,,,0.29515908288586334,0.6130319863743202,0.3475539143313131,3,199.8328544218087,392.41902211482596,0.5480745143896192,1.0806046641234814
145821.0,sensory_ascending,SApp,SApp_L,,haltere,,,0.13177481349684875,0.40961067313277943,0.22589056418730727,3,148.49395741735043,217.29010153810677,0.4480058368314657,0.8164716369377587
145823.0,ascending_neuron,AN07B046_a,AN07B046_a_R,R,BA,T2,,0.07656696628653357,0.3122308269476583,0.08007555732416054,3,205.02806824083237,219.0381788820418,0.3911433307680863,1.0841709771457366
146059.0,ascending_neuron,AN08B079_a,AN08B079_a_L,L,BA,T3,,0.06341800486179583,0.28415895487956255,0.22567478070013275,3,179.90442169295028,232.21173956990924,0.37314593377254646,1.1044369614223577
146224.0,sensory_ascending,SApp,SApp_L,,haltere,,,0.44592296177815105,0.753502985290283,0.18124616762506626,3,179.6124741780203,332.59913338792256,0.6076318480726949,0.8429637274454773
146426.0,sensory_ascending,SApp01,SApp01_L,,campaniform sensilla,,,0.3041553628212786,0.6223042950898885,0.10055365576240391,3,184.29211094703393,343.5698314746818,0.552203861444345,0.9559186004984455
146485.0,sensory_ascending,"SApp06,SApp15","SApp06,SApp15_L",,campaniform sensilla,,,0.3670288307846578,0.683604872285838,0.45818389567054923,3,229.5735840055078,244.04433711556382,0.5787628075646021,0.8183281906348239
146502.0,ascending_neuron,AN07B046_a,AN07B046_a_R,R,,T2,,0.09755962880682471,0.3524440060017094,0.09545284336015791,3,203.28140439871618,229.50495240302143,0.4155689629181149,1.0414308945565196
146824.0,sensory_ascending,SApp,SApp_L,,haltere,,,0.25628128326666166,0.5712332837209222,0.3668027059966903,3,190.4732826411487,342.2496787610655,0.5290598350123091,1.0069238414022108
146936.0,ascending_neuron,AN10B047,AN10B047_L,L,BA,T3,,0.05893491352618143,0.27393112723288937,0.1263436865504406,3,223.4291581972312,8.266887357410297,0.3663690111678603,0.6324116901046651
147170.0,sensory_ascending,SApp,SApp_L,,haltere,,,0.24445014947683139,0.5578921016023827,0.22642858074184924,3,201.6848643782866,329.6185479961247,0.5228452254588996,1.0161772289458852
147266.0,sensory_ascending,SApp,SApp_L,,haltere,,,0.08183333899409875,0.3227900916772455,0.18037643053932267,3,180.14727465726392,214.42044327812988,0.39770233205483,0.9921181902473631
147452.0,sensory_ascending,"SApp09,SApp22","SApp09,SApp22_L",,campaniform sensilla,,,0.24337536588470068,0.5566642974529532,0.05665798097851809,3,158.63269348006338,394.34000006258134,0.5222695719185132,1.058787881345157
147493.0,sensory_ascending,SApp,SApp_L,,haltere,,,0.08180073607355472,0.32272578446305467,0.4596785790055138,3,174.39959273581866,235.62820682080536,0.3976627143533786,1.0310944042700905
147617.0,ascending_neuron,AN19B065,AN19B065_R,R,BA,T3,,0.10125439509622358,0.35905584511987826,0.28495390973277257,3,201.53722815237862,304.214297788839,0.4194488814012267,1.2057524727487294
147822.0,ascending_neuron,AN10B053,AN10B053_R,R,BA,T1,,0.0841528855713273,0.32733283017898923,0.0697860285574362,3,395.7393675985147,210.72470900855447,0.40049105706333155,1.5143011708028378
147908.0,sensory_ascending,"SApp09,SApp22","SApp09,SApp22_L",,campaniform sensilla,,,0.1453718405443264,0.4302245647007744,0.05735765527313984,3,197.40393494178326,397.02093468775576,0.45914054134151494,1.2946468806539078
148063.0,ascending_neuron,AN12B060,AN12B060_R,R,BA,T1,,0.0813375024418299,0.3218106968062601,0.4222309003650366,3,211.36666583182776,135.9231165482185,0.3970985286236496,0.8745682931230158
148129.0,ascending_neuron,AN07B046_a,AN07B046_a_L,L,,T2,,0.081152,0.3214435184201852,0.034985441440826145,3,185.91398410427692,217.16511025155094,0.39687192395770543,1.0156402356110832
148303.0,ascending_neuron,AN07B071_c,AN07B071_c_R,R,,T1,,0.054373794825995955,0.26311758924437995,0.10637980823590881,3,255.637727680904,135.93253506303887,0.35906492272254353,1.0905277512905844
148634.0,sensory_ascending,SApp,SApp_L,,haltere,,,0.4220626946967047,0.7330667863471433,0.07415904661409728,3,142.73290295492,338.31918832487503,0.5993352361659543,0.8026427652696746
148730.0,ascending_neuron,AN08B099_a,AN08B099_a_L,L,,T1,,0.0655965031654849,0.288998376858142,0.8569589515491733,3,187.91611644200708,193.75343731672515,0.37630998480041633,1.014242430907483
148769.0,sensory_ascending,"SApp09,SApp22","SApp09,SApp22_R",,campaniform sensilla,,,0.32672760376955917,0.6449825621487485,0.10488363421168481,3,194.3327453784455,310.602679666648,0.5621756446635577,0.8981808974440355
148994.0,ascending_neuron,AN08B047,AN08B047_R,R,BA,T1,potentially male-specific,0.13248,0.41070521653189934,0.3480405060614959,3,178.56448513452924,142.01011786509585,0.44860400811922163,0.7146048568394171
149075.0,ascending_neuron,AN19B051,AN19B051_R,R,BA,A3,,0.03894722035926861,0.2226861942710756,0.046771124458520025,3,64.24247941085952,127.49460691600379,0.33032746660371287,0.5804454842893412
149207.0,ascending_neuron,AN10B045,AN10B045_L,L,BA,T3,,0.04258454526009482,0.23285258645700516,0.24010322525417999,3,419.9739781939253,267.7007450382026,0.3377836102654072,2.035843961439693
149433.0,ascending_neuron,AN07B089,AN07B089_L,L,BA,A1,,0.046967179935176594,0.24454134782927553,0.14409578455962788,3,163.84094975433905,212.1954119092278,0.3461578547950992,1.0863146869400193
149456.0,sensory_ascending,SApp,SApp_L,,haltere,,,0.08529162852717949,0.32954009509567517,0.07552832196482988,3,254.4775939061221,186.90139021834662,0.4018390804748598,1.098397357476739
149458.0,ascending_neuron,AN19B099,AN19B099_L,L,,T3,,0.094464,0.34680729570449126,0.38726802479474587,3,143.0345848867313,229.57561439362294,0.4122324282430977,0.9038837649633478
149486.0,ascending_neuron,AN07B045,AN07B045_L,L,,T2,,0.054498078755478484,0.26341812576883633,0.15563819704896328,3,83.64554403770363,217.7340175619222,0.3592699286424203,0.8388666503162516
149586.0,sensory_ascending,SApp,SApp_R,,haltere,,,0.254637439619845,0.5693983295497967,0.18167715871160003,3,214.79071179956006,225.78228563579552,0.5282094106312385,0.8340877473365105
149631.0,ascending_neuron,AN08B061,AN08B061_R,R,BA,T1,potentially male-specific,0.11385764984687324,0.3807467166708709,0.14221009582670838,3,220.64217117307047,145.09597044699595,0.4319327391721155,0.846747904132194
149788.0,sensory_ascending,SApp23,SApp23_L,,chordotonal organ,,,0.0878865770566691,0.3345155681877379,0.19020223842957215,3,375.8242170769821,310.69865777285656,0.4048612458756599,1.6956991607457585
149920.0,descending_neuron,DNg106,DNg106_R,R,lt,MX,,0.16210892287508424,0.4543165098903845,0.05468335355522241,3,203.78030132598116,209.50317671110125,0.4718210358242714,0.8759327089244255
150027.0,sensory_ascending,"SApp06,SApp15","SApp06,SApp15_L",,campaniform sensilla,,,0.3051808943756908,0.6233525351009446,0.39613924472841017,3,221.02016347666031,246.4376869143567,0.5526687454519776,0.8458192257800387
150232.0,ascending_neuron,AN07B069_a,AN07B069_a_R,R,,T1,,0.06952150559800033,0.2975189576092606,0.404056083618754,3,179.6666684117836,143.98189732733744,0.3818170887068017,0.8476534322633517
150265.0,sensory_ascending,SApp,SApp_L,,haltere,,,0.16656516343308367,0.4605185695042898,0.15783392177880498,3,219.05042418338675,338.2369119934654,0.4750306295988733,1.1731608478540387
150277.0,sensory_ascending,"SApp06,SApp15","SApp06,SApp15_L",,campaniform sensilla,,,0.09292838477287112,0.3439768805038857,0.140444072292018,3,168.04372592009264,263.9277900000896,0.4105467956846137,1.052185817696717
150303.0,sensory_ascending,SApp,SApp_R,,haltere,,,0.151808,0.43964525336588767,0.06877029328435443,3,186.26517553307724,341.74143839890746,0.4641402526707686,1.137601427356741
150355.0,ascending_neuron,AN11B012,AN11B012_R,R,IA,T1,,0.45629123662601784,0.7622125992059928,0.21956253132562045,3,153.65791029243462,187.89183393719816,0.6111335153719983,0.5588790921108797
150442.0,ascending_neuron,AN08B100,AN08B100_R,R,,T2,,0.034304,0.20899093124486293,0.13657460060375834,3,172.77899649506648,237.31985938226651,0.3200086816165818,1.2815241567998854
150463.0,ascending_neuron,AN19B065,AN19B065_L,L,BA,T3,,0.07811724273897128,0.31537590678574984,0.12897666589119328,3,167.9370357092768,416.12374306979495,0.3931083747836179,1.4857500278404436
150489.0,ascending_neuron,AN09B016,AN09B016_R,R,BA,T2,,0.0246698624786756,0.17723048403428796,0.15653204494368503,3,226.11779569873303,164.82278438914202,0.2946912573810107,1.3266107164571297
150724.0,sensory_ascending,SApp08,SApp08_L,,campaniform sensilla,,,0.13810232167586628,0.41932962830862425,0.4994247045188178,3,226.7902272509319,244.25399076054828,0.4532896622152615,1.039168234522382
151156.0,sensory_ascending,SApp,SApp_L,,haltere,,,0.26702493402540156,0.5830837893745968,0.2146557846821445,3,178.89362582273074,326.77031449868014,0.534519463437537,0.9460159543479408
151406.0,descending_neuron,DNge117,DNge117_R,R,nt,LB,,0.06679183140497015,0.2916196169843379,0.16174530052885666,3,159.2886141697534,207.03173392716056,0.37801271449823687,0.9690688541605194
151469.0,ascending_neuron,AN10B047,AN10B047_R,R,,T3,,0.0567273103721221,0.26875166014789753,0.05158904928080413,3,428.4139263442995,241.7668091203099,0.3628888445136744,1.8467934343993193
151517.0,ascending_neuron,AN10B047,AN10B047_L,L,BA,T2,,0.06321741705150824,0.2837092090609596,0.08228715902130412,3,226.5597248419079,262.2905091610696,0.37285052291752274,1.3111158599906663
151556.0,sensory_ascending,LgAG2,LgAG2_R,,leg bristle,,,0.049585463141844865,0.2512651438544645,0.11657457119660748,3,311.9239489308353,396.1237979901585,0.35088448311187487,2.0178941532026715
151896.0,ascending_neuron,ANXXX202,ANXXX202_R,R,BA,A5,,0.1193718370462797,0.3898575938147225,0.25451435247878146,3,301.83509735861753,380.64249434402865,0.4370700412625121,1.561483348827237
152076.0,ascending_neuron,AN08B096,AN08B096_R,R,BA,T1,,0.08088133274765567,0.3209070134559205,0.29295787005065277,3,200.2469132669739,158.68588326573402,0.3965405863129284,0.9051603011689138
152243.0,descending_neuron,DNpe057,DNpe057(PS226)_R,R,nt,,,0.20815605174127033,0.5148130889487214,0.42478758273814243,3,186.1625205269881,208.44993301826378,0.5022533360614676,0.7856840865203486
152496.0,ascending_neuron,AN09B037,AN09B037_L,L,BA,A4,,0.12722855176556744,0.40248282364258126,0.0900480643275039,3,235.6304635959386,331.12447622074507,0.44409073800842186,1.2762142762948943
152565.0,ascending_neuron,AN19B079,AN19B079_L,L,BA,T3,,0.1717455538227797,0.4676250963748678,0.18783857250001773,3,156.8130942545582,313.3703500232666,0.4786818329785299,0.9822462685750469
152604.0,ascending_neuron,AN07B082_a,AN07B082_a_R,R,BA,T1,,0.0880066060700169,0.33474391860984587,0.11557792174347443,3,193.66745047083407,171.5681768863722,0.4049994075536709,0.9018176830513138
152698.0,ascending_neuron,AN10B035,AN10B035_L,L,BA,T3,,0.06716111674023749,0.29242467355242974,0.2456704770366744,3,185.78374419895226,235.20125983753988,0.3785341332570823,1.1121454237538446
152914.0,ascending_neuron,AN06A112,AN06A112_L,L,BA,T1,,0.07540225914237735,0.30984695916281524,0.08050262585138829,3,173.50671072146523,181.7409480770413,0.38964728921138336,0.9117159765630628
153028.0,descending_neuron,DNge074,DNge074_R,R,xl,GNG,,0.3325654278508143,0.6507191820988724,0.13173849616206726,3,306.8235244676054,136.59813320437502,0.5646701685306631,0.78527551548511
153120.0,ascending_neuron,AN06A080,AN06A080_L,L,BA,T1,,0.07828355572644051,0.3157114487207945,0.07574609267849916,3,159.6296757818806,197.15003321164835,0.3933174416081612,0.9071037061940606
153256.0,ascending_neuron,AN06A095,AN06A095_L,L,BA,T1,,0.15370767153991768,0.44238748369928677,0.42434285974064967,3,175.92178924684242,256.10413192906765,0.4655855098826106,0.9279196023193205
153337.0,ascending_neuron,AN06A080,AN06A080_R,R,BA,T1,,0.13846523891498325,0.41988024216168923,0.2389514668650042,3,170.7299626055084,185.07822470506736,0.4535871676527321,0.7844317755986071
153427.0,ascending_neuron,AN07B060,AN07B060_R,R,BA,T2,,0.0933755788674146,0.3448035375783277,0.5089439985956291,3,158.29360164523106,219.74665056988223,0.41103981974181114,0.9197168596769382
153564.0,sensory_ascending,"SApp06,SApp15","SApp06,SApp15_R",,campaniform sensilla,,,0.33713132207532404,0.6551709174216672,0.2906943863887846,3,162.3277651529699,336.34803889386507,0.566598402342097,0.880122149984016
153572.0,sensory_ascending,SApp,SApp_L,,haltere,,,0.15563299364547126,0.44514950519452484,0.5857567757879331,3,181.17151686175566,356.45664331398063,0.46703667687379447,1.1511476224404051
153644.0,sensory_ascending,"SApp09,SApp22","SApp09,SApp22_L",,campaniform sensilla,,,0.41912141116323937,0.7305080114127714,0.20227984116839398,3,162.3409329978796,329.13983727394054,0.5982883298145284,0.8214781164529499
154234.0,ascending_neuron,AN10B047,AN10B047_L,L,BA,T2,,0.0675879463488646,0.293352426338718,0.2732937766481229,3,224.99722277033834,244.83831973793855,0.37913413049469946,1.239233043712601
154274.0,ascending_neuron,AN08B061,AN08B061_L,L,BA,T1,potentially male-specific,0.07328262511017503,0.3054608587565301,0.2537514885082219,3,247.28581791698153,186.98892046443174,0.386879594694137,1.1225061862586636
154348.0,sensory_ascending,"SApp06,SApp15","SApp06,SApp15_R",,campaniform sensilla,,,0.10636800000000002,0.3680107931764907,0.23445765728005594,3,195.26624828053005,401.77242852284945,0.42464725202982345,1.4059638298600103
154435.0,ascending_neuron,AN10B035,AN10B035_R,R,BA,T3,,0.054121976965897996,0.26250760238939164,0.5760146647497143,3,204.68354478928214,208.99295237735328,0.35864847019163754,1.153431651180875
154567.0,ascending_neuron,AN07B076,AN07B076_R,R,BA,T3,,0.0875056263093491,0.33378978984366936,0.08795051276815474,3,156.64109354744264,240.78724879142936,0.40442180582085085,0.9827075014716766
154666.0,ascending_neuron,AN10B062,AN10B062_R,R,,T3,,0.05885675599885817,0.27374942778492656,0.1197133531659118,3,188.20870310510324,234.10686771931805,0.36624748410687274,1.1530879778035215
154726.0,ascending_neuron,AN18B003,AN18B003_R,R,BA,T3,,0.07031149518469261,0.2992045723557824,0.560973298771567,3,201.35415633620423,192.41026771276475,0.382897166944773,1.0283816597310145
154829.0,ascending_neuron,AN07B069_a,AN07B069_a_L,L,BA,T1,,0.07562198525448435,0.31029808584228946,0.09554426672026825,3,157.4272655540949,171.99537358573141,0.3899308426666475,0.8448232432371352
154893.0,ascending_neuron,AN18B003,AN18B003_L,L,BA,T3,,0.09307603571346093,0.344250038979752,0.022285695697028207,3,222.19577423383228,229.55879643726323,0.4107097747802923,1.0999362528266097
155035.0,sensory_ascending,"SApp06,SApp15","SApp06,SApp15_L",,campaniform sensilla,,,0.15373763931016768,0.4424306068570941,0.13212020711948433,3,181.9047623051249,404.1834264408448,0.46560820156004135,1.2587583010399186
155172.0,ascending_neuron,AN07B045,AN07B045_L,L,,T2,,0.10318748368784943,0.36246708092333635,0.22578586290765038,3,227.25860817350156,162.59831807019685,0.4214366733596339,0.9250664474351835
155279.0,ascending_neuron,AN07B089,AN07B089_L,L,BA,A1,,0.075239664239975,0.3095127070782915,0.11576533057884847,3,165.61256033984023,239.40867716296967,0.3894370635524601,1.0400171822583866
155298.0,ascending_neuron,AN05B054_b,AN05B054_b_L,L,CA,T2,,0.07831946229304246,0.3157838446056038,0.06629017495031753,3,194.5085916333569,195.5132963940742,0.39336253489210926,0.9915074605018128
155303.0,ascending_neuron,,,R,,T2,,0.06866409694505284,0.29567861528012157,0.11673313931365653,3,171.42597931544896,168.85370830322978,0.3806343671914815,0.8939804624827742
155935.0,sensory_ascending,SApp08,SApp08_R,,campaniform sensilla,,,0.0960867514642278,0.34977342907858816,0.14752934737020365,3,238.88475923675068,342.95688342710724,0.41399152195245276,1.4054433770039445
156076.0,ascending_neuron,AN05B104,AN05B104_L,L,BA,T3,,0.21851115933895263,0.5274628413796375,0.42676437348095037,3,281.77236594249734,151.57144624546524,0.5083864595718718,0.8523905466579402
156120.0,ascending_neuron,AN07B085,AN07B085_L,L,BA,T3,,0.06391264438278235,0.2852649754820142,0.10399594905340308,3,148.52240547324325,181.58554893115888,0.37387141905498333,0.8829451452555532
156308.0,sensory_ascending,SApp,SApp_L,,haltere,,,0.6649647768483814,0.9201409944890795,0.3110997940492993,3,184.2982958589705,407.17985357940233,0.6714678602134647,0.8808733589279126
156614.0,ascending_neuron,AN06A092,AN06A092_R,R,,T1,,0.09957849755141668,0.35607201643456526,0.10813575314968954,3,185.12465260165882,222.88148508047524,0.4177023917251815,0.9767866925468149
157196.0,ascending_neuron,AN08B079_b,AN08B079_b_L,L,BA,T3,,0.06390803763286634,0.28525469451104285,0.1487878160111423,3,177.04020983178998,236.75061580991928,0.37386468181738025,1.106793034394812
157371.0,ascending_neuron,AN08B061,AN08B061_R,R,BA,T1,potentially male-specific,0.0593612207261802,0.27492008593830536,0.3850941091827949,3,288.75051646234704,141.9370892716599,0.3670297564364089,1.1734405676413524
157603.0,ascending_neuron,AN05B048,AN05B048_R,R,BA,T2,,0.04384470053796948,0.23627273764024026,0.0505065140566419,3,224.2930579578516,171.91539578340604,0.34025525924475836,1.1644447601506434
158217.0,ascending_neuron,AN09B044,AN09B044_L,L,BA,T3,,0.08844800000000001,0.33558231665678645,0.5446713707847879,3,276.1092931024801,286.9842764602595,0.4055062701880519,1.3886186502162028
158228.0,ascending_neuron,AN07B089,AN07B089_R,R,BA,A1,,0.07368569462525894,0.306299755595983,0.04640811225229133,3,174.08362108443822,256.01032024652915,0.3874104802945213,1.1101763199694463
158419.0,ascending_neuron,AN12B089,AN12B089_R,R,,T1,,0.06061854573350856,0.2778163594395407,0.14298505333720105,3,206.46861248937427,5.84407734393503,0.3689580140414014,0.5754386183612895
158437.0,ascending_neuron,AN06A080,AN06A080_R,R,BA,T1,,0.0905522689924438,0.33955077638944536,0.0958419732168048,3,173.2954118939428,199.51976256629115,0.40789689926601336,0.9139936467550821
158477.0,ascending_neuron,AN07B110,AN07B110_L,L,,T1,,0.09330546527092783,0.34467406070497775,0.6861885939014947,3,200.87192606417142,162.5304614672849,0.41096263789478366,0.8842711089091659
158563.0,sensory_ascending,SApp,SApp_R,,haltere,,,0.1379566429961036,0.4191084028286123,0.2931887538416246,3,208.81541052754554,321.38820257603794,0.45317007556327016,1.169988138436908
158610.0,sensory_ascending,LgAG4,LgAG4_L,,leg bristle,,,0.03802191541079894,0.22002501282264367,0.11392749625420259,3,12.73769737088551,299.59690621560605,0.32834776728812304,0.9512310869847334
159121.0,ascending_neuron,IN07B063,IN07B063_R,R,BI,T2,,0.09433396494475398,0.34656851354287993,0.04163445825132917,3,147.45453937675907,187.9235648707237,0.41209048962092193,0.8138457758537302
159329.0,sensory_ascending,"SApp06,SApp15","SApp06,SApp15_L",,campaniform sensilla,,,0.19023182620483203,0.49214904631745343,0.05007298429890851,3,174.0306592781941,338.68514245387377,0.49107334757198146,1.0440717344304944
159437.0,ascending_neuron,AN07B046_a,AN07B046_a_L,L,BA,T2,,0.13078912953690958,0.40807584068146324,0.18512805674427507,3,184.15578720664948,221.6907440848061,0.44716569852116,0.9075976369244046
159470.0,sensory_ascending,SApp,SApp_L,,haltere,,,0.14346936081674802,0.4274001212561375,0.12784358189743214,3,215.73337489969506,321.7163840821188,0.45763092051948084,1.1744174942806014
160004.0,sensory_ascending,SApp,SApp_L,,haltere,,,0.08840388123904439,0.3354986102826989,0.5403647303374596,3,171.14909672386932,191.4987204980134,0.4054556930646337,0.8944203359948211
160012.0,sensory_ascending,LgAG1,LgAG1_L,,leg bristle,,,0.072114899562482,0.3030173953547165,0.1622558359999835,3,277.36928972692516,668.079675689369,0.385329110921834,2.453614166742993
160013.0,ascending_neuron,AN07B060,AN07B060_L,L,,T2,,0.07310493367426722,0.3050903021554737,0.5374214219404573,3,160.72020059443525,311.2448492907078,0.3866448603773004,1.2206681072252827
160440.0,ascending_neuron,ANXXX202,ANXXX202_R,R,BA,A4,,0.2176158150701139,0.5263810989264748,0.518632401313027,3,285.6758032745125,166.7593889435647,0.5078648821034711,0.8908574074745714
160651.0,ascending_neuron,AN17A014,AN17A014_R,R,IA,T1,,0.23556764559599855,0.5476623429020689,0.05760171099318452,3,187.97642945859502,156.27798745466282,0.5180294856685416,0.6645459890550076
160875.0,sensory_ascending,SApp,SApp_R,,haltere,,,0.15219206590435563,0.44020104123498577,0.266186272723956,3,178.30002024851817,339.1037531443674,0.4644335369082889,1.1140534269708793
161212.0,sensory_ascending,SApp,SApp_L,,haltere,,,0.0628860311692507,0.28296462976163295,0.09648895804328561,3,188.17552732884647,161.75197752967247,0.37236093858405733,0.9397535256763397
161298.0,ascending_neuron,AN12B089,AN12B089_R,R,,T1,,0.094592,0.3470421804559044,0.5662106236646383,3,207.24222112091604,134.82771057408084,0.41237200247275896,0.8295178373987545
161406.0,descending_neuron,"DNp51,DNpe019","DNp51,DNpe019(PS296)_L",L,xn,,,0.3420558412021188,0.6599386513352502,0.2908512622012808,3,200.38794987575588,175.97072466504937,0.5686562574651514,0.6618386232457302
161422.0,sensory_ascending,"SApp06,SApp15","SApp06,SApp15_L",,campaniform sensilla,,,0.1376484703561217,0.4186400312078623,0.5057139578732618,3,197.1620925050163,339.54683822075407,0.45291678627740495,1.1850056058576817
161542.0,sensory_ascending,"SApp09,SApp22","SApp09,SApp22_R",,campaniform sensilla,,,0.14880421179569073,0.4352739446387987,0.19787280656217668,3,158.52085755676262,325.9494333073703,0.46182705948548675,1.0490296766150355
161649.0,ascending_neuron,AN05B104,AN05B104_R,R,BA,T3,,0.06520126025211262,0.2881264009415984,0.057047423507535895,3,227.59202568573565,145.5646387013011,0.37574184816358047,0.9931197874573229
161704.0,sensory_ascending,SApp01,SApp01_R,,campaniform sensilla,,,0.203136,0.5085673880218058,0.5178985739566603,3,136.9275618735107,348.4826166031428,0.49919737592527946,0.9723812701878272
161900.0,ascending_neuron,AN05B048,AN05B048_L,L,BA,T2,,0.07780840544284315,0.3147518684974159,0.1374399054143301,3,225.59378478581135,162.93380101669277,0.39271925794864426,0.9893265429150705
162371.0,ascending_neuron,AN06A010,AN06A010_R,R,BA,T2,,0.05631378898504228,0.26777031771581267,0.05249204455178821,3,153.2765554209511,167.90622019632906,0.3622256971568254,0.8866924079056276
162384.0,ascending_neuron,AN08B098,AN08B098_R,R,,T1,,0.051840000000000004,0.2569138727259991,0.11462550576460977,3,194.97816173355838,151.81292335142325,0.3548067046093401,0.9774084891287946
162471.0,ascending_neuron,AN09B020,AN09B020_R,R,CA,T2,,0.2738942446608655,0.5905361829537472,0.07372016602849579,3,196.72466006444216,134.04653066787816,0.5379244646298735,0.6149026721807718
162487.0,ascending_neuron,AN08B098,AN08B098_L,L,,T1,,0.07436887663052144,0.30771641916464354,0.11369993363434508,3,189.1421839758361,158.82155097058578,0.3883053507108488,0.8961085246685996
162650.0,ascending_neuron,AN08B061,AN08B061_L,L,BA,T1,potentially male-specific,0.06263674245327708,0.2824032178373755,0.06602344056641707,3,295.1620497987754,188.66733252586536,0.37199136648625863,1.3006468050449052
162704.0,sensory_ascending,LgAG2,LgAG2_L,,leg bristle,,,0.06907031422387547,0.29655194391054296,0.1698243969756728,3,14.785697370885512,4.820077343935029,0.3811960814543691,0.051432256701115744
163274.0,sensory_ascending,"SApp09,SApp22","SApp09,SApp22_L",,campaniform sensilla,,,0.09219934283002455,0.34262493967862534,0.3226078625508816,3,169.39901914851046,379.0046411058812,0.4097392102820115,1.3384212359782248
163382.0,ascending_neuron,AN08B079_b,AN08B079_b_R,R,BA,T3,,0.07628709511640867,0.31165966414533697,0.46460198746578,3,181.42972675371087,230.15736063219032,0.3907854084164544,1.053230439318959
163530.0,ascending_neuron,AN05B054_b,AN05B054_b_L,L,BA,T2,,0.07115863030691782,0.30100163131776847,0.1911462754482191,3,261.3596587303397,206.08830595463107,0.3840453089750043,1.2171687917047171
163569.0,ascending_neuron,AN10B035,AN10B035_L,L,BA,T3,,0.045901338196340125,0.2417506958580323,0.12095924278417361,3,188.30577038751503,165.99492080048236,0.3441770488722858,1.0294140540424825
163571.0,ascending_neuron,AN07B085,AN07B085_R,R,,T3,,0.04874880982453799,0.24913633301342417,0.23599924499847383,3,231.34379270329973,142.42820858191675,0.3493949100610623,1.0697694514779676
164157.0,ascending_neuron,AN07B085,AN07B085_R,R,,T3,,0.04401967278962117,0.2367437182736811,0.026642338821442856,3,242.32526080916574,134.97385861995213,0.340594218908812,1.1077672446640467
165031.0,descending_neuron,DNpe018,DNpe018(PS227)_L,L,xn,,,0.0864813643002438,0.3318305183519415,0.35567920796781016,3,387.7915537927981,208.02963294009,0.4032331261100101,1.4776097204135359
165035.0,ascending_neuron,ANXXX169,ANXXX169_L,L,BA,A3,,0.26035567154203293,0.5757561434352182,0.21162919690218868,3,243.2748426068304,167.31622053360633,0.531150176770428,0.7730225482310271
165331.0,sensory_ascending,"SApp09,SApp22","SApp09,SApp22_L",,campaniform sensilla,,,0.3456751604589332,0.6634208950048125,0.1732340301017048,3,178.77419484389853,426.58487458071704,0.5701545742624171,1.06174552788205
165664.0,ascending_neuron,ANXXX169,ANXXX169_L,L,BA,A5,,0.07021380379194204,0.2989966414095254,0.2534578106713517,3,306.4322957477871,207.624060070527,0.38276409744210266,1.3430109021551344
165790.0,ascending_neuron,AN07B063,AN07B063_L,L,BA,T2,,0.10912912645226627,0.37275664887621995,0.3239260334213607,3,180.27235779355067,222.8396101411315,0.42737659967451164,0.9432242388602714
165905.0,sensory_ascending,SApp,SApp_L,,haltere,,,0.20343836755185787,0.5089457480747749,0.12750858069701368,3,199.28886769323918,397.2806009953453,0.49938303591195377,1.1946130040223586
166044.0,sensory_ascending,SApp,SApp_R,,haltere,,,0.14580188954211903,0.43086045474391604,0.04557939105257591,3,208.3494774118064,319.41104969198983,0.4594797305915886,1.1486045889865368
166158.0,ascending_neuron,AN08B112,AN08B112_L,L,BA,T1,,0.10107979956496706,0.3587461469897902,0.5381674522589011,3,204.17302403929438,156.32971281196802,0.41926794776729254,0.8598385323062024
166323.0,ascending_neuron,AN10B045,AN10B045_R,R,BA,T2,,0.04087797470245319,0.228139110850917,0.0597421609250335,3,368.1529433919088,264.40359605291155,0.33434737073431475,1.8919142030504377
166366.0,ascending_neuron,AN19B093,AN19B093_R,R,BA,T3,,0.0935339119105654,0.3450957481892628,0.40676877552936025,3,190.6474035670893,239.2596646924231,0.4112139547884273,1.045458363592507
166368.0,ascending_neuron,AN08B035,AN08B035_R,R,BA,T1,potentially male-specific,0.06758726843885719,0.2933509551663055,0.2096909981679695,3,178.11455079168508,142.51081091565564,0.37913317980821687,0.8456800374726577
166468.0,ascending_neuron,AN19B099,AN19B099_L,L,,T3,,0.07052584532750317,0.2996602996675613,0.21502819245851482,3,162.9876291698989,249.4218874496593,0.3831886569786546,1.0762571101955434
166563.0,ascending_neuron,IN05B070,IN05B070_L,L,BI,T3,,0.050304,0.25307912213052586,0.16760929671415903,3,224.18478163207357,176.90542563390295,0.3521487893546671,1.1389793728980224
166807.0,ascending_neuron,AN08B113,AN08B113_R,R,BA,T1,,0.0409375819674151,0.2283053837007573,0.049989370362107995,3,113.69494042421891,147.71692335142313,0.33446918843650014,0.7815723325596305
166882.0,sensory_ascending,SNpp23,SNpp23_L,,notum,,,0.057088,0.2696047090275705,0.040336302958195104,3,225.76646912853138,202.8348611711521,0.36346431382394273,1.179211586938057
167019.0,ascending_neuron,AN08B047,AN08B047_L,L,BA,T1,potentially male-specific,0.09531210256216911,0.3483606436927216,0.4750780700728893,3,286.84300744065854,171.3731338706933,0.41315459020738665,1.1090670469892303
168208.0,ascending_neuron,AN07B071_d,AN07B071_d_R,R,,T1,,0.07586369134831662,0.31079358396572404,0.15994391733660826,3,203.9096086299994,129.95666402006202,0.3902420481485879,0.8555363888489512
168334.0,sensory_ascending,"SApp06,SApp15","SApp06,SApp15_R",,campaniform sensilla,,,0.10016914587651882,0.35712647296487127,0.22907378233680611,3,146.63569454448776,353.34263272343406,0.4183204175662323,1.195204217324058
168451.0,sensory_ascending,SApp04,SApp04_R,,campaniform sensilla,,,0.07682875662604803,0.3127641461374977,0.2419528052078758,3,271.28537593504336,281.3869203836294,0.391477242770731,1.4117609810651135
168542.0,sensory_ascending,SApp,SApp_R,,haltere,,,0.1266386299150243,0.401548641510453,0.4081000501670351,3,198.40121718714363,350.7811590775077,0.443575060547955,1.238082176185104
168586.0,ascending_neuron,AN19B063,AN19B063_L,L,BA,T3,,0.18869290162747493,0.4901543268838122,0.2649820235038568,3,154.45432509252257,314.9942760711711,0.49007715736715174,0.9579075337559474
168613.0,sensory_ascending,SApp,SApp_L,,haltere,,,0.20970879898268044,0.5167296544070853,0.14125971096746245,3,162.17242268811512,326.47243675167124,0.5031873713235178,0.9710992113226516
168845.0,ascending_neuron,AN19B065,AN19B065_L,L,BA,T3,,0.09592692148568119,0.3494824027619623,0.15813135176963233,3,196.1380998029968,414.0358884565177,0.4138192568662815,1.4744939442406895
168970.0,ascending_neuron,AN10B045,AN10B045_L,L,BA,T2,,0.036428349330735306,0.2153648414140964,0.18335058551396488,3,222.9250127023007,181.05125969066864,0.32485192364045995,1.2435705101136565
168997.0,ascending_neuron,AN10B035,AN10B035_L,L,,T3,,0.09304730710065733,0.34419690720817614,0.24457086268704092,3,189.0043050484345,154.16783543445143,0.41067807895236663,0.8356232242984888
169117.0,ascending_neuron,AN07B089,AN07B089_R,R,BA,A1,,0.04634975483615447,0.24292867419506436,0.10186608948917213,3,164.56461885395444,252.69592080485623,0.34501456542526077,1.2093997803962286
169650.0,ascending_neuron,AN16B081,AN16B081_R,R,IA,T1,,0.08735294307061403,0.3334984579672074,0.16924648175391768,3,131.0215676121481,167.63610712045588,0.4042452775282992,0.7388031260592682
169746.0,descending_neuron,DNge114,DNge114_L,L,xn,LB,,0.02041531846762028,0.16122527962864944,0.9363218018167667,3,275.1425566940098,242.59436088438775,0.28107007492445407,1.8420207761980874
169825.0,ascending_neuron,AN07B089,AN07B089_L,L,BA,A1,,0.055634158938035194,0.26614960303932,0.08645160464596834,3,167.75853009264424,209.6562679312099,0.3611278243077744,1.0451003013885714
169836.0,ascending_neuron,AN07B085,AN07B085_R,R,BA,T3,,0.09130315482604702,0.3409556969513784,0.4874273249759268,3,154.12860571975133,181.05896397143889,0.40873988245114445,0.8200510497804291
169850.0,ascending_neuron,AN08B005,AN08B005_R,R,BA,T3,,0.08845141869472208,0.33558880206295205,0.11963296085106628,3,177.1388352006157,149.7502247050671,0.4055101885413565,0.8061179944245582
170107.0,descending_neuron,DNge182,DNge182_L,L,xn,,,0.25621803948365474,0.5711627963594131,0.08856131485767678,3,322.53944137548643,22.1657747148206,0.5290271923220132,0.6515831720810461
170189.0,ascending_neuron,AN08B113,AN08B113_L,L,BA,T1,,0.046305149600136,0.24281175341356678,0.1619529563821551,3,272.9594760223735,148.42667527542594,0.344931528238066,1.2216515940142347
170347.0,ascending_neuron,AN19B100,AN19B100_L,L,BA,T3,,0.06508954789659427,0.2878794649343319,0.12237705218553076,3,196.43587581663542,266.8986609936366,0.3755808006512349,1.233648088525498
170523.0,ascending_neuron,AN10B034,AN10B034_R,R,BA,T3,,0.07338229674284195,0.30566851669165523,0.08451277164104473,3,388.0074283734039,264.42477672722424,0.38701107630003434,1.6858230811844344
170689.0,ascending_neuron,AN19B100,AN19B100_R,R,BA,T3,,0.06837344403766638,0.2950521526077949,0.07993694534383913,3,184.56513540641365,231.81324440948825,0.3802309229636899,1.095067114927062
170698.0,ascending_neuron,AN08B113,AN08B113_L,L,BA,T1,,0.034048,0.20820965400082395,0.12090056844416071,3,252.00342175969524,146.38970592529765,0.3194099723872186,1.2472783010106634
170770.0,sensory_ascending,SApp,SApp_L,,haltere,,,0.1475853476560589,0.43348760173640627,0.12688954123734097,3,143.05599547690545,412.8948802924912,0.4608784274088331,1.206285308025987
171303.0,ascending_neuron,AN06A092,AN06A092_R,R,BA,T1,,0.11671631948486881,0.3854968657253625,0.2563356984823357,3,165.90959301345424,221.7408566475396,0.4346187573096997,0.891932166159968
171388.0,ascending_neuron,AN05B100,AN05B100_L,L,BA,T1,,0.18014753969525263,0.47892689570198826,0.0645852207895272,3,213.04865570012072,163.29405367585247,0.4844318103654778,0.7768744771158665
171693.0,ascending_neuron,AN06A095,AN06A095_L,L,BA,T1,,0.16259142531916726,0.4549921233946998,0.05775605236436786,3,165.52507354916253,223.1607430317391,0.4721717277256262,0.8231873993242615
171800.0,ascending_neuron,AN08B100,AN08B100(92001)_R,R,BA,T3,,0.06521213035965392,0.2881504176126348,0.1934855005276568,3,4.096000000000004,160.45473193963403,0.3757575077496005,0.4379173497427184
171851.0,ascending_neuron,AN10B045,AN10B045_R,R,BA,T3,,0.07107349275017585,0.30082151111908834,0.1282498778169494,3,393.0759608284021,180.036852418063,0.38393038489855585,1.4927519044836632
171997.0,ascending_neuron,AN10B062,AN10B062_L,L,,T3,,0.06330659290480103,0.28390924171087345,0.11992361044286043,3,190.33440669865126,236.84181245820469,0.3729819411691777,1.1453000051900546
172063.0,ascending_neuron,AN07B076,AN07B076_R,R,BA,T3,,0.24300314923686508,0.5562384552541805,0.3943625883206978,3,156.69170359201502,238.0555893891036,0.5220697683974321,0.7561198078809503
172264.0,ascending_neuron,AN05B068,AN05B068_L,L,CA,T3,,0.046733663781270876,0.24393267267152116,0.16136996927372746,3,195.0144778199238,177.877967041448,0.3457267846277539,1.0785755152377543
172332.0,sensory_ascending,SApp,SApp_L,,haltere,,,0.22011459384764467,0.5293945648192285,0.17934467834307827,3,212.59428603911982,329.4367596727696,0.509316538864999,1.064232170665013
172868.0,sensory_ascending,"SApp09,SApp22","SApp09,SApp22_L",,campaniform sensilla,,,0.11365692965089086,0.38041095852340623,0.375209632090684,3,180.42565579639037,333.8532700385477,0.43174224912147413,1.1911711834582155
173256.0,sensory_ascending,SApp,SApp_R,,haltere,,,0.16995832025508248,0.46518561274563747,0.18476891946723287,3,188.87259801096792,232.64508593298802,0.47743161839719234,0.8828859834609454
173420.0,ascending_neuron,AN10B047,AN10B047_R,R,,T3,,0.11096255182793423,0.3758748581270778,0.25435408325516684,3,237.68242317521035,233.74327990754827,0.42916043676260296,1.0984836035655714
173593.0,descending_neuron,DNpe008,DNpe008(PS225)_R,R,ht,,,0.059869221997748655,0.2760939350294785,0.8097452872944054,3,179.52476854456995,393.39046478222565,0.36781249049542136,1.557628542073471
174202.0,ascending_neuron,AN19B061,AN19B061_R,R,,T3,,0.06759122552273251,0.29335954256280067,0.06896500385247366,3,181.86461002049364,407.83364416513996,0.37913872903697443,1.5553627446172211
174277.0,sensory_ascending,SApp01,SApp01_L,,campaniform sensilla,,,0.1877418465011649,0.488917521844822,0.17050246815207212,3,174.88997702160054,340.09901487887083,0.4894584616736774,1.0521607699650213
174420.0,ascending_neuron,AN09A005,AN09A005_R,R,BA,T3,,0.06364908628517638,0.28467619086349155,0.386178249842558,3,180.9141866801496,137.45839558421727,0.37348538595654696,0.8524365188987818
174691.0,ascending_neuron,AN07B089,AN07B089_R,R,BA,A1,,0.0587010857645991,0.273387168159696,0.23729676311737527,3,159.80688864055864,254.25129361005347,0.3660050715471727,1.131290832939308
176396.0,sensory_ascending,"SApp09,SApp22","SApp09,SApp22_L",,campaniform sensilla,,,0.15828778453216386,0.44893013567243384,0.0475473687181696,3,200.10715081121563,321.8161930620955,0.46901574225125164,1.1128055987377008
176451.0,ascending_neuron,AN07B089,AN07B089_L,L,BA,A1,,0.0321851840552101,0.20243381410642128,0.14390130128713977,3,154.6992976537813,211.34487771474224,0.3149485178757735,1.1622349514053083
177157.0,ascending_neuron,AN19B104,AN19B104_L,L,BA,T3,potentially sexually dimorphic,0.06162205964190212,0.28010648540171024,0.09043284561815321,3,142.84161416118357,254.77950747661015,0.3704756103265612,1.0732720604395651
177187.0,sensory_ascending,LgAG4,LgAG4_L,,leg bristle,,,0.035364131496447786,0.2121956896039399,0.08220339905643535,3,321.25870181725554,208.14404183444256,0.322452923549982,1.6417985541062639
177410.0,ascending_neuron,AN07B091,AN07B091_L,L,BA,T1,,0.03702633708389569,0.21712530154707907,0.23432314073674376,3,186.04668728236862,135.98553533328032,0.32617694240713696,0.9872930325457693
177685.0,descending_neuron,DNg02_e,DNg02_e_L,L,ut,LB,,0.6391228378604804,0.9020845143928163,0.3092940878958725,3,226.18482145253304,260.4854559920789,0.6648469087334917,0.7320035199858272
178260.0,ascending_neuron,AN07B045,AN07B045_R,R,,T2,,0.06715802184932948,0.29241793577815023,0.05476662863536284,3,249.95544347176696,215.406461212647,0.37852977231823337,1.229393138178785
178495.0,sensory_ascending,SApp,SApp_R,,haltere,,,0.19587603345835514,0.4993967477517706,0.1863853160742318,3,184.51978568876976,343.64295833170644,0.49467606208342807,1.0676941629154486
178516.0,descending_neuron,DNpe029,DNpe029_L,L,xl,DC,,0.09156253863865053,0.3414396652573792,0.10665323254075318,3,563.8144553122447,234.3620515362266,0.4090298717405806,1.9513892798389538
179345.0,ascending_neuron,AN07B089,AN07B089_R,R,BA,A1,,0.04986526244547878,0.2519730621597888,0.3722380845473583,3,154.21833453988313,259.4469335362022,0.351378429130612,1.1772642649111522
179459.0,sensory_ascending,"SApp09,SApp22","SApp09,SApp22_R",,campaniform sensilla,,,0.43361437860435836,0.7430309374479865,0.2218333487438425,3,159.22461951245631,426.86016772832227,0.6033946961562667,0.9713124609384945
179513.0,ascending_neuron,AN07B085,AN07B085_R,R,BA,T3,,0.04780396933423103,0.24671016223830344,0.1146452130236798,3,155.00905850500004,158.55076566010447,0.3476894871818368,0.9018386684815611
179610.0,sensory_ascending,SApp,SApp_L,,haltere,,,0.19570001730111738,0.49917231587212263,0.5097114552470656,3,191.67112773726,419.7544509700705,0.49456489440450585,1.2362898896079835
180085.0,ascending_neuron,AN19B079,AN19B079_L,L,BA,T3,,0.08133513720676003,0.32180601776242024,0.12760068749133985,3,155.4702007150736,315.3268824573342,0.39709564175848855,1.1856012347240619
180214.0,ascending_neuron,AN06A112,AN06A112_R,R,BA,T1,,0.0881577278018591,0.3350312003550199,0.2414033829672486,3,156.97719495678555,241.85439242334152,0.40517315825947764,0.9843484921197831
181823.0,ascending_neuron,AN10B035,AN10B035_L,L,BA,T3,,0.05632,0.26778508390028816,0.11185857348039817,3,192.27735174249807,246.98611017169446,0.36223568448061705,1.2126454701557632
182107.0,ascending_neuron,AN10B037,AN10B037_L,L,BA,T2,,0.041536328116224104,0.22996890115985577,0.02958695077264727,3,246.25187913755863,248.22082689087594,0.3356855099171385,1.4730236826441854
182110.0,ascending_neuron,AN06A112,AN06A112_L,L,,T1,,0.1517074424890878,0.43949961889373923,0.27246126924000325,3,145.32912858206254,216.74085220963684,0.4640633720279292,0.780216674307811
182152.0,sensory_ascending,"SApp06,SApp15","SApp06,SApp15_L",,campaniform sensilla,,,0.08499200000000001,0.3289607505252427,0.3405016738594325,3,193.4433077736876,243.00537304125442,0.4014857005640038,1.087083998762154
182601.0,ascending_neuron,AN12B060,AN12B060_L,L,BI,T1,,0.039244606199954075,0.22353475016502528,0.09621367937923593,3,226.7173161073184,136.0595600818956,0.3309562321227119,1.0961475898562432
182945.0,ascending_neuron,AN10B037,AN10B037_L,L,,T3,,0.03367647243646255,0.20707055906933713,0.22231925256166069,3,213.85934231813482,240.3918030000503,0.3185350435100904,1.4260633314079791
183307.0,ascending_neuron,AN07B110,AN07B110_L,L,BA,T1,,0.06851722858450969,0.2953622266462931,0.07478367463174108,3,182.77450319710002,170.45760643650897,0.3804306652422798,0.9285058800626671
183387.0,ascending_neuron,AN08B100,AN08B100_R,R,BA,T3,,0.039485959628739534,0.2242210633752488,0.1291542226442128,3,221.48287057848808,225.77713086127014,0.33146390611026094,1.349347525310879
183524.0,ascending_neuron,AN07B060,AN07B060_R,R,,T2,,0.07881388845335334,0.3167790388475151,0.0548289264209963,3,174.3922896796252,225.01338090498584,0.3939818892224392,1.0137665753440497
183575.0,ascending_neuron,AN08B097,AN08B097_R,R,BA,T1,,0.07655657729184484,0.3122096436972292,0.40701902411738766,3,177.9775732946472,147.13997055162272,0.39113006201472456,0.8312261710889163
183722.0,ascending_neuron,AN08B079_a,AN08B079_a_R,R,BA,T3,,0.0582453626361815,0.27232388621974785,0.09694020373591193,3,149.80210069927952,125.47289605186715,0.3652926282416283,0.7535739170982171
183736.0,ascending_neuron,AN08B061,AN08B061_L,L,BA,T1,potentially male-specific,0.06784000000000001,0.2938989124083882,0.3806033839993007,3,283.33004512699506,154.56998294106265,0.3794871105585936,1.1539259592334563
183777.0,ascending_neuron,IN10B007,IN10B007_R,R,CI,T2,,0.08891553061964012,0.33646808128860606,0.25148232445825447,3,205.26269379757036,175.01558999428806,0.40604108145779655,0.9365512534509001
183815.0,ascending_neuron,IN07B063,IN07B063_L,L,BI,T2,,0.07627152354479294,0.31162785484360894,0.06945612551376978,3,145.3185779086818,188.30993150818682,0.3907654653028699,0.85378197164451
183820.0,ascending_neuron,AN10B046,AN10B046_L,L,BA,T2,,0.045753038210994725,0.24135985072504795,0.04598897033263768,3,208.70351316222047,228.98849719362923,0.3438987159837522,1.2727352270094803
184114.0,ascending_neuron,AN08B061,AN08B061_L,L,BA,T1,potentially male-specific,0.07047566205363522,0.29955366775935105,0.3134280945704369,3,303.60630112388117,154.22144412451684,0.3831204734833183,1.194996814150504
184141.0,ascending_neuron,AN10B046,AN10B046_L,L,BA,T1,,0.04512730268553049,0.23970370528310722,0.7776591285933526,3,207.7136040958097,212.6906018141229,0.34271681544494215,1.226681000067448
184173.0,ascending_neuron,AN19B099,AN19B099_R,R,,T3,,0.07691018506032408,0.31292984678950675,0.4188506950968551,3,183.10172533418577,237.78381895040974,0.39158093023902263,1.0748366730414711
184205.0,ascending_neuron,AN07B071_a,AN07B071_a_R,R,,T1,,0.06410270349270206,0.2856888114913517,0.021926372004583316,3,172.36121956705145,147.51927827359756,0.374149058038053,0.8549547058010111
184704.0,ascending_neuron,AN19B063,AN19B063_R,R,BA,T3,,0.12050991600117007,0.3917116166076805,0.33876808071475834,3,158.84763581456863,314.6058464933406,0.4381080827122041,1.080677351070292
184894.0,sensory_ascending,SApp,SApp_L,,haltere,,,0.8160446571475827,1.0193234657115229,0.1276336345796014,3,142.27119947777942,372.57718599417984,0.7067308527287076,0.7284928675239171
185564.0,ascending_neuron,AN07B063,AN07B063_R,R,BA,T2,,0.08486026206334503,0.32870570642390745,0.16392430308538292,3,160.43696045566932,323.4848713061752,0.40133003394676886,1.2057952080058636
185977.0,descending_neuron,DNge102,DNge102_L,L,xl,,,0.17580580172982727,0.47312038526815303,0.1114410822373257,3,295.48626005460864,25.55575877525554,0.48148622906724436,0.6667730029409158
186220.0,ascending_neuron,AN07B110,AN07B110_R,R,,T1,,0.0639113763813048,0.2852621456960775,0.05116119285808289,3,221.62135054962508,143.57195190345232,0.37386956467607513,0.9767933444100619
186380.0,descending_neuron,DNge144,DNge144_L,L,xl,,,0.16694832211187235,0.4610479428866586,0.1900172142139084,3,190.63928755476456,190.03330920878065,0.47530357879408264,0.8009041247477442
186674.0,ascending_neuron,AN10B039,AN10B039_L,L,BA,T2,,0.053804000062452687,0.2617353253660039,0.20995241419200628,3,240.4957679336816,265.78518125135685,0.3581205236081031,1.4137166562927
186858.0,ascending_neuron,AN10B037,AN10B037_L,L,,T2,,0.0548514598502226,0.26427078493045064,0.13154064384423952,3,217.81181647618112,237.48937790904068,0.3598509199875982,1.2652494938762784
187182.0,sensory_ascending,SApp08,SApp08_L,,campaniform sensilla,,,0.4769595310423487,0.7792841177397732,0.36606839438015754,3,198.70983074125337,410.2455642831445,0.6179394935529601,0.9854612002917851
187243.0,ascending_neuron,AN07B045,AN07B045_R,R,BA,T2,,0.057904330573774594,0.2715254748599975,0.17587650761245258,3,251.3368327087005,209.20140305233878,0.36475674453174783,1.262590048478061
188027.0,ascending_neuron,AN10B045,AN10B045_R,R,BA,T3,,0.04065912408478039,0.22752759094016767,0.8995283798478333,3,356.46913516541713,261.75687630821966,0.3338989660970548,1.8515361658650253
188043.0,sensory_ascending,SApp01,SApp01_L,,campaniform sensilla,,,0.17693937256329673,0.4746432409380937,0.3229244875225555,3,207.28278012601825,339.88717177690955,0.48226049813318306,1.1345941747686308
188093.0,sensory_ascending,"SApp06,SApp15","SApp06,SApp15_R",,campaniform sensilla,,,0.11272327983274778,0.3788452685402078,0.596110214434221,3,208.61180432989715,345.088141623178,0.4308528537502123,1.2851253998519032
188368.0,sensory_ascending,SApp,SApp_R,,haltere,,,0.3413600689281855,0.6592671224571165,0.22175205627647557,3,174.4761360792086,328.1978585736841,0.568366862162096,0.8844181955659688
188632.0,ascending_neuron,AN19B079,AN19B079_R,R,BA,T3,,0.11426873860069141,0.3814334499141438,0.08470088900702807,3,158.27707163920317,305.47689038333897,0.4323220911056136,1.072704753154171
188688.0,ascending_neuron,AN19B101,AN19B101_L,L,BA,T3,,0.04618332103297487,0.24249212491621824,0.5395911827002706,3,190.8228941586719,265.25338904981146,0.34470442586213906,1.3230937840957293
188811.0,ascending_neuron,AN19B065,AN19B065_R,R,,T3,,0.10887100482120708,0.37231554978729187,0.30589464533954763,3,162.70884066897298,404.83377260385015,0.4271236582018994,1.3287548052525535
188933.0,descending_neuron,DNg92_a,DNg92_a_L,L,ut,LB,,0.09258273405523716,0.3433365668827409,0.6299671211248131,3,223.22559926210238,211.9299943666724,0.4101645008683017,1.0609294385729822
188947.0,descending_neuron,DNg60,DNg60_R,R,xn,MD,,0.23749647821427053,0.5498999070719528,0.1164977693128069,3,217.19274144758887,158.84036319895097,0.5190866541005046,0.7244129697345928
189067.0,sensory_ascending,,,,leg bristle,,,0.047174487418856346,0.24508044166007886,0.11132640465488525,3,217.38511251096904,284.16228029981977,0.3465391989565374,1.4473034921330568
189543.0,ascending_neuron,AN08B107,AN08B107_L,L,BA,T1,,0.0884075974708582,0.33550566188206876,0.1669188980540881,3,186.8392903843398,206.20804702936152,0.4054599540302515,0.9693863315151857
191517.0,sensory_ascending,SApp,SApp_R,,haltere,,,0.09908647983597697,0.3551912505619602,0.11323386183049636,3,230.95042732490066,316.81432110742344,0.41718546568086534,1.3130005560916351
191906.0,ascending_neuron,AN10B046,AN10B046_L,L,BA,T1,,0.04629136702761858,0.24277561467209471,0.06045313430180139,3,209.69536955927563,216.92889771960904,0.34490585844448396,1.236929605089773
192123.0,ascending_neuron,AN12B060,AN12B060_L,L,BA,T1,potentially sexually dimorphic,0.05003945710273176,0.2524127880680313,0.06787070051195962,3,212.8433859057271,144.6519127783865,0.3516848961120385,1.0165216153332444
192150.0,ascending_neuron,AN10B047,AN10B047_R,R,BA,T1,,0.05216642335405786,0.2577214642240386,0.10030237551236379,3,229.00259839301344,206.53949623121204,0.35536392257765687,1.2256227122466192
192465.0,sensory_descending,LN-DN2,LN-DN2_L,,,,potentially sexually dimorphic,0.11340800000000001,0.37999414507242785,0.4702154252461773,3,227.3280521276482,177.54749856997574,0.4315056559136735,0.938285617230989
193940.0,sensory_ascending,SApp,SApp_L,,haltere,,,0.11859771717819638,0.3885914350916607,0.09760548063054111,3,198.16111247800518,216.0500429373335,0.4363597176583945,0.9492424223713637
194659.0,ascending_neuron,AN19B061,AN19B061_L,L,,T3,,0.09847352749179768,0.3540909336768198,0.18123098837695575,3,181.82754710924985,403.94348266265445,0.4165387827101358,1.406282089654867
194743.0,ascending_neuron,AN10B039,AN10B039_L,L,,T3,,0.047254956649310474,0.2452893790824379,0.19515022141211696,3,230.18015962593077,257.6934084181984,0.34668688430685485,1.4072455294048822
194974.0,ascending_neuron,AN10B046,AN10B046_L,L,BA,T1,,0.059027066198018945,0.27414520767837247,0.25940545172884255,3,209.82708533903738,211.3650521530576,0.366512144085844,1.1491901272265725
195227.0,ascending_neuron,AN10B039,AN10B039_L,L,BA,T1,,0.04882919648503973,0.24934166098427232,0.13701783236355403,3,229.37919760404264,218.87003161455502,0.34953885890168696,1.2824017067146014
195264.0,ascending_neuron,AN09A005,AN09A005_L,L,BA,A1,,0.11846141655193074,0.388368072940172,0.5336294174983053,3,613.6282325933859,135.38638253096065,0.4362342899643313,1.7170007776912486
195309.0,ascending_neuron,AN10B039,AN10B039_L,L,BA,T2,,0.03712065711746439,0.2174016756340908,0.267024108329616,3,240.88870710352901,214.33500004625395,0.3263844681670751,1.3947468447449387
195620.0,ascending_neuron,AN08B031,AN08B031_L,L,BA,T1,sexually dimorphic,0.14018646271981966,0.4224818907023306,0.2528445968435605,3,14.410887357410246,153.47164495802153,0.45499024873522503,0.36898050624625267
196242.0,ascending_neuron,AN06A112,AN06A112_R,R,,T1,,0.057516481017922116,0.27061459329834336,0.09562200432595964,3,141.97979346838878,265.70796159373924,0.3641444091513534,1.1195771370271848
196847.0,ascending_neuron,AN10B037,AN10B037_L,L,,T3,,0.0395675284883063,0.22445253832101497,0.1285109801170134,3,223.85608291689536,265.40816661585455,0.33163495560223644,1.4753096477549075
197252.0,descending_neuron,DNg92_a,DNg92_a_R,R,ut,LB,,0.09387715751590185,0.3457283750237721,0.059196642016012775,3,191.15885075502254,73.74664567456364,0.41159069931383085,0.643613903013878
197418.0,sensory_ascending,SApp01,SApp01_R,,campaniform sensilla,,,0.13884563249662615,0.4204565969377458,0.3515164116124827,3,141.53950147448927,328.9397034365873,0.45389837243538933,1.036529834611926
199331.0,ascending_neuron,AN06B042,AN06B042_R,R,BA,T2,,0.09690241042559558,0.35125486606455036,0.22582379729851712,3,171.5556904926393,210.48920289966418,0.41486730935520777,0.9208845449550669
199352.0,descending_neuron,DNge130,DNge130_L,L,xn,LB,,0.3141143084701688,0.6324102775187624,0.18117760230423843,3,210.93210160027124,188.72786324451934,0.5566695931916827,0.717948258235783
199469.0,ascending_neuron,AN08B113,AN08B113_L,L,BA,T1,,0.028483440946904987,0.1904369800845629,0.11629851586388457,3,190.22705121122607,13.112507384360832,0.3054735999091179,0.665653459598744
199504.0,ascending_neuron,IN17A037,IN17A037_L,L,II,T3,,0.13842531471466704,0.4198197049771774,0.12201946683425482,3,171.2576540232497,175.8869830598443,0.4535544679956498,0.7653868754004284
199565.0,ascending_neuron,AN10B037,AN10B037_R,R,BA,T2,,0.041450567388691045,0.22973136823470836,0.12550964536886122,3,213.39348150504227,178.32852702112845,0.33551210177131774,1.1675346625594005
199644.0,ascending_neuron,AN19B104,AN19B104_L,L,BA,T3,potentially sexually dimorphic,0.05897687674241773,0.2740286329809674,0.2218397842980923,3,183.34389952520021,226.53104115211522,0.3664342098667563,1.1185498778248766
199796.0,ascending_neuron,AN07B076,AN07B076_R,R,,T3,,0.05728077858484784,0.2700595350056119,0.2549970134761352,3,16.021774714820538,215.45032427234554,0.3637707686892253,0.6363130820577727
199918.0,sensory_ascending,"SApp09,SApp22","SApp09,SApp22_L",,campaniform sensilla,,,0.27968000000000004,0.5967408448158467,0.13356380881693092,3,160.63781806720985,335.26086478036,0.5407430202598688,0.917069040686373
200165.0,sensory_ascending,SApp01,SApp01_R,,campaniform sensilla,,,0.23242101323205727,0.543992302403692,0.3904890176743141,3,184.92757428814727,344.28291374570165,0.5162908368137179,1.0250239793134126
200336.0,ascending_neuron,AN05B023b,AN05B023b_L,L,BA,A2,,0.06624272972887667,0.2904184275179682,0.03994971557391417,3,35.901929402690605,210.40374595195357,0.3772333886121487,0.6529264979985178
200512.0,ascending_neuron,AN07B110,AN07B110_L,L,BA,T1,,0.06443576694005795,0.28643003781625354,0.23521636557532496,3,202.66929907879663,150.2462747494463,0.374634112875435,0.9420273320000268
200867.0,sensory_ascending,SApp,SApp_L,,haltere,,,0.26353730525694086,0.5792634276096489,0.20227425901349014,3,139.04872134118781,332.95340460332693,0.5327655014438604,0.885947240700328
201119.0,ascending_neuron,AN07B110,AN07B110_R,R,BA,T1,,0.06723966927194304,0.2925956354629229,0.2477544022321541,3,247.83069589943915,149.54026127919235,0.37864476937735747,1.049455820641778
202300.0,ascending_neuron,AN10B031,AN10B031_L,L,BA,T1,,0.0665827199195369,0.29116275860346563,0.08792674492332886,3,238.12949683299618,218.0261580720191,0.37771649648340505,1.2076667531121623
202710.0,ascending_neuron,AN10B035,AN10B035_L,L,,T2,,0.03346064306245838,0.2064059445350116,0.10785817620490569,3,188.69458110041617,159.02448611127352,0.318023446969175,1.0933755687686542
203133.0,ascending_neuron,AN06B042,AN06B042_L,L,BA,T2,,0.07578625123002622,0.3106349175693281,0.2059967006214311,3,183.09369723926494,199.15242946031375,0.3901424222113903,0.9797604796036941
203146.0,descending_neuron,DNg06,DNg06_R,R,xn,LB,,0.23023454021515405,0.5414274846790217,0.057034706080842316,3,187.0659426641942,202.8219698763131,0.5150722934625008,0.7569576494195421
203325.0,sensory_ascending,SApp08,SApp08_L,,campaniform sensilla,,,0.10689002432351069,0.3689127348119027,0.44632016013666614,3,245.241334947725,247.33480368904333,0.4251673083126598,1.1585465980242708
204045.0,ascending_neuron,AN10B039,AN10B039_R,R,BA,T1,,0.06335306182223106,0.2840134214999638,0.12510075486204766,3,193.487620626874,208.24171028402486,0.37305036728970287,1.0768769210162028
204318.0,ascending_neuron,AN06A092,AN06A092_L,L,,T1,,0.09982604736210283,0.3565143350498471,0.3296785127047311,3,215.11756167839135,220.33195589071093,0.41796174965470834,1.0418405940946538
204366.0,ascending_neuron,AN19B063,AN19B063_R,R,BA,T3,,0.1105534966312395,0.37518140108438175,0.41324723101762884,3,170.22123115443802,312.4193766376422,0.42876437180734484,1.1256546474643734
204507.0,ascending_neuron,AN06A016,AN06A016_R,R,BA,T1,,0.21794074777997008,0.5267739348929578,0.3754584415712711,3,144.54666179385043,144.58539135921214,0.5080543554557418,0.5690966922106225
204984.0,ascending_neuron,AN07B076,AN07B076_L,L,BA,T3,,0.05806073732286671,0.27189193948323415,0.3784714334291457,3,142.6745872062482,208.77666904279758,0.3650028086834192,0.9628727447789935
205202.0,ascending_neuron,AN19B101,AN19B101_R,R,BA,T3,,0.06254262794727043,0.2821909763513413,0.03337342456353882,3,160.80081464768526,239.44069069351178,0.3718515542688469,1.0763475390822874
205423.0,ascending_neuron,AN10B053,AN10B053_L,L,BA,T1,,0.08712626665771897,0.3330654711820913,0.17435145716269063,3,385.2576818928269,214.84662244868275,0.403982772998088,1.4854700359818311
205440.0,sensory_ascending,SApp08,SApp08_L,,campaniform sensilla,,,0.1201904386756352,0.39119204928127727,0.5041075352096677,3,240.41136037936707,246.67770827795874,0.4378174324393969,1.1125392288365519
205491.0,ascending_neuron,AN10B039,AN10B039_L,L,,T3,,0.03991094840313392,0.2254244835299724,0.0504976405761229,3,221.64132890629602,260.48502489949635,0.33235221818078253,1.4506488220383726
205625.0,ascending_neuron,AN16B078_b,AN16B078_b_L,L,IA,T1,,0.15193946496509528,0.43983557745987545,0.07664765589684829,3,132.9783786576581,153.20911649225735,0.4642407058362493,0.6164635964750186
206151.0,ascending_neuron,AN10B046,AN10B046_R,R,BA,T1,,0.053720740106594125,0.2615327334697435,0.09678104392408561,3,226.38292325543742,203.7268043314819,0.3579818981459458,1.2014845717466076
206176.0,ascending_neuron,AN10B035,AN10B035_L,L,,T2,,0.040409420276703426,0.22682784634193776,0.13290402424613784,3,207.4724346976332,247.97088357725355,0.3333851297036949,1.366117675013503
206485.0,sensory_ascending,SApp,SApp_L,,haltere,,,0.16504576298769513,0.458413342003612,0.13371985122596644,3,191.82346976486403,348.1083715624107,0.4739436016888189,1.1392322618204311
207525.0,ascending_neuron,AN10B046,AN10B046_L,L,BA,T3,,0.05121917108403203,0.25537085595804654,0.31039844831583635,3,210.63564523708828,239.09466996511847,0.3537396209352902,1.2713597476390017
207692.0,ascending_neuron,AN08B113,AN08B113_R,R,BA,T1,,0.035712,0.21323679471794293,0.18296207542695458,3,177.2136064020786,153.9324454815083,0.3232429881865839,1.024449296615341
208308.0,ascending_neuron,AN10B046,AN10B046_L,L,BA,T1,,0.06526856894329455,0.28827508218171743,0.623713323943494,3,213.30213811571852,208.78661562042737,0.37583878228442785,1.1230580068682665
209300.0,ascending_neuron,AN08B102,AN08B102_R,R,BA,T1,,0.08888452567011063,0.33640941276696246,0.05636976712704443,3,181.63614481634937,186.7139058233345,0.4060056800782615,0.9072534417958904
209655.0,descending_neuron,DNg06,DNg06_L,L,ut,LB,,0.1112748559181854,0.3764034363415685,0.4233847513746307,3,215.78907877743072,285.457149192393,0.4294620865773468,1.1671489606092351
210037.0,ascending_neuron,AN06A095,AN06A095_R,R,BA,T1,,0.1420566523463363,0.4252906622065085,0.18455462317265944,3,160.83757459378418,237.80397369314633,0.4565001911075056,0.873256038118614
210215.0,ascending_neuron,AN09B023,AN09B023_R,R,BA,A7,,0.1412098494756153,0.42402118397369404,0.09842255271554762,3,192.93050487737062,275.3397482577533,0.4558183631087169,1.027317657721124
210615.0,ascending_neuron,AN07B091,AN07B091_L,L,BA,T1,,0.04660487329353297,0.24359632110255247,0.1326370317991737,3,177.5536999302504,177.22736765807815,0.3454883461714023,1.0268973512997048
210655.0,ascending_neuron,AN10B045,AN10B045_L,L,BA,T3,,0.07183657749175812,0.3024320935696778,0.660618817487873,3,415.61954627466037,271.7451727591115,0.38495678439162767,1.7855633330896068
211648.0,sensory_ascending,LgAG1,LgAG1_L,,leg bristle,,,0.06346448098448174,0.2842630592875812,0.30164513305067236,3,315.70679946814,671.1201669479078,0.37321428034162196,2.644129708843818
212347.0,ascending_neuron,AN07B110,AN07B110_R,R,BA,T1,,0.051097169078132554,0.25506653307381805,0.14585878660679263,3,215.8052355336782,141.23324874835777,0.3535287841267961,1.0099276220574476
212840.0,sensory_ascending,SApp,SApp_L,,haltere,,,0.20389913664110118,0.5095217796216452,0.1719070050438965,3,191.45376073172795,326.7040970496863,0.4996655601646027,1.0370093500354913
213643.0,ascending_neuron,AN10B061,AN10B061_L,L,BA,T1,,0.033674778654958416,0.20706535162526982,0.11088172868033053,3,219.26774494195712,211.51543070719248,0.3185310381993915,1.3524056496481558
214629.0,ascending_neuron,AN19B104,AN19B104_R,R,BA,T3,potentially sexually dimorphic,0.039384388503050365,0.22393249180790317,0.16690080460140713,3,173.541014637101,218.39423819831865,0.33125054111030905,1.1831988304734635
214843.0,ascending_neuron,AN10B035,AN10B035_R,R,,T2,,0.050036556365914434,0.25240547190473545,0.2108699974431897,3,200.5518232167418,179.068925077797,0.35167979929663346,1.079449968561708
215118.0,ascending_neuron,AN10B037,AN10B037_L,L,BA,T1,,0.033425335850106874,0.20629701742974857,0.14493124626968618,3,240.48751517103662,208.6879262716379,0.31793952025593925,1.4127700799230343
215209.0,ascending_neuron,AN09B037,AN09B037_L,L,BA,A5,,0.1336650630175599,0.4125380515582469,0.05046769894796067,3,222.73425892232189,157.04120949318968,0.4496038759436366,0.844689044591602
215290.0,sensory_ascending,"SApp06,SApp15","SApp06,SApp15_L",,campaniform sensilla,,,0.15983686655349313,0.4511215126797486,0.5792834492860383,3,198.70310867140898,341.9645729077412,0.4701590594820829,1.1499675921904773
215306.0,sensory_ascending,SApp,SApp_L,,haltere,,,0.22873953769708213,0.5396667720365638,0.11304193369966367,3,164.2793923749343,333.11681470218974,0.5142341084544239,0.9672563505600442
215424.0,ascending_neuron,AN08B113,AN08B113_R,R,BA,T1,,0.08282463358806237,0.324739278133276,0.4689420239448017,3,249.71919974198377,148.58636743814742,0.39890129892657056,0.9985065685470506
215515.0,ascending_neuron,AN10B037,AN10B037_R,R,,T3,,0.04279354592325831,0.23342329560035927,0.0903328127630289,3,194.28666449155094,184.00401495256654,0.33819730165123435,1.118550259263243
215622.0,ascending_neuron,AN10B039,AN10B039_R,R,BA,T2,,0.05038180476324532,0.25327476415878925,0.11756871997978209,3,257.87471202101744,263.4416372404018,0.35228487682244713,1.4798147282495027
215925.0,ascending_neuron,AN19B104,AN19B104_R,R,BA,T3,potentially sexually dimorphic,0.07558900946543934,0.3102304240379365,0.384233878099342,3,172.62525926935828,216.09913913060987,0.38988832731769346,0.9970147120696513
216011.0,ascending_neuron,AN19B101,AN19B101_R,R,BA,T3,,0.06788163277203742,0.2939890800804486,0.16928028634582393,3,193.38452306550835,229.67966920116177,0.37954531908511246,1.114660545113451
216291.0,ascending_neuron,AN19B104,AN19B104_R,R,BA,T3,potentially sexually dimorphic,0.04729401235677775,0.2453907226482755,0.13295845963073927,3,172.9475110791513,205.32197214332908,0.3467584953503735,1.0908730090095338
217221.0,ascending_neuron,AN08B097,AN08B097_R,R,BA,T1,,0.08200309387847837,0.3231247157317258,0.11291221475039259,3,264.0681728513596,196.262852441061,0.3979084200020724,1.156876814242893
217233.0,ascending_neuron,AN10B039,AN10B039_L,L,BA,T1,,0.06642525510166077,0.2908182620891535,0.5359214476427759,3,229.20582946240162,188.84792627163787,0.37749297797930653,1.1074477675633914
217430.0,descending_neuron,DNg06,DNg06_L,L,xn,LB,,0.10048,0.35768017760981546,0.0554551045248704,3,208.10791780727942,219.70297460378598,0.41864458318340814,1.02189520561321
217516.0,descending_neuron,DNpe009,"DNpe009(PS222,PS226)_R",R,nt,,,0.06993667145507178,0.2984059914340666,0.07944262527263556,3,200.25173286202613,183.72471814307892,0.3823858467604321,1.0041596838851345
217594.0,ascending_neuron,AN08B099_b,AN08B099_b_R,R,,T1,,0.1397939089937041,0.42188995371292337,0.378118097114667,3,230.90736499087876,207.92271339049634,0.45467139487692915,0.9651587571286686
218015.0,sensory_ascending,SApp23,SApp23_R,,chordotonal organ,,,0.05779331142441439,0.27126505400946666,0.026580657088309357,3,380.78069267463627,314.3293907301903,0.3645817829577318,1.906595765058878
218325.0,sensory_ascending,"SApp09,SApp22","SApp09,SApp22_L",,campaniform sensilla,,,0.2790500015276247,0.5960683659643241,0.24447026010688538,3,175.1996691776995,377.6204907008334,0.5404382474645173,1.0229108736698513
218722.0,ascending_neuron,ANXXX086,ANXXX086_L,L,CA,A1,,0.16711222608129986,0.461274207663331,0.22136602918942022,3,237.24943286442561,176.86355766106962,0.4754201949381538,0.8710462763984312
218845.0,descending_neuron,DNg06,DNg06_L,L,ut,LB,,0.09331267467422844,0.3446873763575263,0.05199829141664552,3,205.70177612084,238.7297988804012,0.4109705760941869,1.08141945154581
218878.0,ascending_neuron,AN19B104,AN19B104_R,R,BA,T3,potentially sexually dimorphic,0.0539911198833345,0.2621900625500486,0.1353000981014656,3,166.42677376082779,153.12444789240428,0.3584314866882147,0.8915266474097377
219573.0,sensory_ascending,LgAG2,LgAG2_L,,leg bristle,,,0.09581522683521335,0.34927887968550775,0.14234119305504547,3,38.83673941616586,34.55420475524641,0.4136987443126928,0.1774019021820863
219685.0,ascending_neuron,AN10B037,AN10B037_L,L,BA,T2,,0.033152,0.20545178847374418,0.13918646534301396,3,233.15379296990616,220.30081790636285,0.31728752946205535,1.4291598905417995
220203.0,descending_neuron,DNge061,DNge061_L,L,fl,LB,,0.21862422836613518,0.5275992920701981,0.08059010181546888,3,273.251267514957,183.09069614690907,0.5084522132063121,0.8975120017359399
220627.0,ascending_neuron,AN07B100,AN07B100_R,R,BA,A1,,0.025843423860925654,0.18139699344554425,0.12203104777102376,3,188.32803292195422,356.13576161471053,0.29813508144516754,1.8262318942724003
220941.0,sensory_ascending,,,,leg bristle,,,0.02930170895419959,0.1931530340657566,0.1984685898904785,3,14.948430040425752,5.544154687870055,0.30764425346854885,0.06661130346902712
221015.0,ascending_neuron,ANXXX008,ANXXX008_L,L,BA,T1,,0.04921138347712755,0.2503155598323952,0.8485722537410458,3,172.58865278410076,65.33842821190837,0.3502208222220284,0.6793630358310655
221125.0,ascending_neuron,AN19B104,AN19B104_L,L,BA,T3,potentially sexually dimorphic,0.0374480290068561,0.2183582180819367,0.04995578342624254,3,176.72280450508583,262.4991423865806,0.32710170721069154,1.3427687389254634
221619.0,ascending_neuron,AN10B039,AN10B039_R,R,,T3,,0.025347943607199296,0.17964967068826765,0.14936479475832581,3,256.26008620985806,185.4669869120509,0.29669570040236704,1.4888219563777165
222154.0,ascending_neuron,AN00A002,AN00A002_M,M,BA,T1,,0.0005468872778911758,0.026387847747090194,0.13371363428900918,3,233.84877825959973,131.09630014173547,0.1137103574705233,3.209426885285612
222611.0,ascending_neuron,AN19B079,AN19B079_R,R,BA,T3,,0.09015976994084389,0.33881408535199226,0.09074411603200522,3,156.83236272551503,309.01429817100353,0.40745417143830565,1.1433105697558292
222690.0,ascending_neuron,AN07B089,AN07B089_R,R,BA,A1,,0.03171639428050218,0.2009541425657792,0.06403289860690192,3,153.26866606726665,176.2366614921187,0.31379536302697625,1.05006436163003
222777.0,ascending_neuron,AN09A005,AN09A005_R,R,BI,A3,,0.16145078344585434,0.4533933413844263,0.21620810564012868,3,385.7788956798097,234.49477087611146,0.4713414232574608,1.3159752908394582
222954.0,ascending_neuron,AN10B045,AN10B045_R,R,BA,T2,,0.03337497435630149,0.20614154640674703,0.07205820271282631,3,242.07597047159123,184.2473755665265,0.3178196937562335,1.3414000277940803
223170.0,descending_neuron,DNge145,DNge145_R,R,xn,LB,,0.16633817298824832,0.4602046714752427,0.13103977621635232,3,150.6488146359868,180.10310267344332,0.4748687071421625,0.6965123461176232
223783.0,ascending_neuron,AN05B105,AN05B105_L,L,BA,T1,,0.00601165994479972,0.08748876025650043,0.192457466640147,3,232.75844559394898,500.73617200379545,0.20704949293752256,3.542605235063663
223870.0,ascending_neuron,AN08B084,AN08B084_R,R,BA,T1,potentially male-specific,0.16640924978126337,0.4603029843822607,0.051925191235335726,3,223.64783570018483,192.78834085809143,0.4749194272161413,0.8768564785806316
223886.0,ascending_neuron,AN19B101,AN19B101_R,R,BA,T3,,0.05242407901149208,0.25835713749333955,0.15650807402385775,3,195.4456811462084,242.74677284849602,0.35580190748748997,1.2315629702185094
224051.0,ascending_neuron,AN19B104,AN19B104_L,L,BA,T3,potentially sexually dimorphic,0.042095590545578175,0.23151192310896165,0.1337173294965044,3,167.42504446460043,201.5047600884103,0.3368098014063593,1.0953654050818395
224116.0,ascending_neuron,AN10B035,AN10B035_R,R,,T2,,0.03709870489069729,0.2173373831748592,0.143961217162173,3,196.86336280185606,177.95534154334214,0.3263362035626464,1.1485661114312884
224753.0,descending_neuron,DNg05_b,DNg05_b_L,L,ut,LB,,0.24864459893348487,0.56265809862378,0.2631665613626415,3,197.58259908730903,184.68259729318092,0.5250737741743079,0.7280218803188406
225466.0,descending_neuron,DNg02_c,DNg02_c_R,R,ut,LB,,0.2195308574727782,0.5286921306620328,0.2798803479899024,3,207.30542508789344,266.78645637557287,0.5089785300230217,0.9314575242339249
225781.0,descending_neuron,DNge179,DNge179_R,R,nt,LB,,0.041832014327850775,0.23078599367844557,0.30581413112430605,3,164.87442862743603,232.94624648093375,0.33628133594125964,1.1829995678911527
225823.0,ascending_neuron,AN10B037,AN10B037_R,R,BA,T3,,0.03829425934267065,0.2208116059708643,0.5349982906509511,3,234.60730761042836,210.29370771008675,0.32893416807276726,1.3525533632677937
225843.0,sensory_ascending,SApp19,SApp19_L,,campaniform sensilla,,,0.07128615473399116,0.30127122530940004,0.025164674652259245,3,235.67777019211943,275.32589830371955,0.3842172567722668,1.3299862499375477
225850.0,ascending_neuron,AN10B046,AN10B046_R,R,BA,T3,,0.040921352160175284,0.22826012309286273,0.7017832626938015,3,201.96791333150486,169.76526884819023,0.33443603321936277,1.1115225192731204
226016.0,descending_neuron,DNge009,DNge009_L,L,fl,MX,,0.07544548036516281,0.3099357499103089,0.07622605559262273,3,224.31135357595284,119.32478000054677,0.3897031145064809,0.8817895489793034
226164.0,sensory_descending,LN-DN2,LN-DN2_R,,,,potentially sexually dimorphic,0.0802466088005081,0.3196453591962499,0.13596080210372524,3,228.4521045705026,205.17873519637547,0.39576031383422267,1.0956905596868884
226581.0,ascending_neuron,AN12B076,AN12B076_R,R,BA,T1,,0.34353727739406414,0.6613661971017082,0.34653327471525086,3,212.10383052582006,157.39714849067602,0.5692709693808714,0.6490775024385286
226775.0,ascending_neuron,AN10B039,AN10B039_R,R,BA,T2,,0.05666818608286675,0.26861156983480206,0.034026811007452605,3,199.10300338173695,240.89028290259344,0.36279425191016046,1.212790125443572
227102.0,ascending_neuron,AN14A003,AN14A003_R,R,CA,T3,,0.7009757398283633,0.9447274907874011,0.38802483941691623,3,173.34474566827095,145.937413974567,0.6803796517282292,0.4692705886071559
227788.0,ascending_neuron,AN19B079,AN19B079_L,L,BA,T3,,0.07399238781598215,0.30693653118631664,0.13489416073450466,3,148.1074653013617,327.4690309965962,0.3878129707491681,1.2263037396073944
228085.0,ascending_neuron,AN09B044,AN09B044_R,R,BA,T3,,0.06944137890049353,0.29734745611329233,0.2046845647355147,3,273.130943413685,235.17176166009494,0.3817070257350698,1.3316566654619975
228310.0,ascending_neuron,IN08B021,IN08B021_L,L,BI,T3,,0.03781289672806925,0.21941940528395526,0.1363782760012492,3,222.15978701925573,148.52424494494417,0.3278955757388899,1.1304941554300914
228354.0,ascending_neuron,AN07B060,AN07B060_L,L,,T2,,0.06601018936794947,0.28990823282330197,0.10756730256739128,3,197.99587281878723,341.2890228553028,0.37690188920117923,1.4308362762974516
228438.0,ascending_neuron,AN06A112,AN06A112_R,R,,T1,,0.06402396385504004,0.2855132966972496,0.07882363516587537,3,168.48806191723452,239.20181878982154,0.374034109917334,1.0899804854620356
228714.0,descending_neuron,DNge061,DNge061_R,R,fl,LB,,0.16239910977862768,0.4547229580744034,0.22979918153497736,3,256.29507123303705,188.19544715455598,0.4720320428280877,0.9416532736305675
229702.0,ascending_neuron,AN10B047,AN10B047_L,L,,T3,,0.058221333044015965,0.2722677057214777,0.05111043803609267,3,204.01210803107844,259.95438824088575,0.3652549463094566,1.2702538349169286
229839.0,ascending_neuron,AN10B039,AN10B039_R,R,,T3,,0.03991541702325796,0.2254371029768772,0.11233524792378831,3,240.13414109902635,321.839708590205,0.332361520725053,1.6908511203802257
230604.0,ascending_neuron,AN19B101,AN19B101_L,L,BA,T3,,0.06997472883784073,0.29848717206683906,0.0948199670592908,3,160.65217508618247,205.14205368294935,0.3824378567986583,0.9564801764949518
230783.0,descending_neuron,DNg97,DNg97_R,R,xl,MX,,2.824576,1.8964076197668756,0.1305236688758791,3,92.36502466843203,102.66987511557332,0.963970815785296,0.20232448595979616
232250.0,sensory_ascending,SApp,SApp_R,,haltere,,,0.15457690159325377,0.4436365898020208,0.21346283736629143,3,140.59020048657305,330.8140440770666,0.46624235007449744,1.0110712690263282
232796.0,ascending_neuron,AN08B099_a,AN08B099_a_R,R,,T1,,0.09876696725079344,0.3546181163128485,0.1531458752296338,3,190.22991348397022,192.04690369822157,0.4168487459418533,0.9170636133700064
233071.0,descending_neuron,DNg04,DNg04_L,L,ut,LB,,0.724482399068517,0.96043721291849,0.09933647936951454,3,165.25425113553433,225.45884552989102,0.6860132901992935,0.5695415850499332
234225.0,ascending_neuron,AN19B106,AN19B106_R,R,BA,T3,,0.04727935365637303,0.2453526904780405,0.766244345733443,3,171.57424374869152,223.55746905928063,0.346731622922167,1.1395894884865168
235061.0,ascending_neuron,AN09A005,AN09A005_R,R,BA,A1,,0.012129559070499188,0.12427322426315593,0.5307364311503898,3,79.29634918339235,223.28573600489952,0.24676685330276105,1.2261860988965585
235648.0,ascending_neuron,AN10B037,AN10B037_R,R,,T2,,0.04621640411936718,0.24257896310323235,0.03936826199891479,3,209.27086047477354,211.72527777428792,0.344766140913785,1.2211063915187053
236146.0,ascending_neuron,AN12B060,AN12B060_R,R,BA,T1,potentially sexually dimorphic,0.036579007305963106,0.21580972779072927,0.09990243349472365,3,213.79778460318954,133.7158652619508,0.3251872792983411,1.0686569616590567
236642.0,ascending_neuron,AN12B080,AN12B080_R,R,BA,T1,,0.10088065692733249,0.3583925804180954,0.1806282835996673,3,205.6386259596282,133.20212457031465,0.4190612895566312,0.8085708677325886
236699.0,ascending_neuron,AN10B047,AN10B047_R,R,BA,T1,,0.0945148549558965,0.34690063547758976,0.4045345611540072,3,229.65993480531853,209.1505815972434,0.4122878986630811,1.0643303328220044
237744.0,ascending_neuron,AN19B106,AN19B106_L,L,BA,T3,,0.028037181610041755,0.18893927158964766,0.11762873523827648,3,173.29466202223986,242.45519121419937,0.3042700167268003,1.3663845610188237
237936.0,descending_neuron,DNg09_a,DNg09_a_R,R,xn,LB,,0.09159562946246187,0.341501358059548,0.17843910850760772,3,183.02814553877266,164.3459926732622,0.40906682271870753,0.8491867805444213
238250.0,ascending_neuron,AN10B034,AN10B034_L,L,BA,T2,,0.08656046228112052,0.3319822338422331,0.04270234428805521,3,385.12257944005427,326.06051920050544,0.40332529623455826,1.7632990176419863
238699.0,descending_neuron,DNg07,DNg07_R,R,ut,LB,,0.10123582197546445,0.35902291275478554,0.49017387796403367,3,198.86637512426395,238.76992632030368,0.4194296451728763,1.0434081293042294
238896.0,descending_neuron,DNge071,DNge071_L,L,nt,LB,,0.05608337236585479,0.2672219442678942,0.26377413380243697,3,155.01549226157772,171.8047253428026,0.3618546015891854,0.9031810461137103
240034.0,descending_neuron,DNg01_d,DNg01_d_L,L,lt,LB,,0.11712,0.3861629390288279,0.12641383790755908,3,215.63326644860632,193.91805228393378,0.4349940690677583,0.9415101212994813
240137.0,sensory_ascending,"SApp06,SApp15","SApp06,SApp15_L",,campaniform sensilla,,,0.086386983419807,0.3316493983719541,0.17024430492861845,3,236.9613328935545,335.6539374610746,0.40312306458730135,1.420447800328284
241203.0,ascending_neuron,AN10B046,AN10B046_R,R,,T1,,0.03679788620812223,0.2164544383533077,0.20066082563408993,3,201.7074507017292,203.31734828996767,0.325672649746829,1.243656166112059
241849.0,ascending_neuron,AN10B039,AN10B039_R,R,BA,T1,,0.07180800000000001,0.30237193194531564,0.5128902182451193,3,250.60291675326647,209.02423564737805,0.38491849351934837,1.1940895543839096
242405.0,descending_neuron,DNge046,DNge046_R,R,fl,LB,,0.12355982594460742,0.3966374371302687,0.16109485992330425,3,192.44186586373505,130.7017328939729,0.4408541076068495,0.7329944151181302
242617.0,sensory_ascending,"SApp06,SApp15","SApp06,SApp15_L",,campaniform sensilla,,,0.09129296743889621,0.34093667491107826,0.09354654996639471,3,184.38159309250284,255.82784856948254,0.40872848041998294,1.0770216971659392
242782.0,sensory_ascending,SApp23,SApp23_L,,chordotonal organ,,,0.11746198739943062,0.3867263210076843,0.45591956501593667,3,381.2741468265178,318.6732225950638,0.4353112648367433,1.6079238603762893
243928.0,ascending_neuron,AN19B102,AN19B102_L,L,BA,T3,,0.11841694775205497,0.35423811796867233,0.6348647441462568,2,12.22569737088551,248.53785840321558,0.41662534464990175,0.6258946056035685
244400.0,descending_neuron,DNge020,DNge020_R,R,fl,MX,,0.05823423271171932,0.272297866216155,0.04213780827493879,3,177.73609658850262,126.57004271764113,0.365275176334111,0.833087379110044
244965.0,sensory_ascending,"SApp06,SApp15","SApp06,SApp15_L",,campaniform sensilla,,,0.08582556131094005,0.3305699602356226,0.33859686001621236,3,169.65301473632138,261.14255877346176,0.40246649614030616,1.0703886600279915
247786.0,ascending_neuron,AN01B011,AN01B011_L,L,IA,A1,,0.110464,0.3750295095984115,0.1354812100735859,3,322.4299380600229,192.96714750253415,0.42867757079560576,1.2022954329194409
248176.0,sensory_ascending,SNpp19,SNpp19_L,,hair plate,,,0.07919437417958135,0.31754276708184725,0.16056021432743198,3,192.07140750109974,185.67769432146235,0.3944565322948843,0.9576444320109974
248280.0,sensory_ascending,SApp23,SApp23_L,,chordotonal organ,,,0.08061943401456186,0.32038703385359907,0.27835840933023664,3,381.70668137201636,216.35908189892737,0.3962191900807727,1.509431593025625
248583.0,descending_neuron,DNge009,DNge009_L,L,fl,MX,,0.0845869665360883,0.3281759752982194,0.21727208341360202,3,174.58816895569726,166.72521445811515,0.4010065185207436,0.8511417337375693
249310.0,sensory_descending,LN-DN2,LN-DN2_R,,,,potentially sexually dimorphic,0.11102399299953292,0.37597890672404105,0.028464232732784384,3,253.1427482460608,325.71485968294076,0.429219832131252,1.348627357349116
249650.0,sensory_ascending,SApp,SApp_R,,haltere,,,0.12493195373626542,0.39883367949314036,0.09683926589831,3,187.1443558790985,321.3078785370534,0.4420729611180023,1.1501545652787188
250223.0,ascending_neuron,AN10B061,AN10B061_R,R,BA,T1,,0.032734565657339065,0.20415421493237335,0.13553377717691664,3,214.936129517578,202.10681362904847,0.31628399472129937,1.3185711262883
250291.0,ascending_neuron,AN19B079,AN19B079_R,R,BA,T3,,0.06660890314368842,0.2912200019126063,0.09665377561432656,3,159.14106705962914,166.92408606138926,0.37775362465127593,0.8631688270947131
250927.0,sensory_ascending,SApp,SApp_L,,haltere,,,0.0915678404818737,0.3414495504866317,0.09340733833042346,3,219.38953071261264,266.0572137860135,0.4090357927351218,1.1868074948956497
251962.0,sensory_ascending,SApp,SApp_R,,haltere,,,0.04356140285823312,0.23550817553376308,0.17569074968564147,3,2.048000000000002,319.7252259649774,0.33970429201224983,0.9472156623601747
253152.0,sensory_ascending,"SApp09,SApp22","SApp09,SApp22_R",,campaniform sensilla,,,0.11112820827520235,0.3761553260443789,0.12397267056482504,3,184.18384953945346,327.0921323091111,0.42932052101168616,1.1908957453134357
253454.0,ascending_neuron,IN10B058,IN10B058_L,L,BI,T1,,0.03400828416540674,0.20808818382595998,0.11620590142995493,3,244.14951315460675,224.27296157029252,0.31931678639670724,1.4669522389059395
253904.0,ascending_neuron,AN08B061,AN08B061_R,R,BA,T1,potentially male-specific,0.05740976061335908,0.2703634173972285,0.12299559140522608,3,306.0670031277094,167.11809953164308,0.36397537626141957,1.3000470183441608
254178.0,sensory_ascending,SApp,SApp_L,,haltere,,,0.12588306454980142,0.4003489675236546,0.14899368230707732,3,203.16123744300285,310.7939759470023,0.44291194845769366,1.1604004253660307
254322.0,sensory_ascending,SAxx01,SAxx01_L,,abdomen,,,0.13969500411627112,0.4217406826982402,0.01838542682790606,3,184.2342200516773,226.0212714289548,0.45459095296996144,0.9024717469635632
254884.0,ascending_neuron,AN08B043,AN08B043_R,R,BA,T1,sexually dimorphic,0.04664923171513264,0.24371222076707724,0.12760436052837876,3,261.28109409190944,170.50434760764014,0.3455705256179523,1.249485733563147
255915.0,sensory_ascending,SApp,SApp_L,,haltere,,,0.16976798917419275,0.4649250662706338,0.15193498664788216,3,225.33473685126236,337.41159575332296,0.4772978969916068,1.179025376293416
256420.0,descending_neuron,DNge050,DNge050_R,R,xl,,,3.059072,1.9735580661820122,0.03825632603718946,3,83.76756206202782,108.49062735625365,0.983383675087799,0.1955067938270545
257825.0,descending_neuron,DNg36_b,DNg36_b_R,R,ut,LB,,0.05816847991661933,0.2721440958150165,0.3816781009686264,3,162.26174067706302,212.99210897608071,0.3651720237769565,1.0276084289587997
258513.0,descending_neuron,DNge093,DNge093_R,R,ut,LB,,0.1615994433374441,0.4536020300488337,0.06756519834898098,3,171.30559251029243,220.3862502983236,0.47144988569722707,0.8308239214637693
258572.0,sensory_ascending,SApp,SApp_L,,haltere,,,0.16997052664810527,0.46520231724254063,0.017607687640861357,3,208.58991470013905,337.12153771417536,0.4774401904415304,1.1429943757136314
258676.0,sensory_ascending,SApp23,SApp23_L,,chordotonal organ,,,0.07630135159822213,0.3116887841607361,0.06451858361726355,3,381.6547262806214,281.789418597221,0.39080366456669857,1.6976405418650113
258686.0,sensory_ascending,SApp,SApp_L,,haltere,,,0.08076543953423371,0.32067702047839824,0.31850179622381425,3,191.24840788099885,320.3683313009561,0.39639846119077593,1.2906627781678686
259442.0,descending_neuron,DNpe015,DNpe015_R,R,ut,,,0.09111098088760278,0.3405966879253312,0.1501976223521508,3,183.22452943008844,212.85042287135317,0.4085246346102182,0.9695252593013023
260457.0,ascending_neuron,AN10B048,AN10B048_R,R,BA,T1,,0.0719237768693578,0.3026155926530795,0.08561400730097075,3,375.30037377989055,206.47150399031705,0.3850735519352231,1.510807155792598
261128.0,sensory_ascending,SApp,SApp_L,,haltere,,,0.2068017682697209,0.5131356441353164,0.045509067289226025,3,215.62603740155936,419.15305455485736,0.5014344080997085,1.2659264735382763
261364.0,ascending_neuron,AN10B061,AN10B061_R,R,,T1,,0.029448264986479695,0.1936354706778328,0.16747054946648257,3,187.05499439722402,202.9967778359786,0.30802821401965447,1.2662858611007448
261604.0,descending_neuron,DNg07,DNg07_R,R,ut,LB,,0.0577528363640663,0.27117004827109525,0.15477831330531497,3,156.07232106962917,261.50070847012154,0.36451793323900633,1.1455486588254007
262161.0,sensory_ascending,SApp23,SApp23_R,,chordotonal organ,,,0.13282322450172432,0.4112368926723766,0.10392627737112844,3,319.8349601815435,180.52829949806187,0.44889428311069474,1.114657233351797
262979.0,descending_neuron,DNg02_b,DNg02_b_R,R,ut,LB,,0.1857628063253401,0.48633378553664375,0.42439592977418944,3,190.94310776448702,236.2893310628076,0.4881634510212285,0.8751831746795722
263403.0,sensory_ascending,SApp01,SApp01_L,,campaniform sensilla,,,0.09289709115081288,0.34391895854122656,0.07357300966077975,3,183.37813286449392,345.74579392551976,0.4105122284234673,1.2889358468615253
263534.0,ascending_neuron,AN19B098,AN19B098_L,L,BA,T3,,0.02312886824549542,0.17160591386993093,0.24925900094751063,3,165.54385968458416,229.2936419246028,0.2899774091136517,1.3616146954897341
265275.0,ascending_neuron,AN19B065,AN19B065_R,R,BA,T3,,0.07896112287185725,0.31707479265488886,0.5522289939351467,3,195.5273262055611,311.6809591802297,0.3941657625934748,1.286789299122621
266941.0,sensory_ascending,SApp23,SApp23_L,,chordotonal organ,,,0.060160000000000005,0.276763601312144,0.07808843221619625,3,379.42656866095587,318.2762351258983,0.36825828523327286,1.8946017829439876
267327.0,descending_neuron,DNge089,DNge089_R,R,xn,LB,,0.044007166045462016,0.2367100844087737,0.1947680227249637,3,197.4677548750367,211.8373692294062,0.34057002416580806,1.2018236928132313
268258.0,descending_neuron,DNge173,DNge173_L,L,fl,,,0.08824139192561836,0.33519013959567995,0.47647352388421865,3,206.0536783406513,149.83270265661176,0.40526925420254023,0.8781479900259167
268363.0,ascending_neuron,AN06A027,AN06A027_R,R,BA,T1,,0.4306493666791464,0.7404861940448603,0.13407889425709926,3,165.52387693165412,170.87240597542234,0.6023605523953087,0.5584633349069495
271536.0,ascending_neuron,AN19B102,AN19B102_R,R,BA,T3,,0.03233292022532368,0.20289788719365576,0.08131783573514018,3,147.46301299235685,280.3664042362134,0.3153093159500545,1.3568562538010742
273577.0,ascending_neuron,AN10B045,AN10B045_R,R,BA,T1,,0.07520319568362491,0.309437687806201,0.20406676561768886,3,86.94046541829813,209.34796029482237,0.3893898650774549,0.7609043077024739
274021.0,descending_neuron,DNg01_a,DNg01_a_R,R,ut,LB,,0.20034671487206027,0.5050637187849544,0.3242748946078759,3,181.6724063715718,191.05433491067865,0.49747484580089835,0.7492373623076107
275924.0,ascending_neuron,AN08B113,AN08B113_L,L,BA,T1,,0.026652605258325846,0.18421495863560267,0.10690919706554075,3,241.9029098081808,16.184507384360835,0.30044189077331623,0.8590260716581261
278337.0,ascending_neuron,AN10B046,AN10B046_R,R,,T1,,0.044294992128310215,0.23748291646242117,0.11309322018540943,3,244.68084142576137,203.29180560695218,0.34112553270986085,1.313219340323405
280007.0,sensory_ascending,SApp,SApp_L,,haltere,,,0.03743015229417244,0.21830609260027517,0.1575385378163617,3,209.30523991231394,321.2668501932067,0.32706266276378115,1.622233750627545
280052.0,ascending_neuron,AN27X024,AN27X024_L,L,BA,T1,,0.02390463635696703,0.17446010521664923,0.2413684818613823,3,63.01663193167803,28.417683564580837,0.29237895197185126,0.31272536849732496
280938.0,ascending_neuron,AN27X018,AN27X018_L,L,BA,T1,,0.02962285295601934,0.19420861930274552,0.185685860733046,3,13.324584728295825,34.47383825245089,0.30848374909927634,0.15494632414287798
281933.0,sensory_ascending,SApp,SApp_R,,haltere,,,0.0408753517979618,0.22813179154630442,0.2527482007127293,3,191.1243320349371,317.4960542859837,0.3343420073183882,1.5212577994621246
282479.0,ascending_neuron,AN10B034,AN10B034_R,R,BA,T2,,0.0838505157008003,0.32674423091570504,0.3415380321531767,3,389.28734677838884,323.93789386023406,0.4001308200435146,1.7824801412724443
282502.0,ascending_neuron,AN10B031,AN10B031_R,R,BA,T1,,0.07716958694403425,0.3134571258529988,0.1386292881622139,3,254.30940315481303,205.8790889816041,0.3919106934850967,1.1742177485491776
282750.0,sensory_ascending,SApp,SApp_R,,haltere,,,0.045696,0.24120935768791807,0.27335940322975655,3,177.6980659569504,329.76161424115776,0.3437914851579077,1.4760682044380056
282841.0,sensory_ascending,SApp,SApp_L,,haltere,,,0.04242045040784987,0.23240351753954008,0.0854437343880708,3,186.89363109473274,343.2129525988107,0.3374577360120444,1.5708828902788088
284115.0,ascending_neuron,AN08B113,AN08B113_R,R,BA,T1,,0.0357862604704419,0.21345838467757455,0.03874460092099424,3,111.84480850416918,150.76338066840785,0.3234108972994131,0.8119954873674368
284997.0,ascending_neuron,AN14B012,AN14B012_R,R,BA,T1,,0.07904113852379317,0.31723540664525984,0.221341057565498,3,202.64774888322083,172.20538160121427,0.3942655821349073,0.9507630071451943
285158.0,ascending_neuron,AN05B049_a,AN05B049_a_L,L,BA,T2,,0.12340997631400999,0.396396849202699,0.09639422719752319,3,191.1769053680411,202.9400511320087,0.4407203831334812,0.8942562485944368
285201.0,ascending_neuron,AN07B069_a,AN07B069_a_R,R,BA,T1,,0.08414409144192973,0.3273157262944702,0.06079151645465289,3,174.69769260527232,149.60849260909922,0.40048059364255145,0.8097925102054526
285743.0,sensory_ascending,SApp08,SApp08_L,,campaniform sensilla,,,0.09110651357442322,0.34058833783015313,0.07683012811212298,3,182.0254306817584,239.9053424112244,0.40851962686849574,1.032828646024403
285848.0,sensory_ascending,SApp01,SApp01_R,,campaniform sensilla,,,0.10929170657728682,0.37303421120025126,0.08924296084063393,3,139.10364851501208,349.06928731183416,0.4275356868006729,1.1418296785466795
287217.0,sensory_ascending,SApp,SApp_L,,haltere,,,0.15129599999999999,0.4389032355317641,0.07795382789509311,3,141.1367211576023,343.66131532711324,0.46374840744800877,1.0453901915319603
287529.0,ascending_neuron,AN10B035,AN10B035_R,R,BA,T3,,0.07680291652236838,0.3127115451454791,0.26888458606204524,3,188.3438953295152,165.41887501042072,0.3914443218661944,0.9037371359824221
289020.0,ascending_neuron,AN10B045,AN10B045_R,R,,T1,,0.10048,0.35768017760981546,0.1410461155279219,3,243.91247682047535,178.35780568858175,0.41864458318340814,1.008660566674669
293304.0,ascending_neuron,AN10B045,AN10B045_R,R,BA,T3,,0.04847340306766784,0.24843158747156416,0.08861440840665179,3,403.1618421215139,486.33571142032,0.3489003838648883,2.5494312837623356
293452.0,descending_neuron,DNg10,DNg10_L,L,nt,LB,,0.09610105363248321,0.34979945937006873,0.20038213754204084,3,144.3857884481369,170.65456600614922,0.4140069263808683,0.7609543086833835
293667.0,sensory_ascending,SApp,SApp_L,,haltere,,,0.08438686130803477,0.32778756668530235,0.18490995104682206,3,145.10359636037018,267.85948896490913,0.40076914511448875,1.0304263448407613
295340.0,descending_neuron,DNg02_c,DNg02_c_R,R,ut,LB,,0.12477520354835922,0.3985833957406532,0.009057419159938095,3,201.53750391567263,269.49371071219093,0.44193423030233814,1.0658400782976676
296168.0,sensory_ascending,SApp,SApp_R,,haltere,,,0.12737341662617646,0.40271189577224453,0.21624224121775343,3,132.20644375074477,338.31613364281424,0.4442170966187589,1.0592176234886705
296698.0,sensory_ascending,SApp,SApp_R,,haltere,,,0.03761970598663218,0.21885816713910916,0.3362128132059627,3,184.1596792602726,312.29556155467594,0.3274759562138318,1.5160051643326706
296779.0,ascending_neuron,AN10B061,AN10B061_L,L,,T1,,0.036579007305963106,0.21580972779072927,0.10181389809860168,3,218.29720813698341,208.22353025439665,0.3251872792983411,1.3116156920765376
297676.0,ascending_neuron,IN08B021,IN08B021_R,R,BI,T3,,0.035308664446895524,0.21202921460395943,0.375683035161756,3,241.92371732934757,108.43747599133499,0.32232641088800046,1.0869763739044749
300102.0,ascending_neuron,AN10B047,AN10B047_R,R,BA,T2,,0.0704,0.2993928254807644,0.10683256325978933,3,196.8984368966223,240.38942326921844,0.38301760336252766,1.1416912860580617
300401.0,ascending_neuron,AN10B053,AN10B053_R,R,,T3,,0.09320974658706593,0.3444972210474211,0.5620109808681562,3,385.9311564153853,309.2704445193509,0.4108571994175547,1.6920759863044335
302599.0,descending_neuron,DNg02_c,DNg02_c_L,L,ut,LB,,0.07744,0.3140058444428877,0.09687511723335815,3,216.13606792777884,234.3305115644852,0.39225357076388095,1.1484065743876293
304430.0,ascending_neuron,AN07B057,AN07B057_R,R,BA,T2,,0.06786319445529575,0.2939491500456067,0.0782558690345103,3,128.05555004117488,179.93479784194818,0.37951954300450363,0.8115269781494973
306404.0,ascending_neuron,AN12B060,AN12B060_R,R,BA,T1,,0.04360392370965222,0.23562308879382843,0.0998208069913542,3,204.48746710925982,139.40419936330898,0.33978715912902874,1.0120796423092062
306725.0,ascending_neuron,AN10B047,AN10B047_R,R,BA,T3,,0.062464,0.28201353677144153,0.0991748688287159,3,242.21072428886077,178.60490475629058,0.3717346271441583,1.1320323648029686
308684.0,sensory_ascending,SApp19,SApp19_L,,campaniform sensilla,,,0.20857119914670907,0.5153262060544008,0.2503515119911518,3,237.02859287065291,272.9224136651514,0.5025035730884472,1.0148206576951966
309831.0,descending_neuron,DNg01_unclear,DNg01_unclear_L,L,lt,LB,,0.087481756972304,0.33374426200318186,0.08751424585706505,3,213.0055202594771,257.96790056086513,0.40439422397155855,1.164639336820662
312400.0,sensory_ascending,"SApp06,SApp15","SApp06,SApp15_L",,campaniform sensilla,,,0.3236267503887056,0.6419146176315318,0.26289685426584614,3,169.8206316138987,431.1163217260671,0.5608370196763499,1.0715001546915661
312712.0,descending_neuron,DNde003,DNde003(LAL107)_L,L,xl,,,0.06311552099961332,0.2834804706205884,0.7708510915486796,3,218.7491322284506,162.85898978761662,0.3727001886289948,1.0239010702405085
314801.0,ascending_neuron,AN19B098,AN19B098_R,R,BA,T3,,0.038605876932050476,0.22170820726591442,0.07006700248148405,3,141.9920534761784,278.1632122091395,0.3296013069760162,1.2747378629657282
321015.0,ascending_neuron,AN05B053,AN05B053_R,R,,A4,,0.06484778020612399,0.2873443198442092,0.2567583777063278,3,202.76463685594405,174.8556849422667,0.37523155081051285,1.0063661250834
321904.0,sensory_ascending,SApp,SApp_R,,haltere,,,0.0415591270162154,0.23003200638545257,0.20806614554899203,3,190.61444595299722,320.4276441624902,0.33573156409380356,1.5221746918401216
322714.0,descending_neuron,DNg12_b,DNg12_b_L,L,xn,MX,,0.06937563708458233,0.2972066698061897,0.12862931675663872,3,169.55162067090663,121.7428003769883,0.3816166508487712,0.7633168531824112
323454.0,sensory_ascending,"SApp09,SApp22","SApp09,SApp22_L",,campaniform sensilla,,,0.1285814202531998,0.40461703990883124,0.42003366199714964,3,177.46413132364097,394.04989787683536,0.4452666050304326,1.2835322091164125
326964.0,descending_neuron,DNg12_a,DNg12_a_L,L,nt,MX,,0.05723958207529714,0.269962403720189,0.03324088224245413,3,173.7270514914241,194.2216456071183,0.3637053447818613,1.0116670056614816
331721.0,ascending_neuron,AN27X004,AN27X004_R,R,BA,T3,,0.10666861427477672,0.36853045719010447,0.10657038407621901,3,189.49808421870327,122.28692262352553,0.4249469661300704,0.7337033363989135
338479.0,ascending_neuron,AN10B035,AN10B035_R,R,BA,T3,,0.04379138566313505,0.23612904087606845,0.07851465585880381,3,258.22068211210535,159.22553280533694,0.3401517749906261,1.227235150923279
338575.0,sensory_ascending,SApp,SApp_R,,haltere,,,0.040447835693155944,0.22693563824017712,0.09678261298635256,3,187.0774127983967,8.704000000000008,0.3334643350310296,0.5871134997995475
341116.0,sensory_ascending,SApp23,SApp23_L,,chordotonal organ,,,0.07291392080913295,0.3046914625254146,0.46605423995820405,3,385.19747553976003,318.0122122764485,0.3863920504325279,1.8199382907309671
342502.0,ascending_neuron,AN18B004,AN18B004_L,L,BA,T2,,1.2248021957883661,1.2487860465893295,0.07881917214119893,3,166.68633305011633,151.83469428159978,0.7822436722842643,0.40718901106810984
343341.0,sensory_ascending,SApp,SApp_R,,haltere,,,0.05126769096891245,0.2554917836426078,0.15319820894294583,3,186.99979735102025,346.9012033834131,0.3538233655157299,1.5089478332111383
351504.0,descending_neuron,DNge094,DNge094_R,R,xn,LB,,0.04894166015681524,0.249628638374379,0.062937419342293,3,201.4743548027574,205.7830004639342,0.34973995025367877,1.1644576347977786
351792.0,ascending_neuron,AN07B069_b,AN07B069_b_L,L,BA,T1,,0.09697605235305322,0.35138831048885905,0.2691991683036584,3,167.13346322666482,153.87189496588874,0.4149461075122177,0.7736073489570011
353164.0,ascending_neuron,AN07B069_b,AN07B069_b_R,R,BA,T1,,0.24139919165397028,0.5543996725115712,0.23719757584072163,3,171.81304170321573,154.2640941725455,0.5212061391912703,0.6256202898563683
356694.0,sensory_ascending,SApp,SApp_L,,haltere,,,0.10766524529039626,0.3702480896606271,0.08594713826067234,3,148.92347569568446,316.2159611962518,0.42593610311137897,1.092040410508019
358750.0,ascending_neuron,AN10B037,AN10B037_R,R,,T3,,0.05660027266493519,0.26845056416366153,0.20399998840346278,3,218.23683034340596,231.97302510792318,0.362685506245003,1.241322985614984
363021.0,ascending_neuron,AN10B047,AN10B047_R,R,BA,T2,,0.06623336241951873,0.29039789292160345,0.05248651733676156,3,235.6310579478852,247.8890043235688,0.37722005186838314,1.2817984088506522
363069.0,sensory_ascending,SApp,SApp_R,,haltere,,,0.031065699397609843,0.19888206796464122,0.25495216987593156,3,186.57749951073382,331.28243153576904,0.3121733705854396,1.6588856700855859
366006.0,ascending_neuron,AN07B097,AN07B097_R,R,BA,T1,,0.06685856298335625,0.29176525888901805,0.5944175108783785,3,231.13285866312486,183.77810157107055,0.3781070970712118,1.097337139260446
366232.0,ascending_neuron,AN07B070,AN07B070_R,R,,T1,,0.06692555706792344,0.29191140062065063,0.1280177966981855,3,266.22058913147544,160.70519623466805,0.3782017798796283,1.1288307143927847
374883.0,sensory_ascending,,,,,,,0.031890598898165284,0.201505264503019,0.4885129504106038,3,315.87671922209364,84.53695511372284,0.31422536435889337,1.274288201249352
378525.0,ascending_neuron,AN10B034,AN10B034_R,R,BA,T1,,0.092416,0.3430272667970358,0.2998357052640926,3,229.19153642339293,211.01682813477888,0.40997970770581743,1.0737320805985964
382580.0,ascending_neuron,AN08B031,AN08B031_R,R,BA,T1,sexually dimorphic,0.0778951818013859,0.31492733418021895,0.1788735750954081,3,253.68018923592933,156.78050283706432,0.3928287078973573,1.0448846630125703
396040.0,sensory_ascending,SApp01,SApp01_R,,campaniform sensilla,,,0.205184,0.5111246254554164,0.21671201422344885,3,170.98972928165423,353.48966297023935,0.5004508631955329,1.048013762835638
402239.0,descending_neuron,DNpe048,DNpe048(SMP367)_R,R,,CG,,0.05187227029522878,0.25699382446875335,0.3623520618796787,3,296.39835589038756,45.304090837186365,0.3548619083385664,0.962916668986525
403537.0,sensory_ascending,SApp,SApp_L,,haltere,,,0.03405946841434222,0.20824471675843004,0.027999988986748194,3,195.532202281939,320.11984362856276,0.31943686576791774,1.6142533976812223
411306.0,descending_neuron,DNg08,DNg08_L,L,ut,MX,,0.024714245017019316,0.17738983644488468,0.11157181469524935,3,208.37656213194188,178.27967172910482,0.2948237097961992,1.3114828319890823
411507.0,ascending_neuron,AN10B048,AN10B048_R,R,BA,T1,,0.113664,0.3804227906064219,0.16976412077119543,3,395.03690654497734,211.74983058966228,0.4317489634001994,1.4054156201231993
414262.0,ascending_neuron,AN10B046,AN10B046_R,R,BA,T1,,0.07338229674284195,0.30566851669165523,0.2963320512177927,3,212.2790647044773,160.50921413203065,0.38701107630003434,0.963249637195138
419224.0,ascending_neuron,AN19B101,AN19B101_R,R,BA,T3,,0.037150219673908164,0.2174882267719752,0.13899416090457703,3,231.30741934879927,229.93187171852082,0.32644943118079994,1.41289659901986
420551.0,ascending_neuron,AN08B113,AN08B113_L,L,,T1,,0.025845925876879106,0.18140577415489376,0.6589087995243512,3,277.82752399229065,145.72774459726506,0.2981422971265532,1.4206480350883193
422646.0,ascending_neuron,AN10B045,AN10B045_R,R,BA,T3,,0.04410542187652678,0.23697419114836377,0.31551112260183295,3,243.59726809658997,183.41550552877825,0.34075996487659493,1.2531189624344792
427343.0,sensory_ascending,SApp,SApp_R,,haltere,,,0.3233304170148137,0.6416206612625343,0.1486947159175668,3,135.19047061229406,336.2906130068674,0.560708590997714,0.8408665235184236
428860.0,ascending_neuron,AN06A112,AN06A112_L,L,,T1,,0.05777377863193618,0.271219209502123,0.03282579520466143,3,169.20040271387612,233.94599626850894,0.36455097401603564,1.1058711338531542
431420.0,ascending_neuron,AN08B099_a,AN08B099_a_R,R,,T1,,0.12415336164645771,0.3975889455959205,0.6184329678175957,3,178.8994050318962,191.8775072334803,0.441382581602402,0.8400352159781711
435098.0,ascending_neuron,AN05B053,AN05B053_R,R,,A5,,0.04198246811373396,0.23120064573436883,0.09559317907299623,3,202.40925381021472,177.11750297783794,0.3365832978771239,1.1275864226828216
437575.0,ascending_neuron,AN10B047,AN10B047_R,R,BA,T2,,0.073984,0.3069191334499794,0.07764890834609893,3,239.6368397453822,237.3766245819433,0.3878019796113603,1.230043912631311
447301.0,ascending_neuron,AN08B057,AN08B057_L,L,BA,T1,,0.19012223392569555,0.49200726271833095,0.19517949537595947,3,217.43522575234834,157.629848124875,0.4910026056264693,0.7638759338123644
452754.0,sensory_ascending,"SApp09,SApp22","SApp09,SApp22_L",,campaniform sensilla,,,0.08734696005690921,0.33348703671486174,0.014796025574407054,3,190.57307137214448,318.24169841334805,0.4042383554170512,1.2586998808179648
457929.0,sensory_ascending,LgAG8,LgAG8_L,,leg bristle,,,0.034203584524367545,0.20807267690493397,0.108560061385251,2,11.550964701345269,284.68013457346535,0.3193048882861295,0.927737438862375
467191.0,ascending_neuron,AN07B070,AN07B070_R,R,,T1,,0.050834193318436895,0.2544093260038748,0.1747503930920778,3,8.26688735741024,148.13028250855112,0.35307303740430057,0.44295982218226543
469267.0,sensory_ascending,SApp,SApp_R,,haltere,,,0.02875325221336728,0.19133681756996762,0.1446045758329528,3,133.43715867271658,351.57351308441025,0.306194449017751,1.5839956384350042
482128.0,descending_neuron,DNg12_b,DNg12_b_R,R,xn,MX,,0.07969559633663767,0.31854604815796705,0.01906543055388176,3,171.88175699889067,126.33941300176853,0.39507918648975143,0.7548389796241397
495250.0,sensory_ascending,SApp,SApp_L,,haltere,,,0.03274355461883638,0.20418224353723358,0.03168442158833983,3,184.1610467254851,308.8304361031398,0.31630570550219994,1.558591812455296
506334.0,descending_neuron,DNp42,DNp42_R,R,xn,,,1.6691891491333852,1.4578331977011172,0.07872077050598811,3,181.19299256926067,135.39408144292474,0.8451853446869197,0.3745770983871687
511810.0,ascending_neuron,ANXXX308,ANXXX308_R,R,BA,T1,,0.42759088328187417,0.7378520322955813,0.11006791827340454,3,299.89572914783156,146.53204336788693,0.6012881969778177,0.7424522462931163
511823.0,ascending_neuron,AN09A005,AN09A005_R,R,XA,T2,,0.7222149878321207,0.9589330958457323,0.09764296629153976,3,198.5578946835759,156.7788384500452,0.6854759054586884,0.5183796108717292
511828.0,ascending_neuron,AN09A005,AN09A005_L,L,XA,T1,,1.459864594880141,1.3633625094450021,0.1096961950467342,3,162.69617831195308,344.1085645561825,0.8173418070966705,0.6200646271458784
511867.0,ascending_neuron,AN05B096,AN05B096_R,R,BA,T3,,0.281216,0.5983772487421656,0.15525291215654916,3,191.362827758891,151.75745149421766,0.5414839350190005,0.6336665911262329
511881.0,ascending_neuron,AN05B076,AN05B076_R,R,BA,T2,,0.1682582149157389,0.46285312244519483,0.06071252114670609,3,251.05065230699302,212.57250697844412,0.47623316767959945,0.9735213562389966
511926.0,ascending_neuron,ANXXX068,ANXXX068_L,L,BA,A1,potentially male-specific,0.4505303394341628,0.7573856641569946,0.2866389117983527,3,157.71876012950895,497.6548469000923,0.609195350800486,1.0758020496519496
511997.0,ascending_neuron,AN17B013,AN17B013_L,L,BA,A1,,0.3511844685642598,0.6686867374733988,0.26775135472567907,3,253.57016346204367,253.47430918451866,0.5724128766563218,0.8858020029325671
512002.0,ascending_neuron,AN12B005,AN12B005_R,R,BA,T3,,0.4522773569880107,0.7588526972380327,0.32959080304625354,3,197.45294515987803,150.39266990362648,0.609785061842807,0.5704397120065456
512006.0,descending_neuron,DNg13,DNg13_R,R,xl,,sexually dimorphic,1.3007490760332276,1.286920806181651,0.051854658472218006,3,368.20735781257935,128.15795686901336,0.7940977238533107,0.6250683005021227
512037.0,descending_neuron,DNpe009,"DNpe009(PS222,PS226)_R",R,nt,,,0.13747429270361122,0.4183750779560542,0.1271722270427225,3,164.49593469343253,196.64760843400427,0.45277344025292227,0.7976252823613055
512048.0,descending_neuron,DNge061,DNge061_R,R,fl,LB,,0.15783434366048077,0.4482866581394585,0.07138533728578303,3,267.19340185989995,199.91311204742223,0.46867948801748793,0.9966438170426033
512059.0,ascending_neuron,ANXXX027,ANXXX027(15443)_L,L,BA,A6,,0.990336,1.1229136020971704,0.09247264856124326,3,215.45672024713164,171.83090987555457,0.7417733245592035,0.5221104848342054
512071.0,descending_neuron,DNae001,DNae001(DNa01)_L,L,xl,,,0.8324943075584645,1.029545857720944,0.2506092487106221,3,174.0166049640735,164.0725155013038,0.7102657743994586,0.47600367728719184
512119.0,ascending_neuron,ANXXX055,ANXXX055_R,R,BA,A7,,0.43721508337428866,0.7461095989912109,0.10055172576005736,3,115.91684306686449,177.17158233965066,0.6046434515528083,0.4847293469462431
512245.0,descending_neuron,DNc01,DNc01_R,R,xn,,,0.0005348561572759621,0.026095976896618463,0.15877873884319807,3,228.59950030614914,192.13519347530058,0.11307974477926205,3.720690160759977
512260.0,ascending_neuron,AN19B018,AN19B018_L,L,BA,T1,,0.2870347762692838,0.6045362088909665,0.4015249244188778,3,180.19467543404892,134.83600429921725,0.5442634861503879,0.5788201629352344
512307.0,ascending_neuron,AN27X015,AN27X015_R,R,BA,T1,,0.5125120000000001,0.8078060073751048,0.06734644654950689,3,164.61706616107176,153.5422699293783,0.6291462020975739,0.5057001616312817
512461.0,descending_neuron,DNge172,DNge172_R,R,ad,MX,,0.33418510776127974,0.65230184306289,0.32861240425662797,3,199.83459617824337,200.5409435550761,0.5653564389841298,0.7081825059828467
512468.0,ascending_neuron,AN06B007,AN06B007_L,L,CA,T2,,0.8573316896319256,1.0447911801857732,0.27476943858191255,3,167.70742218433082,136.90389199123823,0.7155051909602255,0.42572900661527446
512498.0,ascending_neuron,AN09B017f,AN09B017f_L,L,BA,A10,male-specific,0.3992575843720926,0.7129870580578471,0.09047596271235847,3,275.4548188700033,213.106588384301,0.5910699268685095,0.8265712482492628
512510.0,ascending_neuron,ANXXX084,ANXXX084_L,L,BA,A5,potentially sexually dimorphic,0.1511519307408133,0.4386942163765941,0.13964877122577857,3,165.63236822701666,157.77139411566435,0.4636379687046037,0.6975351118163713
512519.0,ascending_neuron,ANXXX027,ANXXX027_R,R,,A9,,0.9677156317348872,1.1100152297978745,0.11492863690887849,3,196.31439491471437,181.1156783329162,0.7375008221018865,0.5117690203679368
512530.0,ascending_neuron,AN17B002,AN17B002_R,R,BA,A1,,1.6619628456682973,1.45467412742011,0.07789686554742911,3,209.17624637199756,184.98321767583573,0.8442691054609625,0.4668647253562905
512555.0,ascending_neuron,AN09B018,AN09B018_L,L,BA,A8,,0.31128712648599716,0.6295578442120692,0.17234656042680088,3,223.06936637619273,149.9549610441334,0.5554127687260295,0.6716164057156007
512614.0,descending_neuron,DNge055,DNge055_L,L,xl,,,0.4294215967425801,0.739429887369972,0.045450265433101336,3,208.3962497639744,173.19990862011824,0.6019307641342866,0.6339535726055051
512720.0,descending_neuron,DNge016,DNge016_L,L,ut,LB,,1.0398720000000001,1.1506546622957052,0.18536133355375406,3,203.4988070788904,176.3370933478996,0.7508800067420196,0.5058543269447983
512751.0,descending_neuron,DNge105,DNge105_R,R,fl,MX,,0.1693689297740588,0.46437831456454165,0.4044526747577056,3,255.47272642059025,132.62629525345855,0.47701716335644084,0.8135955086883322
512782.0,ascending_neuron,AN06B039,AN06B039_L,L,CA,T2,,0.19986853534276644,0.5044606257644968,0.2891513155846513,3,170.2952060112713,152.07734110119787,0.49717774148145794,0.648405027449307
512825.0,ascending_neuron,ANXXX170,ANXXX170_L,L,CA,A4,,0.42924938300921506,0.7392816033153419,0.17312864261490907,3,228.9427980861841,151.82298322901158,0.6018704060049118,0.6326374872667992
512879.0,descending_neuron,DNge117,DNge117_L,L,nt,LB,,0.09050014985943176,0.3394530447727445,0.15671543472862814,3,165.04362285045076,223.38493015916475,0.40783819332995874,0.95240847807346
512880.0,ascending_neuron,ANXXX200,ANXXX200_R,R,BA,T1,,0.10022400000000001,0.35722424348234955,0.22326327680076954,3,218.15123211800818,148.32088224556267,0.41837767543972904,0.8759361119791976
512916.0,ascending_neuron,ANXXX296,ANXXX296_R,R,BA,A8,,0.15587354979257156,0.4454933979018629,0.12253535186611755,3,238.51219048127018,158.40427639419062,0.46721704268135683,0.849533365901121
512929.0,ascending_neuron,AN05B106,AN05B106_L,L,CA,T3,,0.48896000000000006,0.7890267471979041,0.16507758869764416,3,288.9239584276611,213.06113037963084,0.6217902428689058,0.8073222353750044
512938.0,descending_neuron,DNd05,DNd05(CL124)_R,R,xl,,,0.8757549787038726,1.0559573241303226,0.1409740519387502,3,187.22744684153514,141.90835754546092,0.7193184891436185,0.4575661676357676
512947.0,ascending_neuron,AN05B076,AN05B076_L,L,BA,T2,,0.138496,0.419926879334535,0.01819622597559761,3,223.00376720803746,209.13539300104162,0.45361235749692946,0.9526617894487239
513052.0,descending_neuron,DNg15,DNg15_R,R,xn,,,11.659008,3.8528833408219905,0.8660417085976378,3,52.50501742559635,160.5719577157119,1.3740134049574535,0.15507634377694168
513055.0,ascending_neuron,AN08B059,AN08B059_L,L,BA,T1,male-specific,0.16974783118294934,0.46489746320576936,0.5464655667452843,3,195.67009185105664,154.74589796300086,0.47728372795521423,0.7341880087035749
513056.0,descending_neuron,DNge086,DNge086_L,L,nt,LB,,0.17112001870344687,0.46677272275599957,0.07342531828831923,3,163.44568940459982,208.39956975184708,0.4782453702341924,0.7775198304049606
513057.0,descending_neuron,DNge046,DNge046_L,L,fl,LB,,0.1291304375826468,0.4054799373078545,0.21395678812903246,3,182.75999116395604,129.23221098039198,0.44574114604874504,0.6999403239077
513079.0,descending_neuron,DNp44,DNp44_R,R,xn,,,0.15245379552654986,0.4405793926290379,0.3148435191051819,3,280.5221206565289,156.73088047501608,0.46463308361354183,0.9410716037070442
513114.0,ascending_neuron,AN01A055,AN01A055_R,R,XA,T1,,0.016465888831143406,0.14479302745306774,0.8021904081983572,3,259.9570599029391,132.91814067483395,0.2663617529826742,1.4749685199861557
513134.0,ascending_neuron,ANXXX152,ANXXX152_L,L,BA,A2,potentially male-specific,0.4360214664926634,0.7450904465176538,0.17954309880194955,3,272.2470408970935,131.71950999493933,0.6042303524266638,0.6685638172092037
513169.0,ascending_neuron,AN09B018,AN09B018_L,L,BA,A3,,0.26804952462533804,0.5842013819740948,0.08796859887367892,3,220.99659216945614,152.44700248856458,0.5350314730623857,0.6979843494449465
513235.0,ascending_neuron,AN00A006,AN00A006_M,M,BA,T3,potentially sexually dimorphic,0.014442528043613002,0.13560530163336032,0.3931787634387857,3,167.40016334693686,164.2742382127419,0.25777237594503133,1.2866949002728154
513296.0,descending_neuron,DNb03,DNb03_L,L,ut,,,0.19503612165983308,0.49832489677827424,0.49757412302225046,3,207.61852445455804,236.6212717919669,0.49414491742944633,0.899007114264113
513403.0,ascending_neuron,ANXXX050,ANXXX050_L,L,CA,A6,potentially male-specific,1.2322370006062349,1.2525705080584106,0.2799330175195124,3,217.212391344455,145.35330709865062,0.7834280751598204,0.4627938542656155
513405.0,ascending_neuron,AN05B040,AN05B040_L,L,,T1,,0.3064396858014918,0.624636795296817,0.281832526828516,3,224.59625412104097,193.9404535418556,0.5532377695850494,0.7565222959683607
513531.0,ascending_neuron,ANXXX150,ANXXX150_R,R,BA,A9,potentially sexually dimorphic,0.21888,0.527907824863046,0.035433063192635894,3,309.2888095089193,367.89481009148585,0.508600859400466,1.3314637737707777
513585.0,sensory_ascending,SAxx02,SAxx02_R,,leg,,,0.10457003020013014,0.36488723963021225,0.04488690685858755,3,253.75892882890108,231.68370242277643,0.4228412792275655,1.1480492920144183
513643.0,descending_neuron,DNpe039,DNpe039(CL306)_R,R,xn,CG,,0.24727907540869581,0.5611109492746509,0.47115258440726787,3,215.76540344010166,145.2999745389259,0.5243513756485997,0.6885943181371567
513644.0,ascending_neuron,ANXXX434,ANXXX434_R,R,XA,T2,,0.3813755222330137,0.6968374245841689,0.10534997163998988,3,265.4340100838814,212.03289386733323,0.5843375206558643,0.8171080703756667
513660.0,ascending_neuron,ANXXX145,ANXXX145(37417)_R,R,BA,T3,,0.12228576572128895,0.39458721808310604,0.22453179772940624,3,321.1742697516947,189.59974438883867,0.4397132438996146,1.161607072852101
513698.0,ascending_neuron,AN08B032,AN08B032_R,R,BA,T1,,0.6214383077731412,0.8895166260784924,0.229905367849292,3,181.16307567330472,140.83030310490298,0.6601993235216629,0.48772146124085236
513711.0,descending_neuron,DNa09,DNa09_L,L,xn,,potentially sexually dimorphic,0.9262859717465949,1.0859944424172723,0.17395444692377698,3,185.49021204724028,181.28536094032793,0.7294773997763491,0.5027922360583318
513783.0,descending_neuron,DNg01_d,DNg01_d_R,R,lt,LB,,0.17635199070805407,0.4738547545000075,0.5380678563927497,3,203.94772920085205,198.88228441468266,0.481859761450366,0.8359901486752971
513811.0,ascending_neuron,AN19B018,AN19B018_R,R,BA,T1,,0.24588800000000002,0.5595304506243067,0.15296373866447596,3,187.2486559910527,129.31827363733177,0.5236123764827473,0.6045825955353733
513875.0,descending_neuron,DNge003,DNge003_R,R,xl,,,1.074020056350893,1.1693950605268713,0.24024884938039318,3,141.64223667050936,131.65768408683252,0.7569699991797343,0.36104458704241166
513906.0,ascending_neuron,ANXXX404,ANXXX404_R,R,CA,T1,,0.24139756689328734,0.5543978067880366,0.3485938480319124,3,192.34843636336655,142.99106353788937,0.5212052621819334,0.6433923911232526
513933.0,ascending_neuron,AN08B084,AN08B084_R,R,BA,T1,potentially male-specific,0.3048132044653732,0.6229769062194503,0.4355086097823706,3,224.48051352971902,203.5215345911705,0.5525022027535552,0.7746612520055431
513968.0,ascending_neuron,AN05B017,AN05B017_L,L,BA,T1,,0.45035637630299963,0.757239425500686,0.09418140595591734,3,223.11821454828137,153.31381676970457,0.6091365351834809,0.6179764462898274
514020.0,ascending_neuron,AN08B018,AN08B018_f_R,R,BA,A1,,0.710647586427989,0.9512226918081353,0.13821598742931848,3,90.90945274832131,292.9938346607467,0.6827145223195317,0.5623189120172096
514021.0,descending_neuron,DNg04,DNg04_R,R,ut,LB,,0.6349434381013112,0.8991301874927192,0.2496095634230526,3,166.42253277717842,222.94598948264294,0.6637573290528944,0.5866127652637834
514025.0,descending_neuron,DNg106,DNg106_R,R,lt,MX,,0.30178192146065125,0.6198714998206178,0.32233089766741074,3,166.08976740936149,221.41938257024415,0.5511234298341006,0.7031258861490498
514197.0,descending_neuron,DNge032,DNge032_R,R,xl,MD,,0.8328210164704334,1.0297478583889796,0.2912646756790487,3,225.6244406354424,126.99602144840533,0.710335449355162,0.49641400046126705
514333.0,descending_neuron,DNg61,DNg61_R,R,fl,,,0.29700439065378426,0.6149453106906082,0.056596035051406014,3,166.34787944521742,118.5810871738174,0.5489291413637993,0.5190632909579852
514384.0,ascending_neuron,AN09B004,AN09B004_c_L,L,BA,A3,,0.48041757956812,0.7821039958292515,0.0548307287729403,3,230.804221772375,240.81801344032866,0.6190565062709003,0.7618403658394327
514395.0,ascending_neuron,AN19B028,AN19B028_L,L,BA,T3,,0.31435627910292485,0.6326538118826502,0.3752190603511302,3,168.83901406697095,133.70732577445239,0.5567767665972589,0.5433889450711731
514413.0,ascending_neuron,AN27X020,AN27X020_L,L,XA,T1,,0.29927159507615647,0.6172879631638151,0.03506621014463028,3,242.3292327380412,225.05372111878583,0.5499737284182485,0.8498277821397822
514441.0,ascending_neuron,AN00A006,AN00A006(514441)_M,M,BA,A2,potentially sexually dimorphic,0.010862063080349801,0.1176010554855236,0.5271251166533564,3,313.1186020765013,155.58901493819445,0.24005107204073586,1.9525329048943285
514446.0,ascending_neuron,AN17B007,AN17B007_R,R,BA,T3,,0.3062126717682965,0.6244053833803834,0.021943044994802686,3,242.8434020989776,188.23178684228156,0.5531352798876491,0.7793304904160473
514483.0,ascending_neuron,ANXXX170,ANXXX170_L,L,CA,A3,,0.25689515522776707,0.5719170136364813,0.03909063170836985,3,238.2236066255502,139.90027522452124,0.529376365813469,0.7142817591960784
514484.0,ascending_neuron,ANXXX196,ANXXX196_L,L,BA,A8,,0.15134750634023725,0.4389779380213154,0.04239118457959659,3,236.3773300539295,195.66950717352276,0.46378787137057015,0.9315613104557524
514485.0,descending_neuron,DNg106,DNg106_R,R,lt,MX,,0.175232,0.4723476599952963,0.37104792898407524,3,193.43001853437178,223.92342243549166,0.481092873983491,0.8675111678835326
514489.0,descending_neuron,DNg49,DNg49(hb1405978277)_R,R,nt,GNG,,1.653402166388082,1.4509228172429067,0.1462622020081242,3,183.9911748221295,133.51493778288042,0.8431798031553082,0.3765580145739418
514525.0,ascending_neuron,AN01B011,AN01B011_R,R,IA,T3,,0.4018583792223346,0.7153055150137287,0.4478357946911514,3,303.6963580566344,197.33232054702307,0.592030153249585,0.8462891220211826
514548.0,sensory_ascending,LgAG4,LgAG4_L,,leg bristle,,,0.044078863900929556,0.23690283368010343,0.258569652075113,3,323.7336022697025,162.37778258471084,0.3407086563374207,1.426765583475499
514625.0,ascending_neuron,ANXXX462a,ANXXX462a_L,L,XA,T1,,0.20709269927081828,0.5134964597127741,0.17002881052431085,3,275.3697745259606,21.40319673315041,0.5016106709981949,0.5916400675219667
514660.0,ascending_neuron,AN09B003,AN09B003(18338)_L,L,CA,T3,,0.5130261571458258,0.8082111053193846,0.16388417518992635,3,232.5825021162428,170.56763397389037,0.6293039342054827,0.640628659979893
514863.0,ascending_neuron,AN08B041,AN08B041_L,L,BA,T1,,0.46784025860188644,0.7717983660717653,0.33793073912068883,3,175.25172651126562,158.8627185260895,0.6149643887048786,0.5433069803293874
514952.0,ascending_neuron,AN08B041,AN08B041_R,R,BA,T1,,0.30809355837991914,0.6263201274168703,0.12117055089695854,3,188.77885970644707,172.9053519208149,0.5539827275595028,0.6528799430635925
515029.0,descending_neuron,DNpe027,DNpe027(PS166)_L,L,xn,,,0.07842806640673505,0.3160027144917753,0.20264918255167705,3,269.66404206721177,158.87195816109536,0.3934988311303731,1.0890400843054233
515061.0,ascending_neuron,AN01B018,AN01B018_R,R,IA,T2,,0.25498769199794724,0.5697897970941005,0.279446664698317,3,286.38722888804784,241.82926146107803,0.5283909542905795,0.999669820347913
515072.0,ascending_neuron,AN05B027,AN05B027_L,L,BA,T1,,0.22771200000000003,0.5384532692915267,0.24352760270716298,3,220.4923790673713,156.42699677041793,0.5136556258358785,0.7337978148772796
515131.0,sensory_ascending,SAxx01,SAxx01_R,,abdomen,,,0.1420034723606362,0.425211049361689,0.11303464450830102,3,232.6641418042168,170.88198068237736,0.456457461530894,0.8840826506223765
515249.0,ascending_neuron,AN05B099,AN05B099_R,R,BA,A5,,0.3733915224707086,0.6895047875675515,0.14641567733954344,3,234.29144759596008,174.10135380584362,0.5812549749534194,0.702605257588602
515307.0,ascending_neuron,AN10B019,AN10B019_R,R,BA,T3,,1.639808,1.4449458091475533,0.1133291156798029,3,235.24371471026203,184.30866022857438,0.841441291167899,0.498611583889006
515447.0,ascending_neuron,ANXXX196,ANXXX196_R,R,BA,A8,,0.12107900588443156,0.39263542673742485,0.025593232821752826,3,36.90960622064577,189.67976869677656,0.43862439410199033,0.5165909100457715
515545.0,sensory_ascending,LgAG8,LgAG8_L,,leg bristle,,,0.08485010874793822,0.32868604143308844,0.34329356164626146,3,8.26688735741024,80.99145575145802,0.40131802887761386,0.22241299091023023
515547.0,sensory_ascending,LgAG8,LgAG8_R,,leg bristle,,,0.03526020467378376,0.21188366370750977,0.17626308597482282,3,312.5164266509557,496.4008025681484,0.3222157587963068,2.510483137885482
515575.0,descending_neuron,DNp26,DNp26_R,R,xn,CG,,3.32788673371914,2.0584452846191335,0.020737343473096418,3,40.9213910740084,174.9746318490227,1.0043098075112955,0.21496954556087305
515679.0,ascending_neuron,AN27X020,AN27X020_R,R,XA,T1,,0.309716270883049,0.6279673588142982,0.06249537111860645,3,255.94355686526924,251.20050025662883,0.5547107406739175,0.9142495717782017
515758.0,ascending_neuron,AN05B049_a,AN05B049_a_R,R,BA,T2,,0.16858729259094152,0.4633055230262467,0.1432084815384594,3,193.05507395604894,174.74977575645556,0.4764658500699298,0.7719437807736328
515767.0,ascending_neuron,ANXXX264,ANXXX264_L,L,BA,T2,,0.100608,0.3579079268704666,0.15753429973005284,3,200.19323412092479,158.83054500012074,0.41877784584016453,0.8573132095867235
515775.0,ascending_neuron,ANXXX169,ANXXX169_R,R,BA,A3,,0.1636304630697944,0.45644361788044413,0.5208719113973693,3,187.56996841811264,170.20018184424097,0.47292427804186327,0.7565062037916431
515785.0,descending_neuron,DNg76,DNg76_L,L,xn,LB,,0.4074571332157747,0.7202711536600279,0.13743785166636224,3,171.16727738235008,133.83080888639086,0.5940815308469146,0.5133943245701307
515804.0,ascending_neuron,ANXXX191,ANXXX191_R,R,IA,T1,potentially sexually dimorphic,0.351616,0.6690974486288219,0.23321544366387462,3,163.51112166541967,215.96253814064303,0.5725886392761584,0.6627334770137541
515950.0,ascending_neuron,AN09B033,AN09B033_R,R,CA,A8,,0.2990619221204444,0.6170716859233272,0.034183135954379565,3,202.46847699670437,24.376507384360842,0.5498773736956543,0.4125374042151791
515978.0,descending_neuron,DNg08,DNg08_R,R,ut,MX,,0.1395455410639273,0.42151500705675565,0.5887987710498903,3,190.36115725140834,221.07778565503548,0.45446930969847704,0.9053173319435315
516109.0,ascending_neuron,ANXXX098,ANXXX098(17448)_R,R,BA,A2,,0.34122292761131234,0.6591346789579704,0.26079718468738095,3,517.508658377949,611.9123082375197,0.5683097682509122,1.987333369425427
516170.0,descending_neuron,DNa13,DNa13(LAL041)_R,R,xl,,,1.6232163541318114,1.4376172132182676,0.12565110795565598,3,241.72848840035726,157.4902850361626,0.8393047327859834,0.4756541430564264
516204.0,ascending_neuron,AN12B019,AN12B019_R,R,CA,T3,,0.1579176886728516,0.44840500223731977,0.09300180058773076,3,202.70629910155884,188.9383459435162,0.468741347756187,0.8355239982984959
516215.0,descending_neuron,DNg67,DNg67_L,L,xl,,,0.07410496615561302,0.3071699421665267,0.09247507793621279,3,303.54488275307995,234.8546153663997,0.38796039960490564,1.387769212187067
516239.0,ascending_neuron,ANXXX255,ANXXX255_L,L,IA,T1,,0.2514254817131351,0.5657957810652631,0.019052163109527367,3,225.706424803829,137.32575401730597,0.5265357848446569,0.6894729461326922
516294.0,ascending_neuron,AN10B022,AN10B022(21870)_R,R,BA,T1,,0.5018753386923308,0.799379464178577,0.2605558887058541,3,387.3478405084769,188.61475917963892,0.6258561635451892,0.920279503880813
516367.0,ascending_neuron,AN19A018,AN19A018_L,L,BA,A3,,0.13340814415659433,0.4121413892463424,0.05030656749863141,3,194.11346234613669,162.41141018285373,0.4493876730960783,0.7933570364151177
516431.0,ascending_neuron,AN07B036,AN07B036_L,L,BA,T3,,0.22664676199342815,0.5371923492160059,0.41804505661686087,3,236.5478374486632,443.047412236014,0.5130538481639553,1.3246080350370952
516514.0,ascending_neuron,AN09B032,AN09B032_R,R,BA,T3,,0.07514877942995152,0.3093257145935246,0.5277771494288946,3,231.44510800223065,180.8712250743415,0.38931940633729917,1.0590695618171904
516607.0,sensory_ascending,SApp08,SApp08_L,,campaniform sensilla,,,0.24765243737640572,0.5615343948661455,0.22447540478666256,3,187.56015960723443,248.49243627485214,0.5245491907194322,0.8312901889792826
516615.0,ascending_neuron,AN17A068,AN17A068_R,R,IA,T1,,0.23551259217253337,0.5475983433477082,0.21970959909386858,3,193.92817272149824,161.23932989351198,0.5179992164476478,0.6856525866017513
516654.0,sensory_ascending,LgAG5,LgAG5_L,,leg bristle,,,0.07754848835292477,0.3142257182430776,0.09891173267131019,3,315.48515091727035,324.26624671341375,0.3923908790212994,1.6303931407028391
516662.0,ascending_neuron,AN05B100,AN05B100_L,L,BA,T3,,0.26596635284454995,0.5819268665482514,0.1923466642466265,3,229.81501323507302,155.86957065051251,0.5339889180578967,0.7222707641355366
516667.0,descending_neuron,DNg02_e,DNg02_e_R,R,ut,LB,,0.40124689319404255,0.7147610870890925,0.18390341550538103,3,196.3381003389306,236.01001590041105,0.5918048096067278,0.7305586389651852
516680.0,descending_neuron,DNg64,DNg64_R,R,xl,MD,,0.047989921739318674,0.24718953478504344,0.08644198041431915,3,207.0000413589567,242.5558149876703,0.34802711395043817,1.2917265302801877
516819.0,ascending_neuron,AN19B051,AN19B051_L,L,BA,A3,,0.041313727810696935,0.22935185194151844,0.016314102522047968,3,205.47806992117498,128.74413376077567,0.33523485417143606,0.996979280415253
516821.0,descending_neuron,DNge094,DNge094_R,R,xn,LB,,0.04430058782200872,0.2374979163487429,0.4665072024731575,3,198.26728929918542,229.8366612836923,0.34113630561827335,1.254935178497008
516848.0,ascending_neuron,AN07B116,AN07B116_L,L,BA,T1,,0.10080549585810053,0.3582590454589671,0.3850088157125603,3,254.67572893379338,158.75909025389157,0.418983212402232,0.9867574808481336
516904.0,descending_neuron,DNde007,DNde007_L,L,xl,,sexually dimorphic,0.28399325211149623,0.601324736749038,0.08978781858385987,3,264.57142652084457,200.82533750379986,0.5428159181592122,0.8573749377190149
516930.0,descending_neuron,DNg81,DNg81_L,L,xn,GNG,,0.7098798183640959,0.9507087128824377,0.14153920076364965,3,153.2938130853602,125.59853581298326,0.6825300501167655,0.4086154871139099
516956.0,descending_neuron,DNge071,DNge071_L,L,nt,LB,,0.059359493852751896,0.2749160870680134,0.15702225007023807,3,167.33757237889427,237.8523359913848,0.3670270870975691,1.103978214726601
517005.0,ascending_neuron,AN05B009,AN05B009_R,R,BA,A3,,0.2212276492838976,0.530731374102813,0.2913605953935465,3,211.3679472757307,175.66212845294623,0.5099591878870096,0.758943234913203
517104.0,ascending_neuron,AN10B037,AN10B037_R,R,BA,T1,,0.056525914244054426,0.2682741681896315,0.11297087689034253,3,192.06073231009196,205.31600361557292,0.3625663282944508,1.0960111431057755
517601.0,ascending_neuron,AN05B035,AN05B035_R,R,BA,A2,potentially male-specific,0.1340906216820843,0.4131942425830156,0.1267012205064803,3,286.41123167101944,226.29255794889488,0.44996130818735697,1.1394397257962285
517654.0,descending_neuron,DNg23,DNg23_R,R,xn,LB,,0.2687217140242265,0.5849334259765454,0.31542823682604665,3,191.74052014749677,188.31420701392034,0.5353665835000418,0.7098962446941505
517748.0,ascending_neuron,AN10B037,AN10B037_R,R,,T2,,0.0365676399001484,0.21577619233479936,0.18993158969196994,3,119.1274478085797,176.86595456307094,0.32516201230163966,0.9102951487982228
517755.0,ascending_neuron,AN08B081,AN08B081_L,L,BA,T1,potentially sexually dimorphic,0.19983132344127869,0.5044136628623364,0.15634225187892026,3,201.98849667897494,142.82032074501112,0.49715459849280763,0.6935645742176001
517830.0,descending_neuron,DNge030,DNge030_R,R,ut,LB,,0.2376041213188678,0.550024511504018,0.4372184820286713,3,193.54185251445787,188.18351116527595,0.5191454619246602,0.7352955802879211
517915.0,ascending_neuron,AN09B033,AN09B033_R,R,CA,A5,,0.2560775485884149,0.5710061833129392,0.22277250134380694,3,295.9915882117961,233.05049883837367,0.5289546576251505,1.0001652871824815
518123.0,ascending_neuron,AN06B090,AN06B090_R,R,BA,T2,,0.5161132801898416,0.810639153940078,0.24666593623530028,3,204.84853527670387,206.6110093265017,0.6302485108515832,0.6528528628290561
518177.0,descending_neuron,DNp08,DNp08(PS271)_L,L,xn,,,0.6507110421251326,0.9102258132076606,0.10832725807525952,3,179.68460380622514,148.26823358243556,0.6678402866492509,0.49106477094111156
518309.0,descending_neuron,DNpe007,DNpe007(hb1343489608)_R,R,xl,CG,,0.18017608659990553,0.4789648405411685,0.05079175236137758,3,200.4067236577116,179.74790494464975,0.48445100047907064,0.7847122376183118
518330.0,ascending_neuron,ANXXX033,ANXXX033_R,R,BA,A1,,0.27495929695308086,0.5916832345717099,0.031639136990800634,3,183.4163170335173,143.06576408709498,0.5384466407548085,0.6063406406676458
518426.0,ascending_neuron,AN01A086,AN01A086_L,L,XA,T1,,0.02231513176754334,0.16856010267086352,0.2824795714592401,3,253.11115640822223,123.25213863800582,0.2873925021790289,1.309579380786265
518543.0,ascending_neuron,vMS16,vMS16_R,R,BA,T2,male-specific,0.6836501183081103,0.9329792952647762,0.23099538275773684,3,165.87624738431012,122.50937620405527,0.6761359735140117,0.42652015997546844
518563.0,descending_neuron,DNg85,DNg85_L,L,fl,LB,,0.35895730867737646,0.6760463299802331,0.16404465480231525,3,221.40412923687973,184.79535209438995,0.5755542560787072,0.7057535880261508
518625.0,ascending_neuron,AN05B009,AN05B009_L,L,BA,A3,,0.20550301929977713,0.5115218184349027,0.05953989437286405,3,227.3290718049333,188.25304310991274,0.5006452746537235,0.8300929539428644
518733.0,ascending_neuron,AN17B013,AN17B013_R,R,BA,T3,,0.30413699472579514,0.6222855041713506,0.25001889292920726,3,244.2048410439877,230.5526995317093,0.5521955242882377,0.859763470896734
518862.0,sensory_ascending,LgAG4,LgAG4_R,,leg bristle,,,0.05715961283423441,0.26977375599249603,0.06928495936750259,3,313.3374551213553,679.0468661287748,0.3635782452737279,2.7294931260339617
519206.0,descending_neuron,DNp17,DNp17_R,R,ut,,,0.09916506543746653,0.35533207394102845,0.14097724836899372,3,382.7947172287693,212.6945383069066,0.41726815865951705,1.4271140588553362
519228.0,descending_neuron,DNae005,DNae005(VES009)_L,L,xl,,potentially sexually dimorphic,0.9121348434670857,1.0776669953344173,0.24574388702916097,3,222.7958299740417,147.50710021343352,0.7266751872149374,0.5095852131771582
519268.0,descending_neuron,DNp28,DNp28_L,L,xn,,,2.0275709172669916,1.6067306779978032,0.071125071339943,3,184.6467403223912,27.377549564542548,0.8872981642147828,0.2389549516025036
519337.0,descending_neuron,DNge120,DNge120_R,R,xl,MX,,0.43869787015124084,0.7473737194119495,0.16443825103355889,3,249.37453390845553,146.45246839703853,0.6051554531786484,0.6540914408460955
519385.0,ascending_neuron,AN07B069_b,AN07B069_b_L,L,BA,T1,,0.41326278909308894,0.7253843983991303,0.3803124535070513,3,161.8022973352665,156.45066398109583,0.5961865104273778,0.5338144284549844
519400.0,descending_neuron,DNg04,DNg04_L,L,ut,LB,,0.50304,0.8003064541683869,0.22587191677423782,3,170.55010315245866,211.25841032411668,0.6262189413795383,0.6097045110699856
519410.0,descending_neuron,DNp34,DNp34_R,R,xl,,,1.0135297388061602,1.1359868587325752,0.048888808294875644,3,163.5750028157008,143.87529826055973,0.7460787899270169,0.4120882475513558
519460.0,descending_neuron,DNa16,DNa16(PS014)_L,L,ut,,,2.3633919999999997,1.734694253783855,0.008993534127325516,3,145.48052324299854,122.24452863069264,0.9219545457093256,0.2903885588716428
519516.0,ascending_neuron,AN09B004,AN09B004_a_R,R,CA,T3,,0.5332944018387784,0.8240215539699294,0.11344863915090041,3,275.52567648944586,229.62928880207804,0.6354294307358334,0.7949820087913612
519538.0,descending_neuron,DNg24,DNg24_R,R,xn,MD,,0.7024487560997253,0.9457195855094657,0.10835841538172852,3,240.83958850560933,139.87209542280652,0.6807368044256444,0.5592641406389541
519570.0,descending_neuron,DNg82,DNg82_R,R,ut,LB,,0.39248987987990597,0.7069184082844712,0.19180347703358744,3,168.20998355735492,224.75757629641876,0.5885490804167405,0.6676886820985612
519624.0,descending_neuron,DNa03,DNa03_L,L,it,,,0.259584,0.5749022647203023,0.052098477340056834,3,230.77077887384047,179.7706153784509,0.5307561678520072,0.7735028231772979
519626.0,ascending_neuron,AN17A008,AN17A008_L,L,BA,T3,,2.1630303507993958,1.6595348080411456,0.06403942177843229,3,208.21561836684688,149.56086359160201,0.9017605313719166,0.3967533169966271
519654.0,ascending_neuron,AN10B024,AN10B024_L,L,BA,T3,,0.2923826960688661,0.6101419595726576,0.20387104645280113,3,173.89930907142636,172.36836962773637,0.5467810898253543,0.6332839323498971
519660.0,ascending_neuron,AN10B009,AN10B009_L,L,BA,T2,potentially male-specific,0.2700532098506109,0.5863807858077046,0.26638486492051394,3,199.11231555139352,186.11040309534877,0.5360285300669874,0.7186608492622606
519715.0,descending_neuron,DNbe002,DNbe002_L,L,xl,,,0.47677180198538666,0.7791307413409105,0.014700474498927541,3,375.62741865652566,194.87338394502933,0.6178786800473424,0.9233217151267346
519751.0,ascending_neuron,AN27X009,AN27X009_R,R,BA,T1,,0.9436565395239939,1.0961299296935054,0.18019062550634482,3,313.22085207632375,146.16098920832894,0.7328735672336788,0.6268227724717181
519771.0,descending_neuron,DNp71,DNp71(DNp09)_L,L,xl,CG,,0.5969576467015066,0.8718199827443739,0.3674999253915205,3,193.38774886515967,140.72268942272984,0.6535991061382682,0.5111855801975481
519773.0,descending_neuron,DNge119,DNge119_R,R,xn,,,0.8163393845997711,1.019507521501041,0.0984810559361495,3,168.66104328118297,136.828035676766,0.7067946558481537,0.43221758459868664
519839.0,descending_neuron,DNge062,DNge062_L,L,xl,,,0.18816,0.48946169690525143,0.08027202877131781,3,191.43493719864725,122.05717488600618,0.48973077449101887,0.6401315343322426
519872.0,descending_neuron,DNg09_a,DNg09_a_L,L,xn,LB,,0.06942206276830813,0.2973060974714386,0.5202736317096655,3,165.9720428300819,173.7853167947266,0.38168047862185056,0.8901617417049581
519896.0,descending_neuron,DNa06,DNa06(PS039)_L,L,xn,,,0.8803953271590619,1.0587512198524112,0.182486527357073,3,151.28491624194015,140.01656436526434,0.7202694618874811,0.40443402923656224
519981.0,ascending_neuron,AN04B001,AN04B001_L,L,IA,T1,,1.0529692041975678,1.1578782449690719,0.06602457415196714,3,201.24172661192452,169.06170124939214,0.7532332573876735,0.491618531483308
519983.0,ascending_neuron,AN10B026,AN10B026_R,R,BA,T1,potentially male-specific,0.4045897770108063,0.7177323341509284,0.05866803340846013,3,286.50112969037605,143.4335606376316,0.5930335941023535,0.7249752705473272
520068.0,ascending_neuron,AN08B018,AN08B018_c_R,R,BA,T2,,0.9671217931694102,1.1096745971853523,0.1571991974343528,3,340.61251452784353,195.00870734851787,0.7373876542367811,0.7263767148783443
520116.0,ascending_neuron,AN05B100,AN05B100_R,R,BA,T2,,0.155648,0.44517096565133113,0.07456435056715055,3,224.80918219870074,162.9087722846668,0.4670479345518533,0.8301459567643623
520118.0,descending_neuron,DNge148,DNge148_L,L,xn,,,0.3926665468388178,0.7070774889146061,0.07483819523513381,3,178.73967054555413,129.56706612223508,0.5886152984489589,0.523783084605851
520135.0,ascending_neuron,AN19A018,AN19A018(24115)_L,L,BA,A2,,0.2835380021096743,0.6008425723275934,0.21625448876788256,3,162.39126263447002,167.84728789684152,0.5425982495737713,0.6086244303049719
520143.0,ascending_neuron,ANXXX116,ANXXX116(520143)_L,L,BA,A7,potentially male-specific,0.2865630737719057,0.604039268249383,0.04052872935021316,3,175.1028741913559,162.52326182828517,0.5440397425208913,0.6205909414911469
520177.0,ascending_neuron,AN05B097,AN05B097_L,L,BA,T1,,0.7286742279760405,0.9632117328440617,0.08924715263639685,3,160.72165121160242,233.74848837533412,0.687003456391298,0.5741894540953478
520195.0,ascending_neuron,AN05B023d,AN05B023d_R,R,BA,A9,,0.5588939376373258,0.8435673433180015,0.10874780698947982,3,237.32503121538372,158.16410629580682,0.6429214557205418,0.6151437846602174
520300.0,descending_neuron,DNg75,DNg75(hb1874217622)_R,R,xl,,,1.8848577538598619,1.5491531326550878,0.11910860635973264,3,170.39789094337615,112.68305661481581,0.8712548622538602,0.32491175638995723
520333.0,ascending_neuron,AN17A062,AN17A062_R,R,IA,T3,,0.2145436967577274,0.522652388099019,0.36527186197603007,3,303.32036095462564,157.6786464724023,0.5060629112753862,0.9109519728786533
520386.0,ascending_neuron,ANXXX108,ANXXX108_L,L,BA,T1,,0.6197166972888478,0.8882836289839137,0.2009565392776361,3,188.61967458241534,115.43739851579014,0.6597415995691932,0.46087297405037475
520485.0,descending_neuron,DNpe016,DNpe016(PS211)_R,R,xn,,,0.2759514338221165,0.5927497599904086,0.01123105355573824,3,174.33548671960565,202.13693759648308,0.5389317047597962,0.698553120907748
520622.0,ascending_neuron,AN17A062,AN17A062_R,R,IA,T2,,0.23024780379394727,0.5414430799990674,0.30023756568385374,3,302.522902124467,243.67174698486136,0.5150797115006016,1.0604080046524806
520634.0,ascending_neuron,AN16B078_d,AN16B078_d_L,L,IA,T1,,0.22694951336630564,0.5375510162546265,0.0914266195554311,3,150.0914638802623,139.37264659404315,0.5132250948314657,0.5640100482018723
520643.0,descending_neuron,DNp46,DNp46(CL206)_L,L,xn,CG,,0.279552,0.5966042752191809,0.2651818731615329,3,175.74315753509617,164.179276253417,0.5406811397278424,0.6286929741244843
520709.0,ascending_neuron,AN10B017,AN10B017_L,L,BA,T2,,1.2206506694850106,1.2466678397615647,0.05637605867981128,3,195.3446571360204,165.8598698592321,0.7815799648680656,0.4621466046103492
520754.0,ascending_neuron,AN08B081,AN08B081_R,R,BA,T1,potentially sexually dimorphic,0.14741267166225622,0.43323393559997714,0.07289201210107167,3,180.35686709053962,162.3242539328555,0.4607435603934023,0.7437567238721675
520863.0,ascending_neuron,AN05B105,AN05B105_R,R,BA,T1,,0.3696467468134056,0.6860385234267348,0.1788742753807885,3,202.3787069947596,240.4826587219821,0.5797920976342296,0.7638278747223066
520883.0,ascending_neuron,AN05B101,AN05B101_R,R,BA,T2,,0.4073471288368118,0.7201739184873039,0.34266633308651695,3,224.02024206900225,143.35615539907846,0.5940414295811184,0.6184356497275484
520898.0,descending_neuron,DNb04,DNb04_L,L,xn,,,0.23326586376458683,0.5449801117305815,0.393199894672185,3,174.21003575074803,196.34800975176154,0.5167593779971341,0.717080446490832
521101.0,ascending_neuron,AN27X018,AN27X018_R,R,BA,T3,,0.2982366624903052,0.6162196948917574,0.17153810233221503,3,407.09557841229804,467.01074324701955,0.5494976346600239,1.5907371870674754
521152.0,ascending_neuron,AN05B103,AN05B103_L,L,BA,T2,potentially sexually dimorphic,0.8816507327441743,1.059505817621883,0.3144363620311639,3,171.7492209060498,279.72260081616423,0.720526092958973,0.6265863597918597
521190.0,descending_neuron,DNae007,DNae007(VES009)_L,L,xn,,,0.143495102153767,0.4274384616971056,0.4000065330285614,3,235.12371338951738,167.7543966075476,0.4576514462247243,0.8803164795402753
521197.0,descending_neuron,DNp56,DNp56(VES055)_R,R,fl,,,0.40790580533946375,0.7206676084612439,0.09753511392356838,3,184.05513753238947,158.00912782925104,0.5942450068330482,0.5756283375179335
521262.0,descending_neuron,DNae002,DNae002(DNa04)_R,R,ut,,,4.88896,2.494958357293448,0.062074921479764025,3,165.69934268345696,169.94757736370573,1.105680602648789,0.3035658934805229
521273.0,ascending_neuron,ANXXX380,ANXXX380_R,R,BA,A5,,0.11183892254330992,0.37735624921646,0.3799485410360246,3,376.1853318941482,548.607385844219,0.4300053047534011,2.1506542070887154
521274.0,ascending_neuron,ANXXX380,ANXXX380_R,R,BA,A6,,0.226304,0.5367859926746843,0.3655542821367115,3,364.9931677935693,528.8398162493177,0.5128597629085316,1.742840925897128
521298.0,descending_neuron,DNge130,DNge130_R,R,xn,LB,,0.46292393360576733,0.7677324133259048,0.1773498896808829,3,209.9417218679654,222.34730386417868,0.6133423860534125,0.7048086608097202
521317.0,descending_neuron,DNp104,DNp104(CL324)_R,R,xn,,,0.12965836356060115,0.4063079568393979,0.2421657715921851,3,171.54723236389412,156.33106500596645,0.44619603186414036,0.7348301507748377
521359.0,sensory_ascending,"SNxx27,SNxx29","SNxx27,SNxx29_L",,notum,,,0.11253371844048204,0.37852659144968187,0.18695296869294542,3,185.4901104018804,173.98455308492524,0.4306716032086909,0.8346839234548155
521373.0,ascending_neuron,AN09B004,AN09B004_e_R,R,BA,A9,,0.3045783856281823,0.6227368987408709,0.10255633779991004,3,217.51714650839088,169.45432238029136,0.5523957642696282,0.7005330125952934
521377.0,descending_neuron,DNpe024,DNpe024(CL325)_R,R,xn,,,1.0610846423677525,1.1623316768348826,0.5161112759421119,3,213.21653785187155,166.97552948184995,0.7546804102725155,0.5037789005235129
521383.0,ascending_neuron,AN10B020,AN10B020_R,R,BA,T1,,0.5751525736245918,0.8557493797806881,0.40941809924199035,3,375.11183124512434,191.11886061144574,0.6475470609095042,0.8744240010313346
521445.0,descending_neuron,DNge063,DNge063_R,R,xl,GNG,sexually dimorphic,1.27345544813281,1.2733474918580283,0.2297967566171677,3,207.78554397616657,121.01330624367233,0.7898988992335879,0.41625434664975636
521550.0,ascending_neuron,AN27X024,AN27X024_R,R,BA,T1,,0.021747080949372343,0.16640085170244043,0.31622752086271844,3,181.00910155521754,111.37283945646539,0.2855458235278461,1.02394052695073
521624.0,descending_neuron,DNpe023,DNpe023(LAL201)_R,R,it,,,0.061595502965494285,0.28004612147558716,0.18252236965328306,3,220.58336246672076,178.6534660328345,0.37043568878151806,1.0777493653831611
521656.0,ascending_neuron,AN05B106,AN05B106_R,R,CA,T3,,0.34556361740883546,0.663313849475994,0.11680807591919648,3,299.0952670305906,225.81531113465098,0.5701085740832504,0.9207203715701198
521675.0,ascending_neuron,AN05B006,AN05B006_R,R,BA,T2,,0.6465224163655046,0.9072915226509572,0.41155781680380155,3,175.03841279838383,148.19724615867597,0.6667629609531178,0.48478346561873203
521770.0,ascending_neuron,AN09B031,AN09B031_R,R,BA,T2,,0.004514550256460697,0.07581625098367784,0.40653354366862104,3,253.80710956884374,245.97386521516535,0.19274325664469336,2.5929881204887755
522300.0,ascending_neuron,AN10B027,AN10B027(31054)_R,R,CA,T2,,0.21857560753347335,0.5275406212095247,0.17200379729033125,3,86.68542858635234,208.7920781568171,0.5084239416005771,0.5811636364191902
522310.0,ascending_neuron,ANXXX027,ANXXX027_R,R,CA,A5,,1.379072,1.32509962094818,0.052519851837087274,3,233.4484990179342,175.3340342753082,0.8057908005584379,0.5073060315530328
522345.0,descending_neuron,DNpe037,DNpe037(CL338)_L,L,xn,,,0.07802163501859594,0.3151828533574917,0.08384662115490986,3,176.80328281314723,226.38584629702513,0.3929880381705923,1.025957764483284
522355.0,ascending_neuron,AN08B007,AN08B007_R,R,CA,T3,,1.4635790491346374,1.3650958655728571,0.09882381858104544,3,232.49582709958315,193.33944982954492,0.8178612193585779,0.5206693591158374
522432.0,descending_neuron,DNp56,DNp56(VES055)_L,L,fl,,,0.3020970052949184,0.6201950124658839,0.13757607037448116,3,193.34606284798144,160.31691450700535,0.5512672274934209,0.6415454424219468
522822.0,ascending_neuron,AN17A076,AN17A076_L,L,IA,T1,,0.18698636186068063,0.4879328132511457,0.042064323386923605,3,196.82555274848363,149.31884961270114,0.48896531420240985,0.7079119772039626
522918.0,ascending_neuron,AN06B039,AN06B039_R,R,CA,T2,,0.3433032701527421,0.6611409073679906,0.41429159718238034,3,173.85648338330196,143.41215803883497,0.5691740020506166,0.5574194188052923
522961.0,descending_neuron,DNp47,DNp47(PS293)_L,L,xn,,,0.727417355209265,0.9623806638638895,0.1438118457409417,3,200.57570512359956,198.07836907009386,0.6867070156138685,0.5805300734219591
522969.0,descending_neuron,DNp53,DNp53(PS126)_R,R,xn,,,1.5118255224662702,1.3874134351172882,0.04636730005637672,3,151.35496496978774,202.65718864549825,0.8245196075336664,0.42935565192223907
522975.0,ascending_neuron,ANXXX006,ANXXX006_R,R,BA,T1,,0.3677951709759599,0.6843181687265234,0.05183311158045883,3,249.0752382636056,143.2430977157382,0.5790646791818651,0.6775034811890669
523039.0,descending_neuron,DNge055,DNge055_R,R,xl,,,0.4871937461003464,0.7876003704180334,0.09108773944956523,3,197.06403123239946,174.6889719163177,0.6212279625908965,0.5984164035345129
523329.0,descending_neuron,DNa10,DNa10_L,L,xn,,,3.896421080962577,2.2273476161617167,0.08988242434339581,3,50.52317373336663,216.34481929055238,1.0447010729961184,0.25544914226857557
523373.0,ascending_neuron,AN09B012,AN09B012(14085)_R,R,CA,A5,,0.5397093631458618,0.8289627879592314,0.1406053479355386,3,219.7241525183491,227.13770201650755,0.6373317551323042,0.7011448134136863
523378.0,descending_neuron,DNae008,DNae008(PS012)_L,L,xl,,,0.2150478138901789,0.5232660706120963,0.11707692703206614,3,172.45164476685883,171.6405577938595,0.5063599259419402,0.6795407474646252
523435.0,descending_neuron,DNg09_a,DNg09_a_R,R,xn,LB,,0.12816817299015326,0.40396631818447476,0.4073079135954038,3,186.2026870279474,230.22631275988925,0.4449084129462969,0.9359881442343104
523509.0,ascending_neuron,ANXXX255,ANXXX255_R,R,IA,T1,,0.36121908660716756,0.6781728580394244,0.20896490638933748,3,225.72113505880858,128.34025959213903,0.576458758663027,0.6142007373990074
523515.0,ascending_neuron,ANXXX250,ANXXX250_L,L,BA,T1,,1.05011752942838,1.1563092860856061,0.06467079067361979,3,250.17251286070123,138.0092949997902,0.7527227578477662,0.515703562584458
523539.0,ascending_neuron,ANXXX027,ANXXX027(14994)_L,L,CA,A3,,0.7050609156819851,0.9474763528940908,0.07228419034510694,3,182.02803659696062,180.93156593251297,0.6813687789428751,0.5326918604820658
523547.0,ascending_neuron,AN05B097,AN05B097_L,L,BA,T2,,0.554818082253995,0.8404857657687681,0.14656956228213974,3,209.3040525062576,214.7034498531911,0.6417460753496638,0.660709147505768
523602.0,ascending_neuron,AN05B096,AN05B096_R,R,BA,T2,,0.19179673831828747,0.49416919347331384,0.1711846203524549,3,200.4814375493607,157.65934218952293,0.49208018127325936,0.7278098028906447
523675.0,ascending_neuron,AN27X013,AN27X013_L,L,XA,T2,,1.8274560000000002,1.5253816720622881,0.2208937975828893,3,218.22390718308768,244.86793044544208,0.8645443998491467,0.5356484151760559
523679.0,descending_neuron,DNge051,DNge051_L,L,fl,,,0.3538209300024644,0.6711920737271185,0.113700203503277,3,168.712645193601,134.2415164655815,0.5734841899532088,0.5282694221856419
523712.0,ascending_neuron,ANXXX131,ANXXX131_R,R,CA,T1,,0.5121058208780105,0.8074858402665306,0.14788050526604535,3,211.94721082392184,24.996748854311054,0.6290215113417028,0.37668657654144677
523769.0,descending_neuron,DNa02,DNa02_L,L,xl,,,5.305216000000001,2.599001886217419,0.012038148694512904,3,67.06981176901219,165.09438619912333,1.1284994126035401,0.20572823997534367
523771.0,descending_neuron,DNge001,DNge001_R,R,fl,MX,,0.10248068662051192,0.3612235634296958,0.09124051202278177,3,169.97157366385463,124.62447052017968,0.42071313989528647,0.7002301954661029
523773.0,descending_neuron,DNg52,DNg52_L,L,xl,MX,,0.21538875732685345,0.5236807074161844,0.4923098159796554,3,204.3229602707453,113.49073904849891,0.5065605063898393,0.627395336411522
523839.0,ascending_neuron,AN08B026,AN08B026_L,L,BA,T1,,0.6213105058594528,0.8894251545912468,0.22642576384233565,3,204.9827142011134,223.97440434676773,0.6601653775757336,0.649772213324943
523843.0,ascending_neuron,AN19A018,AN19A018(14863)_L,L,BA,A1,,0.63170289472739,0.8968328194767331,0.07162014071246633,3,157.3756317645432,158.83952792921338,0.6629088033384375,0.47701155589016664
523998.0,descending_neuron,pIP10,pIP10_L,L,xn,,male-specific,0.9142934203082356,1.0789413970311885,0.2805658108382315,3,230.6688141111707,140.45413620446658,0.7271047273572648,0.5104119617878442
524083.0,ascending_neuron,AN12B019,AN12B019_L,L,CA,T3,,0.22289957480346373,0.53273309747417,0.49831038679913214,3,190.27565293510168,135.56199825276758,0.5109199719744211,0.6377469448467403
524141.0,descending_neuron,DNge091,DNge091_R,R,ut,LB,,0.34954741480842855,0.6671263683096604,0.25708764749456997,3,198.61894980184988,211.14092836088508,0.5717446287213668,0.7166833890142704
524146.0,descending_neuron,"DNp51,DNpe019","DNp51,DNpe019(PS296)_R",R,xn,,,0.26629682361902596,0.5822882846744459,0.49881669680352436,3,189.8051539728469,212.64542866995174,0.5341547149379835,0.7534344851557174
524156.0,ascending_neuron,ANXXX084,ANXXX084_L,L,BA,A3,potentially sexually dimorphic,0.2888208706747303,0.6064141768526746,0.3813724993377235,3,190.43458746853995,151.15178083533925,0.5451081972029136,0.6266395736784811
524190.0,descending_neuron,DNge012,DNge012_R,R,fl,LB,,0.5651724776242856,0.8482923718313099,0.08148988615681346,3,206.0396750328364,143.55668929442342,0.6447195221158902,0.542245662392737
524225.0,descending_neuron,DNg14,DNg14_L,L,hl,,,0.9995354239265972,1.1281170276646695,0.12134351965899634,3,263.69075820885206,211.23321527293592,0.7434899754238036,0.6387765661683228
524245.0,ascending_neuron,AN09B014,AN09B014_R,R,CA,T2,,0.3573249452745127,0.674507413334974,0.2751039359933571,3,128.92145728903637,140.97748560644789,0.5748988019940007,0.46947209136522217
524298.0,ascending_neuron,AN09B017b,AN09B017b_R,R,BA,A3,male-specific,0.3934613845097825,0.7077927621020875,0.09726665606328849,3,234.36650345875486,205.61931518126144,0.5889129421485173,0.7471152137272213
524412.0,descending_neuron,DNa06,DNa06(PS039)_R,R,xn,,,0.6734283808439709,0.925978209807075,0.12056325654866717,3,90.4930187230113,143.24658666527097,0.6735943310372102,0.34700352217686664
524429.0,descending_neuron,DNg65,DNg65_R,R,xl,MX,,0.15509724148970913,0.4443826517136294,0.10619832228714073,3,214.228256619745,147.68955548046029,0.4666342243553064,0.7755920873575541
524470.0,descending_neuron,DNbe001,DNbe001(PS103)_R,R,ut,,,4.957440000000001,2.512371120804386,0.036381084143623746,3,153.32380633460926,173.1062021177678,1.1095322659545097,0.29420506141978253
524518.0,ascending_neuron,AN01B002,AN01B002(23382)_L,L,BA,A5,,0.13725713765770342,0.41804451373381984,0.1875319090673507,3,229.88411629969048,26.848662072230894,0.4525945334729217,0.567246750423426
524761.0,ascending_neuron,AN09A005,AN09A005_L,L,XA,T2,,0.9311747925674306,1.0888565419546392,0.29810669539907786,3,216.5494591003228,137.46957355597857,0.7304380230777785,0.4846667636011121
524860.0,ascending_neuron,AN09B013,AN09B013_R,R,CA,A7,,0.23841956588812213,0.5509675303748378,0.21771680057501835,3,299.1646562364776,169.59561118581425,0.5195903096514315,0.902172844094727
524898.0,ascending_neuron,vMS13,vMS13_R,R,BA,T2,,0.4115468714659287,0.7238768895761624,0.3339208806032353,3,211.5168459079039,189.37710474657825,0.5955666846729419,0.6731302488396154
524968.0,descending_neuron,DNp32,DNp32_R,R,xl,CG,,1.340710627489185,1.3065396239555553,0.21437697290433497,3,210.15545648006943,155.7972128824894,0.8001277496364078,0.45736780099034713
525003.0,ascending_neuron,AN06A060,AN06A060_L,L,BA,T1,,0.09157207614582194,0.34145744763053565,0.0669512026013059,3,175.41055501406458,163.01952428212857,0.4090405228567977,0.8273754319805503
525126.0,descending_neuron,DNg02_c,DNg02_c_L,L,ut,LB,,0.21222400000000002,0.5198191888934798,0.013210617375889765,3,216.45682719638538,231.7879082401929,0.5046894119731511,0.8881595785497167
525407.0,descending_neuron,DNge128,DNge128_L,L,xl,,potentially sexually dimorphic,0.29926400000000003,0.6172801301804747,0.09434393162235151,3,176.33549709411662,143.63195919261676,0.5499702390024687,0.5817904926402702
525441.0,ascending_neuron,ANXXX169,ANXXX169_R,R,BA,A2,,0.27137865120839266,0.5878180248303181,0.1407439331232546,3,183.72732890549256,218.64152689906732,0.536685040006572,0.7497299641511018
525454.0,descending_neuron,DNg74_b,DNg74_b_R,R,xl,MX,,2.4353827984407963,1.7609161494922483,0.07262328429606585,3,168.9077728173902,111.64883850804854,0.9288966106360823,0.30203211865884777
525595.0,descending_neuron,DNg52,DNg52_R,R,xl,MD,,0.7723829553469274,0.9916796470771805,0.3753992299036146,3,184.41625177639884,128.22209766488947,0.697081793671172,0.44849593301638624
525812.0,descending_neuron,DNge091,DNge091_R,R,ut,LB,,0.239086789009913,0.5517379399598813,0.052355544586172385,3,156.39796059674148,205.64786142811377,0.5199534503975735,0.6963042975251403
525960.0,descending_neuron,DNa13,DNa13(LAL041)_L,L,xl,,,1.7077364156707557,1.4745702887337353,0.22294917276243334,3,249.7182211601915,152.90352847302043,0.850023200553685,0.473659718194696
526151.0,sensory_ascending,LgAG2,LgAG2_R,,leg bristle,,,0.06870745547881284,0.2957719549479888,0.1129162021611161,3,313.70216525346837,332.71281664151167,0.3806944416779873,1.697989019870571
526288.0,ascending_neuron,AN06A027,AN06A027_L,L,BA,T1,,0.3571235438150882,0.6743172979698288,0.30178148893084844,3,165.52869283603002,166.66045036603052,0.5748177763476144,0.5779033928156964
526505.0,ascending_neuron,ANXXX308,ANXXX308_L,L,BA,T1,,0.5474593746559969,0.8348933614228816,0.13771210878312484,3,306.2318727162238,149.16146630377085,0.6396074945599153,0.7119887476198664
526576.0,ascending_neuron,AN27X004,AN27X004_L,L,BA,T3,,0.8054442813951487,1.0126813467982412,0.40526062959442694,3,172.50116289406986,124.33587401658238,0.7044244884521962,0.42138943460480827
526592.0,ascending_neuron,AN05B068,AN05B068_R,R,BA,T3,,0.08428191249393766,0.32758367464388394,0.11219090142079387,3,187.77071675081976,231.35459761284403,0.4006444815238357,1.0461277608755197
526698.0,ascending_neuron,ANXXX202,ANXXX202_L,L,BA,A4,,0.114432,0.3817058390739316,0.11419321942565298,3,304.49088950935175,383.84282930347655,0.4324764284284479,1.5916097931952637
526948.0,ascending_neuron,ANXXX462b,ANXXX462b_R,R,,T1,,0.10508199073230197,0.3657793679800171,0.06285870314190548,3,257.9565683927224,73.38865155340247,0.4233578749831027,0.7826598712952954
526998.0,ascending_neuron,AN17A073,AN17A073_L,L,IA,T2,,0.1902001386993022,0.492108055213552,0.2522436017505948,3,170.09081898363212,155.00056998283088,0.4910528963916621,0.6620292668168507
527114.0,ascending_neuron,ANXXX338,ANXXX338_R,R,BA,T1,,0.3215020723149518,0.6398039951310874,0.06382859866474828,3,293.94066973184783,153.61043420357504,0.5599142413032846,0.7993208082967854
528984.0,ascending_neuron,AN03B039,AN03B039_L,L,IA,T2,,0.35331361950648105,0.6707107215850694,0.11909326464184801,3,187.54779277998676,215.42857562881593,0.5732785130952354,0.7029329709796024
529488.0,descending_neuron,DNb02,DNb02_L,L,ut,,,0.25536000000000003,0.5702056209329852,0.30993622532965764,3,171.97157485239552,186.7496350075376,0.5285837249264895,0.6786459607885593
529568.0,descending_neuron,DNp39,DNp39(PS297)_L,L,xn,,,0.171904,0.46784075356701604,0.24643038883152465,3,171.64151706251326,152.89045410786673,0.4787921983990944,0.6778138245683532
529707.0,ascending_neuron,AN07B037_a,AN07B037_a_L,L,BA,T1,,0.7056592596374429,0.9478783015128734,0.4284174723566045,3,175.20070690981086,187.80113179011087,0.6815132924171824,0.5326408783788084
530343.0,descending_neuron,DNpe054,DNpe054(DNp16/17)_L,L,ht,,,0.0699486998867688,0.29843165180430514,0.15953297814366602,3,179.52065002393843,216.54282357279584,0.3824022873677791,1.0357246456944345
530435.0,ascending_neuron,AN09B037,AN09B037_R,R,BA,A4,,0.1341602486118269,0.41330150479290384,0.09894033349783023,3,220.47527670190865,197.44322998704337,0.45001970773347566,0.928667121699622
530448.0,ascending_neuron,ANXXX116,ANXXX116(520143)_R,R,BA,A7,potentially male-specific,0.2509547701481323,0.5652658996370871,0.3870839052483161,3,170.1731981439612,131.08508244902214,0.526289170344757,0.5724196840220702
530686.0,ascending_neuron,AN17A018,AN17A018_R,R,BA,T1,,0.2220551904440589,0.5317230948407953,0.2637558677612839,3,187.7721683957708,158.08562690806428,0.5104354185124594,0.6775740529757005
530835.0,ascending_neuron,AN05B009,AN05B009_L,L,CA,A2,,0.20838034791987045,0.5150903797560683,0.10643441552538296,3,240.34123086296083,222.75541604628077,0.5023885807624149,0.9217897552656459
531132.0,descending_neuron,DNge073,DNge073_L,L,xl,LB,,0.03344280466273887,0.20635091805817732,0.6421181059761725,3,190.2326465125586,127.9503042057577,0.31798105265645443,1.0006349373969774
531434.0,descending_neuron,DNg12_a,DNg12_a_R,R,nt,MX,,0.07322401991786798,0.305338693558325,0.08419660468984021,3,166.55530193334647,163.75838837745042,0.3868022231626639,0.8539601649908006
531584.0,ascending_neuron,AN17A050,AN17A050_R,R,BA,T1,,0.5865474550906613,0.8641848266923008,0.10796775238124859,3,206.99678955198664,149.55874614626566,0.6507307930928329,0.5479309408482015
531644.0,ascending_neuron,ANXXX084,ANXXX084_L,L,BA,A4,potentially sexually dimorphic,0.15383397200954782,0.4425691996583567,0.37268962054318955,3,182.05194333078458,152.8672535388424,0.4656811224782413,0.7192028637262955
531739.0,ascending_neuron,ANXXX127,ANXXX127_L,L,BA,T3,,0.5182043971798281,0.8122797121343139,0.24113743305356175,3,305.99684332948436,240.51917927353443,0.6308859318021078,0.8662675692290542
531859.0,descending_neuron,DNpe022,DNpe022(PS271)_L,L,xl,,,0.4551123564041161,0.7612273310065292,0.19462037922193354,3,188.0160179390407,137.3462170889514,0.6107383991474576,0.5327358415357082
531898.0,descending_neuron,DNp04,DNp04_L,L,lt,CG,,2.877218118935207,1.9139978808391676,0.052737880201081076,3,213.07393847078248,165.28504631307734,0.9684311857902924,0.3906926897186797
532050.0,descending_neuron,DNp23,DNp23_R,R,xn,CG,,0.1401935212894894,0.4224925268231958,0.3465494355125663,3,176.90877550101862,146.74957318075792,0.45499597596392644,0.7113433212153006
532643.0,ascending_neuron,AN09B004,AN09B004_d_R,R,CA,A2,,0.7119703698513751,0.9521075724803842,0.1932986426244525,3,264.7564448023644,223.50064167198173,0.6830319981636206,0.7148377935251342
532787.0,descending_neuron,DNg92_b,DNg92_b_R,R,ut,LB,,0.10798690153379588,0.3708007461511521,0.08651675647151628,3,207.24502841044193,186.60096094440286,0.42625387460299347,0.9239704617856367
533368.0,ascending_neuron,AN10B005,AN10B005(IB113)_L,L,BA,T1,,1.6637397215716898,1.4554515469955518,0.19991988352529466,3,217.57701933709941,147.8033980031747,0.8444946761394179,0.43266159949118893
533746.0,ascending_neuron,AN17B008,AN17B008_L,L,BA,A1,,0.3134372515391033,0.6317283462475691,0.08259276588396611,3,131.8467319943575,184.01526142567073,0.5563693823902506,0.5677199418541605
534063.0,ascending_neuron,AN18B001,AN18B001_R,R,BA,T1,,0.4837076609477337,0.784777498409583,0.271564842930902,3,167.27583631750912,160.30891600628522,0.6201136784660499,0.5282656449929107
534177.0,sensory_ascending,SAxx02,SAxx02_L,,leg,,,0.0963342162625677,0.35022354811829887,0.05505976410321498,3,251.38181767403205,19.768507384360838,0.4142578165562678,0.6545448612472061
534480.0,ascending_neuron,AN08B034,AN08B034_b_L,L,BA,T3,,0.4913679452936248,0.7909671920902328,0.20906053381396553,3,243.466102493092,427.69653903699503,0.6225543543532678,1.0780787843453692
535011.0,ascending_neuron,AN06A041,AN06A041_L,L,BA,T1,,0.0715725209408838,0.3018757426132792,0.3026313803590668,3,155.88316459744635,185.0729899873766,0.38460254013787637,0.8865156076779768
535513.0,ascending_neuron,AN08B095,AN08B095_R,R,BA,T1,,0.11990148787587623,0.3907215323425998,0.32350151828754126,3,175.05134222592827,150.66468885030687,0.4375540547725205,0.7444018116700375
535963.0,descending_neuron,DNge014,DNge014_R,R,ut,LB,,0.33506785141304996,0.6531627963904105,0.3081016707210497,3,184.4842556746285,210.07611756457604,0.5657294143239338,0.6974365540294873
536048.0,descending_neuron,DNp27,DNp27_L,L,xn,,,0.3884314718746493,0.7032540866646192,0.14566814678309375,3,188.57067378911742,211.67967592478956,0.5870217223115882,0.6818322636133319
536207.0,ascending_neuron,AN19B019,AN19B019(hb706176085)_L,L,BA,T1,,1.690902887923455,1.4672847110261293,0.1121596994461917,3,229.0734582271819,324.5600968764125,0.8479206970010835,0.6529308189571023
536275.0,sensory_descending,LN-DN2,LN-DN2_L,,,,potentially sexually dimorphic,0.11392528825556383,0.3808597932997605,0.3139396813100648,3,232.74896465135424,168.96901482427316,0.4319968735035968,0.9299094602643756
537947.0,ascending_neuron,AN06A062,AN06A062_R,R,BA,T1,,0.10506722625184109,0.36575367027479094,0.2915672488828971,3,141.42773875222923,142.173141889977,0.4233430032900597,0.6699080377806383
539202.0,ascending_neuron,AN08B098,AN08B098_R,R,BA,T1,,0.0975895828877173,0.35249810791953423,0.0827699626818432,3,187.9262295833386,178.11229112676577,0.41560085765139104,0.8807453448932486
539234.0,descending_neuron,DNge004,DNge004_L,L,ut,,,0.15067149301820446,0.4379964647974523,0.4174309632809546,3,154.9589381386197,151.68716216256558,0.4632691094285822,0.6619178660097085
540462.0,descending_neuron,DNge154,DNge154_L,L,ut,LB,potentially sexually dimorphic,0.10233092580803395,0.36095952873992515,0.5562356719916254,3,170.63449032917146,190.85441116837677,0.42055935262762056,0.8595431280721615
541503.0,ascending_neuron,AN09B035,AN09B035_R,R,BA,T1,,0.07603508987250689,0.31114447321649125,0.1496220531456723,3,191.61439807751333,191.48403485639278,0.39046227970968045,0.9811406961480387
542076.0,sensory_ascending,"SApp09,SApp22","SApp09,SApp22_L",,campaniform sensilla,,,0.09741869127357633,0.3521893384613789,0.09899078241585203,3,186.06457913161753,266.120338465696,0.4154187957303757,1.0885037515028582
542578.0,sensory_ascending,SApp21,SApp21_R,,campaniform sensilla,,,0.5372514114298176,0.827072997078991,0.17848065216844625,3,223.35465817770952,274.9440921598181,0.6366048763312337,0.7827441618248873
542621.0,sensory_ascending,SApp08,SApp08_R,,campaniform sensilla,,,0.3010706771358091,0.6191406075274862,0.3720539152728054,3,191.1465704719595,417.61863913670487,0.5507984183786916,1.1052413901270841
543849.0,ascending_neuron,AN10B045,AN10B045_R,R,BA,T1,,0.05585569905811829,0.26667899212278195,0.024369901604417956,3,383.2210893867804,211.03474879228085,0.36148679939959516,1.6439212695071563
544361.0,descending_neuron,DNg12_d,DNg12_d_L,L,nt,MX,,0.10393600000000001,0.36377936351804496,0.06431302144191159,3,194.9988399973142,184.7460176285327,0.4221988727173985,0.8994454560754632
545085.0,sensory_ascending,LgAG8,LgAG8_L,,leg bristle,,,0.044394936855055835,0.23775068704396543,0.11600488691623387,3,326.28459246739345,271.6291814635349,0.34131779422049335,1.7517802589122335
547197.0,sensory_ascending,"SApp09,SApp22","SApp09,SApp22_L",,campaniform sensilla,,,0.0896656833459904,0.33788443859079403,0.2292948535386885,3,184.95576070873057,341.2324555732302,0.4068947958741781,1.2931800102075308
550221.0,descending_neuron,DNg69,DNg69_L,L,xl,LB,,0.32128,0.6395829898711449,0.13898926833115055,3,212.2948579785682,115.8211469233624,0.5598175283401379,0.5861124175136073
552858.0,descending_neuron,DNg06,DNg06_R,R,xn,LB,,0.16186626891737363,0.4539763590148018,0.7566814038269575,3,196.6959330036259,184.2152136461858,0.47164437441493234,0.8076236404225666
555261.0,sensory_ascending,SAxx01,SAxx01_R,,abdomen,,,0.08229426987505817,0.3236978818435976,0.7466229278638222,3,301.22170960341066,172.70338671993446,0.39826117323103793,1.1899856882318107
555293.0,descending_neuron,DNge146,DNge146_L,L,fl,,,0.4286562227301887,0.7387706368534689,0.3517365553987948,3,210.9491566979105,125.01772758549521,0.6016623738095974,0.5583976976258882
555457.0,descending_neuron,DNge079,DNge079_R,R,xl,,,2.3877546747218035,1.743612249034184,0.05608220115492427,3,186.28259753672174,121.01016335684842,0.9243213737801103,0.3324522937697133
555472.0,descending_neuron,DNae009,DNae009(PS009)_L,L,xn,,,1.1027537812142663,1.1849344801921462,0.29047346279402914,3,169.9313732911636,176.2071462385642,0.7619828707353936,0.45426023710436914
555500.0,descending_neuron,DNg29,DNg29_R,R,xn,MX,,2.490592908322227,1.7807642687095946,0.08565932224729737,3,241.29346011012387,181.23418816563796,0.9341169582379398,0.45232842049328786
555501.0,ascending_neuron,ANXXX108,ANXXX108_R,R,BA,T1,,0.48473947950801205,0.7856140745963892,0.05651064619824088,3,209.76208677990238,131.89482841485062,0.6204441123519754,0.55066509358853
555713.0,ascending_neuron,ANXXX434,ANXXX434_L,L,XA,T2,,0.4478161308247984,0.7551007923028742,0.23488691370865242,3,248.5833992382311,507.2957189553682,0.6082757501564634,1.242658642892091
555725.0,ascending_neuron,AN08B101,AN08B101_R,R,BA,T1,,0.10581941886758676,0.36706057906441775,0.14902271796314628,3,258.3947755913592,198.71302374846772,0.42409867217613956,1.0778336017755268
555726.0,descending_neuron,DNa13,DNa13(LAL041)_L,L,xl,,,1.3771255114715093,1.324164136075722,0.07926860350111241,3,244.30269252693617,151.47553374908145,0.8055063169690873,0.49134093419059593
555795.0,descending_neuron,DNge172,DNge172_L,L,ad,MX,,0.24330852274036247,0.5565878481642624,0.06809741370652728,3,91.12210252700743,310.2202101602974,0.522233707836337,0.768510930384221
555850.0,descending_neuron,DNge077,DNge077_R,R,fl,,,0.1402366178859366,0.42255746060422233,0.23974979332477236,3,215.83329227657325,152.34025419651587,0.45503093927343985,0.809117610905671
555871.0,descending_neuron,DNpe017,DNpe017(hb1406000196)_R,R,xn,,potentially sexually dimorphic,2.5280413885134196,1.794102078083205,0.15764959187095806,3,208.1010203963609,174.9519160827916,0.9376086701075083,0.4085424428031694
555991.0,ascending_neuron,AN03A002,AN03A002_R,R,BA,T1,,1.0770621999109118,1.1710500352529871,0.16854368114780358,3,137.48165936357776,131.34954017110354,0.7575054569268552,0.354890116072972
556077.0,ascending_neuron,AN05B053,AN05B053_L,L,,A4,,0.036466662891262616,0.21547806676708853,0.2630761756178086,3,209.33929920570202,176.31468366679636,0.3249373058235594,1.1868565903661061
556286.0,descending_neuron,DNp32,DNp32_L,L,xl,CG,,1.3459140393400701,1.3090725643378271,0.12905007511363137,3,222.36028350920998,157.07169592290427,0.8009029632393273,0.4737552448269962
556329.0,descending_neuron,DNge104,DNge104_L,L,xl,MX,,0.7772486802824283,0.9947983493295539,0.11037029205386417,3,215.1724695068836,127.71796283582486,0.6981770485854439,0.49112246390429004
556450.0,descending_neuron,DNge045,DNge045_R,R,ut,LB,,0.44270415122475454,0.7507785505445485,0.2882699697462622,3,182.0164802119932,244.7247572382184,0.6065323484916766,0.7035753962858383
556539.0,ascending_neuron,AN27X018,AN27X018_L,L,BA,T2,,0.4974431152015493,0.795841847059365,0.10980457114537064,3,358.4112539170489,4.809896175481508,0.6244697791399427,0.5816472825839233
556570.0,ascending_neuron,AN05B010,AN05B010_L,L,BA,T1,,0.4004406357436639,0.7140426126973948,0.3029483608718853,3,195.02348520381963,147.66110140574463,0.5915072951551176,0.5793412683434415
556586.0,ascending_neuron,AN27X008,AN27X008_L,L,BA,T2,,0.2986581838329028,0.6166550170191074,0.7883864958091127,3,191.97425265987582,131.47594956940205,0.5496916938970086,0.588421120094058
556667.0,sensory_ascending,SApp23,SApp23_R,,chordotonal organ,,,0.08992593437668149,0.33837443128234446,0.20245873189644015,3,385.1527021219972,141.82364414945908,0.4071897239965036,1.294178893070448
556760.0,ascending_neuron,AN09B028,AN09B028_L,L,BA,T1,,0.22961425378765024,0.5406976492988405,0.18643181492510127,3,234.61370110167857,181.72149084941287,0.5147250218868632,0.8088497241204686
556793.0,descending_neuron,DNge111,DNge111_L,L,xn,LB,,0.05162714584220274,0.25638588819999836,0.12518731215936005,3,183.89450506754108,236.9598433742487,0.35444193490330567,1.1873717723513777
556836.0,ascending_neuron,AN05B101,AN05B101_L,L,BA,T2,,0.411392,0.7237406737137883,0.26515512589856055,3,211.4028015304686,143.38607804443964,0.5955106465209133,0.5957725216965516
556847.0,ascending_neuron,AN08B050,AN08B050_L,L,BA,T1,,0.7013347325160194,0.944969372802978,0.12694790511585427,3,209.5032676378366,174.20114224297345,0.6804667461922435,0.5638841457395877
557308.0,ascending_neuron,AN18B019,AN18B019_R,R,BA,T3,,0.4579383934152838,0.763587108029482,0.34028675931260977,3,28.516372913370347,149.29093632157495,0.6116843000555484,0.2906847686278661
557817.0,ascending_neuron,AN04B051,AN04B051_R,R,BA,T1,,0.13931570863285947,0.4211677450068542,0.05436897009804612,3,216.17284000979393,157.05061617516085,0.4542820655202652,0.8215676658014701
558778.0,ascending_neuron,AN08B012,AN08B012_R,R,BA,T3,,0.9802908971847618,1.1172041602319382,0.09813983386787602,3,182.82116487118972,178.6044126330685,0.7398851522457047,0.4884887558660376
558850.0,ascending_neuron,AN05B099,AN05B099_L,L,BA,A6,,0.30019202395263017,0.6182364886599414,0.26095660384466696,3,187.2858256953129,164.84935760641233,0.5503961113992097,0.6397850130273119
559107.0,ascending_neuron,AN09B032,AN09B032_L,L,BA,T1,,0.09577084473207041,0.34919797643394684,0.11110710284068777,3,225.11421320309572,152.27734793091952,0.41365082914534806,0.9123432966730688
563656.0,ascending_neuron,AN09B023,AN09B023(17094)_L,L,CA,A2,,0.31028223098157615,0.6285408550877123,0.23590544148690928,3,188.1235843508448,156.7319731411264,0.5549639799058845,0.6214016944855677
564864.0,descending_neuron,DNp19,DNp19_R,R,xn,,,2.498357611060586,1.7835379747267535,0.14793718994149677,3,143.9869995651315,178.74288216167977,0.9348441622089262,0.34522318774953764
564865.0,descending_neuron,DNge070,DNge070(DNb06)_R,R,nt,LB,,0.3877214468566462,0.7026110435225273,0.33661473453596424,3,149.44976011808367,162.7243166062382,0.5867532797744196,0.5320363557990487
565022.0,descending_neuron,DNpe008,DNpe008(PS225)_R,R,ht,,,0.052881874628527295,0.25948274311939906,0.13793241883484667,3,375.8245649555031,401.26730912901513,0.35657614071682575,2.179315398170861
572998.0,ascending_neuron,AN06A092,AN06A092_L,L,BA,T1,,0.17345729425593262,0.4699496636549672,0.09995637284029577,3,189.84214494830067,186.0871528322878,0.47987012325308803,0.7833980061774336
574147.0,descending_neuron,DNg36_a,DNg36_a_L,L,ut,LB,,0.084104980794118,0.3272396483561587,0.16753676227993583,3,147.89739013704698,223.22602408954472,0.40043404911984914,0.9268028406733093
574186.0,ascending_neuron,AN09B004,AN09B004_e_L,L,BA,A9,,0.463616,0.7683060749284345,0.20622938416452244,3,229.73194178980447,167.6823253852526,0.6135714927495677,0.6477065376589516
574287.0,ascending_neuron,AN07B071_b,AN07B071_b_L,L,,T1,,0.08646156155571737,0.3317925244370235,0.3094715528038056,3,184.09323193512816,166.09456307190968,0.40321004076553146,0.8684996890012312
574357.0,ascending_neuron,AN09A005,AN09A005_L,L,BA,T3,,0.014352037088214456,0.1351798105051947,1.016312645264854,3,378.4406197553527,14.948430040425809,0.2573676497688577,1.528510091105397
574821.0,ascending_neuron,AN05B058,AN05B058_L,L,BA,T1,,0.14630400000000002,0.43160171263901775,0.18472767878291607,3,187.783556080281,158.80885198817924,0.45987480817404935,0.753666871739765
575082.0,descending_neuron,DNpe021,DNpe021_R,R,xn,CG,,1.185674413035033,1.2286771544457302,0.1185729248825477,3,186.4222958569626,139.5540373704389,0.775919973759155,0.4201159194911823
575398.0,ascending_neuron,AN05B050_b,AN05B050_b_L,L,,T2,,0.07412856415337427,0.3072188458973726,0.03760818712317037,3,220.96774694759307,171.87256869825788,0.38799128146095313,1.012497791616964
575669.0,descending_neuron,DNg71,DNg71_L,L,xn,MD,,0.9281644816959241,1.087095084210147,0.12761846008699274,3,180.34448366770906,179.74683102810727,0.7298469642760543,0.4933792045747509
800012.0,ascending_neuron,AN19B001,AN19B001(17757)_L,L,BA,T1,,1.2604724167365366,1.2668398975548798,0.040638749971669164,3,167.44859203708057,119.32193442944269,0.7878778774669911,0.3639783964851047
800099.0,descending_neuron,DNge079,DNge079_L,L,xl,,,2.909626273290868,1.9247470565127078,0.10925702913285439,3,188.47170193147568,115.81363368231621,0.9711467745357686,0.3133257954331852
800658.0,ascending_neuron,AN07B005,AN07B005_R,R,BA,T2,,0.40230018949984675,0.7156986168253049,0.21992192058420945,3,199.87166993656612,156.1759455175672,0.5921928083355955,0.6012359664664505
800794.0,ascending_neuron,AN04B004,AN04B004_R,R,II,T2,,0.11273159353282322,0.3788592388038086,0.2777711328149921,3,190.1312222333442,143.09211078700716,0.4308607977222646,0.7733897694613401
800845.0,descending_neuron,DNp12,DNp12(WED105)_R,R,xn,,,1.640730961790234,1.4453523939934798,0.13420201889088676,3,163.0505480248018,139.45439920292293,0.8415596669617699,0.3594575157336608
800868.0,descending_neuron,DNpe002,DNpe002(VES068)_R,R,xl,,sexually dimorphic,1.3026051721270184,1.2878386608301031,0.05860842807423565,3,180.9803650404317,151.80213911150955,0.7943808556396298,0.41892059934398485
800932.0,ascending_neuron,AN17A013,AN17A013_L,L,BA,T1,,0.34154734806450976,0.6594479433246863,0.08028603706864548,3,186.6764863898682,162.3425218172911,0.5684448013915654,0.6139892692355582
801153.0,ascending_neuron,AN14A003,AN14A003_L,L,CA,T3,,0.20800000000000002,0.514620078606455,0.17180931441979322,3,173.1139171420572,148.40778616084086,0.5021591764741166,0.6402784582379739
801204.0,ascending_neuron,AN06B089,AN06B089_R,R,CA,T2,,0.7745046440128459,0.9930407546209699,0.0846755774244657,3,152.56419528946148,156.615127079137,0.6975600115862973,0.4432297110402077
801206.0,ascending_neuron,AN17A018,AN17A018_R,R,BA,T3,,0.22694400000000003,0.5375444867547028,0.3412743231250111,3,217.14946342716578,157.23592742558134,0.5132219778125293,0.7294804334928604
801269.0,ascending_neuron,AN05B023b,AN05B023b_R,R,BA,A2,,0.028108126760961402,0.18917816607760193,0.09974261725511689,3,137.773265844151,215.55277001824132,0.3044623152017749,1.160491851440577
801341.0,ascending_neuron,AN19B032,AN19B032_L,L,CA,T2,,0.2784501445275136,0.5954273551405341,0.20732509317914738,3,238.90007291798418,238.15253426983332,0.5401475761482798,0.8831893879624821
801562.0,descending_neuron,DNge088,DNge088_R,R,ut,MX,,0.49702139058652856,0.7955044242956975,0.05858711996178675,3,196.50167456394558,195.81338632034763,0.6243373830749619,0.6283702874751445
801976.0,descending_neuron,DNpe032,DNpe032(PS216)_R,R,xn,,,0.41099634730462664,0.7233925643313993,0.0695222177959653,3,33.71995524280944,162.2006475757129,0.5953674130504504,0.32907511987378524
802126.0,ascending_neuron,AN10B008,AN10B008_R,R,BA,T3,,0.5024744863286372,0.7998564785098067,0.04065294245883881,3,182.6601017950235,150.0101456783285,0.6260428695143849,0.531385730391596
802244.0,ascending_neuron,ANXXX008,ANXXX008_R,R,BA,T1,,0.002901963585536303,0.06078564628665441,0.46069703080842866,3,26.760816760100912,142.6061428523939,0.17258321668244758,0.9813640217642328
802749.0,ascending_neuron,AN06B005,AN06B005_R,R,BA,T3,,0.4479234721443443,0.7551912855358291,0.2788091588902349,3,208.09674175631974,210.15568779757808,0.6083121977344825,0.6875621286431242
802893.0,descending_neuron,DNpe016,DNpe016(PS211)_L,L,xn,,,0.613625778451785,0.8839075781967878,0.2537789336950644,3,207.09408030210608,206.70443009043598,0.6581145138320732,0.628763690353938
803318.0,ascending_neuron,AN06B051,AN06B051(803318)_R,R,BA,T2,,0.1589806638736135,0.44991162253506367,0.05009016264189879,3,147.94983859714287,160.96634838061817,0.46952816213959003,0.6579289846429291
803433.0,descending_neuron,DNp57,DNp57(PS195)_R,R,xn,,,0.7845662492272488,0.9994702466710434,0.12802102848876912,3,185.8221660386166,170.38775088879873,0.6998145617724821,0.5090061516085217
804351.0,ascending_neuron,AN27X019,AN27X019_L,L,,T3,,0.06231831346509064,0.2816844707557645,0.567132101265002,3,250.14957772084082,258.1199120814444,0.37151768554178494,1.3680896215238714
804399.0,ascending_neuron,AN12A017,AN12A017_L,L,BA,T1,,0.17601707221209106,0.4734045805533984,0.20003121478903954,3,191.4233769248008,126.89563228897708,0.4816308176094686,0.66091910562062
804883.0,ascending_neuron,AN08B079_b,AN08B079_b_R,R,BA,T3,,0.10217707993080805,0.3606880906454639,0.14260819820104692,3,189.07945327999423,230.35824907246467,0.4204011945942558,0.9977081600761701
805362.0,ascending_neuron,AN27X011,AN27X011_L,L,BA,T1,,1.2154845013522615,1.2440269020943235,0.1426869728236006,3,95.22001322215564,169.53152759352707,0.7807516775686227,0.33909826699336526
805992.0,ascending_neuron,AN27X011,AN27X011_R,R,BA,T1,,0.9068666380240248,1.0745503549546744,0.015122138132112762,3,246.28800133477932,155.10925007094386,0.7256236448240854,0.553175539784174
806010.0,ascending_neuron,AN08B024,AN08B024_L,L,BA,T3,,0.5603965189349008,0.8447005437667501,0.24132861837012642,3,224.7697891173446,257.66023085808524,0.6433531428738866,0.7498681327962337
806031.0,ascending_neuron,AN08B022,AN08B022_R,R,BA,T1,,0.20420538564729757,0.5099042775404355,0.059180220145980594,3,194.01340108770918,147.69322167730232,0.49985307440768373,0.6836141263508827
806770.0,ascending_neuron,AN07B046_b,AN07B046_b_R,R,BA,T2,,0.15171921257310084,0.4395166676522658,0.2281271258305471,3,202.40474490472857,218.17888285610871,0.4640723727497794,0.9062888731530016
807074.0,sensory_ascending,SApp,SApp_L,,haltere,,,0.2826565058278355,0.5999078602557772,0.3092280427890188,3,101.74929871630677,230.16222997681706,0.5421760337061486,0.6121840657992178
807758.0,sensory_ascending,SApp,SApp_L,,haltere,,,0.3287656167943348,0.6469910233162388,0.09475180477445577,3,163.2951998290401,336.8711889653963,0.5630502654514578,0.8883156966339396
808300.0,ascending_neuron,AN07B072_b,AN07B072_b_R,R,,T3,,0.06298748110235894,0.28319278197507464,0.18906426343735394,3,247.0259691805555,225.0087273764329,0.37251102422315846,1.267169736899407
808335.0,ascending_neuron,AN09B018,AN09B018_R,R,BA,A6,,0.16198780016316683,0.4541467526388371,0.08573485675607039,3,226.4181658701372,150.96887227589423,0.4717328786432319,0.8000015585757939
808502.0,sensory_ascending,SApp,SApp_L,,haltere,,,0.13886913150925076,0.42049217564730723,0.212013913011042,3,164.85665617621632,189.82186211373923,0.45391757629241514,0.7813720746108992
809303.0,ascending_neuron,AN06A092,AN06A092_R,R,,T1,,0.0934071721925294,0.3448618642259754,0.2648138135414087,3,188.59984067177095,259.2002909718227,0.4110745838296597,1.0893403515045634
809423.0,ascending_neuron,AN07B062,AN07B062_R,R,BA,T1,,0.09653428569777824,0.35058703623090987,0.03561559158445996,3,271.7084382802421,150.56671702746783,0.41447273463177986,1.0188249311088262
810175.0,ascending_neuron,AN07B091,AN07B091_R,R,BA,T1,,0.04283915776063035,0.23354766049777248,0.10077842995330114,3,190.0044564529741,185.46716858664053,0.3382873832171524,1.1099190914802548
810313.0,ascending_neuron,AN07B101_a,AN07B101_a_R,R,,T1,,0.09813546490264259,0.35348260870234366,0.11721249714539796,3,264.32956784462857,189.6342038036657,0.4161808239985937,1.090784931623443
810577.0,sensory_ascending,SApp,SApp_L,,haltere,,,0.06319304292079586,0.2836545102742132,0.09433288101173343,3,174.4536912204498,395.6145496484986,0.37281457862369655,1.5290932102855115
810722.0,ascending_neuron,ANXXX150,ANXXX150_R,R,BA,A10,potentially sexually dimorphic,0.180352,0.47919860013576426,0.053518533976055487,3,271.053360842123,152.10489945923746,0.4845692046204798,0.8732669271312503
810937.0,descending_neuron,DNg46,DNg46_R,R,xn,MX,,0.1277326989036792,0.40327946067201853,0.11550794184346648,3,179.30203584523326,139.55569872824475,0.444530016679739,0.7172917971998245
811253.0,ascending_neuron,AN07B050,AN07B050_R,R,,T3,,0.04954181607674912,0.25115453280184535,0.7116922418132763,3,243.55346663848132,206.4116658166026,0.3508072420474016,1.282656338076065
811494.0,ascending_neuron,AN07B050,AN07B050_L,L,,T3,,0.06044657843275815,0.2774220142752253,0.06942809102622176,3,191.32904287742247,147.05004271764105,0.3686960631670215,0.9177724402274829
811943.0,sensory_ascending,SApp,SApp_R,,haltere,,,0.178816,0.4771536465661379,0.384386110107737,3,178.4424579305322,345.1865321333932,0.4835341630302946,1.0829203603368116
812057.0,sensory_ascending,SApp10,SApp10_L,,campaniform sensilla,,,0.4565351940226946,0.7624163315361462,0.17207200005955445,3,235.3273415711519,267.47813256459983,0.6112151850639115,0.8226324973964384
812060.0,ascending_neuron,AN19B099,AN19B099_R,R,,T3,,0.06314187747306156,0.28353965388905367,0.4480732808373183,3,158.57921373020318,254.45441536395316,0.37273909159844815,1.1081038678366408
812492.0,sensory_ascending,SApp19,SApp19_L,,campaniform sensilla,,,0.09895227383507592,0.35495062767697877,0.15926605843404062,3,238.6698495981255,274.7931458315677,0.4170441314318181,1.2311958297239303
812511.0,descending_neuron,DNge019,DNge019_L,L,fl,MX,,0.09205794212891061,0.3423621070233534,0.11417848347716134,3,172.56245762871268,126.38796840756858,0.4095820216286882,0.7298914753326224
812596.0,sensory_ascending,SApp,SApp_L,,haltere,,,0.094976,0.3477458827948461,0.052217040708006375,3,184.5481931138405,93.72488931603536,0.4127898770191374,0.6741276807448814
812667.0,sensory_ascending,SApp08,SApp08_L,,campaniform sensilla,,,0.26491560320462226,0.5807762237019473,0.4620247680258124,3,224.1337739809242,334.1042217648423,0.533460729214395,1.046446280249832
812914.0,sensory_ascending,SApp,SApp_R,,haltere,,,0.2704402630209411,0.5868008498347976,0.48219486634320596,3,144.10021075585354,319.1522618616519,0.5362204923527735,0.8639216128889322
813430.0,ascending_neuron,AN07B071_b,AN07B071_b_R,R,BA,T1,,0.08012806871164123,0.31940918228334936,0.14368627176011706,3,196.7546589933306,170.8887478791987,0.3956140787672264,0.9292980877175642
813443.0,descending_neuron,DNg106,DNg106_L,L,lt,MX,,0.18247401434971203,0.4820094718536399,0.0444997497635107,3,202.89222045939127,216.67767396699182,0.48598831385979185,0.8633332993011628
813689.0,ascending_neuron,AN27X009,AN27X009_L,L,BA,T1,,1.1760611576250182,1.2236860597862453,0.0813689186814967,3,316.2295332676158,144.04826443177643,0.7743424108850425,0.5944111948786494
813714.0,sensory_ascending,SApp,SApp_R,,haltere,,,0.145536,0.4304674091990898,0.10728537784084463,3,141.91416462138696,426.0999304587422,0.4592701062637911,1.2367756736901112
813734.0,sensory_ascending,SApp,SApp_L,,haltere,,,0.14977253336610202,0.4366878887682686,0.0964637105735822,3,156.37510599843833,327.6889123075347,0.4625765509582728,1.0464517003795086
813798.0,ascending_neuron,AN07B069_a,AN07B069_a_L,L,,T1,,0.11581753065086649,0.3840097134165489,0.1614475850203005,3,162.34988438720467,170.16190914725286,0.4337796209760308,0.7665454471703523
814109.0,ascending_neuron,AN07B089,AN07B089_R,R,BA,A1,,0.04752739426349868,0.24599544271084708,0.19726598176872387,3,158.47227040564945,176.96440436322723,0.347185493545331,0.9661598223575538
814345.0,sensory_ascending,"SApp06,SApp15","SApp06,SApp15_R",,campaniform sensilla,,,0.137856,0.4189554996404876,0.37709442402408766,3,180.53873316351843,343.95957335183255,0.4530874030734455,1.1576095538244964
814392.0,sensory_ascending,SApp10,SApp10_L,,campaniform sensilla,,,0.29074368108865284,0.6084294142658964,0.15944531987872684,3,239.3653822871734,272.3442641176679,0.5460131985495306,0.9371745001113236
814460.0,ascending_neuron,AN08B098,AN08B098_L,L,BA,T1,,0.11183233936083999,0.37734514287912085,0.15319801231414049,3,184.59564743977472,172.36507711277045,0.42999897675549087,0.8301431953302595
814684.0,sensory_ascending,"SApp09,SApp22","SApp09,SApp22_R",,campaniform sensilla,,,0.6035019262023763,0.876585716153707,0.14781867994619,3,183.80235055563057,438.12529104817895,0.655383094773825,0.9489528286023903
814923.0,ascending_neuron,AN19B104,AN19B104_L,L,BA,T3,potentially sexually dimorphic,0.06502783799537698,0.2877429666288052,0.4825491474960494,3,155.15874841871585,244.37689801372812,0.3754917491079059,1.0640330909578215
815332.0,ascending_neuron,AN07B056,AN07B056_L,L,,T3,,0.08900162178969086,0.33663093204308653,0.12506712544990456,3,171.92567540496538,209.54616100392565,0.40613933163523125,0.9392634662419374
815666.0,ascending_neuron,AN07B072_e,AN07B072_e_L,L,,T1,,0.14949213509347567,0.4362789222824138,0.5455547174347315,3,113.17073082418334,181.36200787256104,0.4623598943662639,0.6370205164538487
815690.0,ascending_neuron,AN07B091,AN07B091_R,R,BA,T1,,0.04097871846675661,0.22842006226346143,0.46015627372810475,3,179.9264892737479,174.1748254545577,0.33455318039004817,1.0584305739239026
815986.0,sensory_ascending,SApp,SApp_L,,haltere,,,0.030933653285641925,0.19845893939655654,0.1632858934257991,3,168.04370200509555,312.8911013976739,0.31184111387742425,1.542243091114057
816063.0,sensory_ascending,SApp,SApp_R,,haltere,,,0.14934124952505964,0.43605869393404745,0.4252361457953896,3,180.5462819675608,320.9609320088666,0.4622431827811885,1.0849423694233806
816071.0,ascending_neuron,AN10B061,AN10B061_L,L,BA,T1,,0.04224228257766632,0.2319149513027609,0.2603399550287322,3,207.72463721499227,212.58443365599868,0.33710284207991015,1.2468274318831067
816072.0,sensory_ascending,"SApp06,SApp15","SApp06,SApp15_R",,campaniform sensilla,,,0.10735550104910246,0.3697151190857286,0.5701786239403227,3,110.18323125579877,260.42937692788036,0.4256294260880079,0.8707400980002898
816074.0,sensory_ascending,SApp,SApp_L,,haltere,,,0.05615738742677994,0.26739821689904636,0.7044803284343358,3,161.36664613051315,314.3884532128787,0.3619739303879945,1.3143352584354262
816191.0,ascending_neuron,IN10B058,IN10B058_R,R,BI,T1,,0.04335830520493201,0.2349585256584997,0.08526853658332247,3,402.76482495514415,207.18743243916043,0.33930764443593786,1.7976378292575281
816429.0,sensory_ascending,SApp08,SApp08_L,,campaniform sensilla,,,0.09157309380602002,0.34145934497033065,0.29061760452195756,3,226.58989874464802,405.6143715544338,0.4090416592909113,1.5455742855019488
816625.0,sensory_ascending,SApp,SApp_L,,haltere,,,0.08662714322481531,0.3321100787408771,0.08849156875051833,3,186.94434133250348,319.94673547941545,0.4034029481585748,1.256537859045749
816710.0,sensory_ascending,LgAG1,LgAG1_R,,leg bristle,,,0.06469659366949333,0.2870091661770779,0.323703915015947,3,317.2851746465913,328.8855672448771,0.3750126550221581,1.723063830614699
816971.0,sensory_ascending,SApp,SApp_L,,haltere,,,0.054754243051948204,0.2640364889476092,0.03562431830516171,3,28.03328082371104,324.723020622182,0.35969136712510696,0.9807193991486546
817019.0,ascending_neuron,AN27X018,AN27X018_R,R,BA,T1,,0.005857213429038215,0.08635760394895922,0.23864933126085214,3,4.043408417973259,19.90021822550035,0.2057066501963172,0.11639694983425614
817088.0,ascending_neuron,AN19B101,AN19B101_L,L,BA,T3,,0.04018406768942751,0.22619448280294913,0.11339330100982332,3,204.675317057789,56.14182223125627,0.3329193544590717,0.7834243812974515
817091.0,sensory_ascending,SApp,SApp_L,,haltere,,,0.04635227235427262,0.24293527152267194,0.18395165689900697,3,208.04335844373935,319.77331742827045,0.3450192502544014,1.5298180477837742
817207.0,ascending_neuron,AN16B078_c,AN16B078_c_R,R,,T1,,0.22875386993296604,0.5396836788433168,0.33916689384713916,3,132.07661482825725,150.57709845598245,0.5142421634144999,0.5496509881792976
817316.0,sensory_ascending,SApp,SApp_L,,haltere,,,0.040294813109597684,0.22650595908022514,0.2219385991429072,3,155.86709033629185,310.0993094679891,0.33314849534300817,1.3986747841214893
817462.0,sensory_ascending,SApp,SApp_L,,haltere,,,0.07625517373525768,0.31159445227792526,0.16447463499274229,3,198.40224054864663,328.8184912100146,0.3907445221832078,1.349272227318555
817526.0,sensory_ascending,"SApp09,SApp22","SApp09,SApp22_R",,campaniform sensilla,,,0.13223493890870763,0.41032518008794555,0.10358739745083433,3,157.30630594119006,340.92486398603853,0.44839640748236737,1.1111399681470928
817576.0,sensory_ascending,"SApp06,SApp15","SApp06,SApp15_L",,campaniform sensilla,,,0.2445769972886389,0.5580368309354498,0.2503740899483191,3,163.88820338145916,417.2948562066206,0.522913039767006,1.111433480119442
817587.0,ascending_neuron,AN07B069_b,AN07B069_b_R,R,BA,T1,,0.13152845498968482,0.4092276018926212,0.12999550906307242,3,241.66506853564493,162.56427778330868,0.44779629847441166,0.9027081011971616
818292.0,sensory_ascending,SApp,SApp_R,,haltere,,,0.04150864407660104,0.22989225103657893,0.1691179422801236,3,201.2681877968529,263.52763275476957,0.33562956217819023,1.3848476800886094
818414.0,sensory_ascending,SApp,SApp_R,,haltere,,,0.017534732418427432,0.14941858894224455,0.0890467293299523,3,189.24566543097055,324.6195849251714,0.27058290519118133,1.8991046385323884
818423.0,ascending_neuron,AN16B116,AN16B116_L,L,IA,T1,,0.21749953360127228,0.526240446129518,0.11638840913811793,3,151.03660932742443,151.32010633690098,0.5077970250045424,0.5954282927546114
818610.0,sensory_ascending,SApp,SApp_R,,haltere,,,0.01799830189105521,0.15138081022960986,0.1027133876190848,3,76.14123466196355,23.0140840905607,0.2723538085147862,0.36406804550758126
818789.0,descending_neuron,DNg12_f,DNg12_f_L,L,xn,MX,,0.07268612703859861,0.30421513982572845,0.07035670456736036,3,218.6579619188733,168.55564618971397,0.3860899098844814,1.002910457371036
819678.0,sensory_ascending,SApp,SApp_L,,haltere,,,0.052979988094453964,0.2597233449681736,0.1417874963065702,3,175.56781594615296,434.14098183971123,0.35674141760441136,1.7091057211135685
819835.0,sensory_ascending,SApp,SApp_L,,haltere,,,0.036363670997457624,0.21517356693075054,0.5665615024125673,3,113.9633252090937,21.89139474177113,0.3247076343359789,0.41839090179904526
820501.0,ascending_neuron,AN10B045,AN10B045_R,R,BA,T2,,0.10902688895868279,0.3725819996479224,0.2206822177211662,3,397.85231299038185,184.0577784474407,0.427276467673428,1.3619053129848064
823201.0,ascending_neuron,AN07B072_b,AN07B072_b_R,R,,T3,,0.06961795473169213,0.297725264275595,0.391686534453033,3,245.57499136234443,189.16273700212975,0.3819494462557074,1.13820751051286
823433.0,sensory_ascending,SAxx01,SAxx01_L,,abdomen,,,0.13899166092885507,0.4206776427183165,0.24688550084386154,3,187.93160804682273,212.3914275127422,0.4540176702860529,0.8817344825088905
834861.0,sensory_ascending,LgAG3,LgAG3_R,,leg bristle,,,0.06119905781136596,0.2791434407360569,0.025336589095792773,3,308.0363996058209,672.0705482699748,0.3698381888889624,2.650096656649094
841616.0,ascending_neuron,AN10B046,AN10B046_R,R,BA,T1,,0.048906452604574546,0.24953883354872908,0.028739491782060023,3,124.59460122097938,205.58327990754844,0.3496770344744951,0.9442366772090961
858698.0,sensory_ascending,LgAG4,LgAG4_R,,leg bristle,,,0.08102740948617826,0.3211966717842064,0.030354092988242855,3,34.528662072230844,13.598964701345327,0.3967195094449744,0.12131399043346401
901888.0,ascending_neuron,AN06B051,AN06B051(803318)_L,L,BA,T2,,0.1915766240732137,0.49388554708239646,0.15794505531696326,3,145.22682766446317,166.0457909518784,0.4919389373391521,0.6327464548750371
903455.0,ascending_neuron,dMS9,dMS9_R,R,BA,T2,sexually dimorphic,0.28812985274978065,0.605688304773784,0.25849830792270573,3,258.66063444493926,124.35343811906672,0.5447818548181961,0.7030595258937633
903466.0,ascending_neuron,ANXXX023,ANXXX023_R,R,BA,T1,,0.2533696698470608,0.5679791220509519,0.18740507654878744,3,196.84987431190584,151.61110537897733,0.5275507272338523,0.6605260152288969
905528.0,ascending_neuron,AN27X019,AN27X019_R,R,BA,T1,,0.002505629870855378,0.0564824489203746,0.0758288165939264,3,167.55067350620055,56.853431002842754,0.16636225524734735,1.3488883291188818
906020.0,ascending_neuron,ANXXX145,ANXXX145_L,L,BA,T1,,0.2483544481474527,0.5623297115502748,0.08719325043781354,3,205.20715143258585,165.25259842101144,0.5249205260414519,0.7057444536362878
907674.0,ascending_neuron,AN03B050,AN03B050_R,R,BA,T3,,0.06137039225002351,0.27953391616875095,0.7394042220629872,3,154.23204506296867,210.5677812730938,0.37009676967340305,0.985687680165339
908298.0,ascending_neuron,AN07B060,AN07B060_R,R,,T2,,0.08477463061370293,0.32853981811598226,0.15207969362537735,3,159.23513685348811,300.289642848371,0.40122875130881547,1.1452937462803474
908760.0,ascending_neuron,AN05B050_c,AN05B050_c_L,L,BA,T2,,0.16455712736353392,0.45773424814762564,0.5285594840082853,3,223.53188794975418,166.76697725543627,0.473592421383975,0.8241239673232597
909426.0,ascending_neuron,AN10B061,AN10B061_R,R,,T1,,0.03197033455249847,0.2017570177482161,0.1350055955162255,3,118.6647924829745,202.52760308959336,0.31442159387775176,1.0215341497742316
909558.0,descending_neuron,DNge061,DNge061_L,L,fl,LB,,0.17422009138594685,0.47098185723015,0.17584543565888186,3,274.8495701440714,197.5308487340008,0.4803968255960623,0.9833129481901892
909612.0,descending_neuron,DNg11,DNg11_R,R,xn,LB,,0.22081771627341412,0.5302394256724222,0.2940086456930379,3,168.4482178264816,215.6026671357229,0.5097227860116583,0.7534504940758534
909723.0,ascending_neuron,AN10B034,AN10B034_R,R,BI,T1,,0.06131046766634956,0.2793974086118245,0.09481217343115404,3,238.2863207537059,210.2276666272235,0.37000639213369546,1.2121790242447124
910030.0,ascending_neuron,AN09B029,AN09B029_R,R,BA,A4,,0.16614400000000001,0.4599359856767884,0.040418503801944686,3,241.26105771646135,246.9584315676536,0.47473006327978245,1.0284149394524071
910090.0,sensory_ascending,SApp,SApp_R,,haltere,,,0.08554930967429762,0.3300375192339655,0.36569180094377435,3,151.81259606313677,245.70945290085862,0.4021422440190076,0.9885110427374204
911586.0,ascending_neuron,AN10B034,AN10B034_L,L,BI,T1,,0.09644892542539332,0.3504319989653106,0.48457412716991816,3,231.76756768472677,215.49784504755468,0.41438108003744833,1.0793577078660572
912096.0,ascending_neuron,AN09B036,AN09B036_L,L,CA,A2,,0.5901552832515733,0.8668385340824923,0.34816183862831607,3,226.34542305861507,176.26176478085793,0.6517291474994971,0.6177523122667821
912864.0,sensory_ascending,SApp01,SApp01_L,,campaniform sensilla,,,0.1780784815582557,0.4761686306198284,0.039971489267106294,3,153.8314002535859,347.25869441224165,0.4830348113787617,1.037378844881861
913786.0,sensory_ascending,SApp21,SApp21_R,,campaniform sensilla,,,0.5531194922852046,0.83919819502985,0.19472236316753594,3,208.933753224513,275.21845656482776,0.6412543298603343,0.7550080946740578
914071.0,ascending_neuron,AN07B056,AN07B056_L,L,,T3,,0.09003265743277986,0.3385751611695836,0.19189758231413537,3,172.58939690667,415.40250318389025,0.40731048227745864,1.4435962875367936
915422.0,ascending_neuron,AN05B036,AN05B036_L,L,BA,T2,,0.12216151515716846,0.3943867035573979,0.20088838212023932,3,227.2033878405274,199.2941236311545,0.439601506757114,0.9701911956988075
922722.0,ascending_neuron,AN09B017g,AN09B017g_L,L,BA,A10,male-specific,0.5089874475220432,0.8050235685735411,0.13779604721787203,3,229.76698610139394,214.5087673722265,0.628061739481904,0.7073759242843052
923203.0,descending_neuron,DNpe005,DNpe005(WED123)_R,R,xn,,,0.3834971250053534,0.6987729995134757,0.2182004792538963,3,159.65030522876546,154.2816550277322,0.5851485023150987,0.5364996390052235
924571.0,descending_neuron,DNp64,DNp64(CL137)_L,L,xn,CG,,0.2831206176622445,0.6004001718332651,0.0723906054300873,3,175.62977088450776,154.75493594211437,0.5423984551953479,0.609118082218048
924718.0,descending_neuron,DNge095,DNge095_R,R,ut,LB,,0.17462156036514542,0.47152420512658894,0.43836461737910587,3,164.54132275902506,172.4505890784331,0.48067334075443435,0.7010830084908328
928257.0,ascending_neuron,AN08B031,AN08B031_R,R,BA,T1,sexually dimorphic,0.7129321674048243,0.9527504543444582,0.34888130575616216,3,198.98475638222592,158.51896107948278,0.6832625576078236,0.5232303650786426
928701.0,ascending_neuron,AN02A016,AN02A016_R,R,BA,T1,,0.18836348867095565,0.48965505456848524,0.024124560776462453,2,6.43096470134528,134.6855870519537,0.4898274969196378,0.2880943855555967
930768.0,ascending_neuron,AN10B020,AN10B020_L,L,BA,T1,,0.751473704893872,0.9781646271970376,0.3334502240057217,3,379.9970052684582,190.36326525659848,0.6923154391796765,0.8238445053325338
932684.0,ascending_neuron,ANXXX084,ANXXX084_R,R,BA,A3,potentially sexually dimorphic,0.11110400000000001,0.37611435279480565,0.11732009548736311,3,173.4809551702024,155.7707052605904,0.4292971382031969,0.7669551719092753
932790.0,ascending_neuron,ANXXX092,ANXXX092_R,R,BA,A1,,0.190592,0.4926147290836564,0.05926458339616031,3,228.60808737309034,146.15141370643695,0.49130562509602066,0.7627828421591638
934779.0,ascending_neuron,AN17A062,AN17A062_L,L,IA,T2,,0.13304666978642288,0.4115826542353244,0.11986705711563438,3,312.69233182131416,269.23927287164844,0.4490829551155431,1.295822070430705
935616.0,ascending_neuron,AN07B062,AN07B062_L,L,BA,T1,,0.3884394048653615,0.7032612679566325,0.3379696540501888,3,244.1539735054537,159.11274103874024,0.5870247194954824,0.6869671772779534
944267.0,ascending_neuron,AN10B045,AN10B045_L,L,BA,T1,,0.0739576896155153,0.30686455490284825,0.03094505382529922,3,229.48058456371137,266.5267243558041,0.3877674972227503,1.2791358545313753
946177.0,sensory_ascending,SApp13,SApp13_R,,campaniform sensilla,,,0.09217799750430121,0.34258527635754493,0.056941010455014575,3,237.92220553974514,280.408433911876,0.4097154932574517,1.2650989478836212
946718.0,descending_neuron,DNge106,DNge106_L,L,xl,MX,,0.34150694144059285,0.6594089343068672,0.14628280158309792,3,248.9817837393852,168.73632393328106,0.5684279882362979,0.7348654822025038
946890.0,ascending_neuron,AN10B047,AN10B047_L,L,,T1,,0.110592,0.37524672914144247,0.05407788765097568,3,218.37931533141514,214.7792163699179,0.42880169924955613,1.0101604831776594
953893.0,ascending_neuron,AN07B045,AN07B045_L,L,,T2,,0.06689375190411224,0.29184202956397287,0.17518686394754027,3,198.72774968457333,211.15966580145152,0.3781568384762421,1.0839085103885442
102109621.0,ascending_neuron,AN10B033,AN10B033_R,R,BA,T2,,0.05376144925728754,0.26163180841910516,0.6966834443440868,3,402.55601880813356,6.00681001347527,0.35804969784285745,1.141078546590258
118074272.0,sensory_ascending,SApp,SApp_R,,haltere,,,0.17559274099319733,0.47283360878958036,0.47446418163932574,3,185.83599049185446,321.0958641759846,0.4813402832787781,1.0531673169233564
129453660.0,ascending_neuron,AN19B098,AN19B098_R,R,BA,T3,,0.0351659939571044,0.21160041147432368,0.18295992033549696,3,151.87189360314147,251.46278186674866,0.32200031307813753,1.2525909419597854
129575132.0,sensory_ascending,SApp,SApp_L,,haltere,,,0.12389206257278942,0.3971703329133216,0.22183258168695655,3,136.95311545659283,334.17481233546147,0.44115015938739904,1.0679536610533784
140573562.0,sensory_ascending,SApp10,SApp10_L,,campaniform sensilla,,,0.12731087338721198,0.4026130132911376,0.059231374876455155,3,244.9463691931543,269.6569047693216,0.44416255640548696,1.1585922013036187
142338522.0,descending_neuron,DNpe039,DNpe039(CL306)_L,L,xn,CG,,0.569347166883414,0.8514195954750471,0.4313263271475886,3,215.74870754057346,150.30765766613902,0.6459068058031073,0.5667324789240539
160324150.0,ascending_neuron,AN07B070,AN07B070_R,R,,T1,,0.06944155545393561,0.29734783411329996,0.17665178699283718,3,127.99169333363604,153.63697880514272,0.38170726835563,0.7378132288442311
165036608.0,sensory_ascending,SApp,SApp_R,,haltere,,,0.04057430210087877,0.22729013602633494,0.3624789153588288,3,144.73044171131755,319.06522086869006,0.33372468690959034,1.3897553305837842
175249442.0,sensory_ascending,SApp,SApp_L,,haltere,,,0.1374200709684933,0.41829256340197846,0.4799641034068834,3,184.99513942930702,331.44884445612564,0.45272878864389593,1.1407359037899694
234536207.0,ascending_neuron,AN19B101,AN19B101_R,R,BA,T3,,0.06596535815186264,0.2898097696447957,0.4523615448962183,3,58.06447052017969,234.50329838563394,0.3768378791018093,0.7763756913268566
279432259.0,ascending_neuron,AN08B107,AN08B107_R,R,BA,T1,,0.06704551840156249,0.2921729031346651,0.2402548128802133,3,186.25758377430313,207.64308379800497,0.37837114389972426,1.0410430972947013
298793906.0,ascending_neuron,AN10B045,AN10B045_R,R,BA,T3,,0.03168492950899912,0.20085443789720894,0.09258418086847488,3,445.1424582998842,258.9820444900099,0.3137175075918339,2.2444539617661508
303754631.0,sensory_ascending,SApp,SApp_L,,haltere,,,0.07565398130847222,0.3103637232644976,0.1160980955297677,3,221.19425468103555,306.95502541101007,0.38997208156431384,1.3543258737226902
319464846.0,sensory_ascending,SApp,SApp_L,,haltere,,,0.04454400000000001,0.2381494956548997,0.26114201843869744,3,152.8322235088146,330.0941217229802,0.34160394153302864,1.4137024972971577
344330055.0,sensory_ascending,SApp01,SApp01_L,,campaniform sensilla,,,0.06833392213366551,0.2949668657789148,0.8644856833669567,3,4.389168828621234,342.4978487035247,0.38017596482637905,0.9124380540220745
379170143.0,ascending_neuron,AN10B045,AN10B045_R,R,BA,T1,,0.08017133971116665,0.3194954147944128,0.24785177550267182,3,250.399310555618,247.59295422055766,0.3956674781293785,1.2586130837201084
392026170.0,ascending_neuron,AN12B060,AN12B060_R,R,BA,T1,,0.056271681658468714,0.2676701894800964,0.047307295741423734,3,209.14536324253385,132.52739190077435,0.36215796670133765,0.9434357008776696
397041555.0,ascending_neuron,AN19B051,AN19B051_R,R,BA,A2,,0.04761495309764976,0.24622193485682323,0.41417785395574885,3,268.2566080396616,117.51802669644647,0.34734528653753655,1.110637310157996
404805873.0,ascending_neuron,AN19B098,AN19B098_L,L,BA,T3,,0.03941409096260351,0.22401691729281425,0.605630545548706,3,127.98905258927805,312.54828070753337,0.3313129781241281,1.3296712244449471
431600445.0,ascending_neuron,AN07B091,AN07B091_R,R,BA,T1,,0.04853344791781528,0.24858540812225255,0.34337508444956344,3,218.90579629633802,184.88795159039893,0.34900838095940295,1.1569743591163406
442398895.0,sensory_ascending,SApp,SApp_R,,haltere,,,0.05071354671988455,0.25410724731406464,0.19065800820598083,3,154.0468422372974,318.1927338058354,0.35286336050076333,1.338307200194879
442999519.0,ascending_neuron,AN12B055,AN12B055_R,R,BA,T1,,0.08059354902148264,0.32033559537569906,0.12246529482595296,3,204.67767694342677,132.62993338994897,0.3961873820985375,0.8513840308258038
455924920.0,ascending_neuron,AN10B037,AN10B037_R,R,BA,T2,,0.03212443818979899,0.2022426885097519,0.15769799320689096,3,191.3593332874101,267.9399896008422,0.31479980522512785,1.4590203528232368
565883073.0,sensory_ascending,SApp,SApp_R,,haltere,,,0.030687042986370264,0.19766627593303426,0.2573567908962045,3,156.23707541627923,5.544154687870055,0.3112177295836257,0.5198329488509358
581519998.0,sensory_ascending,SApp01,SApp01_L,,campaniform sensilla,,,0.09594196655324932,0.3495098078956517,0.42430594050951725,3,137.59309031329445,344.05134890026136,0.41383548164562856,1.1638548664273132
721595680.0,sensory_ascending,SApp01,SApp01_R,,campaniform sensilla,,,0.027800325101985816,0.18813950482645037,0.18133772653925095,3,127.7817299077611,348.2956692349327,0.3036253569202689,1.5679764166327859
759238041.0,sensory_ascending,SApp,SApp_L,,haltere,,,0.12241898667106042,0.39480209581004116,0.095901036488752,3,217.9734673645449,387.52853208522544,0.4398329534572417,1.3766635598590593
806836876.0,ascending_neuron,AN10B062,AN10B062_R,R,,T3,,0.046490725544469876,0.2432978220754313,0.13365824329290593,3,184.31593854563897,237.7510613689946,0.3452766033442772,1.2224025486423946
835497339.0,sensory_ascending,SApp,SApp_R,,haltere,,,0.029184,0.19276468264065125,0.24162009639700666,3,162.29532010721226,335.8593833774852,0.30733482473341533,1.6208859634335315
849794333.0,ascending_neuron,AN08B113,AN08B113_R,R,BA,T1,,0.03840213456490693,0.2211224012403098,0.052130082389705124,3,117.94071513903948,73.17812037462957,0.3291655762800111,0.5806161071687828
909527113.0,sensory_ascending,SAxx01,SAxx01_L,,abdomen,,,0.22028150437989324,0.5295952438893613,0.20774713091806793,3,298.68709549003296,162.7884769307546,0.5094130637368726,0.9058966196028961
952799814.0,ascending_neuron,AN10B046,AN10B046_R,R,BA,T2,,0.04427608641558105,0.23743223056364765,0.19063522810104672,3,228.78204743348076,191.95877252318743,0.34108912761357163,1.2335216396382354
954432908.0,ascending_neuron,AN04B004,AN04B004_L,L,II,T2,,0.03231104207400672,0.20282922989605567,0.16097259471507447,3,213.3170014239393,142.42648146249027,0.31525596370103337,1.1284274489531676
970740632.0,ascending_neuron,AN12B089,AN12B089_R,R,,T1,,0.07079712955392695,0.3002360821117247,0.11797624304777131,3,218.19663528019194,134.20058188729914,0.38355661933376284,0.9187619230235275
1020257299.0,sensory_ascending,SApp,SApp_R,,haltere,,,0.024285455126503035,0.17584425446671537,0.031637015068709966,3,132.28344749552625,363.27138766194815,0.29353651338239084,1.6882221208095967
1050379364.0,ascending_neuron,AN19B014,AN19B014_R,R,BA,T2,,0.5536513197513647,0.8396015449618048,0.3297004508225793,3,183.135573981124,124.67106326256646,0.6414084167137849,0.4798917962765723
1051967587.0,ascending_neuron,AN08B113,AN08B113_R,R,,T1,,0.04486586018474275,0.2390083416865891,0.050828990660607046,3,199.54858470130216,187.321116258163,0.3422193557156413,1.1304728809112858
1055278121.0,ascending_neuron,AN12B011,AN12B011_R,R,CA,T1,,0.26472314174915323,0.580565218112103,0.050404267174547636,3,246.07170379150284,142.100009646773,0.5333638128659747,0.7277803706863345
1059523511.0,sensory_ascending,,,,leg bristle,,,0.02396745265741293,0.17468917685416577,0.1284390320757304,3,189.07782494063235,333.70730319285286,0.29257084041055975,1.7868668230910147
