root_888,superclass,cell_type,malecns_cell_type,side,dimorphism,n_planes,neck_area_um2,neck_diameter_um
720575941351919408,ascending_neuron,AN08B018,AN08B018,right,isomorphic,3,0.3732941661954367,0.6894148926582382
720575941352057904,descending_neuron,DNpe054,auto:DNpe008,right,isomorphic,3,0.07547669941077378,0.3099998683804339
720575941352918576,descending_neuron,DNg70,DNg70,left,isomorphic,3,0.5892536520309717,0.8661761089094102
720575941352944432,ascending_neuron,AN17B007,auto:AN17B011,right,isomorphic,3,0.05013802250688536,0.2526612612779966
720575941352987696,sensory_ascending,SApp17,auto:SApp09,left,isomorphic,3,0.3741936632175009,0.6902450067894976
720575941353080624,descending_neuron,DNge036,DNge036,right,isomorphic,3,0.5931664407245955,0.8690471615167734
720575941353112112,ascending_neuron,AN07B046,auto:AN07B046_b,left,isomorphic,3,0.040103071761073424,0.2259664064226156
720575941353247536,ascending_neuron,AN10B046,auto:AN10B037,right,dimorphic,3,0.02151203690476271,0.1654991724297922
720575941353771056,descending_neuron,DNge100,DNge100,left,isomorphic,3,0.06224093045162539,0.28150952728481576
720575941353897264,ascending_neuron,AN05B097,AN05B097,right,isomorphic,3,0.17621852208114114,0.4736754066114214
720575941354281776,descending_neuron,DNc01,,right,isomorphic,12,0.09981441659804269,0.3426104004390721
720575941390285462,descending_neuron,DNg05_b,DNg05_b,right,isomorphic,3,0.09665765993015119,0.3508109960144235
720575941390308246,descending_neuron,DNge118,auto:DNge108,left,isomorphic,3,0.09272418191964275,0.34359874151880465
720575941390604438,ascending_neuron,AN07B072,auto:AN06A060,right,isomorphic,3,0.093379756944444,0.3448112515847243
720575941390619140,descending_neuron,DNg10,DNg10,right,isomorphic,3,0.03938830396825466,0.223943622843855
720575941390623382,descending_neuron,DNp20,DNp20,right,isomorphic,3,9.486416058415172,3.4754107762083133
720575941390722710,descending_neuron,DNge025,auto:DNge024,right,isomorphic,3,0.05858517559523804,0.2731171219515731
720575941391682052,ascending_neuron,AN10B047,AN10B047,left,dimorphic,3,0.052447429277318,0.25841466865404916
720575941391756548,descending_neuron,DNfl028,auto:DNge019,,isomorphic,3,0.12748207643578796,0.4028836320365918
720575941392278678,ascending_neuron,AN07B089,AN07B089,left,dimorphic,3,0.018806228093436385,0.15474118164170964
720575941392665750,sensory_ascending,SAxx02,auto:LgAG1,left,isomorphic,3,0.09664658130341583,0.35079089095780563
720575941392742148,ascending_neuron,AN08B079_b,AN08B079_b,left,dimorphic,3,0.033674398015873706,0.20706418135197044
720575941392812548,descending_neuron,DNp26,DNp26,right,isomorphic,3,2.037192976132112,1.6105386234015382
720575941393196950,descending_neuron,DNpe008,DNpe008,right,isomorphic,3,0.05748641219323012,0.27054384725838104
720575941393242628,descending_neuron,DNp30,DNp30,right,isomorphic,12,0.2110894803414138,0.5179908940731107
720575941393488790,ascending_neuron,AN07B046,auto:AN07B046_b,left,isomorphic,3,0.04974419588988221,0.2516669968987797
720575941393722006,ascending_neuron,AN08B081,AN08B081,right,dimorphic,3,0.1138951578351952,0.3808094259726556
720575941393745046,ascending_neuron,AN04A001,AN04A001,right,dimorphic,3,0.19248783730187108,0.4950587099862908
720575941393748630,ascending_neuron,AN01A006,AN01A006,right,isomorphic,3,0.10551686070526548,0.3665354548829564
720575941393864342,ascending_neuron,ANXXX041,ANXXX041,right,isomorphic,3,0.6307572744833577,0.89616131639431
720575941394119830,descending_neuron,DNp42,DNp42,right,isomorphic,3,0.4734950763805228,0.7764487462061344
720575941394131094,descending_neuron,DNg26,DNg26,left,isomorphic,3,0.26409956868584716,0.5798810348669121
720575941394278916,descending_neuron,DNbe004,DNbe004,left,isomorphic,3,0.5317588102719281,0.8228343366070362
720575941394289668,descending_neuron,DNpe055,DNpe055,left,isomorphic,3,0.4484514584613757,0.7556362423859656
720575941394658198,descending_neuron,DNge043,DNge043,right,isomorphic,3,0.5256496306172037,0.8180940632820012
720575941399010595,sensory_ascending,SApp19,auto:SApp10,right,isomorphic,3,0.2064250482411464,0.5126680548312829
720575941399042851,descending_neuron,DNge077,DNge077,left,isomorphic,3,0.088016212136245,0.3347621870368069
720575941399099427,descending_neuron,DNfl033,auto:DNge056,right,isomorphic,3,0.3753919257168866,0.6913492927580275
720575941399380515,descending_neuron,DNg12_e,DNg12_e,right,isomorphic,3,0.1429312957680133,0.4265979113311177
720575941399595555,ascending_neuron,AN06A062,AN06A062,left,isomorphic,3,0.061925684467664846,0.28079570918912367
720575941400285475,descending_neuron,DNge125,DNge125,right,isomorphic,3,0.4890143211131795,0.7890705745262077
720575941400290851,descending_neuron,DNg49,DNg49,right,isomorphic,3,0.5584000561491265,0.843194540584439
720575941400319779,ascending_neuron,AN08B022,AN08B022,right,dimorphic,3,0.09811640964904418,0.3534482886542213
720575941400480803,sensory_ascending,LgAG1,auto:LgAG1,left,dimorphic,3,0.02085189521728347,0.16294004287872066
720575941400910115,sensory_ascending,SAch01,auto:LgAG1,right,isomorphic,3,0.04222485719696901,0.23186711270461813
720575941401375011,ascending_neuron,AN10B051,auto:AN10B045,left,isomorphic,3,0.04193199973821722,0.23106163735359156
720575941401753635,descending_neuron,DNg06,DNg06,left,isomorphic,3,0.18058370562687012,0.4795063243993188
720575941401766435,descending_neuron,DNbe007,DNbe007,left,isomorphic,3,0.22690171759087507,0.5374944089058343
720575941401783587,ascending_neuron,ANXXX196,ANXXX196,left,isomorphic,3,0.07587192078546509,0.3108104404280331
720575941401786403,descending_neuron,DNpe004,DNpe004,right,isomorphic,3,0.1437452671756011,0.4278108910914923
720575941401813027,ascending_neuron,AN17B002,AN17B002,right,isomorphic,3,0.5393559487089291,0.8286913313075978
720575941401814307,descending_neuron,DNge050,DNge050,left,isomorphic,3,1.2167735590530337,1.2446863911742863
720575941401962787,descending_neuron,DNg104,DNg104,left,isomorphic,3,0.15358025204476508,0.4422040820636872
720575941402226211,sensory_ascending,SAxx02,auto:LgAG1,right,dimorphic,3,0.09393260709776202,0.34583046409612533
720575941402279971,ascending_neuron,AN08B089,AN08B089,right,dimorphic,3,0.08822069581650048,0.3351508295941103
720575941402551331,descending_neuron,DNb03,DNb03,left,isomorphic,3,0.17573840601907276,0.4730296904764091
720575941402821923,descending_neuron,DNp05,DNp05,left,isomorphic,3,0.8678661066592531,1.0511904901272202
720575941403220771,ascending_neuron,ANXXX046,auto:AN05B102d,right,dimorphic,3,0.34112342484126984,0.6590385680242075
720575941403931248,ascending_neuron,ANXXX092,ANXXX092,left,isomorphic,3,0.09829763290644547,0.3537745516149329
720575941403959920,ascending_neuron,AN08B100,AN08B100,right,isomorphic,3,0.02494864761904839,0.17822907937885774
720575941404711792,descending_neuron,DNpe016,DNpe016,left,isomorphic,3,0.2704014662754958,0.5867587577670509
720575941404748144,descending_neuron,DNge106,DNge106,left,isomorphic,3,0.19244272529240503,0.49500069488728576
720575941404754544,ascending_neuron,ANXXX169,ANXXX169,left,dimorphic,3,0.13613055315176556,0.41632535776661483
720575941404813680,descending_neuron,DNg36_b,DNg36_b,left,isomorphic,3,0.04948404803443223,0.2510080612072318
720575941404874352,descending_neuron,DNge173,DNge173,right,isomorphic,3,0.06646676606060442,0.2909091180403642
720575941404900464,ascending_neuron,AN08B099_a,AN08B099_a,right,dimorphic,3,0.07640042786919347,0.31189108034335244
720575941404923248,ascending_neuron,ANXXX043,auto:ANXXX027,right,isomorphic,3,0.21372567208917703,0.5216550368098064
720575941404981360,descending_neuron,DNp17,DNp17,left,isomorphic,3,0.0912215928490235,0.3408033734415008
720575941405005168,sensory_ascending,LgAG3,auto:LgAG1,,isomorphic,3,0.02760435194444457,0.18747520503376922
720575941405473327,descending_neuron,DNge015,auto:DNg110,left,isomorphic,3,0.05886125778218835,0.2737598967364149
720575941405745776,descending_neuron,DNg106,DNg106,left,isomorphic,3,0.1346612430029463,0.4140724812572582
720575941405855918,ascending_neuron,AN12B055,AN12B055,left,isomorphic,3,0.05330677528344761,0.26052311661961297
720575941405864110,sensory_ascending,SApp09,SApp09,left,isomorphic,3,0.16712257355178609,0.46128848832812297
720575941405864622,sensory_ascending,SApp17,auto:SApp06,left,dimorphic,3,0.4803988592145141,0.7820887576212686
720575941406194800,descending_neuron,DNg14,DNg14,left,isomorphic,3,0.49121082778264186,0.7908407239988046
720575941406270576,ascending_neuron,ANXXX433,auto:AN27X021,right,isomorphic,3,0.14767976082471493,0.4336262347218601
720575941407235502,ascending_neuron,AN08B098,AN08B098,left,dimorphic,3,0.08042532324451133,0.32000109679971395
720575941407397294,sensory_ascending,SAch01,auto:LgAG1,left,dimorphic,3,0.03449593125624307,0.20957476901553393
720575941407465902,sensory_ascending,SNxx27,SNxx27,right,isomorphic,3,0.060232739722220194,0.27693086881398976
720575941407499055,ascending_neuron,AN12B089,auto:AN12B080,right,dimorphic,3,0.029017973802741414,0.19221558665659597
720575941407841071,descending_neuron,DNp07,DNp07,left,isomorphic,3,0.7868706730193779,1.0009369897654117
720575941408363950,ascending_neuron,AN17A076,AN17A076,right,isomorphic,3,0.1567365636915486,0.44672496124347155
720575941408617519,ascending_neuron,ANXXX987,auto:ANXXX074,left,female-specific,3,0.07783323235705225,0.31480207961758977
720575941408634671,ascending_neuron,ANXXX318,auto:ANXXX071,right,dimorphic,3,0.032811826719577025,0.20439499826160937
720575941408639535,descending_neuron,DNge148,DNge148,right,isomorphic,3,0.2896432961053076,0.6072769536782322
720575941408800047,ascending_neuron,AN01B011,AN01B011,right,isomorphic,3,0.08555088023809697,0.330040548730072
720575941408820271,ascending_neuron,AN09B004,AN09B004,left,isomorphic,3,0.2742615020307585,0.590931967305903
720575941408856879,ascending_neuron,AN01B002,AN01B002,right,isomorphic,3,0.09164812607323276,0.34159920713800507
720575941409225902,descending_neuron,DNg102,DNg102,right,isomorphic,3,0.3935179529759793,0.7078436404265063
720575941409519022,descending_neuron,DNp02,DNp02,left,isomorphic,3,4.896359290960835,2.4968456649306057
720575941409588271,descending_neuron,DNpe026,DNpe026,right,isomorphic,3,0.26731871230329973,0.5834044528046074
720575941409701035,sensory_ascending,SApp10,SApp10,right,isomorphic,3,0.22419577789115297,0.5342798238504588
720575941409888303,ascending_neuron,AN05B102,auto:AN05B102b,left,dimorphic,3,0.12830139299232612,0.4041762081103198
720575941410113451,ascending_neuron,AN19B015,AN19B015,left,isomorphic,3,0.1301401441249499,0.4070621302177589
720575941411184043,ascending_neuron,AN05B071,auto:AN05B054_a,right,isomorphic,3,0.042834512592049796,0.23353499804452024
720575941411290539,ascending_neuron,AN04B003,AN04B003,left,isomorphic,3,0.16580405995285577,0.45946521719235256
720575941411344043,ascending_neuron,AN18B032,auto:AN18B053,right,dimorphic,3,0.4874271658822177,0.7877890217434015
720575941411405995,ascending_neuron,AN17A004,AN17A004,right,isomorphic,3,0.15447616018759047,0.44349200203575684
720575941411441323,descending_neuron,DNae009,DNae009,right,isomorphic,3,0.732242638877221,0.9655673379727108
720575941411472555,descending_neuron,DNb09,DNb09,right,isomorphic,3,0.9147254633318356,1.0791962900651055
720575941411527057,ascending_neuron,AN07B082,auto:AN07B110,right,isomorphic,3,0.04640962310606034,0.2430855145723224
720575941411590804,sensory_ascending,SApp06,auto:SApp06,left,isomorphic,3,0.0688792861020935,0.29614157235739896
720575941411719279,ascending_neuron,ANXXX169,ANXXX169,right,dimorphic,3,0.121714209285716,0.39366399939382996
720575941411740817,ascending_neuron,AN17B008,AN17B008,left,isomorphic,3,0.13706237155749304,0.417747808566585
720575941412047787,ascending_neuron,AN19B014,AN19B014,right,isomorphic,3,0.13506612045402858,0.41469449684801946
720575941412103535,ascending_neuron,AN12B089,AN12B089,left,dimorphic,3,0.034917563433707166,0.21085166010632803
720575941412619631,descending_neuron,DNpe027_ab,,right,isomorphic,3,0.31477883970341286,0.6330788786211684
720575941412623215,descending_neuron,DNg12_e,auto:DNge019,left,isomorphic,3,0.09001793892856824,0.3385474849698457
720575941412626799,ascending_neuron,ANXXX214,ANXXX214,left,dimorphic,3,0.19509980150284362,0.4984062423800501
720575941412778897,sensory_ascending,SAabg01,SAxx01,left,isomorphic,3,0.09500130490269015,0.3477922054956775
720575941412795759,ascending_neuron,AN08B048,AN08B048,left,dimorphic,3,0.23140946409692006,0.54280722242263
720575941413167215,ascending_neuron,AN07B049,AN07B049,left,isomorphic,3,0.14170366893106962,0.42476195088201735
720575941413189999,descending_neuron,DNp38,DNp38,right,isomorphic,3,0.35643672202611093,0.6736685607028275
720575941413382289,ascending_neuron,AN19B104,auto:AN19B106,left,dimorphic,3,0.03564649017857027,0.21304112496503877
720575941413514607,descending_neuron,DNge099,DNge099,right,isomorphic,3,0.32104670275037367,0.6393507313271886
720575941413523604,ascending_neuron,AN02A046,AN02A046,right,isomorphic,3,0.1620501995739879,0.45423421527866725
720575941413558639,descending_neuron,DNge091,auto:DNge111,right,isomorphic,3,0.056145750312501436,0.2673705099047078
720575941413566748,ascending_neuron,AN19B059,AN19B059,right,isomorphic,3,0.061909370261220974,0.2807587191989549
720575941413642268,descending_neuron,DNg78,DNg78,left,isomorphic,3,0.40445887282618737,0.7176162143522901
720575941413706641,sensory_ascending,SApp23,SApp23,left,isomorphic,3,0.07835071507213406,0.31584684387867235
720575941414315409,sensory_ascending,SApp08,auto:SApp06,left,isomorphic,3,0.028723658030302645,0.19123832584926861
720575941414341521,descending_neuron,DNpe055,DNpe055,right,isomorphic,3,0.3438658451306163,0.6616823951897752
720575941414353436,descending_neuron,DNg10,DNg10,left,isomorphic,3,0.029234597222221978,0.1929317113844631
720575941414491028,descending_neuron,DNge102,auto:DNge182,right,isomorphic,3,0.11409119113086073,0.3811370045715183
720575941414908561,ascending_neuron,AN06B031,AN06B031,right,isomorphic,3,0.1151946408611622,0.3829756808023151
720575941414947220,descending_neuron,DNpe031,DNpe031,left,isomorphic,3,0.2996243220362635,0.6176516294652139
720575941415224348,descending_neuron,DNge116,auto:DNge115,left,dimorphic,3,0.04873790174602865,0.2491084579665263
720575941415395473,ascending_neuron,AN05B078,auto:ANXXX102,right,isomorphic,3,0.05975433533950713,0.2758289011753959
720575941415445908,ascending_neuron,ANXXX094,ANXXX094,left,isomorphic,3,0.18561430279356245,0.48613935284567333
720575941415497617,ascending_neuron,AN11B008,AN11B008,left,isomorphic,3,0.26335568615740756,0.5790637909129477
720575941415598737,descending_neuron,DNb08,DNb08,right,isomorphic,3,0.33302059588764954,0.6511643355524191
720575941415605276,ascending_neuron,AN10B037,AN10B037,right,isomorphic,3,0.02753821689815556,0.1872504919785947
720575941415707420,descending_neuron,DNg24,DNg24,left,isomorphic,3,0.3586578270531485,0.6757642550718805
720575941415777937,descending_neuron,DNge091,DNge091,left,isomorphic,3,0.18322846467529438,0.4830048932937374
720575941415987228,sensory_ascending,SApp01,auto:SApp06,left,isomorphic,3,0.046634235454547646,0.24367304471200876
720575941416654620,ascending_neuron,AN17A018,AN17A018,right,isomorphic,3,0.12904349569805293,0.4053434120762577
720575941416656668,sensory_ascending,SApp08,SApp08,left,isomorphic,3,0.08092717739729838,0.3209979478221597
720575941416724764,ascending_neuron,AN05B097,AN05B097,left,isomorphic,3,0.23500113198395237,0.5470034134258172
720575941416742172,ascending_neuron,AN19A018_c,auto:AN19A018,right,isomorphic,3,0.11663225556958616,0.3853580153349026
720575941416780828,ascending_neuron,AN10B029,AN10B029,right,isomorphic,3,0.06609517027778065,0.2900947853955229
720575941417243164,descending_neuron,DNpe046,R7y,right,female-specific,3,0.14307660363023542,0.4268147017950697
720575941424975956,ascending_neuron,AN06B999,auto:AN06B057,right,female-specific,3,0.0831670402125863,0.32540984068900614
720575941425381716,descending_neuron,DNge085,auto:DNge116,right,isomorphic,3,0.057547106642017495,0.2706866303711881
720575941425384532,ascending_neuron,AN19B060,AN19B060,right,isomorphic,3,0.06847037357864173,0.2952612187252439
720575941426612564,descending_neuron,DNg02_a,auto:DNg92_b,right,dimorphic,3,0.0565024894097207,0.2682185748460314
720575941427920632,sensory_ascending,SApp23,SApp23,right,isomorphic,3,0.086689398500883,0.3322293940647476
720575941427934548,descending_neuron,DNpe020,DNpe020,left,isomorphic,12,0.1290853169891738,0.40490368102003227
720575941427950676,ascending_neuron,AN07B036,AN07B036,right,isomorphic,3,0.1404217052601774,0.4228362189742069
720575941428164233,descending_neuron,DNge174,DNge174,right,isomorphic,3,0.06715157878151119,0.29240390831180546
720575941428193199,sensory_ascending,SApp07,auto:SApp01,left,isomorphic,3,0.24982891099824628,0.5639964972418611
720575941428247800,ascending_neuron,AN12B089,auto:AN12B080,left,dimorphic,3,0.04432929829545437,0.2375748631066291
720575941428274313,ascending_neuron,AN06A112,AN06A112,right,isomorphic,3,0.04347608541666496,0.23527743453799715
720575941428310100,sensory_descending,LN-DN2,LN-DN2,right,dimorphic,3,0.11026839463203353,0.3746973186185987
720575941428311380,sensory_ascending,SApp09,auto:SApp08,,isomorphic,3,0.031606266203703784,0.2006049550534138
720575941428365193,descending_neuron,DNg12_b,auto:DNg12_g,right,isomorphic,3,0.10757816962632173,0.3700983379028606
720575941428495535,sensory_ascending,SApp10,SApp10,right,isomorphic,3,0.24169088909372574,0.5547345289382409
720575941428550537,sensory_ascending,SApp13,SApp13,right,isomorphic,3,0.07429564098422813,0.3075648681214513
720575941428563540,descending_neuron,DNpe043,DNpe043,right,isomorphic,3,0.2724660360262721,0.588994509028637
720575941428568404,ascending_neuron,AN01A055,auto:AN01A089,left,isomorphic,12,0.2402287091869174,0.5527599461397452
720575941429113775,descending_neuron,DNg10,DNg10,right,isomorphic,3,0.05460850939153178,0.26368487563062804
720575941429194633,ascending_neuron,AN07B072,auto:AN07B049,right,isomorphic,3,0.16942291161949277,0.4644523127922916
720575941429327063,ascending_neuron,AN16B112,auto:AN16B078_a,right,dimorphic,3,0.06600468030072629,0.28989613501474404
720575941429383521,descending_neuron,DNg12_a,auto:DNg12_g,left,isomorphic,3,0.10365284196428577,0.36328349441326535
720575941429542615,sensory_ascending,SApp22,auto:SApp09,right,dimorphic,3,0.2576986792010317,0.5728107444739269
720575941429552815,ascending_neuron,AN05B076,AN05B076,left,isomorphic,3,0.08363944491805632,0.32633272708903677
720575941429866593,descending_neuron,DNge095,auto:DNge108,left,isomorphic,3,0.07472671342623467,0.3084558421919968
720575941430003960,ascending_neuron,AN10B020,AN10B020,right,isomorphic,3,0.19972990978396293,0.5042856525852466
720575941430035119,sensory_ascending,SApp17,auto:SApp08,left,isomorphic,3,0.0888379617424243,0.3363212838405029
720575941430069641,descending_neuron,DNge088,DNge088,left,isomorphic,3,0.3115209336324764,0.6297942296605195
720575941430071310,ascending_neuron,AN07B071,auto:AN07B069_b,right,isomorphic,3,0.06410860122654896,0.2857019535097709
720575941430081550,ascending_neuron,AN08B097,AN08B097,left,dimorphic,3,0.052311564607820556,0.2580797409825992
720575941430097071,ascending_neuron,AN07B045,AN07B045,left,isomorphic,3,0.0161115387182819,0.14322656255963206
720575941430108809,ascending_neuron,AN08B079,auto:AN08B079_b,left,isomorphic,3,0.04542672823866971,0.24049762323443402
720575941430120289,descending_neuron,DNge023,DNge023,right,isomorphic,3,0.4696950223894587,0.7733267591849686
720575941430133006,ascending_neuron,AN08B111,AN08B111,left,dimorphic,3,0.047455572138278564,0.245809501574875
720575941430250377,descending_neuron,DNg91,DNg91,left,isomorphic,3,0.5977426381842055,0.8723930103516723
720575941430266505,sensory_ascending,SApp07,auto:SApp08,left,isomorphic,3,0.05723422269177158,0.2699497650366493
720575941430452750,ascending_neuron,ANXXX169,ANXXX169,right,dimorphic,3,0.05891731319694911,0.2738902207671944
720575941430513289,descending_neuron,DNg36_b,DNg36_b,left,isomorphic,3,0.06550639041732122,0.288799803864535
720575941430610095,descending_neuron,DNge109,DNge109,left,isomorphic,3,0.03495379814814721,0.2109610344137318
720575941430630392,descending_neuron,DNge091,DNge091,left,isomorphic,3,0.09556190095474007,0.348816844870829
720575941430975329,descending_neuron,DNpe015,DNpe015,right,isomorphic,3,0.050007391468253226,0.2523319011667605
720575941431071113,ascending_neuron,AN04B001,AN04B001,right,isomorphic,3,0.21142733520850668,0.5188426004343203
720575941431097737,descending_neuron,DNge049,DNge049,left,dimorphic,3,0.7496117929796045,0.9769520858371001
720575941431101615,ascending_neuron,AN10B061,AN10B061,right,isomorphic,3,0.014003900974026245,0.1335302231732033
720575941431111087,ascending_neuron,ANXXX026,ANXXX026,left,isomorphic,3,0.17403568294442184,0.4707325288524565
720575941431184559,descending_neuron,DNge136,DNge136,right,isomorphic,3,0.258128148284947,0.5732878561470289
720575941431211951,descending_neuron,DNg29,DNg29,right,isomorphic,3,1.0687926549317872,1.1665457870918032
720575941431229615,ascending_neuron,AN19A018_d,auto:AN19A018,right,isomorphic,3,0.44044435259879045,0.7488599114547776
720575941431332088,ascending_neuron,AN05B071,auto:AN05B067,left,isomorphic,3,0.06353808970458459,0.2844278615199418
720575941431407575,ascending_neuron,AN08B098,AN08B098,right,dimorphic,3,0.05087257575757672,0.25450535396545604
720575941431469304,descending_neuron,DNp46,DNp46,left,isomorphic,3,0.08441883027778091,0.3278496500378744
720575941431577007,descending_neuron,DNg02_a,auto:DNge015,right,dimorphic,3,0.1545377776948511,0.44358044334322944
720575941431727497,sensory_ascending,SApp09,SApp09,right,isomorphic,3,0.21575514388426217,0.5241259211043349
720575941431747086,descending_neuron,DNg73,DNg73,left,isomorphic,12,0.2787627460897639,0.5931606109376135
720575941431795927,ascending_neuron,AN08B057,AN08B057,left,isomorphic,3,0.05903152061587402,0.27415555152865284
720575941431800078,ascending_neuron,ANXXX148,auto:ANXXX007,left,isomorphic,3,0.07322467305462824,0.30534005532104036
720575941431816184,ascending_neuron,AN10B033,AN10B033,right,dimorphic,3,0.016284745056080824,0.14399437968661327
720575941431875832,descending_neuron,DNpe007,DNpe007,right,isomorphic,3,0.3033651588717735,0.6214953875696965
720575941432046945,descending_neuron,DNge121,DNge121,right,isomorphic,3,0.3067814185865505,0.6249849868071607
720575941432054191,sensory_ascending,SApp19,auto:SApp10,right,isomorphic,3,0.11422484980158863,0.3813601916283569
720575941432109582,ascending_neuron,AN19B018,AN19B018,left,isomorphic,3,0.12308303182529216,0.39587142282041343
720575941432123640,descending_neuron,DNa01,DNa01,right,isomorphic,3,0.5192821289062856,0.8131239397519575
720575941432162145,ascending_neuron,ANXXX154,ANXXX154,right,isomorphic,12,0.06746188198299898,0.2912610386487072
720575941432245463,ascending_neuron,AN19B059,AN19B059,right,isomorphic,3,0.05517687554112269,0.2650535415607341
720575941432255959,descending_neuron,DNge052,DNge052,right,isomorphic,3,0.15237223950892717,0.44046153164904606
720575941432269271,descending_neuron,DNg101,DNg101,right,dimorphic,3,0.39262380000000285,0.7070390005962848
720575941432274647,ascending_neuron,AN17A015,AN17A015,right,isomorphic,3,0.08886665750642404,0.3363755974288488
720575941432295639,descending_neuron,DNg02_b,DNg02_b,right,isomorphic,3,0.129283150254287,0.40571963148422585
720575941432405167,descending_neuron,DNp102,DNp102,left,isomorphic,3,1.1983762530445354,1.235240881305284
720575941432468183,ascending_neuron,AN10B029,AN10B029,right,isomorphic,3,0.06747090836193784,0.2930983259004077
720575941432771982,ascending_neuron,AN16B078,auto:AN16B078_d,left,dimorphic,3,0.08142629277944137,0.3219862977643117
720575941432832097,ascending_neuron,AN07B062,AN07B062,left,isomorphic,3,0.04513281580638221,0.23971834691974256
720575941432905943,descending_neuron,DNg110,DNg110,left,isomorphic,3,0.09669638817460095,0.3508812694587209
720575941432966432,ascending_neuron,AN14A003,AN14A003,right,isomorphic,3,0.09619467209026404,0.3499697994086862
720575941433030414,descending_neuron,DNge025,DNge025,right,isomorphic,3,0.13004263981601702,0.40690961098935013
720575941433031182,descending_neuron,DNge102,auto:DNge182,right,isomorphic,3,0.11408808650793426,0.38113181883053016
720575941433044750,sensory_ascending,SApp12,auto:SApp09,left,isomorphic,3,0.09285924357614654,0.3438488927062939
720575941433051406,ascending_neuron,AN07B015,AN07B015,right,isomorphic,3,0.14407158297903067,0.42829620208623753
720575941433061646,ascending_neuron,AN08B032,AN08B032,right,isomorphic,3,0.2058615399508112,0.5119678245802664
720575941433063694,sensory_ascending,SApp09,SApp09,left,isomorphic,3,0.3414663397470965,0.6593697346420865
720575941433073166,sensory_ascending,SApp07,auto:SApp06,left,isomorphic,3,0.28713369555338164,0.6046403689835078
720575941433116046,descending_neuron,DNg02_b,auto:DNg02_g,right,isomorphic,3,0.17503700526036314,0.4720847772270475
720575941433155799,descending_neuron,DNp09,DNp09,right,isomorphic,3,0.5207658570398344,0.8142847675911761
720575941433210977,ascending_neuron,ANXXX027,ANXXX027,right,isomorphic,3,0.3660412424732918,0.6826845427582108
720575941433235744,descending_neuron,DNg12_e,auto:DNg12_g,right,isomorphic,3,0.15526910173611164,0.4446287894479219
720575941433327374,ascending_neuron,AN08B026,AN08B026,right,isomorphic,3,0.2526235870104679,0.5671422580927751
720575941433415200,descending_neuron,DNp60,DNp60,left,isomorphic,3,0.1717946726716958,0.46769196146655784
720575941433591511,ascending_neuron,AN05B060,auto:AN05B068,right,isomorphic,3,0.027368612698412568,0.1866729760092762
720575941433654048,descending_neuron,DNge175,DNge175,right,dimorphic,3,0.2568200893533546,0.5718334492202332
720575941434014734,descending_neuron,DNge001,DNge001,left,isomorphic,3,0.09425449301947883,0.3464224989537556
720575941434224526,descending_neuron,DNge110,auto:DNge183,right,isomorphic,3,0.11628167007189315,0.38477840462190915
720575941434410126,sensory_ascending,SApp11,SApp11,right,isomorphic,3,0.09405201871492774,0.34605021238256395
720575941434500110,ascending_neuron,ANXXX380,ANXXX380,left,isomorphic,3,0.04302581666666675,0.23405591473945997
720575941434703392,sensory_ascending,SApp15,auto:SApp06,right,isomorphic,3,0.06311064236877738,0.28346951433543216
720575941434720910,sensory_ascending,SApp11,SApp11,left,isomorphic,3,0.10995758784108155,0.3741688777583664
720575941434859296,ascending_neuron,AN07B072,auto:AN07B072_b,right,isomorphic,3,0.057434046293292025,0.2704205963952624
720575941434874912,descending_neuron,DNg03,auto:DNg110,left,dimorphic,3,0.10586331125610396,0.3671366969234738
720575941434954126,ascending_neuron,AN10B031,auto:AN10B045,right,isomorphic,3,0.08095738361140901,0.3210578487630233
720575941435317134,ascending_neuron,AN05B054,auto:AN05B054_b,left,isomorphic,3,0.035539983333333705,0.21272261797756503
720575941435340430,ascending_neuron,AN08B025,AN08B025,right,isomorphic,3,0.19130052704825687,0.4935295289711845
720575941435418656,sensory_ascending,SApp08,auto:SApp06,left,isomorphic,3,0.1340435489550247,0.413121709967149
720575941435430542,descending_neuron,DNg42,DNg42,right,isomorphic,3,0.2624684105867295,0.5780875016836199
720575941435430700,ascending_neuron,AN07B082,auto:AN07B110,right,isomorphic,3,0.011031527777778872,0.11851488263299455
720575941435493164,sensory_ascending,LgAG2,auto:LgAG8,right,isomorphic,3,0.05234328512856494,0.2581579759121086
720575941435787052,sensory_ascending,SAch01,auto:LgAG1,left,dimorphic,3,0.03303968518518537,0.20510347077360375
720575941435949198,descending_neuron,DNge153,DNge153,right,isomorphic,3,0.17158945083604607,0.4674125311369432
720575941435983136,ascending_neuron,AN09B012,AN09B012,right,dimorphic,3,0.45034815718565846,0.7572325155640025
720575941435997984,descending_neuron,DNge034,DNge034,left,isomorphic,3,0.08171199665889979,0.3225506865988332
720575941435998094,ascending_neuron,AN27X017,auto:AN27X024,left,isomorphic,27,0.061939290587068464,0.2808265552762025
720575941436005650,sensory_ascending,SApp14,auto:SApp14,left,isomorphic,3,0.04453269816176523,0.2381192817335765
720575941436012832,ascending_neuron,ANXXX986,,right,female-specific,3,0.11808122317821107,0.3877443524297893
720575941436027168,ascending_neuron,AN19B060,AN19B060,right,isomorphic,3,0.10032810051053277,0.35740971589783954
720575941436032544,sensory_ascending,SApp06,SApp06,left,isomorphic,3,0.28315321797438514,0.6004347377892142
720575941436034702,ascending_neuron,ANXXX202_b,auto:ANXXX202,right,isomorphic,3,0.08287204613095145,0.32483221251446726
720575941436052000,ascending_neuron,ANXXX086,ANXXX086,right,isomorphic,3,0.17300387757408983,0.4693350384531843
720575941436052768,descending_neuron,DNg05_b,auto:DNg05_c,right,isomorphic,3,0.19812837039605463,0.5022597695637112
720575941436095788,descending_neuron,DNge016,auto:DNg06,left,isomorphic,3,0.4542742844155871,0.7605261225455664
720575941436244110,ascending_neuron,AN17A003,AN17A003,left,isomorphic,3,0.3213016381988565,0.6396045274565949
720575941436259602,descending_neuron,DNge017,DNge017,left,isomorphic,3,0.18491371333333453,0.48522103435426545
720575941436313888,descending_neuron,DNge105,DNge105,left,isomorphic,3,0.10221702212301514,0.3607585823124543
720575941436435232,ascending_neuron,AN09A005,AN09A005,,dimorphic,3,0.00807878452381122,0.10142104283190385
720575941436503359,ascending_neuron,AN12B089,AN12B089,right,dimorphic,3,0.03367237849584011,0.20705797223529826
720575941436518367,ascending_neuron,AN08B101,AN08B101,left,dimorphic,3,0.05013717727272679,0.25265913156866665
720575941436526815,ascending_neuron,AN08B049,AN08B049,left,isomorphic,3,0.06895685799062017,0.2963082828311495
720575941436586784,descending_neuron,DNg03,DNg03,right,isomorphic,3,0.10239942173777937,0.3610803139393702
720575941436671711,ascending_neuron,AN05B068,AN05B068,left,isomorphic,3,0.025123817857144886,0.1788536787724544
720575941436684576,ascending_neuron,AN12B006,AN12B006,left,isomorphic,3,0.21119373113206635,0.5185558890587518
720575941436757804,sensory_ascending,SAch02,auto:LgAG6,right,isomorphic,3,0.049978949571261914,0.25226013358922805
720575941436764448,descending_neuron,DNp64,DNp64,left,isomorphic,3,0.10686802413579922,0.36887476790560153
720575941436850143,ascending_neuron,AN08B010,AN08B010,left,isomorphic,3,0.4621020731764067,0.767050606721814
720575941437150252,ascending_neuron,AN10B039,AN10B039,right,dimorphic,3,0.008594667175960006,0.10460913020510955
720575941437152300,sensory_ascending,SApp08,auto:SApp09,left,isomorphic,3,0.15275562817842264,0.4410153132008328
720575941437188575,sensory_ascending,SApp19,auto:SApp10,right,isomorphic,3,0.07907902982031503,0.3173114368038383
720575941437220370,ascending_neuron,AN08B113,AN08B113,left,isomorphic,3,0.032330406805555996,0.2028900008433356
720575941437249836,ascending_neuron,AN07B072,auto:AN07B072_d,right,isomorphic,3,0.05802342797618943,0.2718045676959402
720575941437379090,ascending_neuron,AN05B105,AN05B105,right,isomorphic,3,0.11950042179487248,0.3900675103642488
720575941437461010,ascending_neuron,AN10B037,auto:AN10B046,right,dimorphic,3,0.019935352693602904,0.15931879797355322
720575941437893461,sensory_ascending,SApp11,SApp11,left,isomorphic,3,0.2010543209591234,0.5059548518247765
720575941437933074,ascending_neuron,ANXXX120,ANXXX120,left,isomorphic,3,0.1781278420023136,0.4762346191276762
720575941438049621,descending_neuron,DNge019,auto:DNge177,left,isomorphic,3,0.09727111091269428,0.35192247011857936
720575941438206431,sensory_ascending,SApp08,SApp08,right,isomorphic,3,0.13832946185291478,0.4196743273456994
720575941438213951,descending_neuron,DNge118,auto:DNge093,right,isomorphic,3,0.08876875876984153,0.33619026458661544
720575941438410514,descending_neuron,DNb07,DNb07,left,isomorphic,3,0.29812522751105297,0.6161045600790825
720575941438445330,descending_neuron,DNpe032,DNpe032,right,isomorphic,3,0.252437804560839,0.5669336780902918
720575941438449452,sensory_ascending,SApp09,SApp09,left,isomorphic,3,0.15463905532880273,0.44372577162603527
720575941438449708,sensory_ascending,SApp08,SApp08,left,isomorphic,3,0.13491565811287634,0.4144634496711182
720575941438459692,ascending_neuron,AN17A024,AN17A024,right,isomorphic,3,0.10112655732237456,0.35882911226066166
720575941438462482,ascending_neuron,AN08B025,AN08B025,left,isomorphic,3,0.18605645949073316,0.48671803107858796
720575941438463276,ascending_neuron,AN09B009,AN09B009,left,isomorphic,3,0.1760906193000056,0.47350347406293863
720575941438465298,descending_neuron,DNb04,DNb04,left,isomorphic,3,0.17148099157579488,0.46726478536767496
720575941438468626,ascending_neuron,AN08B023,AN08B023,left,isomorphic,3,0.05269160778075987,0.25901551826510016
720575941438471212,ascending_neuron,AN09B040,AN09B040,right,isomorphic,3,0.03628405178600221,0.21386368621076668
720575941438547167,ascending_neuron,AN10B033,auto:AN10B053,left,isomorphic,3,0.026504157638887554,0.18370122918948087
720575941438585644,ascending_neuron,AN07B072,auto:AN07B072_e,right,isomorphic,3,0.0947794783670049,0.3473859235579955
720575941438619410,ascending_neuron,AN08B022,AN08B022,right,isomorphic,3,0.14319477823787413,0.4269909299411914
720575941438634002,ascending_neuron,ANXXX055,ANXXX055,right,isomorphic,3,0.19503614711849945,0.4983249293022159
720575941438646290,descending_neuron,DNg38,DNg38,left,isomorphic,3,0.2635954867838018,0.5793273665095163
720575941438669653,ascending_neuron,AN12B055,auto:AN12B080,right,isomorphic,3,0.028449740707773695,0.19032428879835386
720575941438690834,descending_neuron,DNp51,auto:DNp51,right,isomorphic,3,0.15499997925824224,0.4442432926052165
720575941438712923,ascending_neuron,AN10B022,AN10B022,left,isomorphic,3,0.1382746411148019,0.41959115946529235
720575941438719967,descending_neuron,DNg11,DNg11,,isomorphic,3,0.0648376276255643,0.2873218256236054
720575941438773548,descending_neuron,DNae003,DNae003,left,isomorphic,3,1.0742000678544519,1.1694930548530347
720575941438841311,ascending_neuron,AN10B046,AN10B046,left,isomorphic,3,0.04288052314814778,0.23366038982068246
720575941438848479,descending_neuron,DNpe054,auto:DNpe008,right,isomorphic,3,0.04060689494949625,0.2273814074162731
720575941438900821,ascending_neuron,AN08B113,AN08B113,right,isomorphic,3,0.022209039786830954,0.1681589358529298
720575941438942738,ascending_neuron,ANXXX024,ANXXX024,left,isomorphic,3,0.08929777142857348,0.33719053047139613
720575941438959707,ascending_neuron,AN07B071,auto:AN07B071_c,left,isomorphic,3,0.025172791386708006,0.17902791247435504
720575941439029951,descending_neuron,DNg02_b,auto:DNg02_g,left,isomorphic,3,0.14854682734399793,0.43489733825274757
720575941439093333,ascending_neuron,AN05B050,auto:AN05B050_a,right,isomorphic,3,0.010194203409090656,0.11392832355269795
720575941439143954,descending_neuron,DNge090,DNge090,right,isomorphic,3,0.09996387922573234,0.356760373465625
720575941439151378,ascending_neuron,AN27X017,auto:AN27X018,right,isomorphic,3,0.3773442804004351,0.6931447610603918
720575941439161567,ascending_neuron,AN08B034,AN08B034,right,isomorphic,3,0.33923633990202035,0.6572131488143487
720575941439209679,ascending_neuron,ANXXX976,,left,female-specific,3,0.04065565441919194,0.22751788264574294
720575941439285036,descending_neuron,DNg08_b,auto:DNg08,right,isomorphic,3,0.1532131121734274,0.4416752123349828
720575941439395903,ascending_neuron,AN08B010,AN08B010,right,isomorphic,3,0.10789881156565867,0.3706494755362867
720575941439437586,descending_neuron,DNb05,DNb05,left,dimorphic,3,0.6683255312084265,0.9224632757409384
720575941439454783,descending_neuron,DNg08_a,auto:DNg08,left,isomorphic,3,0.06706792554012865,0.29222172229498133
720575941439489599,ascending_neuron,AN06B057,AN06B057,left,isomorphic,3,0.2571772063390614,0.5722308879424524
720575941439550271,ascending_neuron,AN07B040,AN07B040,left,isomorphic,3,0.11149411085939234,0.37677408476601
720575941439563583,descending_neuron,DNge053,DNge053,right,isomorphic,3,0.4238078787989635,0.7345807992706911
720575941439567327,descending_neuron,DNge025,DNge025,right,isomorphic,3,0.1208321634407274,0.3922349917697764
720575941439569119,ascending_neuron,ANXXX027,ANXXX027,left,isomorphic,3,0.1515023954545978,0.43920250570198105
720575941439599148,ascending_neuron,AN27X013,,left,isomorphic,3,0.7687810926582084,0.9893646892916373
720575941439600684,ascending_neuron,AN10B020,AN10B020,right,isomorphic,3,0.2684483167841502,0.5846357948733315
720575941439620415,descending_neuron,DNpe049,DNpe049,left,isomorphic,3,0.13830649787729968,0.4196394909814945
720575941439622111,descending_neuron,DNg08_a,auto:DNg106,right,isomorphic,3,0.07266833864796063,0.3041779124407129
720575941439633983,descending_neuron,DNp65,DNp65,right,isomorphic,3,0.2898840677720751,0.6075293066808333
720575941439740895,descending_neuron,DNg11,DNg11,left,isomorphic,3,0.11648806972502691,0.38511974353929346
720575941439802130,descending_neuron,DNpe006,DNpe006,right,isomorphic,3,0.3370494066918775,0.6550913166342711
720575941439919295,descending_neuron,DNg12_e,auto:DNg12_g,right,isomorphic,3,0.07104583998253444,0.3007629846817746
720575941439941164,ascending_neuron,AN09B036,AN09B036,right,isomorphic,3,0.1522307288578408,0.4402569521377933
720575941440001343,ascending_neuron,AN06B002,AN06B002,left,isomorphic,3,0.2380789832031048,0.5505738607893873
720575941440240335,ascending_neuron,AN02A009,AN02A009,right,isomorphic,3,0.23807589465187273,0.5505702895352845
720575941440280767,descending_neuron,DNa15,DNa15,right,isomorphic,3,1.9477001434742212,1.5747662823281836
720575941440304172,descending_neuron,DNpe053,auto:DNpe053,right,isomorphic,3,0.17914582227941234,0.4775934936745321
720575941440350293,descending_neuron,DNp71,DNp71,right,isomorphic,3,0.2981126857318969,0.6160916005441537
720575941440354645,ascending_neuron,AN08B049,auto:AN08B053,right,isomorphic,12,0.12032020355352974,0.3914031696281193
720575941440355157,ascending_neuron,AN06B007_a,auto:AN06B007,right,isomorphic,3,0.3657339635010571,0.682397937557165
720575941440363093,sensory_ascending,SApp07,auto:SApp06,left,isomorphic,3,0.23182907676552714,0.5432991332197327
720575941440379733,descending_neuron,DNp66,DNp66,left,isomorphic,3,0.364168843104153,0.6809362466491724
720575941440399445,ascending_neuron,AN05B099,AN05B099,left,isomorphic,3,0.3368926065702952,0.6549389200636995
720575941440415455,ascending_neuron,AN06B012,AN06B012,right,isomorphic,3,0.15840365869904915,0.44909442468857425
720575941440529493,ascending_neuron,ANXXX989,auto:AN27X024,right,female-specific,3,0.16088986764759047,0.4526050616554334
720575941440543323,ascending_neuron,AN27X016,AN27X016,left,isomorphic,3,0.4924426225449042,0.7918316869999984
720575941440672085,ascending_neuron,AN12B004,AN12B004,left,isomorphic,3,0.31600804758570844,0.6343137572532027
720575941440674783,ascending_neuron,AN05B027,AN05B027,right,isomorphic,3,0.07596538625283408,0.31100182283740596
720575941440676319,ascending_neuron,ANXXX178,ANXXX178,left,isomorphic,3,0.15743297614717994,0.4477163062430685
720575941440683743,descending_neuron,DNp10,DNp10,left,isomorphic,3,1.0225201295265391,1.1410140508341298
720575941440714959,descending_neuron,DNg03,DNg03,right,isomorphic,3,0.07758158989315887,0.31429277464713645
720575941440764127,descending_neuron,DNd04,DNd04,left,isomorphic,3,0.3059652571954771,0.6241530779995772
720575941440899023,descending_neuron,DNg06,DNg06,left,isomorphic,3,0.16250854809523882,0.4548761477505214
720575941440937301,ascending_neuron,AN09B018_b,AN09B018,left,isomorphic,3,0.16135712196247995,0.45326181011340905
720575941440999119,ascending_neuron,AN08B111,AN08B112,right,dimorphic,3,0.047362328652598776,0.2455678923866718
720575941441051343,ascending_neuron,AN08B113,AN08B113,right,isomorphic,3,0.04480260123256344,0.23883978646008733
720575941441145311,sensory_ascending,SApp10,auto:SApp10,right,isomorphic,3,0.16368447962788818,0.4565189506708614
720575941441226943,descending_neuron,DNp53,DNp53,right,isomorphic,3,0.6981124170620027,0.9427960203957101
720575941441234111,ascending_neuron,AN19B009,AN19B009,right,isomorphic,3,0.1264014990079362,0.40117251532315473
720575941441243839,descending_neuron,DNge136,DNge136,right,isomorphic,3,0.2925374547619014,0.6103034128358014
720575941441350235,ascending_neuron,AN08B034,AN08B034,,isomorphic,3,0.19971739596458826,0.5042698546548708
720575941441452373,descending_neuron,DNp104,DNp104,right,isomorphic,3,0.0739681440206788,0.30688427467086277
720575941441615963,descending_neuron,DNpe007,DNpe007,left,isomorphic,3,0.18931986660318334,0.4909679630720918
720575941441633883,descending_neuron,DNge049,DNge049,right,dimorphic,3,0.9938887873298813,1.1249260007206168
720575941441643867,descending_neuron,DNg02_g,DNg02_g,right,dimorphic,3,0.13696897226237767,0.417605450019744
720575941441701467,sensory_ascending,SApp05,auto:SApp09,right,isomorphic,3,0.04113930346840856,0.22886718423321026
720575941441805503,ascending_neuron,AN05B100,AN05B100,left,isomorphic,3,0.14544421263768317,0.4303316431348826
720575941441848411,ascending_neuron,AN17A003,AN17A003,left,isomorphic,3,0.14064629134957737,0.42317421940215705
720575941441857727,ascending_neuron,ANXXX988,,right,female-specific,3,0.050827365043291016,0.25439223873343264
720575941441900479,ascending_neuron,AN09B011,AN09B011,right,isomorphic,3,0.229270306939164,0.5402925330119899
720575941441901147,ascending_neuron,AN17A003,AN17A003,left,isomorphic,12,0.062148038264340164,0.27945890110283567
720575941441901759,ascending_neuron,ANXXX075,ANXXX075,left,isomorphic,3,0.15894143201221295,0.44985610647715435
720575941441906779,ascending_neuron,AN04A001,AN04A001,right,isomorphic,3,0.11310425365537044,0.3794849251706505
720575941442078811,ascending_neuron,AN07B085,AN07B085,left,isomorphic,3,0.051778461838742074,0.2567613389485398
720575941442141866,sensory_ascending,SApp23,SApp23,right,isomorphic,3,0.048529452380952416,0.24857517546161084
720575941442187967,descending_neuron,DNp23,DNp23,right,isomorphic,3,0.07365363958333584,0.30623312448390405
720575941442213311,descending_neuron,DNp56,DNp56,right,isomorphic,3,0.12539147473881462,0.399566495354802
720575941442292059,descending_neuron,DNae006,DNae006,left,isomorphic,3,0.18892989764318613,0.49046204426241913
720575941442418639,descending_neuron,DNpe017,DNpe017,right,dimorphic,3,1.5790070092692552,1.4179048506918994
720575941442472539,ascending_neuron,AN23B010,AN23B010,left,isomorphic,3,0.13135215539359898,0.40895324736860605
720575941442478287,ascending_neuron,AN19B060,auto:AN19B059,left,isomorphic,3,0.06973555745550888,0.2979766256378257
720575941442671530,sensory_ascending,SApp10,SApp10,right,isomorphic,3,0.1727367737647297,0.4689725910831306
720575941442861482,descending_neuron,DNge113,DNge113,left,isomorphic,3,0.07809508324823228,0.3153311723268632
720575941443143259,ascending_neuron,AN09A005,,right,isomorphic,3,0.8273912475128916,1.0263855295653639
720575941443480234,ascending_neuron,ANXXX131,ANXXX131,right,isomorphic,3,0.3986424802840946,0.7124376254164407
720575941444536746,descending_neuron,DNpe054,auto:DNpe008,left,isomorphic,3,0.061611064209732155,0.28008149411385297
720575941444765866,sensory_ascending,SApp14,SApp14,right,isomorphic,3,0.09352296243481062,0.3450755484133612
720575941444895914,ascending_neuron,AN17A024,AN17A024,left,isomorphic,3,0.07877327238966889,0.31669740364379523
720575941444941588,sensory_ascending,SApp10,SApp10,right,isomorphic,3,0.008201933675214202,0.10219112632013472
720575941444962474,ascending_neuron,ANXXX132,ANXXX132,left,isomorphic,3,0.17710764157969983,0.4748688797279259
720575941445042346,ascending_neuron,AN08B098,AN08B098,right,isomorphic,3,0.08085991468924181,0.3208645212021023
720575941445141012,ascending_neuron,ANXXX006,ANXXX006,left,isomorphic,3,0.2060535434150296,0.512206520662144
720575941445166100,ascending_neuron,AN08B049,AN08B049,right,isomorphic,3,0.13167703099844075,0.4094586706867161
720575941445302804,ascending_neuron,AN08B066,auto:AN08B095,left,isomorphic,3,0.12110132499999804,0.39267161332317174
720575941445392148,ascending_neuron,AN19B079,AN19B079,right,isomorphic,3,0.044834085858587065,0.23892369298000687
720575941445677332,descending_neuron,DNge060,auto:DNge008,right,isomorphic,3,0.18617441651515323,0.4868722926241421
720575941445707284,descending_neuron,DNp28,DNp28,right,isomorphic,3,1.1456826916030574,1.2077783358992795
720575941445859754,descending_neuron,DNg13,DNg13,left,dimorphic,3,0.453010364872108,0.7594673862188374
720575941446170026,ascending_neuron,AN01A055,auto:AN01A089,right,isomorphic,12,0.28987337345263436,0.6075179017785274
720575941446297514,ascending_neuron,AN01B002,AN01B002,left,isomorphic,3,0.11676339141414062,0.3855745937245788
720575941446364586,descending_neuron,DNp53,DNp53,left,isomorphic,3,0.46477403636647635,0.7692650274567123
720575941446655252,ascending_neuron,AN07B082,auto:AN07B082_a,right,isomorphic,3,0.0723543536324421,0.30352005580945973
720575941446801333,ascending_neuron,AN06B068,AN06B068,right,isomorphic,3,0.05660861651785767,0.26847035054784824
720575941446894612,descending_neuron,DNg12_e,auto:DNge177,left,isomorphic,3,0.08435260329743288,0.3277210249887078
720575941446997012,sensory_descending,LN-DN2,LN-DN2,left,dimorphic,3,0.0638642282106784,0.2851569056709423
720575941447163317,sensory_ascending,SAxx02,auto:LgAG1,right,dimorphic,3,0.08565300091018115,0.3302374719562871
720575941447234997,sensory_ascending,SApp13,SApp13,left,isomorphic,3,0.07181466407603264,0.30238596229566683
720575941447610446,ascending_neuron,AN07B082,auto:AN07B069_b,left,isomorphic,3,0.06020496899336015,0.2768670209900422
720575941447759124,ascending_neuron,AN08B022,AN08B022,left,isomorphic,3,0.12902390468631103,0.40531264187384003
720575941447762196,ascending_neuron,AN08B031,AN08B031,right,dimorphic,3,0.043096379287152736,0.2342477627285013
720575941447762964,ascending_neuron,AN10B034,auto:AN10B061,left,dimorphic,3,0.03880515568181929,0.22227968587726749
720575941447808020,ascending_neuron,AN17B008,AN17B008,right,isomorphic,3,0.10928725910359965,0.37302662106935613
720575941447838996,descending_neuron,DNge097,DNge097,left,isomorphic,3,0.09704022089227146,0.35150454715391
720575941447863316,descending_neuron,DNb05,DNb05,right,dimorphic,3,1.8434954775961194,1.532061141931292
720575941447888916,sensory_ascending,SApp02,auto:SApp09,left,isomorphic,3,0.044980557920918283,0.23931365420544565
720575941447914772,ascending_neuron,AN17A014,AN17A014,right,isomorphic,3,0.12388411638621963,0.3971575958577504
720575941447918414,sensory_ascending,SApp08,SApp08,right,isomorphic,3,0.056634824709173755,0.26853249045295086
720575941447921940,ascending_neuron,AN06B015_b,auto:AN06B088,right,isomorphic,3,0.16205265512265524,0.4542376567739556
720575941447935764,descending_neuron,DNpe038,,right,female-specific,3,0.1738700329365117,0.4705084500613904
720575941447973140,descending_neuron,DNb02,DNb02,left,isomorphic,3,0.1539735592667762,0.4427699453464324
720575941448018196,descending_neuron,DNge142,DNge142,right,isomorphic,3,0.42149016073940865,0.7325694099334173
720575941448026388,ascending_neuron,AN17B016,AN17B016,right,isomorphic,3,0.2158127337446949,0.5241958668867451
720575941448056669,ascending_neuron,AN07B072,auto:AN07B085,right,isomorphic,3,0.059613531802719756,0.27550373154015545
720575941448063764,ascending_neuron,AN08B014,AN08B014,left,isomorphic,3,0.3342472439874955,0.6523624826456697
720575941448093972,ascending_neuron,AN12A003,AN12A003,right,isomorphic,3,0.22488696786277337,0.5351027757155337
720575941448124692,descending_neuron,DNge115,DNge115,right,isomorphic,3,0.07106170357142709,0.30079656098996366
720575941448922717,descending_neuron,DNg11,DNg11,right,isomorphic,3,0.09287361715928531,0.34387550367799713
720575941448968029,descending_neuron,DNge024,auto:DNge009,left,isomorphic,3,0.10478467951923186,0.36526154690343016
720575941449112954,ascending_neuron,AN06A095,AN06A095,right,isomorphic,3,0.11109141435338413,0.37609304943762006
720575941449196922,sensory_ascending,SApp07,auto:SApp01,left,isomorphic,3,0.20541252182104822,0.5114091764588636
720575941449316628,ascending_neuron,AN09A007,auto:AN17A004,left,isomorphic,3,0.06791707484459947,0.29406581823612515
720575941449384885,descending_neuron,DNge150,DNge150,right,isomorphic,27,0.3355128711832671,0.6535964009678835
720575941449527477,descending_neuron,DNge131,DNge131,left,isomorphic,3,0.5637773682475279,0.8472447342294142
720575941449547101,ascending_neuron,ANXXX218,ANXXX218,left,isomorphic,3,0.23125446394882418,0.5426254033826421
720575941449604942,ascending_neuron,AN19B104,AN19B104,right,dimorphic,3,0.034103829716801995,0.20838028846881484
720575941449634631,sensory_ascending,SApp16,auto:SApp08,right,isomorphic,3,0.17474523125000077,0.4716911475546173
720575941449745333,ascending_neuron,ANXXX027,ANXXX027,left,isomorphic,3,0.7735685089527915,0.992440434565476
720575941449875893,descending_neuron,DNbe002,DNbe002,right,isomorphic,3,0.3005846660509664,0.6186406738625447
720575941449938013,sensory_ascending,SApp13,SApp13,left,isomorphic,3,0.06250670572864679,0.28210992457699363
720575941449981277,ascending_neuron,AN19B010,AN19B110,left,isomorphic,3,0.1489640589193909,0.43550766992146905
720575941449983581,descending_neuron,DNg15,DNg15,right,isomorphic,3,2.634329941873052,1.8314292385655124
720575941450027101,ascending_neuron,AN07B085,AN07B085,left,isomorphic,3,0.05453071794507688,0.2634969952209536
720575941450039477,descending_neuron,DNg83,DNg83,right,dimorphic,3,0.04839287643177322,0.24822514771154014
720575941450088285,ascending_neuron,ANXXX165,ANXXX165,left,isomorphic,3,0.18623935498137148,0.48695719683382005
720575941450205109,ascending_neuron,ANXXX136,ANXXX136,right,isomorphic,3,0.18328373584787636,0.4830777374173953
720575941450215261,ascending_neuron,AN19B049,AN19B049,right,isomorphic,3,0.2570871998683407,0.5721307449504911
720575941450220637,ascending_neuron,AN17A062,AN17A062,left,isomorphic,3,0.10974158610500474,0.3738011866364938
720575941450261831,sensory_ascending,SApp10,SApp10,left,isomorphic,3,0.2775477523678306,0.5944617513911927
720575941450360757,ascending_neuron,AN06B039,AN06B039,left,dimorphic,3,0.031112442261903156,0.19903163522702771
720575941450362037,sensory_ascending,SApp09,SApp09,left,isomorphic,3,0.19265726327732607,0.49527653506414476
720575941450363770,ascending_neuron,AN18B004,AN18B004,right,isomorphic,3,0.5565567516033574,0.8418016779685936
720575941450424245,ascending_neuron,AN09B004,AN09B004,right,dimorphic,3,0.24548011922965662,0.5590661814575278
720575941450506830,descending_neuron,DNp18,DNp18,right,isomorphic,3,3.2331162164268687,2.028923709625184
720575941450620494,ascending_neuron,AN02A016,AN02A016,right,dimorphic,3,0.21117433470773417,0.5185320759442238
720575941450721146,ascending_neuron,AN08B096,AN08B096,right,dimorphic,3,0.023273375992063746,0.17214117070760704
720575941450728314,descending_neuron,DNge067,DNge067,left,isomorphic,3,0.48603799462316144,0.7866656182889815
720575941450811470,ascending_neuron,AN09B037,AN09B037,left,isomorphic,3,0.17057167530308906,0.46602425066472575
720575941450851406,sensory_ascending,SApp03,auto:SApp06,right,isomorphic,3,0.14774255315656631,0.4337184122435628
720575941450861902,ascending_neuron,AN08B028,AN08B028,right,isomorphic,3,0.22029351678853168,0.529609683657633
720575941450897589,ascending_neuron,AN09B032,AN09B032,right,isomorphic,3,0.07593139606481415,0.31093223724256913
720575941450914741,ascending_neuron,ANXXX434,ANXXX434,right,isomorphic,3,0.2225246915135155,0.5322849208036998
720575941451006645,ascending_neuron,AN08B012,AN08B012,left,isomorphic,3,0.24123651856968786,0.5542128427573336
720575941451015802,ascending_neuron,AN04B001,AN04B001,left,isomorphic,3,0.18088919247674087,0.4799117346727383
720575941451023482,descending_neuron,DNge009,DNge009,right,isomorphic,3,0.058787182222220256,0.2735875821905716
720575941451040122,sensory_ascending,SAxx02,auto:LgAG1,left,isomorphic,3,0.0631324766737901,0.2835185458804058
720575941451068597,descending_neuron,DNp01,DNp01,right,isomorphic,3,31.880672889880405,6.371164213561127
720575941451289949,descending_neuron,DNbe002,DNbe002,left,isomorphic,3,0.41473915979786813,0.7266789518108265
720575941451320910,sensory_ascending,SApp09,SApp09,right,isomorphic,3,0.10737518101480374,0.36974900485483986
720575941451322702,sensory_ascending,SApp09,SApp09,right,isomorphic,3,0.18622727385594115,0.4869414024106073
720575941451350138,ascending_neuron,ANXXX007,ANXXX007,left,isomorphic,3,0.22685549429757718,0.5374396582688307
720575941451737927,ascending_neuron,AN08B098,auto:AN08B098,right,dimorphic,3,0.06087077810966303,0.27839375317708276
720575941451871559,ascending_neuron,AN14B012,AN14B012,right,isomorphic,3,0.08258363905160226,0.3242664876126349
720575941451902542,ascending_neuron,AN17A013,AN17A013,right,isomorphic,3,0.11695038078865447,0.3858832071909198
720575941451941498,descending_neuron,DNp33,DNp33,right,isomorphic,3,0.962790848526235,1.107187148431883
720575941452016199,descending_neuron,DNge111,DNge111,right,isomorphic,3,0.042439234920633506,0.23245496800295756
720575941452030330,descending_neuron,oviDNa_b,auto:DNpe034,left,female-specific,3,0.21310364814934818,0.5208953752444712
720575941452032122,ascending_neuron,AN23B010,AN23B010,right,isomorphic,3,0.18020269501262678,0.4790002060103172
720575941452054835,ascending_neuron,AN07B072,auto:AN07B072_e,right,isomorphic,3,0.10073919672619001,0.35814121373648156
720575941452186025,ascending_neuron,AN08B098,AN08B098,right,isomorphic,3,0.05387956373376708,0.2619190546693974
720575941452211834,descending_neuron,DNge127,DNge127,right,isomorphic,3,0.1730301543752077,0.46937067972141633
720575941452260659,ascending_neuron,AN07B069,auto:AN07B069_b,left,isomorphic,3,0.07711995488251612,0.31335630876784837
720575941452264361,descending_neuron,DNge071,auto:DNge117,right,isomorphic,3,0.0649552344047647,0.28758228923507856
720575941452266291,ascending_neuron,AN10B037,auto:AN10B061,left,dimorphic,3,0.011209875187377238,0.11946906034666127
720575941452429690,ascending_neuron,AN27X009,AN27X009,right,isomorphic,3,0.4217389349969445,0.732785568630143
720575941452566138,ascending_neuron,AN16B078,AN16B078_a,right,isomorphic,3,0.12701058142333632,0.4021379052862302
720575941452657018,ascending_neuron,AN05B102,auto:AN05B102c,right,dimorphic,3,0.20741103231872268,0.5138909693335159
720575941452767047,ascending_neuron,AN09B020,AN09B020,right,isomorphic,3,0.1168092079777505,0.3856502337435646
720575941453030983,descending_neuron,DNbe004,DNbe004,right,isomorphic,3,0.9168418932777336,1.0804440544475526
720575941453086535,ascending_neuron,AN05B097,AN05B097,right,isomorphic,3,0.3612691238872816,0.6782198278029872
720575941453195945,ascending_neuron,AN10B039,auto:AN10B046,right,dimorphic,3,0.03015457242063486,0.19594385435765171
720575941453274025,ascending_neuron,AN08B023,AN08B023,right,isomorphic,3,0.09570277127911435,0.34907385025709525
720575941453487529,sensory_ascending,SApp22,auto:SApp09,right,isomorphic,3,0.36227778074437683,0.67916595661343
720575941453611315,ascending_neuron,AN07B063,AN07B063,right,isomorphic,3,0.06624534161706087,0.290424152923499
720575941453681203,ascending_neuron,AN07B005,AN07B005,left,isomorphic,3,0.11761159902460831,0.38697252977138674
720575941453830637,descending_neuron,DNge123,DNge123,left,isomorphic,3,0.16485623750000186,0.45815006360498767
720575941453855027,sensory_ascending,SApp09,SApp09,left,isomorphic,3,0.10186603427164943,0.3601386720417726
720575941453869619,descending_neuron,DNge085,auto:DNg18_a,left,isomorphic,3,0.06739222744779663,0.29292737836248955
720575941453960499,ascending_neuron,AN06B068,AN06B068,left,isomorphic,3,0.031764576352290096,0.20110672473464222
720575941454037555,sensory_ascending,LgAG7,auto:LgAG7,left,dimorphic,3,0.05119282793367555,0.25530517607752995
720575941454037811,sensory_ascending,LgAG1,auto:LgAG1,left,dimorphic,3,0.056428738341149344,0.26804346870510504
720575941454124781,descending_neuron,DNg12_a,auto:DNg12_g,left,isomorphic,3,0.06345492347222449,0.2842416540076062
720575941454250665,descending_neuron,DNp39,DNp39,right,isomorphic,3,0.12825630061704063,0.4041051766645127
720575941454260275,descending_neuron,DNg106,DNg106,right,isomorphic,3,0.05995608825405531,0.276294159389399
720575941454279593,descending_neuron,DNae003,DNae003,right,isomorphic,3,1.0568141448828063,1.1599903278477217
720575941454494889,descending_neuron,DNg36_a,DNg36_a,left,isomorphic,3,0.0807175614534749,0.32058195706738535
720575941454569523,descending_neuron,DNg18_b,DNg18_b,right,isomorphic,3,0.1011632601934527,0.3588942230694673
720575941454690217,ascending_neuron,AN05B099,AN05B099,right,isomorphic,3,0.3054335866533473,0.6236105522017213
720575941454882611,ascending_neuron,AN19B022,AN19B022,left,isomorphic,3,0.09191477253487244,0.34209578064737517
720575941454913075,descending_neuron,DNge083,DNge083,right,isomorphic,3,0.38277613607397626,0.6981158308119895
720575941454918195,ascending_neuron,AN06B002,AN06B002,right,isomorphic,3,0.1702581054545424,0.4655956965827894
720575941454918707,ascending_neuron,AN09B032,AN09B032,left,isomorphic,3,0.07181160907426005,0.3023795304652918
720575941454969395,descending_neuron,DNg56,DNg56,right,isomorphic,3,0.2929255078204303,0.6107080646418557
720575941454975539,descending_neuron,DNp16,auto:DNpe012_a,left,dimorphic,3,0.016529360714287355,0.14507182948671501
720575941455059763,sensory_ascending,SApp05,auto:SApp08,right,dimorphic,3,0.026097333333333445,0.1822859204989109
720575941455074099,ascending_neuron,AN05B094,auto:AN05B107,left,isomorphic,3,0.1140732762936761,0.38110707993241033
720575941455535923,ascending_neuron,AN06B002,AN06B002,left,isomorphic,3,0.1395062435727901,0.4214556513493822
720575941455611373,sensory_ascending,SApp22,auto:SApp09,left,isomorphic,3,0.12894979571428636,0.40519622306846614
720575941455733555,ascending_neuron,AN07B035,AN07B035,right,isomorphic,3,0.0959240894184272,0.3494772438088828
720575941455744496,ascending_neuron,ANXXX200,ANXXX200,right,dimorphic,3,0.06464823522727325,0.28690188146595536
720575941455929837,descending_neuron,DNge089,DNge089,right,isomorphic,3,0.03698823936267397,0.21701356880777348
720575941456024883,ascending_neuron,AN07B005,AN07B005,left,isomorphic,3,0.11293078523975607,0.3791938047822663
720575941456093936,sensory_ascending,SApp09,SApp09,right,dimorphic,3,0.09309746505102207,0.3442896658593764
720575941456155443,ascending_neuron,AN12B004,,right,isomorphic,3,0.8005671633537381,1.0096107024979648
720575941456180461,descending_neuron,DNg63,DNg63,right,isomorphic,3,0.20623144931318552,0.5124275916006018
720575941456504560,descending_neuron,DNg03,DNg03,left,isomorphic,3,0.11777871615807675,0.38724736143788197
720575941456506015,descending_neuron,DNg23,DNg23,right,isomorphic,3,0.2217437975992021,0.531350140588157
720575941456625567,descending_neuron,DNg90,DNg90,left,isomorphic,3,0.2580417297270654,0.5731918827760584
720575941456665581,descending_neuron,DNg12_e,auto:DNge024,left,isomorphic,3,0.0951465277777788,0.34805792867123514
720575941456679149,descending_neuron,DNpe020,DNpe020,left,isomorphic,12,0.14010388780135974,0.42217176057339767
720575941456849901,ascending_neuron,AN19A018_d,auto:AN19A018,right,isomorphic,3,0.5133692068388567,0.8084812769610422
720575941456851693,ascending_neuron,AN01A055,AN01A055,right,isomorphic,12,0.24054872223668236,0.5533311614503399
720575941456897005,descending_neuron,DNa02,DNa02,right,isomorphic,3,0.9479066508963946,1.098595572828672
720575941457000006,ascending_neuron,AN16B081,auto:AN16B112,left,isomorphic,3,0.04655683932728615,0.24347075575802105
720575941457039174,ascending_neuron,ANXXX148,auto:ANXXX007,right,isomorphic,3,0.08330488292696857,0.325679399428563
720575941457139103,sensory_ascending,SApp15,auto:SApp06,left,isomorphic,3,0.09223498679894258,0.3426911621278544
720575941457181766,ascending_neuron,AN07B072,auto:AN07B072_e,left,isomorphic,3,0.06652262005322467,0.29103132214790556
720575941457206854,ascending_neuron,AN08B095,AN08B095,left,isomorphic,3,0.09373940334439747,0.3454746231461385
720575941457859231,ascending_neuron,ANXXX313,auto:AN05B106,left,isomorphic,3,0.08991448672542723,0.3383528929141567
720575941457973407,ascending_neuron,AN06B051,AN06B051,right,isomorphic,3,0.09693935410160028,0.35132181697589215
720575941458140115,ascending_neuron,AN07B071,auto:AN07B110,left,isomorphic,3,0.021087158055811243,0.1638566554117944
720575941458203859,ascending_neuron,AN07B071,auto:AN07B071_d,right,isomorphic,3,0.05285648855406734,0.2594204529771699
720575941458263024,ascending_neuron,AN07B082,auto:AN07B101_c,right,isomorphic,3,0.07816248524373767,0.3154672203686231
720575941458439123,ascending_neuron,AN06A092,AN06A092,right,isomorphic,3,0.026341392216118448,0.18313629414439128
720575941458473965,descending_neuron,DNp41,auto:DNp41,left,isomorphic,3,0.2859668427521412,0.6034105506826078
720575941458500563,ascending_neuron,AN08B113,AN08B113,right,isomorphic,3,0.045852544444444886,0.24162216954036694
720575941458782704,ascending_neuron,ANXXX084,ANXXX084,right,dimorphic,3,0.014974362998608479,0.1380795101637
720575941458803952,ascending_neuron,AN05B006,AN05B006,right,isomorphic,3,0.3763436816092008,0.6922251496702889
720575941458853702,ascending_neuron,AN05B062,AN05B062,right,isomorphic,3,0.06419674610029338,0.28589829621425933
720575941458969414,ascending_neuron,AN07B085,AN07B085,left,isomorphic,3,0.04373111517857089,0.23596649164812483
720575941458999711,ascending_neuron,AN17B007,AN17B007,,isomorphic,3,0.14370323212840405,0.4277483347158006
720575941459093459,ascending_neuron,AN08B110,auto:AN08B107,right,dimorphic,3,0.07500857588183402,0.3090370285370659
720575941459099844,ascending_neuron,AN07B085,AN07B085,left,isomorphic,3,0.05357661818993471,0.26118167805686926
720575941459103391,descending_neuron,DNg79,DNg79,left,isomorphic,3,0.29812721293484057,0.61610661161062
720575941459137951,sensory_ascending,SApp07,auto:SApp01,left,isomorphic,3,0.41651632889249013,0.7282342075004685
720575941459157151,ascending_neuron,AN07B091,AN07B091,right,isomorphic,3,0.03231774736201354,0.20285027468080027
720575941459285700,sensory_ascending,SApp19,SApp19,left,isomorphic,3,0.05701436859255915,0.2664490796088117
720575941459354512,ascending_neuron,AN09B042,AN09B042,left,dimorphic,3,0.05882065462454036,0.27366545911965945
720575941459415878,descending_neuron,DNp36,auto:pMP2,left,dimorphic,3,0.20735006189064592,0.5138154322346243
720575941459431494,sensory_ascending,SApp08,SApp08,left,isomorphic,3,0.10511642740981095,0.3658392982983847
720575941459705503,sensory_ascending,SApp03,auto:SApp06,right,isomorphic,3,0.08007422619047658,0.3193018498220498
720575941459752176,descending_neuron,DNge043,DNge043,left,isomorphic,3,0.7461894294505369,0.9747193901014756
720575941459823519,descending_neuron,DNge104,DNge104,right,isomorphic,3,0.4434824206902324,0.7514381913488822
720575941459850707,ascending_neuron,AN10B053,AN10B053,right,isomorphic,3,0.038238378457653384,0.22065043752241564
720575941459870278,ascending_neuron,AN06B023,auto:AN06B089,right,isomorphic,3,0.5107104888481879,0.8063850136954055
720575941459896390,ascending_neuron,AN05B045,AN05B045,right,isomorphic,3,0.025568486311933827,0.18042950942507677
720575941459926342,ascending_neuron,AN07B056,AN07B056,left,isomorphic,3,0.07062845981171488,0.2998782219768778
720575941459936070,ascending_neuron,AN07B018,AN07B018,right,isomorphic,3,0.5676666265100957,0.8501621004838195
720575941460006128,descending_neuron,oviDNb,auto:DNpe034,left,female-specific,3,0.21912007712462087,0.5281972616745433
720575941460027807,descending_neuron,DNg92_b,DNg92_b,left,isomorphic,3,0.06616823480769128,0.2902550829227185
720575941460087251,ascending_neuron,AN07B072,auto:AN07B072_d,left,isomorphic,3,0.04620649999999876,0.24255296952171854
720575941460102340,ascending_neuron,AN08B018,AN08B018,left,isomorphic,3,0.5353745748979523,0.8256270828926641
720575941460102384,ascending_neuron,AN08B015,AN08B015,right,isomorphic,3,0.08346268895109349,0.3259877238217151
720575941460227824,ascending_neuron,AN18B999,,left,dimorphic,12,0.5975618384737897,0.842023968510033
720575941460274116,ascending_neuron,AN10B060,auto:AN10B045,right,isomorphic,3,0.023302945740225206,0.1722504920900737
720575941460373232,descending_neuron,DNg06,DNg06,left,isomorphic,3,0.11681742570076362,0.38566379907423765
720575941460458399,ascending_neuron,AN09B004,AN09B004,right,isomorphic,3,0.27209851160839194,0.5885971330573946
720575941460517060,sensory_ascending,SApp10,auto:SApp19,left,isomorphic,3,0.06110422321428475,0.27892707532032757
720575941460661188,sensory_ascending,SApp10,SApp10,right,isomorphic,3,0.13006350433424085,0.40694225271552803
720575941460701965,ascending_neuron,AN19B100,auto:AN19B101,right,isomorphic,3,0.05786277891890632,0.27142803519131853
720575941460714180,ascending_neuron,AN10B046,auto:AN10B037,left,dimorphic,3,0.01796569821428377,0.1512436359494309
720575941460757715,descending_neuron,DNpe011,auto:DNp16_b,right,dimorphic,3,0.09210330964782,0.34244645719381017
720575941460850957,ascending_neuron,AN10B053,auto:AN10B048,right,isomorphic,3,0.03271291957070749,0.2040867041753715
720575941460902157,descending_neuron,DNg07,auto:DNge091,right,isomorphic,3,0.06449494217261809,0.2865615305821507
720575941460972301,ascending_neuron,AN16B116,AN16B116,left,dimorphic,3,0.13290491213154576,0.41136333066455516
720575941461092036,ascending_neuron,AN05B097,AN05B097,left,isomorphic,3,0.35997639194829295,0.6770053008652525
720575941461131664,sensory_ascending,SApp07,auto:SApp08,left,isomorphic,3,0.491168395301923,0.7908065654902726
720575941461178067,sensory_ascending,SApp08,auto:SApp06,right,isomorphic,3,0.07436640779220884,0.307711311460826
720575941461234131,ascending_neuron,AN08B022,AN08B022,right,isomorphic,3,0.11910332978364335,0.3894188867918042
720575941461310096,ascending_neuron,AN02A022,AN02A022,right,isomorphic,3,0.06444404286616723,0.2864484313097422
720575941461320644,descending_neuron,DNpe054,auto:DNpe008,left,isomorphic,3,0.06442312763605217,0.2864019443051013
720575941461347027,descending_neuron,DNg68,DNg68,right,isomorphic,3,0.3051184740585977,0.6232887829895999
720575941461352659,descending_neuron,DNge094,DNge094,right,isomorphic,3,0.06030599386904879,0.277099217210423
720575941461356243,ascending_neuron,AN09B002,AN09B002,right,dimorphic,12,0.2258499604572179,0.5362298997089701
720575941461407955,descending_neuron,DNge119,DNge119,right,isomorphic,3,0.4210007270140635,0.7321439571536179
720575941461518035,ascending_neuron,AN09B027,AN09B027,left,isomorphic,3,0.34775608615066683,0.6654147584847793
720575941461560720,ascending_neuron,AN06A092,auto:AN06A095,left,isomorphic,3,0.030049666666668848,0.19560271957749678
720575941461664452,sensory_ascending,SApp12,auto:SApp09,left,isomorphic,3,0.06468880884740445,0.28699189801513425
720575941461742035,ascending_neuron,AN08B096,auto:AN08B102,right,dimorphic,3,0.029344860080393605,0.19329520503384817
720575941461833924,ascending_neuron,AN17A050,AN17A050,left,isomorphic,3,0.39096697104337275,0.7055456103029409
720575941461875908,descending_neuron,DNpe045,DNpe045,left,isomorphic,3,0.26778779128929436,0.5839160945433992
720575941461958340,ascending_neuron,AN19B025,AN19B025,left,isomorphic,3,0.30388219513546993,0.6220247806859527
720575941462261188,descending_neuron,DNg35,DNg35,left,isomorphic,3,1.1887142891225548,1.2302512102422758
720575941462375876,ascending_neuron,AN09B035,auto:AN09B040,right,isomorphic,3,0.07258944870129559,0.30401275732609323
720575941462378692,descending_neuron,DNpe044,auto:DNpe034,left,female-specific,3,0.10153434519382966,0.35955186475608014
720575941462512851,descending_neuron,DNg02_d,auto:DNg02_f,left,isomorphic,3,0.3623840419133486,0.67926555377484
720575941462606547,descending_neuron,DNge019,auto:DNge024,left,isomorphic,12,0.03371352402171333,0.20718443951422666
720575941462746893,sensory_ascending,SApp11,SApp11,right,isomorphic,3,0.05423773976852241,0.26278819435114986
720575941462828996,ascending_neuron,AN07B046,auto:AN07B046_c,left,isomorphic,3,0.0655878684755152,0.28897935531438007
720575941463134477,ascending_neuron,AN08B097,AN08B097,left,dimorphic,3,0.0268013995670996,0.1847284541782318
720575941463160208,sensory_ascending,SApp09,auto:SApp08,right,isomorphic,3,0.057134840636215614,0.2697152915208391
720575941463642256,ascending_neuron,AN09B023,AN09B023,right,isomorphic,3,0.16039215409035354,0.45190445146412733
720575941463736464,ascending_neuron,AN18B053,AN18B053,right,dimorphic,3,0.10492532159090959,0.3655065918606671
720575941463745936,ascending_neuron,AN09B012,AN09B012,left,dimorphic,3,0.357564028689674,0.6747330295031593
720575941463764368,ascending_neuron,AN09B001,auto:AN05B102a,right,dimorphic,3,0.4111185669410385,0.7235001154140753
720575941463843597,descending_neuron,DNp45,DNp45,left,isomorphic,3,0.22529687568800247,0.535590227161817
720575941463893078,ascending_neuron,AN06A092,AN06A092,right,isomorphic,3,0.03227016968229886,0.20270090319191142
720575941464121232,ascending_neuron,AN07B037,AN07B037_a,right,isomorphic,3,0.15556336783341074,0.44504992038835434
720575941464246285,ascending_neuron,AN_GNG_1,,left,isomorphic,3,0.007561530242904259,0.09812053467025433
720575941464350989,ascending_neuron,AN09B018_c,AN09B018,left,isomorphic,3,0.18625512722462773,0.48697781611904545
720575941464369421,ascending_neuron,ANXXX174,ANXXX174,left,isomorphic,3,0.1597106159090594,0.45094331338808347
720575941464753430,ascending_neuron,AN07B013,AN07B013,right,isomorphic,3,0.21715491226728692,0.5258233749389661
720575941464898326,ascending_neuron,AN07B056,AN07B056,right,isomorphic,3,0.08742575178571471,0.3336374145712269
720575941464978710,sensory_ascending,SA_DMT_DMetaN,auto:SApp06,right,dimorphic,3,0.10931768206348946,0.37307853830262144
720575941465046550,sensory_ascending,SAch02,auto:LgAG2,left,dimorphic,3,0.01671031369662247,0.14586374533608187
720575941465729878,ascending_neuron,AN06B026,AN06B026,right,isomorphic,3,0.2979345347628392,0.6159074860742642
720575941465737814,descending_neuron,DNg12_a,auto:DNg12_b,left,isomorphic,3,0.0826823732363316,0.32446027069126604
720575941466022422,ascending_neuron,AN18B019,AN18B019,left,isomorphic,3,0.11771016366612148,0.38713464737343517
720575941466318870,ascending_neuron,ANXXX098,ANXXX098,left,isomorphic,3,0.24222539744734914,0.5553475981483639
720575941466319382,sensory_ascending,SApp08,auto:SApp06,left,isomorphic,3,0.031973303768157345,0.20176638653018425
720575941466397462,sensory_ascending,SApp22,auto:SApp08,left,isomorphic,3,0.22293237854578396,0.5327722967331925
720575941466431766,ascending_neuron,AN06A062,auto:AN06A060,left,isomorphic,3,0.08305910821338364,0.3251986179671082
720575941466724118,ascending_neuron,AN07B089,AN07B089,right,isomorphic,3,0.01856631684027596,0.15375099609798223
720575941466965725,descending_neuron,DNge024,DNge024,left,isomorphic,3,0.03618757392857296,0.21465192790628804
720575941467254237,ascending_neuron,AN06A112,AN06A112,right,isomorphic,3,0.046501533413459986,0.24332610059925908
720575941467350237,descending_neuron,DNg79,DNg79,right,isomorphic,3,0.34465011990661704,0.6624365341395508
720575941467388758,sensory_ascending,SApp02,auto:SApp09,right,isomorphic,3,0.18470392155613083,0.48494570520103303
720575941467453462,descending_neuron,DNge065,DNge065,left,isomorphic,3,0.2145544411381698,0.5226654751900784
720575941467559702,descending_neuron,DNg06,DNg06,right,isomorphic,3,0.10065064682539905,0.35798377580732726
720575941467587606,descending_neuron,DNpe032,DNpe032,left,isomorphic,3,0.44039570363844904,0.7488185529244988
720575941467636246,ascending_neuron,AN19B051,AN19B051,right,isomorphic,3,0.02220769255050167,0.16815383537885542
720575941467856726,descending_neuron,DNa14,DNa14,right,isomorphic,3,0.23482550454545328,0.5467989744866552
720575941468049015,sensory_ascending,SApp11,SApp11,left,isomorphic,3,0.09007745541161266,0.33865938392311473
720575941468215517,ascending_neuron,AN19B009,AN19B009,right,isomorphic,3,0.07644698406961724,0.31198609455098425
720575941468218589,ascending_neuron,AN10B020,auto:AN10B022,right,isomorphic,3,0.2777910142411724,0.5947222078449311
720575941468221149,ascending_neuron,AN06B068,AN06B068,right,isomorphic,3,0.0786715530874352,0.3164928631685937
720575941468496093,ascending_neuron,AN06A080,AN06A080,left,isomorphic,3,0.03254658229640033,0.2035671771817703
720575941468787520,descending_neuron,DNge061,DNge061,right,isomorphic,3,0.09256370355828925,0.3433012784385703
720575941468805341,ascending_neuron,AN19A018_c,auto:AN19A018,left,isomorphic,3,0.11713390952054185,0.38618586927926873
720575941468862583,descending_neuron,DNge091,DNge091,left,isomorphic,3,0.16312688268398254,0.4557407133915295
720575941468982795,descending_neuron,DNg106,DNg106,right,isomorphic,3,0.07200945707070784,0.3027957865250676
720575941469018743,ascending_neuron,AN08B099,auto:AN08B101,right,dimorphic,3,0.06489460267857197,0.2874480376872214
720575941469048695,ascending_neuron,AN10B048,auto:AN10B033,right,isomorphic,3,0.04200331971153899,0.23125805427462498
720575941469296861,sensory_descending,LN-DN1,LN-DN1,left,isomorphic,3,0.0761915483771511,0.3114644319475195
720575941469314781,sensory_ascending,SApp01,auto:SApp08,left,isomorphic,3,0.09474491224090065,0.34732257186594895
720575941469370688,descending_neuron,DNg10,DNg10,right,isomorphic,3,0.050875914484126365,0.2545137053200753
720575941469521216,descending_neuron,DNg03,DNg03,left,isomorphic,3,0.11302579193376061,0.3793532758064343
720575941469678557,descending_neuron,DNge113,DNge113,right,isomorphic,3,0.135293274702467,0.41504306702786686
720575941469716445,descending_neuron,DNg48,DNg48,left,isomorphic,3,0.5448821484149853,0.832925866198315
720575941469757405,descending_neuron,DNg106,DNg106,right,isomorphic,3,0.14508988437049225,0.42980714084524346
720575941469775069,descending_neuron,DNg102,DNg102,left,isomorphic,3,0.4259597220208028,0.7364433192997839
720575941470004445,descending_neuron,DNge027,DNge027,left,isomorphic,3,0.13570295741628643,0.41567098975022027
720575941470033117,descending_neuron,DNbe003,DNbe003,left,isomorphic,3,0.3863131019695443,0.7013338135844664
720575941470090615,sensory_ascending,SApp08,auto:SApp09,right,isomorphic,3,0.11879442879004781,0.3889135693566299
720575941470195723,descending_neuron,DNae008,DNae008,right,isomorphic,3,0.15528009819584584,0.444644533906929
720575941470236023,descending_neuron,DNpe041,DNpe041,right,dimorphic,3,0.042701521212119946,0.23317217978913887
720575941470254400,descending_neuron,DNa08,DNa08,left,dimorphic,3,0.23386817885986125,0.5456832538932923
720575941470269248,ascending_neuron,AN19B065,AN19B065,,isomorphic,3,0.044221687179488094,0.23728632672750488
720575941470533131,descending_neuron,DNg96,DNg96,right,dimorphic,3,1.0989737376816484,1.1829018646708112
720575941470575479,descending_neuron,DNpe054,auto:DNpe015,left,isomorphic,3,0.07289840411920237,0.30465904035930585
720575941470584128,ascending_neuron,AN06A080,AN06A080,right,isomorphic,3,0.04886957460317165,0.24944473319583907
720575941470584695,descending_neuron,DNp53,DNp53,right,isomorphic,3,0.5702135143978306,0.8520671308492841
720575941470600823,ascending_neuron,AN08B024,AN08B024,right,isomorphic,3,0.32452705480983174,0.6428068757568741
720575941470647005,ascending_neuron,AN27X013,,left,isomorphic,3,0.3034336797245872,0.6215655719470381
720575941470728256,ascending_neuron,AN07B072,auto:AN07B072_f,left,isomorphic,3,0.06773668666666664,0.2936750382537389
720575941470799223,ascending_neuron,AN08B102,AN08B102,right,dimorphic,3,0.03706904523809443,0.21725048741652686
720575941470835264,sensory_ascending,SApp08,auto:SApp06,right,isomorphic,3,0.22103664238658324,0.5305022091585314
720575941470861120,ascending_neuron,AN12B008,AN12B008,right,isomorphic,3,0.08338082347156867,0.3258278099189556
720575941470933824,descending_neuron,DNge133,DNge133,left,isomorphic,3,0.20316505070671612,0.5086037521174175
720575941471079264,ascending_neuron,AN10B019,AN10B019,right,isomorphic,3,0.5713671390971147,0.8529286230750159
720575941471139191,descending_neuron,DNpe028,DNpe028,right,isomorphic,3,0.11999980533931145,0.39088169248320276
720575941471240256,ascending_neuron,AN08B028,AN08B028,left,isomorphic,3,0.25523266840607717,0.5700634407878604
720575941471266423,descending_neuron,DNge062,DNge062,right,isomorphic,3,0.14077560292660804,0.4233687099681464
720575941471297911,descending_neuron,DNge003,DNge003,left,isomorphic,3,0.43809181789748025,0.7468573001397172
720575941471308896,sensory_ascending,SApp05,auto:SApp09,right,isomorphic,3,0.06798504606089467,0.29421293155701467
720575941471346016,ascending_neuron,AN07B089,AN07B089,right,isomorphic,3,0.036225620923361936,0.21476473894056708
720575941471360352,sensory_ascending,SApp06,SApp06,right,isomorphic,3,0.20030311222388777,0.5050087557824905
720575941471405664,sensory_ascending,SNxx29,,right,isomorphic,3,0.10833030898349262,0.3713898669742642
720575941471454583,descending_neuron,DNg38,DNg38,right,isomorphic,3,0.24703727829573524,0.560836546375034
720575941471537629,descending_neuron,DNp08,auto:DNp08,right,isomorphic,3,0.1783706525253392,0.37878263029675296
720575941471550475,ascending_neuron,AN09B002,AN09B002,left,isomorphic,12,0.31455535268333773,0.6328423533789757
720575941471648631,ascending_neuron,AN05B040,auto:AN05B046,right,isomorphic,3,0.14261255238879242,0.42612197934045315
720575941471698752,ascending_neuron,AN19B028,AN19B028,left,isomorphic,3,0.1993588140476149,0.5038169564801558
720575941471732599,sensory_ascending,SAch01,auto:LgAG1,left,dimorphic,3,0.04164297248251791,0.2302639340519049
720575941471768843,descending_neuron,DNpe028,DNpe028,left,isomorphic,3,0.15406716083776995,0.44290450632582334
720575941471808375,descending_neuron,DNge107,DNge107,right,isomorphic,3,2.3360222467962033,1.724620509562034
720575941471829568,ascending_neuron,ANXXX981,auto:ANXXX150,left,female-specific,3,0.289296907163626,0.6069137190493438
720575941471871274,sensory_ascending,SApp19,auto:SApp10,right,isomorphic,3,0.06258377804232422,0.28228379525296055
720575941471906602,sensory_ascending,SNxx29,auto:SNxx27,right,isomorphic,3,0.09242543313835874,0.3430447731871659
720575941471910976,sensory_ascending,SApp01,auto:SApp06,left,isomorphic,3,0.09646292121312412,0.3504574237895697
720575941471916608,ascending_neuron,AN00A006,AN00A006,left,dimorphic,12,0.06519585715430312,0.28769767668679536
720575941471926080,ascending_neuron,ANXXX988,,left,female-specific,3,0.027076647214592926,0.18567460238940303
720575941471955264,descending_neuron,DNbe001,DNbe001,right,isomorphic,3,1.8178968046278459,1.5213869001341722
720575941472005952,descending_neuron,DNge082,DNge082,right,isomorphic,3,0.2200298259656926,0.5292926179730032
720575941472044352,descending_neuron,DNg82,DNg82,left,isomorphic,3,0.27168341009259633,0.5881479927521591
720575941472070775,ascending_neuron,AN02A016,AN02A016,left,dimorphic,3,0.19103965764996525,0.4931929102619006
720575941472130315,sensory_ascending,SAabg01,SAxx01,left,isomorphic,3,0.07848150912247422,0.31611036197066933
720575941472160011,descending_neuron,DNp73,DNp73,left,isomorphic,3,1.6693462245335038,1.4579017891924
720575941472178752,descending_neuron,DNp70,DNp70,right,isomorphic,3,0.2034244464094167,0.5089283343795354
720575941472297787,ascending_neuron,AN07B071,auto:AN07B071_d,right,isomorphic,3,0.046169240416064156,0.24245515595284378
720575941472329568,ascending_neuron,ANXXX308,ANXXX308,left,isomorphic,3,0.24842305245195348,0.5624073738898209
720575941472359995,ascending_neuron,AN07B071,auto:AN07B069_b,left,isomorphic,3,0.05876467187500091,0.2735351971221206
720575941472508256,ascending_neuron,AN19B032,AN19B032,right,isomorphic,3,0.08583257121212175,0.3305834598003511
720575941472522304,ascending_neuron,AN07B049,AN07B049,right,isomorphic,3,0.10774941572164583,0.3703927874822998
720575941472554336,ascending_neuron,AN08B099,auto:AN08B099_a,right,dimorphic,3,0.07512277681155954,0.3092721942671072
720575941472597051,descending_neuron,DNge020,auto:DNge024,right,isomorphic,3,0.057579613921112875,0.2707630724728618
720575941472609632,ascending_neuron,AN07B035,AN07B035,left,isomorphic,3,0.08954071299570947,0.33764889552598715
720575941472733451,descending_neuron,DNp32,DNp32,right,isomorphic,3,0.5158814716429907,0.8104570871378862
720575941472826976,sensory_ascending,SApp17,auto:SApp08,right,isomorphic,3,0.2942523976103258,0.6120896901358504
720575941472839488,descending_neuron,DNge096,DNge096,left,isomorphic,3,0.1277404808300461,0.40329174508821614
720575941472867424,ascending_neuron,AN07B089,AN07B089,left,isomorphic,3,0.015582517857142899,0.14085552151852682
720575941473177099,descending_neuron,DNge037,DNge037,left,isomorphic,3,1.180544507589259,1.2260162932777627
720575941473471072,ascending_neuron,AN19B060,AN19B060,right,isomorphic,3,0.05937749389730544,0.2749577663884403
720575941473472608,ascending_neuron,AN08B079,auto:AN08B079_a,right,isomorphic,3,0.049718890418069706,0.2516029757388424
720575941473714730,ascending_neuron,AN19B036,AN19B036,left,isomorphic,3,0.2955274883602505,0.6134144477728997
720575941473760554,sensory_ascending,SApp16,auto:SApp08,right,dimorphic,3,0.1443447842199444,0.4287020962686062
720575941473793322,descending_neuron,DNg02_a,DNg02_a,right,dimorphic,3,0.07128685463286846,0.30127270427032576
720575941473812576,sensory_ascending,SAxx02,auto:LgAG1,left,isomorphic,3,0.05188386015872605,0.2570225330347501
720575941473825888,descending_neuron,DNge020,auto:DNge024,right,isomorphic,3,0.10820129884108952,0.37116865772338875
720575941473859424,ascending_neuron,AN05B104,AN05B104,left,isomorphic,3,0.025454281216930736,0.1800261020746872
720575941473861728,ascending_neuron,AN17A014,AN17A014,left,isomorphic,3,0.11728751823412527,0.3864390072437496
720575941473970747,descending_neuron,DNge116,auto:DNge115,left,dimorphic,3,0.06897882426046106,0.29635547370979376
720575941473987168,ascending_neuron,AN08B048,AN08B048,right,dimorphic,3,0.33693339995121413,0.6549785712219556
720575941474054496,ascending_neuron,AN01B011,AN01B011,right,isomorphic,3,0.09104801821789434,0.3404789821190004
720575941474101344,ascending_neuron,AN02A002,AN02A002,left,isomorphic,48,0.08001034595336123,0.3191744608451004
720575941474229297,sensory_ascending,SAxx02,auto:LgAG1,right,dimorphic,3,0.1271680758778291,0.4023871556542701
720575941474256224,descending_neuron,DNpe008,DNpe008,right,isomorphic,3,0.04474419231710934,0.23868404859851625
720575941474312800,descending_neuron,DNge094,DNge094,right,isomorphic,3,0.05553427775716565,0.265910583709505
720575941474324027,sensory_ascending,SApp10,SApp10,right,isomorphic,3,0.1953024044319685,0.4986649621786578
720575941474325297,ascending_neuron,AN19B063,auto:AN19B079,right,isomorphic,3,0.06496156888590117,0.2875963115089738
720575941474398513,ascending_neuron,AN08B089,AN08B089,left,dimorphic,3,0.06952268347891559,0.297521477983458
720575941474474270,sensory_ascending,SApp08,SApp08,right,isomorphic,3,0.24387855269855632,0.5572394614603136
720575941474543931,ascending_neuron,AN17A031,AN17A031,left,isomorphic,3,0.12092187181917283,0.39238056657225945
720575941474552372,ascending_neuron,AN09B037,AN09B037,right,isomorphic,12,0.12081453033807679,0.3922063711938466
720575941474562334,ascending_neuron,AN01A033,AN01A033,right,isomorphic,12,0.15253892531735858,0.43988163709117134
720575941474566708,ascending_neuron,AN19B100,auto:AN19B101,right,isomorphic,3,0.02498942947330414,0.17837468936421785
720575941474589489,sensory_ascending,SApp11,auto:SApp11,left,isomorphic,3,0.2043990444123165,0.510146004837674
720575941474608170,descending_neuron,DNpe029,DNpe029,left,isomorphic,3,0.07654858281412756,0.3121933419091152
720575941474665514,descending_neuron,DNg106,DNg106,left,isomorphic,3,0.05667944978070415,0.2686382639063603
720575941474677825,descending_neuron,DNg89,DNg89,right,isomorphic,3,0.13573902876668759,0.415726231058001
720575941474766132,sensory_ascending,SApp03,auto:SApp08,right,isomorphic,3,0.17924503749999945,0.47772572669109675
720575941474880308,sensory_ascending,SAch02,auto:LgAG9,,isomorphic,3,0.02633243097360159,0.18310514035547606
720575941475085633,sensory_ascending,SApp07,auto:SApp06,right,isomorphic,3,0.041538082175926444,0.22997375684814206
720575941475322410,ascending_neuron,AN07B062,AN07B062,right,isomorphic,3,0.06216630081149126,0.2813407054499798
720575941475341610,descending_neuron,DNpe012,auto:DNp16_a,left,isomorphic,3,0.060804406440783804,0.278241935686473
720575941475357738,ascending_neuron,AN06B031,auto:AN06B090,left,isomorphic,3,0.15729201397655515,0.4475158234811211
720575941475557681,descending_neuron,DNg03,DNg03,right,isomorphic,3,0.09284281652864293,0.3438184774686485
720575941475572539,descending_neuron,DNpe035,DNpe035,left,isomorphic,3,0.10294773035353383,0.3620457447987087
720575941475963697,ascending_neuron,AN10B047,AN10B047,right,isomorphic,3,0.05572774967948696,0.26637337447842846
720575941476037918,ascending_neuron,AN07B060,auto:AN07B063,right,isomorphic,3,0.03899154273989981,0.22281286795576166
720575941476041265,ascending_neuron,AN19B059,AN19B059,right,isomorphic,3,0.03777945483405495,0.219322356072642
720575941476041521,ascending_neuron,AN08B109,AN08B109,right,dimorphic,3,0.07163490140692444,0.3020072668902203
720575941476053354,ascending_neuron,AN06A112,AN06A112,left,isomorphic,3,0.06542724720301321,0.28476844829139153
720575941476214833,descending_neuron,DNge140,DNge140,right,isomorphic,3,0.3285870202135015,0.6468152657618111
720575941476250164,descending_neuron,DNge045,auto:DNge045,left,isomorphic,3,0.21319763690068028,0.5210102322853503
720575941476367937,descending_neuron,DNge019,DNge019,left,isomorphic,3,0.1110249405062555,0.3759805110699666
720575941476378164,descending_neuron,DNg10,DNg10,left,isomorphic,3,0.04100797575757395,0.2285015894563625
720575941476398897,descending_neuron,DNge092,auto:DNge116,right,isomorphic,3,0.062177173041016554,0.2813653061336158
720575941476477492,descending_neuron,DNae010,DNae010,left,isomorphic,3,0.8407888508829819,1.0346620770650912
720575941476515636,ascending_neuron,AN05B023,auto:AN05B023d,left,dimorphic,3,0.22084432895229733,0.5302713766106611
720575941476632385,descending_neuron,DNg01,auto:DNg01_d,right,isomorphic,3,0.0651131624999991,0.2879316817888673
720575941476733243,ascending_neuron,AN19B019,AN19B019,left,isomorphic,3,0.537388013723722,0.8271781367636146
720575941476752180,ascending_neuron,AN10B017,AN10B017,left,isomorphic,3,0.3698388989881176,0.6862168107624474
720575941476852254,descending_neuron,DNg62,DNg62,right,isomorphic,3,0.13665899996458072,0.41713264424984214
720575941476919099,ascending_neuron,AN09B027,AN09B027,right,isomorphic,3,0.2361298261236944,0.5483154496383681
720575941476977969,ascending_neuron,AN07B011,AN07B011,left,isomorphic,3,0.043316696742057736,0.23484576053079753
720575941476978993,ascending_neuron,AN08B100,AN08B100,right,isomorphic,3,0.06865682896113241,0.2956629663137272
720575941476980785,ascending_neuron,AN04A001,AN04A001,left,isomorphic,3,0.10815287871020765,0.37108559935785984
720575941476981569,descending_neuron,DNg08_a,auto:DNg08,left,isomorphic,3,0.07802731943889608,0.3151943347829798
720575941476991028,sensory_ascending,SApp06,auto:SApp08,left,isomorphic,3,0.1228228931183404,0.3954528600440908
720575941477003825,ascending_neuron,ANXXX084,ANXXX084,right,dimorphic,3,0.030046466321697787,0.19559230327479374
720575941477006388,descending_neuron,DNpe012,auto:DNpe012_a,left,isomorphic,3,0.05261991720959476,0.258839254039928
720575941477008945,sensory_ascending,SApp05,auto:SApp08,left,isomorphic,3,0.06548342503092573,0.2887491753651862
720575941477013825,descending_neuron,DNg04,DNg04,left,isomorphic,3,0.2681223701149458,0.584280758247665
720575941477099313,descending_neuron,DNge076,DNge076,right,isomorphic,3,0.2260553480383694,0.5364910142969053
720575941477145393,descending_neuron,DNge041,DNge041,right,isomorphic,3,0.2694129834071202,0.5856852946241895
720575941477158721,ascending_neuron,AN06A016,AN06A016,left,dimorphic,3,0.22197892248868561,0.5316317731384158
720575941477201002,descending_neuron,DNge089,auto:DNge180,left,isomorphic,3,0.04533967190082438,0.24026706642702259
720575941477252913,ascending_neuron,ANXXX981,auto:ANXXX150,left,female-specific,3,0.2848219853577466,0.6022014737340506
720575941477298996,descending_neuron,DNge144,DNge144,left,isomorphic,3,0.2082611618413158,0.514943052083289
720575941477314612,ascending_neuron,AN07B082,auto:AN07B082_a,right,isomorphic,3,0.03555982083333262,0.21278197782870703
720575941477326900,descending_neuron,DNg19,DNg19,right,isomorphic,3,0.08794154974674145,0.33462017088461027
720575941477345332,sensory_ascending,SApp08,auto:SApp06,left,isomorphic,3,0.09986234943181922,0.35657915296151743
720575941477380382,ascending_neuron,AN18B025,AN18B025,right,isomorphic,3,0.1888623473145299,0.49037435609171715
720575941477392926,descending_neuron,DNge042,DNge042,left,isomorphic,3,0.16551654729732143,0.4590666763412234
720575941477530986,ascending_neuron,AN06B039,AN06B039,left,isomorphic,3,0.14640093943187513,0.4317446762509537
720575941477577025,ascending_neuron,AN17A024,AN17A024,right,isomorphic,3,0.09411628918951898,0.3461684289472771
720575941477662001,ascending_neuron,ANXXX202,ANXXX202,left,isomorphic,3,0.10656128552902294,0.3683450049523773
720575941477713770,descending_neuron,DNge047,DNge047,right,dimorphic,3,0.5892649730989118,0.866184429597321
720575941477736066,descending_neuron,DNg92_a,DNg92_a,right,isomorphic,3,0.054797489967861074,0.26414074123336045
720575941477743646,ascending_neuron,AN04B023,AN04B023,left,isomorphic,3,0.11296086095568574,0.3792442948497832
720575941477812131,descending_neuron,DNpe002,DNpe002,left,dimorphic,3,0.34381565269644637,0.6616341021380671
720575941477889310,ascending_neuron,AN12B019,AN12B019,left,isomorphic,3,0.1138563950595226,0.3807446186235249
720575941477894686,ascending_neuron,AN12B001,AN12B001,right,isomorphic,3,2.0199839854922574,1.6037217620461728
720575941477915700,descending_neuron,DNp48,DNp48,right,dimorphic,3,0.34037986107942864,0.6583199065483206
720575941477928834,ascending_neuron,AN07B082,auto:AN07B110,left,isomorphic,3,0.040674770878428176,0.22757136629079008
720575941477942833,descending_neuron,DNa05,DNa05,left,isomorphic,3,1.2323719654572256,1.2526391021531842
720575941477954609,ascending_neuron,ANXXX154,ANXXX154,left,isomorphic,3,0.10160589502645646,0.3596785280300927
720575941477995569,sensory_ascending,SApp01,auto:SApp06,left,isomorphic,3,0.30126824932164037,0.6193437241221105
720575941478074592,descending_neuron,DNg02_b,auto:DNg03,left,isomorphic,3,0.06303787053571452,0.2833060352021596
720575941478215985,descending_neuron,DNp11,DNp11,right,isomorphic,3,4.8992950857850515,2.497594091230234
720575941478339377,ascending_neuron,AN09B004,AN09B004,left,dimorphic,3,0.3004357207048159,0.6184873808351956
720575941478387306,ascending_neuron,AN04B023,AN04B023,right,isomorphic,3,0.1939193656542534,0.4968961710870322
720575941478396778,sensory_ascending,SApp09,SApp09,right,isomorphic,3,0.14120807756017487,0.4240185236350466
720575941478429802,descending_neuron,DNg70,DNg70,right,isomorphic,3,0.5641165289501673,0.8474995412966849
720575941478486849,ascending_neuron,ANXXX144,ANXXX144,right,isomorphic,3,0.13440747431972647,0.41368213813488686
720575941478508830,descending_neuron,DNg93,DNg93,right,isomorphic,3,0.8032486703639605,1.0113001391097174
720575941478584938,ascending_neuron,ANXXX470,auto:ANXXX462b,right,isomorphic,3,0.1632640964353158,0.45593234565766355
720575941478585450,descending_neuron,DNp22,auto:DNp21,left,isomorphic,3,1.414956304940543,1.3422288633175212
720575941478631786,ascending_neuron,AN07B072,auto:AN07B085,left,isomorphic,3,0.03958650303511949,0.22450634980350262
720575941478705770,descending_neuron,DNpe056,DNpe056,left,isomorphic,3,0.506695181030872,0.8032087783479761
720575941478752362,ascending_neuron,AN10B056,auto:AN10B045,right,isomorphic,3,0.056575371844028916,0.26839150636693765
720575941478980291,ascending_neuron,ANXXX131,ANXXX131,right,isomorphic,3,0.36914065876881536,0.6855687305544532
720575941479177440,ascending_neuron,AN06B051,AN06B051,right,isomorphic,3,0.07935168616883236,0.31785799466361014
720575941479267970,ascending_neuron,AN04B003,AN04B003,right,isomorphic,3,0.2070501212924586,0.5134436699110918
720575941479284960,ascending_neuron,AN10B022,AN10B022,right,isomorphic,3,0.17059529983700733,0.4660565222142372
720575941479326432,sensory_ascending,SApp02,auto:SApp06,left,isomorphic,3,0.10185812006403375,0.3601246817671761
720575941479354498,sensory_ascending,SApp22,auto:SApp09,left,isomorphic,12,0.0685723236751661,0.29491810659520706
720575941479434720,descending_neuron,DNg12_e,DNg12_e,left,isomorphic,3,0.1430906245421276,0.4268356143152638
720575941479520898,ascending_neuron,AN08B098,AN08B098,left,dimorphic,3,0.062238365835920156,0.28150372747441105
720575941479543776,descending_neuron,DNge023,DNge023,left,isomorphic,3,0.6735900485149098,0.9260893513637115
720575941479563650,descending_neuron,DNge120,DNge120,right,isomorphic,3,0.25725111978851695,0.5723131124149979
720575941479604643,ascending_neuron,AN08B099,auto:AN08B099_f,right,dimorphic,3,0.086669211222114,0.33219070883906443
720575941479639658,ascending_neuron,ANXXX093,ANXXX093,right,dimorphic,3,0.19955001555336804,0.5031175152535617
720575941479763050,ascending_neuron,AN09B019,AN09B019,right,isomorphic,3,0.13300990490196238,0.4115257838369813
720575941479814762,ascending_neuron,AN08B094,auto:AN08B089,right,dimorphic,3,0.07193312292748608,0.3026352535438839
720575941479864771,ascending_neuron,AN19B104,AN19B104,right,dimorphic,3,0.017362736284721746,0.14868396834398726
720575941479882346,ascending_neuron,AN23B003,AN23B003,right,isomorphic,3,0.29224109079359034,0.6099941912796698
720575941479889315,ascending_neuron,AN06B039,auto:AN04B003,right,isomorphic,3,0.11979879118520467,0.39055416826411266
720575941479890083,ascending_neuron,AN07B072,auto:AN07B056,left,isomorphic,3,0.05107893849206334,0.25502102735106
720575941479905898,ascending_neuron,AN09B004,AN09B004,left,isomorphic,3,0.3671428470646909,0.6837110438258391
720575941480105039,descending_neuron,DNg12_b,auto:DNg12_f,right,isomorphic,3,0.0772388281746039,0.31359772068832087
720575941480245327,sensory_ascending,SAch01,auto:LgAG1,right,isomorphic,3,0.020507013690478547,0.16158694494030962
720575941480339818,ascending_neuron,AN05B050,auto:AN05B050_c,left,isomorphic,3,0.03407425748299383,0.2082899231476064
720575941480480963,descending_neuron,DNge135,DNge135,left,isomorphic,3,0.2596541502382442,0.5749799405526576
720575941480490882,descending_neuron,DNge105,DNge105,right,isomorphic,3,0.1502912067902747,0.43744337657729776
720575941480554370,descending_neuron,DNg79,DNg79,right,isomorphic,3,0.29371522993605803,0.6115307397388705
720575941480556162,ascending_neuron,AN06A017,AN06A017,left,isomorphic,3,0.0898664332371329,0.33826246694219564
720575941480587394,descending_neuron,DNge013,DNge013,right,isomorphic,3,0.36377805688894643,0.680570795390108
720575941480673154,descending_neuron,DNg12_b,DNg12_b,right,isomorphic,3,0.04925125511544166,0.2504169435977132
720575941480693187,ascending_neuron,AN10B051,auto:AN10B045,left,isomorphic,3,0.037503505641145234,0.21851989943367714
720575941480704954,descending_neuron,DNg07,DNg07,right,isomorphic,3,0.03300445520956378,0.20499409143986821
720575941480714626,ascending_neuron,AN12A003,AN12A003,left,isomorphic,3,0.20574677368927524,0.5118250955774456
720575941480717280,ascending_neuron,AN10B037,AN10B037,right,dimorphic,3,0.021195037662337077,0.16427525712607693
720575941480759971,descending_neuron,DNge136,DNge136,left,isomorphic,3,0.29730867200844907,0.6152602361552821
720575941480772259,ascending_neuron,AN09B004,AN09B004,right,isomorphic,3,0.26426548411884243,0.5800631557758968
720575941480780451,descending_neuron,DNg50,DNg50,left,isomorphic,3,0.3741135548032478,0.6901711180547477
720575941480782755,ascending_neuron,AN05B023,auto:AN05B023a,right,dimorphic,3,0.04945288593749905,0.2509290138204453
720575941480784381,ascending_neuron,AN19B060,AN19B060,right,isomorphic,3,0.044608799577121966,0.23832265453531037
720575941480797859,descending_neuron,DNge005,auto:DNge172,left,isomorphic,3,0.4313933729458342,0.7388401144029679
720575941480799395,descending_neuron,DNg105,DNg105,left,isomorphic,3,1.1882611257857547,1.2300166888387922
720575941480901827,descending_neuron,DNge085,auto:DNg18_a,left,isomorphic,3,0.043150705303030314,0.23439535911581416
720575941480917187,descending_neuron,DNge069,DNge069,right,isomorphic,3,0.1368435391991351,0.41741418944479497
720575941480942499,descending_neuron,DNg12_e,auto:DNge177,left,isomorphic,3,0.05075518633602826,0.25421154644003285
720575941480954019,descending_neuron,DNpe031,DNpe031,right,isomorphic,3,0.361193109803887,0.6781484724514085
720575941480969123,ascending_neuron,AN01B005,AN01B005,right,isomorphic,3,0.09751580633845361,0.3523648405656486
720575941480974048,descending_neuron,DNg88,DNg88,right,isomorphic,3,0.5528329678853852,0.8389808080909698
720575941480996226,descending_neuron,DNpe008,auto:DNp17,right,isomorphic,3,0.03864518473333846,0.2218210481809202
720575941481010511,ascending_neuron,AN10B027,AN10B027,right,isomorphic,3,0.12134898520420313,0.3930729279351016
720575941481059663,ascending_neuron,AN05B052,auto:AN05B050_c,left,isomorphic,3,0.07423787401318875,0.30744527465983085
720575941481103523,descending_neuron,DNpe019,auto:DNp51,left,isomorphic,3,0.34566574105339076,0.6634118560663217
720575941481122690,descending_neuron,DNg08_b,auto:DNg08,right,isomorphic,3,0.09393470992063563,0.3458343350423432
720575941481244128,ascending_neuron,AN01B002,AN01B002,right,isomorphic,3,0.09211151273148065,0.3424617066696619
720575941481339215,ascending_neuron,AN08B031,AN08B031,left,dimorphic,3,0.04480706899350662,0.23885169483637625
720575941481381117,descending_neuron,DNg45,DNg45,left,isomorphic,3,0.3350056590335593,0.6531021763794638
720575941481407427,descending_neuron,DNg10,auto:DNg10,left,isomorphic,3,0.05507894907009615,0.2639723171730728
720575941481470883,ascending_neuron,AN27X017,auto:AN27X018,right,isomorphic,3,0.499379564561428,0.7973893712812057
720575941481742671,sensory_ascending,SApp09,SApp09,left,isomorphic,3,0.6681427844534672,0.9223371480622563
720575941482025923,sensory_ascending,SApp04,SApp04,left,isomorphic,3,0.09704931499604617,0.35152101735518637
720575941482056834,descending_neuron,DNpe049,,right,isomorphic,3,0.1275754171280532,0.40303109808490084
720575941482071631,ascending_neuron,ANXXX145,ANXXX145,left,isomorphic,3,0.07678935946969603,0.3126839444098474
720575941482115526,ascending_neuron,AN12B055,auto:AN12B076,right,isomorphic,3,0.040352899726431475,0.22666915907645063
720575941482146467,ascending_neuron,AN05B017,AN05B017,right,isomorphic,3,0.17269091642856974,0.46891033664594145
720575941482193315,ascending_neuron,AN17A024,AN17A024,right,isomorphic,3,0.10562471070008508,0.36672272709031767
720575941482233027,ascending_neuron,ANXXX462a,ANXXX462a,left,isomorphic,3,0.172084402916063,0.4680861745713821
720575941482268867,ascending_neuron,ANXXX145,ANXXX145,right,isomorphic,3,0.06528220902014409,0.28830520302643514
720575941482323651,ascending_neuron,AN19B024,AN19B024,right,isomorphic,3,0.2632756999188331,0.5789758477730192
720575941482407677,descending_neuron,DNnt008,auto:DNg12_a,right,isomorphic,3,0.05797255257034633,0.27168538135461584
720575941482418083,descending_neuron,DNge145,auto:DNge111,right,isomorphic,3,0.07470728806570194,0.308415747725652
720575941482431311,descending_neuron,DNge142,DNge142,left,isomorphic,3,0.39330535854076487,0.7076524116049795
720575941482437967,ascending_neuron,AN09B013,AN09B013,right,isomorphic,3,0.26553105622224843,0.5814504631844939
720575941482535366,descending_neuron,DNg01,auto:DNg01_a,right,isomorphic,3,0.13232944884259656,0.4104717861186109
720575941482713341,descending_neuron,DNg07,DNg07,left,isomorphic,3,0.02615516455988478,0.18248777991060378
720575941482956998,ascending_neuron,AN08B026,AN08B026,right,isomorphic,3,0.14979882771765549,0.436726219965196
720575941482975430,sensory_ascending,SApp01,auto:SApp06,left,isomorphic,3,0.06549336599852561,0.2887710918827162
720575941483052541,sensory_ascending,LgAG1,auto:LgAG1,left,dimorphic,3,0.08063774100590144,0.3204234083939966
720575941483099590,ascending_neuron,ANXXX254,ANXXX254,right,dimorphic,3,0.08679729704059967,0.3324360855385826
720575941483100099,sensory_ascending,SApp13,auto:SApp04,left,isomorphic,3,0.12275894821428732,0.3953499049405812
720575941483105475,ascending_neuron,AN08B049,auto:AN08B066,right,isomorphic,3,0.10374207064651395,0.3634398255555526
720575941483106243,ascending_neuron,AN02A002,AN02A002,left,isomorphic,3,0.9885859394832693,1.1219209916563915
720575941483124410,ascending_neuron,AN06A092,AN06A092,right,dimorphic,3,0.12825272980699948,0.4040995512376942
720575941483134659,ascending_neuron,ANXXX027,ANXXX027,right,isomorphic,3,0.19255966462056462,0.4951510675701339
720575941483161027,ascending_neuron,AN17A012,AN17A012,left,isomorphic,3,0.1725336818413341,0.46869681727012147
720575941483266246,descending_neuron,DNpe045,DNpe045,right,isomorphic,3,0.25422707145834667,0.5689393295624579
720575941483506618,ascending_neuron,AN17A014,AN17A014,right,isomorphic,3,0.1288679723214341,0.4050676467079126
720575941483554189,descending_neuron,DNge175,DNge175,left,dimorphic,3,0.18972532045454726,0.4914934187151244
720575941483566778,sensory_ascending,SApp01,auto:SApp06,left,isomorphic,3,0.2782271579627018,0.5951888943330417
720575941483582659,ascending_neuron,AN05B056,AN05B056,left,isomorphic,3,0.04736229617446677,0.2455678081890825
720575941483679674,descending_neuron,DNge076,DNge076,left,isomorphic,3,0.13507268330786373,0.4147045717146861
720575941483701178,descending_neuron,DNp67,DNp67,right,dimorphic,3,0.15600741399093127,0.44568465170468163
720575941483798781,ascending_neuron,AN10B015,AN10B015,left,isomorphic,3,0.2636160421918203,0.5793499542980898
720575941483828154,ascending_neuron,AN08B050,AN08B050,right,isomorphic,3,0.2812171062089402,0.5983784256481938
720575941483839042,ascending_neuron,AN19B104,AN19B104,right,dimorphic,3,0.010306053571429823,0.11455162572963994
720575941483848122,ascending_neuron,AN17A015,AN17A015,right,isomorphic,3,0.05293661466942132,0.25961700861367837
720575941483870018,sensory_ascending,SApp02,auto:SApp09,left,dimorphic,3,0.08485513774350531,0.3286957817632898
720575941483879430,ascending_neuron,AN07B071,auto:AN07B071_d,right,isomorphic,3,0.040107968465909014,0.22598020158807333
720575941483885709,ascending_neuron,AN19B065,auto:AN19B061,left,isomorphic,3,0.03917215033508402,0.22332830286136982
720575941483888450,sensory_ascending,SApp05,auto:SApp09,right,isomorphic,3,0.20122031511348853,0.5061636715594711
720575941483896838,ascending_neuron,AN08B101,AN08B101,right,dimorphic,3,0.05592703451799,0.26684923078036654
720575941484023549,ascending_neuron,AN10B033,auto:AN10B047,right,isomorphic,3,0.038134002083332834,0.2203490854338008
720575941484160954,ascending_neuron,AN07B085,auto:AN07B072_c,left,isomorphic,3,0.020944242382276875,0.16330045203744264
720575941484195514,descending_neuron,DNp24,DNp24,left,isomorphic,3,0.24920402507620354,0.5632907059717881
720575941484263878,descending_neuron,DNbe005,DNbe005,left,dimorphic,3,0.6181244448304416,0.8871417512019072
720575941484265981,sensory_ascending,SApp03,,left,isomorphic,3,0.00968258928571472,0.1110326779556405
720575941484372221,ascending_neuron,AN09B029_b,auto:AN09B029,right,isomorphic,3,0.20630311668892537,0.5125166205797159
720575941484465862,ascending_neuron,AN09B003,AN09B003,left,isomorphic,3,0.2186355737057436,0.5276129815764696
720575941484535482,descending_neuron,DNg64,DNg64,right,isomorphic,3,0.048598496305362365,0.24875193931033596
720575941484691642,ascending_neuron,AN17A003,AN17A003,right,isomorphic,3,0.3323201823837114,0.6504792062199551
720575941484864454,ascending_neuron,AN_GNG_90,,right,isomorphic,3,0.026496562509447538,0.18367490625171357
720575941484893949,ascending_neuron,AN09B007,AN09B007,left,isomorphic,3,0.1929183242506996,0.49561198466141965
720575941484960253,ascending_neuron,AN27X015,AN27X015,left,isomorphic,3,0.3718128924242211,0.6880456946140128
720575941484965186,ascending_neuron,AN04B003,AN04B003,right,isomorphic,3,0.40900262482363137,0.7216358609616952
720575941485069520,ascending_neuron,AN10B048,auto:AN10B053,left,isomorphic,3,0.025096011904762433,0.17875467762351827
720575941485157562,ascending_neuron,AN00A002,AN00A002,right,isomorphic,12,0.11545522342146498,0.38338587023300463
720575941485303693,ascending_neuron,AN10B037,AN10B037,right,dimorphic,3,0.020051908862434954,0.1597838643639515
720575941485358733,descending_neuron,DNge091,DNge091,right,isomorphic,3,0.18286010840758354,0.4825191407385765
720575941485651206,sensory_ascending,SApp05,auto:SApp09,left,isomorphic,3,0.06466964299533898,0.2869493802146485
720575941485705478,ascending_neuron,AN17A013,AN17A013,right,isomorphic,3,0.06499113831076808,0.28766175858918464
720575941485886672,ascending_neuron,AN06A018,AN06A018,right,isomorphic,3,0.13936708323129385,0.4212453935706361
720575941485889858,ascending_neuron,AN10B051,auto:AN10B045,right,isomorphic,3,0.03926756509539905,0.2236001267998841
720575941486250758,ascending_neuron,AN19B093,auto:AN19B102,left,isomorphic,3,0.05225763730158635,0.2579466811703672
720575941486413709,descending_neuron,DNg40,DNg40,left,isomorphic,3,0.2575608272081537,0.5726575157772065
720575941486437954,descending_neuron,DNg108,DNg108,left,isomorphic,3,1.7346728120296875,1.4861541042076167
720575941486460813,sensory_ascending,SAxx02,auto:LgAG1,left,isomorphic,3,0.06377856971988355,0.2849656068265158
720575941486574598,descending_neuron,DNg02_g,DNg02_g,left,dimorphic,3,0.08836331092240331,0.3354216179230737
720575941486575426,descending_neuron,DNge082,DNge082,left,isomorphic,3,0.19925349881999882,0.5036838632758286
720575941486587714,descending_neuron,DNp17,auto:DNpe009,left,isomorphic,3,0.08412832204170992,0.3272850538226882
720575941486681808,ascending_neuron,AN07B089,AN07B089,left,isomorphic,3,0.03078189793388361,0.19797153762958505
720575941486684226,descending_neuron,DNa14,DNa14,left,isomorphic,3,0.2644282620406388,0.5802417771720106
720575941486694541,ascending_neuron,ANXXX984,auto:AN09B042,right,female-specific,3,0.14965814935966393,0.43652110367839664
720575941486700098,descending_neuron,DNa05,DNa05,right,isomorphic,3,0.998787611730432,1.1276949428133372
720575941486700354,ascending_neuron,ANXXX433,auto:AN27X022,left,isomorphic,3,0.3108655102124182,0.6291313540880977
720575941486776642,ascending_neuron,AN00A006,AN00A006,left,dimorphic,12,0.14489554983606884,0.4275147017593648
720575941486783238,ascending_neuron,AN08B099,auto:AN08B099_g,left,dimorphic,3,0.08639936576779202,0.3316731661373743
720575941486815238,descending_neuron,DNge027,DNge027,right,isomorphic,3,0.10352010117366592,0.3630508042812967
720575941486839046,ascending_neuron,AN04B004,AN04B004,left,isomorphic,3,0.03902727135854501,0.2229149282053795
720575941486868432,ascending_neuron,AN08B100,AN08B100,left,isomorphic,3,0.055506245117843106,0.26584346195421266
720575941486980560,ascending_neuron,AN12B006,AN12B006,left,isomorphic,12,0.07844605571958424,0.31593150136012005
720575941487186896,descending_neuron,DNge112,auto:DNge089,right,isomorphic,3,0.020681025939543147,0.16227106967022806
720575941487319437,descending_neuron,DNp57,DNp57,right,isomorphic,3,0.3912810367390141,0.7058289375486704
720575941487325325,ascending_neuron,AN09B028,AN09B028,right,dimorphic,3,0.10807536587021753,0.37095259756157783
720575941487448205,descending_neuron,DNge110,DNge110,left,isomorphic,3,0.1371251530629762,0.4178434724363219
720575941487451701,sensory_ascending,SAabg01,,,dimorphic,3,0.06800874202613,0.29426420056704294
720575941487480838,descending_neuron,DNae006,DNae006,right,isomorphic,3,0.2542319753668778,0.5689448168084885
720575941487488821,ascending_neuron,AN10B019,AN10B019,left,isomorphic,3,0.5297585423701313,0.8212852886219925
720575941487560757,sensory_ascending,SAch01,auto:LgAG1,,dimorphic,3,0.047589573631726154,0.2461563061654109
720575941487659984,descending_neuron,DNge016,auto:DNg06,right,isomorphic,3,0.14566318010360757,0.4306554552305048
720575941487707189,ascending_neuron,AN16B112,AN16B112,left,isomorphic,3,0.12240560482804526,0.39478051695124544
720575941487783888,ascending_neuron,AN09B009,AN09B009,left,isomorphic,3,0.22317525135986177,0.5330624310881287
720575941487869904,ascending_neuron,AN05B062,auto:AN05B059,left,isomorphic,3,0.05751071689639765,0.27060103288524634
720575941487876560,ascending_neuron,AN00A006,AN00A006,right,dimorphic,12,0.12435371077520477,0.397734394290327
720575941487951757,descending_neuron,DNge141,DNge141,right,isomorphic,3,0.3903568273189274,0.7049948574988428
720575941487967689,ascending_neuron,AN07B072,auto:AN07B072_e,right,isomorphic,3,0.06951007527859539,0.29749449844026643
720575941488006197,sensory_ascending,SApp23,SApp23,right,isomorphic,3,0.04557894865689996,0.24090022797294872
720575941488139214,ascending_neuron,AN07B056,AN07B056,right,isomorphic,3,0.11200295322040256,0.3776328761738563
720575941488207305,ascending_neuron,AN01B011,AN01B011,left,isomorphic,3,0.05713323310023425,0.26971149716278353
720575941488256976,ascending_neuron,AN08B099,auto:AN08B099_b,left,dimorphic,3,0.06036265605029878,0.2772293648019409
720575941488498892,sensory_ascending,SAch01,,,isomorphic,3,0.024315586246393146,0.17595330619890662
720575941488529205,sensory_ascending,SApp01,auto:SApp06,left,isomorphic,3,0.11910293198356314,0.38941823646996165
720575941488722894,sensory_ascending,SApp10,auto:SApp10,left,isomorphic,3,0.1602919738220209,0.45176330060536185
720575941488756711,sensory_ascending,SApp09,SApp09,right,isomorphic,3,0.05045536307189587,0.2534595894952646
720575941488845287,descending_neuron,DNg44,DNg44,left,isomorphic,3,0.28373459661211864,0.601050836964752
720575941489036494,descending_neuron,DNg12_e,auto:DNg12_b,left,isomorphic,3,0.05249832508137113,0.2585400230640578
720575941489083596,descending_neuron,DNg02_f,auto:DNg02_e,right,isomorphic,3,0.18774066361997774,0.4889159816121557
720575941489182951,sensory_ascending,SApp01,auto:SApp06,left,isomorphic,3,0.1424222651856093,0.4258375982520517
720575941489185488,ascending_neuron,AN17A015,AN17A015,left,isomorphic,3,0.05623749580247021,0.2675888703825008
720575941489195724,descending_neuron,DNg12_a,DNg12_a,left,isomorphic,3,0.06779752187499946,0.2938068853623015
720575941489207605,descending_neuron,DNpe009,DNpe009,right,isomorphic,3,0.044731548198177616,0.2386503217327533
720575941489274057,descending_neuron,DNge046,DNge046,right,isomorphic,3,0.05121998536785457,0.255372885896504
720575941489294800,ascending_neuron,AN10B048,auto:AN10B033,left,isomorphic,3,0.03156066666666404,0.20046019270219598
720575941489375797,ascending_neuron,AN06A092,AN06A092,right,isomorphic,3,0.11489540971154036,0.3824779459698057
720575941489377737,descending_neuron,DNp17,DNp17,right,isomorphic,3,0.09641325994795408,0.35036720052334513
720575941489638094,ascending_neuron,AN17B012,AN17B012,right,isomorphic,3,0.2890968036855905,0.6067037849799785
720575941489748169,ascending_neuron,AN10B020,AN10B020,left,isomorphic,3,0.36669365182986685,0.6832926593438085
720575941489759177,ascending_neuron,AN17A068,auto:AN17A047,right,isomorphic,3,0.07991032201299028,0.31897489245935956
720575941489792206,sensory_ascending,SApp08,SApp08,left,isomorphic,3,0.10890914037518164,0.37238075179685937
720575941489802697,ascending_neuron,AN10B031,AN10B031,left,dimorphic,3,0.0450484364397931,0.23949415588617834
720575941490071605,descending_neuron,DNpe054,DNpe054,left,isomorphic,3,0.059149311067017596,0.2744289377860287
720575941490249166,ascending_neuron,ANXXX410,ANXXX410,right,isomorphic,3,0.09112939799383044,0.3406311101670752
720575941490285006,ascending_neuron,AN23B003,AN23B003,left,isomorphic,3,0.2917069693304034,0.6094365010616913
720575941490463541,ascending_neuron,AN10B029,AN10B029,left,isomorphic,3,0.06259746193813052,0.282314654135562
720575941490679497,descending_neuron,DNge145,DNge145,right,isomorphic,3,0.08939911071428552,0.3373818060085418
720575941490705865,ascending_neuron,AN14A003,AN14A003,left,isomorphic,3,0.08715537940911812,0.3331211125102789
720575941490717390,descending_neuron,DNa09,DNa09,right,dimorphic,3,1.0306439888162466,1.145537726617692
720575941490799157,descending_neuron,DNp58,DNp58,right,isomorphic,3,0.22845780009552286,0.539334316898916
720575941490868021,ascending_neuron,AN10B047,AN10B047,right,isomorphic,3,0.025092071657512177,0.178740644212985
720575941490914761,ascending_neuron,AN19A018_d,auto:AN19A018,left,isomorphic,3,0.5484826246683686,0.8356732419599785
720575941491012809,descending_neuron,MDN,MDN,left,isomorphic,3,0.4058284730236751,0.7188302026440113
720575941491055820,descending_neuron,DNp17,DNp17,left,isomorphic,3,0.10845955449735757,0.37161134776859833
720575941491057614,ascending_neuron,ANXXX264,ANXXX264,left,isomorphic,3,0.09388192099567504,0.3457371463227459
720575941491584743,ascending_neuron,ANXXX200,ANXXX200,right,isomorphic,3,0.09907571726190466,0.35517195995863354
720575941491649255,descending_neuron,oviDNa_a,auto:DNpe034,right,female-specific,3,0.15418652039225653,0.4430760375246393
720575941491649511,ascending_neuron,AN04B023,AN04B023,right,isomorphic,3,0.0973340591688845,0.3520363236704643
720575941491857461,descending_neuron,DNpe025,,left,dimorphic,3,0.21242447444835041,0.5200646509206561
720575941491875047,sensory_ascending,SApp07,auto:SApp01,right,isomorphic,3,0.09884557063749481,0.3547591991162051
720575941491877833,descending_neuron,DNp13,auto:DNp13,right,dimorphic,3,0.6228932003027835,0.8905572720337219
720575941491972327,descending_neuron,DNge084,DNge084,left,isomorphic,3,0.21134118788510345,0.5187368869153394
720575941491973941,ascending_neuron,ANXXX120,ANXXX120,right,isomorphic,3,0.2666759430717453,0.5827026311494476
720575941492003559,sensory_ascending,SAch02,auto:LgAG8,left,isomorphic,3,0.04768030978148664,0.24639086005574878
720575941492125902,descending_neuron,DNp62,DNp62,right,isomorphic,3,0.28841959813589024,0.6059927704380964
720575941492153214,ascending_neuron,AN07B069,auto:AN07B069_b,left,isomorphic,3,0.05103833877980999,0.2549196564254006
720575941492217548,descending_neuron,DNge141,DNge141,left,isomorphic,3,0.30775116447177875,0.6259720061981716
720575941492249776,sensory_ascending,SApp08,auto:SApp09,left,isomorphic,3,0.03260866647677539,0.2037612417986067
720575941492283312,ascending_neuron,AN10B046,AN10B046,right,dimorphic,3,0.021204513888889744,0.16431197646617368
720575941492358350,ascending_neuron,AN05B040,auto:AN05B029,right,isomorphic,3,0.16877043594484162,0.4635571087009292
720575941492419504,ascending_neuron,AN10B053,AN10B053,left,isomorphic,3,0.03704434388257662,0.21717809175896327
720575941492467070,ascending_neuron,AN07B062,AN07B062,left,isomorphic,12,0.06986733836881948,0.29825803945002605
720575941492471502,descending_neuron,DNg74_a,DNg74_a,right,isomorphic,3,2.050845957542545,1.6159264133318134
720575941492477644,descending_neuron,DNp49,DNp49,right,isomorphic,3,0.37278228007072073,0.6889420444148988
720575941492588976,descending_neuron,DNge103,DNge103,left,dimorphic,3,0.3153609095843186,0.6336639337585852
720575941492684208,descending_neuron,DNpe054,auto:DNpe015,left,isomorphic,3,0.06588113996998637,0.28962471003355184
720575941492697264,descending_neuron,DNp28,DNp28,left,isomorphic,3,1.1406011459937877,1.205096877371083
720575941492751820,ascending_neuron,AN09A005,,right,isomorphic,3,0.15577413436920085,0.4453513084361102
720575941492793036,ascending_neuron,AN06B023,,left,isomorphic,3,0.3234465502319082,0.6417358789747023
720575941492968423,descending_neuron,DNp37,,left,female-specific,3,0.14257501267134412,0.42606589188090643
720575941493018032,ascending_neuron,ANXXX106,ANXXX106,right,isomorphic,3,0.12370429980618769,0.39686925601136264
720575941493019111,descending_neuron,DNpe054,auto:DNp17,right,isomorphic,3,0.04664131339285535,0.2436915358197104
720575941493021104,descending_neuron,DNpe054,DNpe054,right,isomorphic,3,0.06187271138888768,0.280675582978494
720575941493106119,ascending_neuron,AN07B046,auto:AN07B046_a,right,isomorphic,3,0.06162592797939966,0.2801152771349195
720575941493128935,ascending_neuron,ANXXX086,ANXXX086,left,isomorphic,3,0.08485585680650176,0.3286971744454498
720575941493155303,ascending_neuron,AN05B005,AN05B005,left,isomorphic,3,0.13322511776259027,0.4118585780183883
720575941493311920,ascending_neuron,AN12B008,AN12B008,left,isomorphic,3,0.18070164155428192,0.4796628772643037
720575941493318832,ascending_neuron,AN01B005,AN01B005,left,isomorphic,3,0.11102335385041089,0.37597782449430184
720575941493333680,ascending_neuron,AN19A019,AN19A019,left,isomorphic,3,0.13814963904373012,0.4194014586543137
720575941493567943,sensory_ascending,SApp22,auto:SApp09,left,isomorphic,3,0.44402067016692714,0.751894058984602
720575941493928064,descending_neuron,DNg12_a,auto:DNg12_h,right,isomorphic,3,0.10204796994047571,0.36046013758550177
720575941493947006,descending_neuron,DNg46,DNg46,right,isomorphic,3,0.10752292114700696,0.3700032907553795
720575941493998464,descending_neuron,DNge087,auto:DNge087,right,isomorphic,3,0.05897072373943274,0.27401433803123953
720575941494185344,sensory_ascending,SApp17,auto:SApp08,right,isomorphic,3,0.25670668412440656,0.5717071817154588
720575941494330750,ascending_neuron,AN10B033,AN10B033,left,isomorphic,3,0.04680839476148788,0.24412762898922483
720575941494794160,descending_neuron,DNge121,auto:DNge131,left,isomorphic,3,0.2877878137201863,0.6053286916390282
720575941494960254,descending_neuron,DNg79,DNg79,left,isomorphic,3,0.2733083768049719,0.5899042577024417
720575941494975102,ascending_neuron,AN17B008,AN17B008,right,isomorphic,3,0.14445489704801773,0.4288655819160392
720575941494986951,descending_neuron,DNg02_c,auto:DNg02_e,right,isomorphic,3,0.09490889761904642,0.34762301649314137
720575941494994558,ascending_neuron,AN18B053,AN18B053,right,dimorphic,3,0.3069079432972513,0.6251138536293988
720575941495055486,descending_neuron,DNpe001,DNpe001,right,isomorphic,3,0.08184660622294311,0.32281625678614484
720575941495108551,sensory_ascending,SAch01,auto:LgAG1,,dimorphic,3,0.03552224761363819,0.21266953326595328
720575941495266247,descending_neuron,DNge067,DNge067,right,isomorphic,3,0.37622627923766633,0.6921171696280699
720575941495343047,sensory_ascending,SApp20,auto:SApp19,right,isomorphic,3,0.2623151040476222,0.577918647955533
720575941495650174,sensory_ascending,SApp07,auto:SApp08,right,isomorphic,3,0.09602095218253966,0.34965364783158437
720575941495729019,ascending_neuron,AN05B068,AN05B068,right,isomorphic,3,0.018576831168832825,0.15379452545531874
720575941495736448,ascending_neuron,AN17B013,AN17B013,,isomorphic,3,0.13928673051947985,0.42112394060926034
720575941495775431,descending_neuron,DNge085,auto:DNge179,left,isomorphic,3,0.053107108479106345,0.2600347488743346
720575941495899465,ascending_neuron,AN10B017,AN10B017,right,isomorphic,3,0.519213280103957,0.8130700341176108
720575941495918665,descending_neuron,DNg106,DNg106,left,isomorphic,3,0.12882985308248263,0.40500773262622786
720575941495929470,descending_neuron,DNg36_b,DNg36_b,right,isomorphic,3,0.04923026722582797,0.2503635816763365
720575941495964615,ascending_neuron,AN09B044,AN09B044,left,isomorphic,3,0.03239514321789289,0.20309302647402827
720575941495967969,sensory_ascending,SApp09,SApp09,left,isomorphic,3,0.18492992542428016,0.48524230447799793
720575941495998843,descending_neuron,DNg41,DNg41,right,isomorphic,3,0.20119116058505793,0.5061270015599426
720575941496013767,ascending_neuron,AN08B079,auto:AN08B079_a,left,isomorphic,3,0.017170152979582184,0.14785708560213243
720575941496095431,ascending_neuron,AN09B023,AN09B023,left,isomorphic,3,0.1496139001984126,0.43645656619494105
720575941496208071,descending_neuron,DNge058,DNge058,right,isomorphic,3,0.25523110912150776,0.5700616994502605
720575941496285822,ascending_neuron,AN07B037,auto:AN07B037_b,right,isomorphic,3,0.40835713675674135,0.7210661931428404
720575941496386171,sensory_ascending,SApp22,auto:SApp06,left,isomorphic,3,0.05984402777777879,0.2760358358671886
720575941496426695,descending_neuron,DNg02_f,DNg02_f,left,isomorphic,3,0.20126784947691592,0.5062234536623266
720575941496642944,ascending_neuron,AN07B005,AN07B005,left,isomorphic,3,0.12424385317718209,0.39773381432241556
720575941496676295,descending_neuron,DNa06,DNa06,left,isomorphic,3,0.3228214604167475,0.6411154726660089
720575941496695751,descending_neuron,DNg22,DNg22,left,isomorphic,3,0.3572157837910313,0.6744043756725686
720575941496696263,descending_neuron,DNp58,DNp58,left,isomorphic,3,0.1723422331649821,0.4684367048957875
720575941496731042,descending_neuron,DNg72,DNg72,right,isomorphic,3,0.11461505515872865,0.3820110216343178
720575941496919168,descending_neuron,DNp57,DNp57,left,isomorphic,3,0.3953705223315533,0.7095078462252059
720575941496927360,ascending_neuron,ANXXX169,ANXXX169,left,dimorphic,3,0.07322433677248658,0.30533935418765634
720575941496967040,ascending_neuron,AN07B078,auto:AN07B078_a,left,isomorphic,3,0.03992068148780383,0.225451968993506
720575941497035643,ascending_neuron,AN06B048,AN06B048,left,dimorphic,3,0.0883909391937213,0.3354740514223524
720575941497064098,sensory_ascending,SApp09,SApp09,right,isomorphic,3,0.3248942486022251,0.6431704324495723
720575941497822075,ascending_neuron,ANXXX019,,left,isomorphic,48,0.0327389223143424,0.20195595025982827
720575941497832777,sensory_ascending,SApp08,SApp08,left,isomorphic,3,0.20691342285058467,0.5132741492710038
720575941497902715,ascending_neuron,AN08B097,AN08B097,left,dimorphic,3,0.010675722222223034,0.11658795693356289
720575941498097481,ascending_neuron,AN06A092,auto:AN06A095,left,isomorphic,3,0.04788228967032895,0.24691218013845898
720575941498290850,sensory_ascending,SApp02,auto:SApp09,left,isomorphic,3,0.1499638749261467,0.4369667445443508
720575941498434683,descending_neuron,DNge094,DNge094,right,isomorphic,3,0.05406940908653975,0.26238008653372524
720575941498438523,ascending_neuron,ANXXX099,ANXXX099,left,isomorphic,3,0.07893084442901245,0.3170139940544546
720575941498442363,sensory_ascending,SApp13,auto:SApp10,right,isomorphic,3,0.06849493334690407,0.2953141678810508
720575941498444155,descending_neuron,DNg06,DNg06,left,isomorphic,3,0.09823355956710052,0.35365923239882985
720575941498466171,sensory_ascending,SApp01,auto:SApp06,left,isomorphic,3,0.15035990198187402,0.4375433385915331
720575941498486907,sensory_ascending,SApp01,auto:SApp06,left,isomorphic,3,0.18367373900570202,0.48359142654871906
720575941498489723,ascending_neuron,AN05B052,AN05B052,right,isomorphic,3,0.0864885761311019,0.33184435402452855
720575941498583675,ascending_neuron,AN09B016,AN09B016,left,isomorphic,12,0.2223887865385621,0.5320130403443109
720575941498730146,ascending_neuron,AN08B097,AN08B061,right,dimorphic,3,0.05419455148962283,0.2626835473831083
720575941498736034,ascending_neuron,AN10B053,AN10B053,left,isomorphic,3,0.03370434502878233,0.2071562331189763
720575941498788258,descending_neuron,DNge071,DNge071,left,isomorphic,3,0.04205695977716607,0.23140567045693583
720575941498832763,ascending_neuron,AN19B022,auto:AN19B022,right,isomorphic,3,0.11226557204545448,0.37807534413207516
720575941498833531,ascending_neuron,AN10B047,AN10B047,right,dimorphic,3,0.031194937890814005,0.1992953298954637
720575941498862242,ascending_neuron,AN08B099,auto:AN08B099_b,right,dimorphic,3,0.19733718969565223,0.5012559361916911
720575941498947297,sensory_ascending,SApp21,auto:SApp19,right,isomorphic,3,0.12702679687764606,0.40216357496130856
720575941498979145,ascending_neuron,AN08B100,AN08B100,left,isomorphic,3,0.03879858963019192,0.22226087959223045
720575941498996193,ascending_neuron,ANXXX148,auto:ANXXX007,right,isomorphic,3,0.08175823710768486,0.3226419386771319
720575941498998395,descending_neuron,DNg03,auto:DNg02_a,right,isomorphic,3,0.1155471488775463,0.383561206631084
720575941499006433,ascending_neuron,AN08B057,AN08B057,right,isomorphic,3,0.1230898715887866,0.39588242201847795
720575941499022049,ascending_neuron,AN17A002,AN17A002,right,isomorphic,3,0.23890030908859422,0.5515227291608673
720575941499034786,ascending_neuron,AN08B097,AN08B097,left,dimorphic,3,0.039411668091168146,0.22401003177905288
720575941499062601,ascending_neuron,AN07B040,AN07B040,right,isomorphic,3,0.11177041122158961,0.3772406493190238
720575941499067003,sensory_ascending,SApp09,auto:SApp08,left,isomorphic,3,0.07953492530252501,0.3182247823201897
720575941499076987,ascending_neuron,AN06B031,auto:AN06B090,left,isomorphic,3,0.24025000752332357,0.5530784846670642
720575941499077089,descending_neuron,DNpe027,DNpe027,right,isomorphic,3,0.07421551956619775,0.3073989823417592
720575941499161569,ascending_neuron,AN19A018_d,auto:AN19A018,right,isomorphic,3,0.3799964229385681,0.6955763599658148
720575941499166281,descending_neuron,DNge124,DNge124,left,isomorphic,3,0.23056797839524923,0.541819405191872
720575941499192905,ascending_neuron,AN05B005,AN05B005,right,isomorphic,3,0.13500268376063262,0.41459710033888686
720575941499200585,descending_neuron,DNg95,DNg95,left,isomorphic,3,0.37407561573000503,0.6901361218401753
720575941499397003,sensory_ascending,SApp06,SApp06,right,isomorphic,3,0.22261242545186888,0.5302810549151309
720575941499708745,descending_neuron,MDN,MDN,right,isomorphic,3,0.338282018597665,0.6562880795438714
720575941499893154,ascending_neuron,ANXXX150,auto:ANXXX116,right,dimorphic,3,0.15206410514527313,0.4400159451721352
720575941499916962,ascending_neuron,AN05B023,auto:AN05B023d,left,dimorphic,3,0.2253153001367291,0.5356121266065169
720575941499964385,descending_neuron,DNp30,auto:DNp30,left,isomorphic,3,0.3424301262321511,0.6602996123180963
720575941500465547,ascending_neuron,AN17B009,AN17B009,right,isomorphic,3,0.2434566897294352,0.5567572943337481
720575941500564363,sensory_ascending,SApp10,SApp10,left,isomorphic,3,0.09698570625000211,0.35140580028162727
720575941500700139,descending_neuron,DNg01,auto:DNg01_d,left,isomorphic,3,0.11092353447364799,0.3758087685693918
720575941500828578,descending_neuron,DNg102,DNg102,right,isomorphic,12,0.23887964722022687,0.5259565105089781
720575941500839147,descending_neuron,DNge111,auto:DNg07,right,isomorphic,3,0.04108965515872667,0.22872904019302398
720575941500840866,descending_neuron,DNpe039,DNpe039,left,isomorphic,3,0.27900560422684273,0.5960209463637535
720575941500843426,descending_neuron,DNbe003,DNbe003,right,isomorphic,3,0.21011022578298913,0.5172239826420806
720575941500851362,descending_neuron,DNg100,DNg100,right,isomorphic,3,1.6114292909495032,1.4323880398765731
720575941501088395,sensory_ascending,SApp17,auto:SApp08,left,isomorphic,3,0.42019146357923953,0.7314399413412099
720575941501258583,ascending_neuron,AN19B079,auto:AN19B063,left,isomorphic,3,0.04591612758563789,0.24178963870095682
720575941501523394,ascending_neuron,AN07B056,AN07B056,right,isomorphic,3,0.04231493928571645,0.23211431242308533
720575941501552983,descending_neuron,DNg02_g,DNg02_g,right,dimorphic,3,0.09352296558641976,0.34507555422767255
720575941501608939,descending_neuron,DNg12_b,DNg12_b,right,isomorphic,3,0.04881639750841596,0.24930898046244998
720575941501635927,descending_neuron,DNg02_b,auto:DNg03,left,isomorphic,3,0.08573881047979798,0.33040285110972084
720575941501675826,sensory_ascending,SApp07,auto:SApp01,right,isomorphic,3,0.22568477645513577,0.536051100201645
720575941501705522,ascending_neuron,AN19B104,AN19B104,right,dimorphic,3,0.04073800694444513,0.22774819739212696
720575941501806786,ascending_neuron,AN18B025,AN18B025,left,isomorphic,3,0.15716536095553735,0.4473356152053689
720575941501878466,ascending_neuron,AN19B065,AN19B065,right,isomorphic,3,0.06184500988230665,0.28061274423427346
720575941501922498,ascending_neuron,AN07B091,AN07B091,left,isomorphic,3,0.034778916071425955,0.21043262880353136
720575941501969714,sensory_ascending,SApp15,auto:SApp09,right,isomorphic,3,0.11406173419168772,0.38108779895704825
720575941501994891,ascending_neuron,AN19B051,AN19B051,left,isomorphic,3,0.04130306047618635,0.22932224034504023
720575941502004107,descending_neuron,DNpe003,DNpe003,left,dimorphic,3,0.22434542625541137,0.5344581072346607
720575941502081515,ascending_neuron,ANXXX120,ANXXX120,right,isomorphic,3,0.2425263902711628,0.5556925325529557
720575941502158059,ascending_neuron,AN08B018,AN08B018,left,isomorphic,3,0.6382616171746462,0.9014765281877145
720575941502169835,sensory_ascending,SApp22,auto:SApp09,left,isomorphic,3,0.6093355448275775,0.8808121886572738
720575941502197643,ascending_neuron,AN27X004,AN27X004,left,isomorphic,3,0.0842802836111084,0.3275805090892284
720575941502213515,ascending_neuron,ANXXX470,ANXXX470,right,isomorphic,12,0.32126864562454405,0.6395558961919121
720575941502252523,sensory_ascending,LgAG3,auto:LgAG1,left,isomorphic,3,0.04415835878562306,0.2371163609632593
720575941502262411,descending_neuron,DNge007,DNge007,left,isomorphic,3,0.7055636701598597,0.9478140989540144
720575941502273419,descending_neuron,DNpe022,DNpe022,right,isomorphic,3,0.3263504545188118,0.6446101954946457
720575941502323435,sensory_ascending,SAch01,auto:LgAG1,left,dimorphic,3,0.018840615530301124,0.1548825901782729
720575941502628695,descending_neuron,DNp15,DNp15,right,isomorphic,3,0.8654580034161079,1.0497310866393013
720575941502715019,descending_neuron,DNg24,DNg24,right,isomorphic,3,0.3494360935829381,0.6670201291622119
720575941502721003,ascending_neuron,AN07B082,auto:AN07B110,left,isomorphic,3,0.01837366876417327,0.15295123946019742
720575941502734475,descending_neuron,DNp38,DNp38,left,isomorphic,3,0.18076795063852782,0.479750876157311
720575941502736779,ascending_neuron,AN09B018_d,AN09B018,left,isomorphic,3,0.18636994958155198,0.4871278987673879
720575941503121035,ascending_neuron,AN05B100,AN05B100,left,isomorphic,3,0.16789682895157076,0.46235579595888643
720575941503123339,ascending_neuron,AN08B099,auto:AN08B099_g,left,dimorphic,3,0.07089679702315237,0.30044734241617077
720575941503131371,descending_neuron,DNpe054,auto:DNpe008,left,isomorphic,3,0.05428957916666781,0.2629137483320941
720575941503144587,descending_neuron,DNg10,auto:DNge179,left,isomorphic,3,0.049296870633114866,0.25053288231642445
720575941503193916,ascending_neuron,AN_GNG_SAD_6,auto:AN09B028,left,isomorphic,3,0.03573758322811439,0.21331315992994748
720575941503253899,ascending_neuron,AN09B009,AN09B009,left,isomorphic,3,0.11895536835672678,0.3891769251257356
720575941503334962,ascending_neuron,AN10B037,auto:AN10B046,right,dimorphic,3,0.034114598611110755,0.20841318577391757
720575941503456491,ascending_neuron,AN10B045,auto:AN10B046,right,isomorphic,3,0.01967877642602512,0.15829022818107655
720575941503461867,descending_neuron,DNge010,auto:DNge010,left,dimorphic,3,0.2977798821284319,0.6157476118934568
720575941503483330,ascending_neuron,AN08B101,auto:AN08B099_g,right,dimorphic,3,0.06072393352272786,0.27805775204623645
720575941503524914,ascending_neuron,AN05B104,AN05B104,left,isomorphic,12,0.021299296255416572,0.16426576513125085
720575941503527147,descending_neuron,DNge025,auto:DNge024,right,isomorphic,3,0.09039602075442073,0.33925770191880533
720575941503528171,descending_neuron,DNg02_h,auto:DNg02_d,right,isomorphic,3,0.2292086892729823,0.5402199248262465
720575941503529522,descending_neuron,DNg10,DNg10,left,isomorphic,3,0.1166887407738092,0.3854513188180373
720575941503549931,descending_neuron,DNg71,DNg71,right,isomorphic,3,0.4788399470297783,0.7808187729282668
720575941503553474,ascending_neuron,AN05B024,AN05B024,left,isomorphic,3,0.1173119553020272,0.3864792627822933
720575941503597116,sensory_ascending,SAch01,auto:LgAG1,right,dimorphic,3,0.06838998535985429,0.29508784086103124
720575941503634341,ascending_neuron,AN17A073,AN17A073,left,isomorphic,3,0.17853629009379782,0.4767803107488103
720575941503680087,ascending_neuron,AN06A027,AN06A027,left,isomorphic,3,0.31398395643674676,0.6322790442104409
720575941503710807,ascending_neuron,AN07B082,auto:AN07B082_a,left,isomorphic,3,0.026309499121314483,0.1359126819550038
720575941503767127,descending_neuron,DNpe003,DNpe003,right,dimorphic,3,0.1758154096342069,0.47313331326390845
720575941503769650,descending_neuron,DNg52,DNg52,left,isomorphic,3,0.09732353171092777,0.3520172853818969
720575941503788779,ascending_neuron,AN08B086,auto:AN08B053,right,dimorphic,3,0.08754265335775113,0.33386040212359896
720575941503813207,ascending_neuron,AN08B024,AN08B024,left,isomorphic,3,0.18035605037728464,0.47920398106923734
720575941503846706,descending_neuron,DNpe011,auto:DNpe018,left,dimorphic,3,0.056604711494706375,0.2684610904644939
720575941503855851,ascending_neuron,AN10B031,AN10B031,right,dimorphic,3,0.029539444940476858,0.19393501341362307
720575941503934551,ascending_neuron,AN17A062,AN17A062,right,isomorphic,3,0.19494209775640986,0.4982047649281256
720575941504090162,descending_neuron,DNae001,DNae001,left,isomorphic,3,0.3099091564952413,0.6281628716545251
720575941504117042,ascending_neuron,AN08B031,AN08B031,right,dimorphic,3,0.06349885710355789,0.2843400357138213
720575941504157675,sensory_ascending,SApp09,SApp09,right,isomorphic,3,0.09306320996701414,0.34422631957767835
720575941504235095,ascending_neuron,AN10B034,auto:AN10B045,right,isomorphic,3,0.039947250915749924,0.2255269819099053
720575941504240407,ascending_neuron,AN07B060,AN07B060,left,isomorphic,3,0.05227924267399262,0.2579999983359175
720575941504258839,descending_neuron,DNge025,auto:DNge024,right,isomorphic,3,0.0770987833477605,0.31331329338114194
720575941504319319,ascending_neuron,AN05B069,auto:AN17A068,right,isomorphic,3,0.06074951594561996,0.27811631743837445
720575941504331607,descending_neuron,DNg110,DNg110,right,isomorphic,3,0.11359192380952396,0.38030215534076267
720575941504354754,ascending_neuron,AN19A038,AN19A038,right,dimorphic,3,0.6451429703489456,0.9063230891112628
720575941504443074,ascending_neuron,AN05B094,auto:AN05B107,right,isomorphic,3,0.10185352948052051,0.36011656655234203
720575941504472645,ascending_neuron,AN07B072,auto:AN07B085,right,isomorphic,3,0.047002508766236746,0.24463330284925186
720575941504526386,descending_neuron,DNg55,DNg55,right,isomorphic,12,0.2505384901788062,0.5647665277625933
720575941504533810,ascending_neuron,AN05B015,AN05B015,right,isomorphic,3,0.043100692396034306,0.234259484256448
720575941504602418,descending_neuron,DNge130,DNge130,right,isomorphic,3,0.2384414803514657,0.5509928510322784
720575941504636610,ascending_neuron,AN05B100,AN05B100,right,isomorphic,3,0.10925609199695284,0.3729734264444899
720575941504674754,ascending_neuron,AN10B024,AN10B024,left,isomorphic,3,0.08475336321403751,0.3284986051620539
720575941504679106,descending_neuron,DNde002,DNde002,right,dimorphic,3,0.2417652688303751,0.5548198814195117
720575941504683570,ascending_neuron,AN19A018_a,auto:AN19A018,left,isomorphic,3,0.17852445868055747,0.4767645126207742
720575941504687810,descending_neuron,DNpe037,DNpe037,left,isomorphic,3,0.04039242111865403,0.22678013113115977
720575941504703938,descending_neuron,DNb02,DNb02,left,isomorphic,3,0.11119625443963366,0.37627047237190225
720575941504723906,ascending_neuron,AN05B017,AN05B017,left,isomorphic,3,0.11297573441558406,0.3792692614138653
720575941504810290,descending_neuron,DNg90,DNg90,right,isomorphic,3,0.31245908747543105,0.6307418380649743
720575941504849714,ascending_neuron,AN06A062,AN06A062,left,isomorphic,3,0.06722188962179616,0.29255694853873
720575941504860978,ascending_neuron,AN27X011,AN27X011,left,isomorphic,3,1.2672579691273405,1.2702452360366097
720575941505059397,ascending_neuron,AN07B070,AN07B070,left,isomorphic,3,0.04551667173971889,0.24073559438466827
720575941505143868,sensory_ascending,SApp23,SApp23,left,isomorphic,3,0.054462061511930226,0.26333106615966995
720575941505236133,ascending_neuron,AN10B053,auto:AN10B047,right,isomorphic,3,0.0772209648323929,0.3135614550725359
720575941505237995,ascending_neuron,AN05B046,auto:AN05B029,left,isomorphic,3,0.1314710068235949,0.40913822221096313
720575941505239717,ascending_neuron,ANXXX990,auto:ANXXX338,right,female-specific,3,0.15477461727629607,0.4439202217036641
720575941505242789,descending_neuron,DNg52,DNg52,right,isomorphic,3,0.11261389714391878,0.37866141489512184
720575941505410876,descending_neuron,DNge057,DNge057,left,isomorphic,3,0.05077541468936346,0.2542621990835921
720575941505421602,ascending_neuron,AN06A062,AN06A062,right,isomorphic,3,0.08921020776214754,0.33702516866965
720575941505425858,ascending_neuron,ANXXX255,ANXXX255,right,isomorphic,3,0.2002536304232233,0.5049463746098475
720575941505494871,descending_neuron,DNg104,,right,isomorphic,3,0.126460616183815,0.40126631727172013
720575941505530658,sensory_ascending,SApp22,auto:SApp08,right,isomorphic,3,0.041739150511922965,0.23052968788299963
720575941505558085,ascending_neuron,AN05B044,auto:AN17A062,right,isomorphic,3,0.23993308330135615,0.5527135693553421
720575941505566814,ascending_neuron,AN10B027,AN10B027,right,isomorphic,3,0.11150954441237837,0.3768001613073461
720575941505620770,sensory_ascending,SApp15,auto:SApp06,left,isomorphic,3,0.039103594073901043,0.22313279076855191
720575941505656866,ascending_neuron,AN07B091,AN07B091,right,isomorphic,3,0.021575784149876445,0.1657442052932555
720575941505673566,descending_neuron,DNg82,DNg82,right,isomorphic,3,0.23685840046295395,0.549160706871996
720575941505767970,descending_neuron,DNg20,DNg20,left,isomorphic,3,0.135448325332251,0.4152808255640699
720575941505797682,descending_neuron,DNge149,DNge149,right,isomorphic,12,0.49608754626439655,0.794752705573881
720575941505831262,ascending_neuron,AN10B047,AN10B047,left,isomorphic,12,0.059010370260690455,0.27410643364462445
720575941505860887,sensory_ascending,SApp10,auto:SApp19,left,isomorphic,3,0.2862157912948148,0.6036731431861321
720575941505872965,ascending_neuron,AN08B109,auto:AN08B081,left,dimorphic,3,0.05622553572665655,0.2675604146937637
720575941505929506,descending_neuron,DNg02_c,DNg02_c,right,isomorphic,3,0.0836136072097045,0.32628231821131354
720575941505985409,ascending_neuron,AN19B076,AN19B076,right,isomorphic,3,0.0632725984127021,0.2838330044184425
720575941505988165,descending_neuron,DNge151,DNge151,left,isomorphic,12,0.2064975375223625,0.5127411970804847
720575941506164037,descending_neuron,DNg46,auto:DNge108,left,isomorphic,3,0.08791135069444304,0.3345627118123684
720575941506196247,descending_neuron,DNp20,DNp20,left,isomorphic,3,5.540463738388479,2.656000287629394
720575941506224700,sensory_ascending,SApp22,auto:SApp09,right,isomorphic,3,0.25398522241323973,0.5686686460100402
720575941506229889,descending_neuron,DNge089,DNge089,right,isomorphic,3,0.006077235449733971,0.08796463208169333
720575941506304828,ascending_neuron,AN12B017,AN12B017,left,isomorphic,3,0.30226478782242006,0.6203672145080594
720575941506310821,descending_neuron,DNge016,DNge016,left,isomorphic,3,0.31122225435432144,0.6294922409732683
720575941506431548,ascending_neuron,AN08B043,AN08B111,right,dimorphic,3,0.0380032549216684,0.2199710139880239
720575941506486437,ascending_neuron,AN05B067,auto:AN05B081,left,isomorphic,3,0.03439823966640397,0.20927780343969402
720575941506522021,sensory_ascending,SApp08,auto:SApp06,left,isomorphic,3,0.03404535119047546,0.20820155486957753
720575941506550693,ascending_neuron,ANXXX985,auto:AN09B042,right,female-specific,3,0.08307679736544704,0.32523324500370066
720575941506628225,descending_neuron,DNge095,auto:DNge108,left,isomorphic,3,0.11129348147847705,0.37643493686113594
720575941506644028,descending_neuron,DNge071,auto:DNge179,left,isomorphic,3,0.07695659964299773,0.3130242576763287
720575941506912828,sensory_ascending,SApp05,auto:SApp09,right,isomorphic,3,0.034055107813852736,0.20823138564783344
720575941507037057,ascending_neuron,AN06A010,AN06A010,right,isomorphic,3,0.024229039682540622,0.1756398914107163
720575941507062341,ascending_neuron,AN08B109,AN08B109,left,dimorphic,3,0.047130295995532236,0.2449656233363876
720575941507062807,descending_neuron,DNg19,DNg19,left,isomorphic,3,0.08594240556700661,0.33079490524731514
720575941507073303,descending_neuron,DNp02,DNp02,right,isomorphic,3,4.421575522506245,2.3727041124607156
720575941507077399,ascending_neuron,AN07B015,auto:AN07B106,right,isomorphic,3,0.15178797004849978,0.43961624842676866
720575941507079703,descending_neuron,DNge064,DNge064,right,isomorphic,3,0.2302257155910563,0.5414171084344155
720575941507181079,ascending_neuron,AN17A062,AN17A062,right,isomorphic,3,0.06719539662735606,0.2924992926660055
720575941507205143,descending_neuron,DNpe030,DNpe030,right,isomorphic,3,0.31626886483512195,0.6345754687005931
720575941507208613,ascending_neuron,AN07B060,auto:AN07B046_a,right,isomorphic,3,0.06602616757066253,0.2899433178024248
720575941507241495,descending_neuron,DNge147,DNge147,left,isomorphic,3,0.1258632749167527,0.4003174975614766
720575941507242309,ascending_neuron,AN05B097,AN05B097,right,isomorphic,3,0.23568049716354592,0.5477935093732583
720575941507243333,descending_neuron,DNge061,DNge061,left,isomorphic,3,0.11606722444444532,0.38442343842476556
720575941507243589,descending_neuron,DNbe002,DNbe002,left,isomorphic,3,0.3473636870528871,0.6650392340010817
720575941507247429,ascending_neuron,AN07B050,AN07B050,right,isomorphic,3,0.031447852628207366,0.20010159810265693
720575941507249221,descending_neuron,DNg109,DNg109,right,isomorphic,3,0.3279822316545242,0.6462197360906189
720575941507336517,ascending_neuron,AN17A015,AN17A015,right,isomorphic,3,0.14829418366637084,0.43452735115092883
720575941507368005,ascending_neuron,AN18B019,AN18B019,left,isomorphic,3,0.19960903615439765,0.5041330363289535
720575941507409502,descending_neuron,DNge116,auto:DNge115,left,dimorphic,3,0.054482190909092,0.2633797257749095
720575941507410526,ascending_neuron,AN08B100,AN08B100,right,isomorphic,3,0.08910353201211134,0.3368236044777676
720575941507434775,sensory_descending,LN-DN2,,right,isomorphic,3,0.08253862556689512,0.3241781023447753
720575941507443841,ascending_neuron,AN08B102,auto:AN08B061,left,dimorphic,3,0.026674108366290056,0.18428925522805595
720575941507453313,ascending_neuron,AN03B050,AN03B050,right,isomorphic,3,0.07623809806093274,0.31155956295157544
720575941507724929,descending_neuron,DNge116,DNge116,left,dimorphic,3,0.05988845662040228,0.2761382828262907
720575941507745826,ascending_neuron,ANXXX005,ANXXX005,left,isomorphic,27,0.1436326584259223,0.4276432866576096
720575941507751447,descending_neuron,DNpe013,DNpe013,left,isomorphic,3,0.2776935596139947,0.5946178784890422
720575941507758103,ascending_neuron,ANXXX202_c,auto:ANXXX202,left,isomorphic,3,0.1008547648585318,0.3583465848767767
720575941507870242,ascending_neuron,AN09A005,,left,isomorphic,3,0.5508009487557524,0.8374374897468287
720575941507894366,descending_neuron,DNg69,DNg69,left,isomorphic,3,0.259979460096153,0.5753400120044836
720575941507979077,ascending_neuron,AN09B035,AN09B035,left,isomorphic,3,0.06686066815645962,0.29176985225382596
720575941507989527,descending_neuron,DNge099,DNge099,left,isomorphic,3,0.20803545737988388,0.5146639399094662
720575941508047639,descending_neuron,DNge152,,right,isomorphic,75,0.16826516512986595,0.46286268184499113
720575941508061975,descending_neuron,DNp34,DNp34,left,isomorphic,3,0.48978931832808537,0.7896955924178615
720575941508259141,ascending_neuron,AN17A014,AN17A014,right,isomorphic,3,0.15529536898180565,0.44466639731586793
720575941508259909,ascending_neuron,AN09B042,AN09B042,left,isomorphic,3,0.08212725000000055,0.32336923539562573
720575941508298786,descending_neuron,DNg43,DNg43,left,isomorphic,3,0.27133325560710064,0.5877688583454336
720575941508471824,descending_neuron,DNg81,DNg81,left,isomorphic,3,0.42675867336904344,0.7371336506985574
720575941508489857,ascending_neuron,AN07B101,auto:AN07B069_b,left,isomorphic,3,0.0407055453798182,0.22765744017623546
720575941508492417,descending_neuron,DNg71,DNg71,left,isomorphic,3,0.468243015958904,0.7721305099948677
720575941508500609,descending_neuron,DNge081,DNge081,left,isomorphic,3,0.3421410362617979,0.6600208309176222
720575941508517761,ascending_neuron,AN05B004,AN05B004,left,isomorphic,3,0.24131192076791882,0.5542994498803987
720575941508518785,ascending_neuron,AN05B050,auto:AN05B050_b,right,isomorphic,3,0.03665967546382147,0.21604756073072165
720575941508580562,sensory_ascending,SAch01,auto:LgAG1,right,dimorphic,3,0.03392031968254,0.20781889324570182
720575941508609665,ascending_neuron,AN19B001_b,auto:AN19B001,right,isomorphic,3,0.4184506092245076,0.72992318992012
720575941508688257,sensory_ascending,SApp12,auto:SApp09,right,isomorphic,3,0.3106154687027159,0.6288782854883329
720575941508749858,sensory_ascending,LgAG3,auto:LgAG1,right,isomorphic,3,0.04481341555194865,0.23886860994151315
720575941508997154,ascending_neuron,ANXXX098,ANXXX098,left,isomorphic,3,0.23387235632440187,0.5456881274983185
720575941509079390,ascending_neuron,ANXXX145,ANXXX145,left,isomorphic,3,0.13288768949579902,0.4113366763060873
720575941509092958,ascending_neuron,AN10B005,AN10B005,right,isomorphic,3,0.786176185677844,1.0004951817645524
720575941509093726,descending_neuron,DNp104,DNp104,left,isomorphic,3,0.1017309753409092,0.3598998481918592
720575941509145950,descending_neuron,DNp01,DNp01,left,isomorphic,3,25.33693587699617,5.679787733798739
720575941509266014,ascending_neuron,ANXXX120,auto:ANXXX007,left,isomorphic,3,0.10653873170635139,0.3683060225606642
720575941509305182,descending_neuron,DNge104,DNge104,left,isomorphic,3,0.391429689339434,0.7059630014741333
720575941509352976,ascending_neuron,vMS13,vMS13,left,isomorphic,3,0.10571856665148023,0.3668856220586801
720575941509730177,ascending_neuron,ANXXX093,ANXXX093,left,isomorphic,3,0.2081016107338726,0.5147457625949435
720575941509737682,sensory_ascending,SAch01,auto:LgAG1,left,dimorphic,3,0.03457960029761856,0.20982877433770553
720575941509788033,ascending_neuron,AN01B014,AN01B014,left,isomorphic,3,0.06864233428571356,0.2956317548158533
720575941510037714,sensory_ascending,SApp06,auto:SApp09,right,isomorphic,3,0.07235955105820138,0.3035309569822905
720575941510064594,sensory_ascending,LgAG3,auto:LgAG1,right,isomorphic,3,0.047728679761903474,0.2465158057627469
720575941510233616,ascending_neuron,AN08B034,AN08B034,,isomorphic,3,0.13385010254629698,0.4128235017883575
720575941510276562,ascending_neuron,AN10B047,AN10B047,right,isomorphic,3,0.03697321265151273,0.21696948274770908
720575941510361298,descending_neuron,DNge117,DNge117,left,isomorphic,3,0.07815156496836367,0.3154451822435395
720575941510475536,descending_neuron,DNa02,DNa02,left,isomorphic,3,1.8210706000003534,1.522714386112852
720575941510509072,descending_neuron,DNg12_b,DNg12_b,left,isomorphic,3,0.06743947403679547,0.2930300414970934
720575941510621968,descending_neuron,DNge063,DNge063,right,dimorphic,3,0.4852655905715794,0.7860402913432604
720575941510642192,descending_neuron,DNa10,DNa10,left,isomorphic,3,1.8206287986094911,1.522529665613539
720575941510651152,descending_neuron,DNge138,DNge138,right,isomorphic,12,0.2074767166562505,0.5124713354727668
720575941511189836,ascending_neuron,AN19B059,AN19B059,right,isomorphic,3,0.040697192911981935,0.22763408219168538
720575941511199564,sensory_ascending,SApp08,auto:SApp08,right,isomorphic,3,0.09994525159438752,0.3567271319068389
720575941511203026,ascending_neuron,AN05B025,auto:AN05B023c,right,dimorphic,3,0.17530013844588357,0.47243948656610807
720575941511270610,descending_neuron,DNg39,DNg39,left,isomorphic,3,0.3572475298394033,0.6744343424311097
720575941511281618,descending_neuron,DNg96,DNg96,left,dimorphic,3,0.900497858037859,1.0707705089341566
720575941511390673,ascending_neuron,AN05B052,auto:AN05B050_c,right,isomorphic,3,0.06242068322510669,0.28191573615460463
720575941511473996,descending_neuron,DNge091,auto:DNge181,right,isomorphic,3,0.20749074448005878,0.5139897090784503
720575941511508690,ascending_neuron,AN17A009,AN17A009,left,isomorphic,3,0.11947663085617716,0.39002867981445943
720575941511555344,descending_neuron,DNge041,DNge041,left,isomorphic,3,0.192592377103006,0.4951931244899248
720575941511556112,ascending_neuron,AN17A062,AN17A062,right,isomorphic,3,0.15126896947831614,0.4388640265858304
720575941511599314,ascending_neuron,AN19B017,AN19B017,left,isomorphic,3,0.9150616993526689,1.0793946180560547
720575941511836944,ascending_neuron,AN04B023,AN04B023,left,isomorphic,3,0.15895070403157374,0.44986922770566845
720575941511863250,ascending_neuron,AN10B020,auto:AN10B022,left,isomorphic,12,0.23861251046533785,0.4371557401018745
720575941512043218,descending_neuron,DNge095,auto:DNge108,right,isomorphic,3,0.0994528530411297,0.35584730619846067
720575941512261443,sensory_ascending,SAxx02,auto:LgAG1,right,dimorphic,3,0.060696624696655155,0.2779952208145497
720575941512415248,ascending_neuron,AN07B045,,right,isomorphic,3,0.04145377375000111,0.22974025336672252
720575941512453443,ascending_neuron,AN07B071,auto:AN07B069_b,right,isomorphic,3,0.05476231346652387,0.2620955628506096
720575941512496716,descending_neuron,DNde007,DNde007,left,dimorphic,3,0.11639288688035304,0.3849623699817321
720575941512498252,ascending_neuron,AN08B102,AN08B102,left,dimorphic,3,0.06253479035714363,0.28217329427931054
720575941512515907,ascending_neuron,AN06B075,AN06B075,left,isomorphic,3,0.16408105855158403,0.4570716489675141
720575941512596812,ascending_neuron,AN08B097,AN08B097,right,dimorphic,3,0.02022322916666739,0.1604649964859703
720575941512600140,descending_neuron,DNg18_b,auto:DNg18_a,right,isomorphic,3,0.0631602605357135,0.2835809256100384
720575941512656593,ascending_neuron,AN07B045,AN07B045,left,isomorphic,3,0.043257019789398665,0.2346839325204303
720575941512661580,ascending_neuron,AN06A095,AN06A095,left,isomorphic,3,0.09197547196136999,0.3422087200041759
720575941512782947,ascending_neuron,AN07B101,auto:AN07B101_c,left,isomorphic,3,0.06738580721368247,0.2929134249199932
720575941512837452,descending_neuron,DNge091,DNge091,right,isomorphic,3,0.11115051173089881,0.3761930713786871
720575941512840953,sensory_ascending,SApp05,auto:SApp09,right,isomorphic,3,0.1969486157957763,0.5007621849860817
720575941512957393,ascending_neuron,AN19B079,AN19B079,right,isomorphic,3,0.03664875822314326,0.21601538888501434
720575941513087564,sensory_ascending,SApp10,SApp10,left,isomorphic,3,0.12796810662115427,0.40365090587652497
720575941513096012,descending_neuron,DNge070,DNge070,left,isomorphic,3,0.10786876785714518,0.3705978694995082
720575941513116762,descending_neuron,DNg07,DNg07,left,isomorphic,3,0.0392962444642868,0.22368176593435188
720575941513203665,descending_neuron,DNp41,DNp41,right,isomorphic,3,0.20168347268907763,0.5067458662359742
720575941513273593,sensory_ascending,SApp06,SApp06,left,isomorphic,3,0.14576822154477384,0.4308107055732508
720575941513278457,ascending_neuron,AN01B011,AN01B011,right,isomorphic,3,0.05707272888132859,0.2695686468001355
720575941513411930,sensory_ascending,SApp08,SApp08,right,isomorphic,3,0.24022032551638556,0.5530443182029947
720575941513419619,descending_neuron,DNge118,auto:DNge108,left,isomorphic,3,0.08936358232838644,0.33731475935644734
720575941513674131,descending_neuron,DNge061,DNge061,right,isomorphic,3,0.07643455218601833,0.31196072577707923
720575941513702865,ascending_neuron,AN23B004,AN23B004,left,isomorphic,3,0.21820872661696816,0.5270976946781575
720575941513720979,ascending_neuron,AN07B062,AN07B062,right,isomorphic,3,0.03956185861014183,0.2244364561421648
720575941513768780,descending_neuron,DNge037,DNge037,right,isomorphic,3,0.8025345925138033,1.0108505226820108
720575941513772179,descending_neuron,DNge091,DNge091,right,isomorphic,3,0.1791270143939384,0.4775684225916817
720575941513777484,sensory_ascending,SApp14,SApp14,right,isomorphic,3,0.07966007376983805,0.31847504778283353
720575941513793612,descending_neuron,DNg12_e,auto:DNg12_b,right,isomorphic,3,0.045179464989176396,0.23984220111189186
720575941513795660,ascending_neuron,AN19B076,auto:AN19B061,right,isomorphic,3,0.05616059226190645,0.26740584683885815
720575941513798097,descending_neuron,DNge007,DNge007,right,isomorphic,3,0.5881306465009283,0.8653503317129074
720575941513808849,descending_neuron,DNge038,DNge038,right,isomorphic,3,0.34464854916687127,0.6624350246136307
720575941513981433,descending_neuron,DNg26,DNg26,right,isomorphic,3,0.25197659037698855,0.5664155358175793
720575941514017356,sensory_ascending,SApp06,auto:SApp08,right,isomorphic,3,0.08270420128760113,0.32450309643377906
720575941514023523,ascending_neuron,ANXXX983,auto:ANXXX150,left,female-specific,3,0.19962738296807614,0.5041562041738108
720575941514024657,ascending_neuron,AN07B071,auto:AN07B071_d,right,isomorphic,3,0.044908738425923043,0.2391225243845773
720575941514057283,ascending_neuron,AN09B033,AN09B033,left,isomorphic,3,0.08464341465456639,0.32828545922658486
720575941514064716,descending_neuron,DNd05,DNd05,right,isomorphic,3,0.44786377339014954,0.7551409583214554
720575941514092179,sensory_ascending,SApp01,auto:SApp06,left,isomorphic,3,0.17949034954705567,0.47805251902029383
720575941514096787,ascending_neuron,AN08B086,AN08B086,left,dimorphic,3,0.14323295383632384,0.42704784384613576
720575941514111564,descending_neuron,DNg72,DNg72,left,isomorphic,3,0.14379666876748967,0.4278873742890196
720575941514120515,ascending_neuron,AN10B034,auto:AN10B039,right,dimorphic,3,0.01766931275252602,0.14999089213952105
720575941514148867,ascending_neuron,AN06B014,AN06B014,left,dimorphic,3,0.4595968633158014,0.7649685621056069
720575941514201932,ascending_neuron,AN17A018,AN17A018,left,isomorphic,3,0.10002899173619277,0.35687654433782484
720575941514337626,sensory_ascending,SAch01,auto:LgAG1,right,dimorphic,3,0.061543859999999125,0.2799286985781263
720575941514358675,descending_neuron,DNg51,DNg51,right,isomorphic,3,0.1762192414034289,0.47367637337962887
720575941514372049,ascending_neuron,AN09B020,AN09B020,left,isomorphic,3,0.07562052614538277,0.3102950922621572
720575941514399441,descending_neuron,DNg20,DNg20,right,isomorphic,3,0.1249336151424952,0.39883633142700103
720575941514415875,sensory_ascending,LgAG1,auto:LgAG1,left,dimorphic,3,0.05266767314873944,0.258956683988194
720575941514447097,descending_neuron,DNge033,DNge033,right,isomorphic,3,0.26311882237053064,0.5788033254969313
720575941514456569,descending_neuron,DNge146,DNge146,right,isomorphic,3,0.30469241279762016,0.6228534570464389
720575941514530892,descending_neuron,DNp48,DNp48,left,dimorphic,3,0.29734208728901557,0.6152948105180712
720575941514537731,sensory_ascending,SApp02,auto:SApp09,right,isomorphic,3,0.23345159270660176,0.5451970282525871
720575941514608995,descending_neuron,DNg81,DNg81,right,isomorphic,3,0.55604872516997,0.8414173908863425
720575941514619601,ascending_neuron,AN06B009,AN06B009,right,isomorphic,3,0.003089879487179801,0.06009510584036363
720575941514645850,sensory_ascending,SApp06,SApp06,left,isomorphic,3,0.2103591906150807,0.517530327700322
720575941514658906,ascending_neuron,AN08B018,AN08B018,right,isomorphic,3,0.783179887453936,0.9985868031110693
720575941514787907,descending_neuron,DNge068,DNge068,left,isomorphic,3,0.303851189791904,0.6219930470333903
720575941514846713,ascending_neuron,AN06A095,auto:AN06A092,right,isomorphic,3,0.11395128916559241,0.3809032522034746
720575941514855756,ascending_neuron,AN09A005,,left,isomorphic,12,0.05248404116986301,0.2585028152700426
720575941514874627,ascending_neuron,AN10B039,AN10B039,right,dimorphic,3,0.005448700000000394,0.08329165809010518
720575941514944761,ascending_neuron,AN10B049,auto:AN10B045,right,dimorphic,3,0.022811640190894898,0.16979029749964475
720575941514949881,descending_neuron,DNge072,DNge072,right,isomorphic,3,0.08170446492314187,0.3225358208347892
720575941514996945,ascending_neuron,AN01A006,AN01A006,left,isomorphic,3,0.09247582132936455,0.34313827045144696
720575941515054659,ascending_neuron,AN17A018,AN17A018,right,isomorphic,3,0.151230474854243,0.4388081824140234
720575941515074883,descending_neuron,DNp39,DNp39,left,isomorphic,3,0.15134295422979913,0.4389713363562865
720575941515077699,descending_neuron,DNge025,auto:DNge024,left,isomorphic,3,0.06348884304705237,0.2843176139759743
720575941515152195,descending_neuron,DNpe006,DNpe006,left,isomorphic,3,0.26633695252478445,0.5823321562294214
720575941515175770,ascending_neuron,AN23B002,AN23B002,right,isomorphic,3,0.47053512436280415,0.7740180408269564
720575941515222083,ascending_neuron,AN17A062,AN17A062,right,isomorphic,3,0.11475986461089356,0.3822522698049588
720575941515223555,ascending_neuron,AN10B039,AN10B039,left,dimorphic,3,0.014571745833334381,0.13621058340243306
720575941515233859,ascending_neuron,AN05B078,auto:AN17A047,right,isomorphic,3,0.07973168230095438,0.31861815841824803
720575941515238234,descending_neuron,DNg07,DNg07,left,isomorphic,3,0.08661405616496909,0.3320849912886023
720575941515329859,ascending_neuron,AN16B078,auto:AN16B078_b,right,isomorphic,3,0.03638731477272744,0.2152435088344421
720575941515375171,ascending_neuron,AN05B097,AN05B097,right,isomorphic,3,0.34416252771877,0.6619677787532785
720575941515411603,descending_neuron,DNge111,auto:DNg07,left,isomorphic,3,0.04055274807484388,0.22722975706666143
720575941515508314,ascending_neuron,AN07B015,auto:AN07B106,left,isomorphic,3,0.11475150716498285,0.3822383506928845
720575941515548515,descending_neuron,DNge046,DNge046,left,isomorphic,3,0.11633268143939353,0.38486279419257213
720575941515579747,descending_neuron,DNge060,auto:DNge008,left,isomorphic,3,0.23692341031745964,0.549236064993646
720575941515591523,ascending_neuron,ANXXX084,ANXXX084,left,dimorphic,3,0.046901639515694024,0.24437066547418285
720575941515615843,ascending_neuron,AN10B037,auto:AN10B046,right,dimorphic,3,0.02679947662545715,0.18472182712862523
720575941515619427,descending_neuron,DNpe055,DNpe055,right,isomorphic,3,0.5079510616262274,0.8042035677940756
720575941515630947,descending_neuron,DNp12,DNp12,right,isomorphic,3,0.7001982272366395,0.9442034060895708
720575941515678051,ascending_neuron,ANXXX169,ANXXX169,left,dimorphic,3,0.17746654993079933,0.47534979671775496
720575941515726691,descending_neuron,DNge028,auto:DNge001,left,isomorphic,3,0.2130771416315824,0.5208629789152477
720575941515872003,descending_neuron,DNp56,DNp56,right,isomorphic,3,0.16444646948468236,0.4575803185671143
720575941515899994,ascending_neuron,AN16B078,auto:AN16B116,left,isomorphic,3,0.12501837160190715,0.39897159615935524
720575941515909635,ascending_neuron,AN00A006,AN00A006,right,dimorphic,3,0.0733637552759737,0.30562989769923143
720575941515917667,descending_neuron,DNg07,auto:DNge180,right,isomorphic,3,0.0419490702380936,0.23110866511667982
720575941515922169,descending_neuron,DNpe003,DNpe003,right,dimorphic,3,0.14773090805907116,0.4337013190208717
720575941515922778,descending_neuron,DNpe050,DNpe050,left,isomorphic,3,0.21485548344118777,0.5230320238001792
720575941515944803,descending_neuron,DNge048,DNge048,right,isomorphic,3,0.5880547750874849,0.8652945129328672
720575941515951459,ascending_neuron,AN27X009,AN27X009,left,isomorphic,3,0.678498144047618,0.9294571899936231
720575941515969123,descending_neuron,DNg60,DNg60,left,isomorphic,3,0.11169300919913791,0.37711000541328876
720575941515972698,descending_neuron,DNg99,DNg99,left,isomorphic,3,2.839132459812942,1.90128791101586
720575941515989082,sensory_ascending,SApp15,auto:SApp06,left,isomorphic,3,0.05982012653787568,0.27598070707765904
720575941516016707,ascending_neuron,AN05B052,AN05B052,left,isomorphic,3,0.06145296856716088,0.2797219149817836
720575941516022851,ascending_neuron,AN08B013,AN08B013,left,isomorphic,3,0.13902892790708682,0.4207340357915402
720575941516023699,sensory_ascending,SApp09,SApp09,right,isomorphic,3,0.1653401800054132,0.4588220303304127
720575941516069625,ascending_neuron,AN10B048,auto:AN10B033,left,isomorphic,3,0.040569897669299616,0.22727779926427302
720575941516100954,ascending_neuron,AN06B051,AN06B051,left,isomorphic,3,0.07075366619769248,0.3001439083804528
720575941516122540,ascending_neuron,AN08B099,auto:AN08B099_f,left,dimorphic,3,0.11529587173520979,0.38314391974554707
720575941516147546,ascending_neuron,AN07B025,AN07B025,left,isomorphic,3,0.07831291016308037,0.31577063524483423
720575941516185859,ascending_neuron,AN09B040,AN09B040,left,dimorphic,3,0.036246526448897566,0.21482669953715106
720575941516217091,ascending_neuron,AN08B097,auto:AN08B061,right,dimorphic,3,0.023037459160053623,0.17126647077814613
720575941516271450,descending_neuron,DNg56,DNg56,left,isomorphic,3,0.2962249624579946,0.6141378805603899
720575941516302329,ascending_neuron,AN08B041,AN08B041,left,isomorphic,3,0.1872112646938764,0.48822616217089926
720575941516357881,descending_neuron,DNpe014,DNpe014,left,isomorphic,3,0.2285164436319322,0.5394035341508432
720575941516432227,ascending_neuron,AN03B094,AN03B094,left,isomorphic,3,0.3163523499599146,0.6346592172488008
720575941516480110,descending_neuron,DNg18_a,auto:DNg18_b,right,isomorphic,3,0.026966846904763895,0.18529774924689293
720575941516601690,descending_neuron,DNpe047,auto:DNpe034,right,female-specific,3,0.10874631685206519,0.3721022856155942
720575941516704761,ascending_neuron,ANXXX023,ANXXX023,left,isomorphic,3,0.10973858781900848,0.37379608022898536
720575941516762515,ascending_neuron,AN09B023,AN09B023,right,isomorphic,3,0.13131099001322546,0.40888915997267855
720575941516764819,descending_neuron,DNg02_b,DNg02_b,left,isomorphic,3,0.1545114624154365,0.4435426744544369
720575941516779923,ascending_neuron,AN07B082,auto:AN07B082_a,right,isomorphic,3,0.03865866243042612,0.22185972539644525
720575941516786579,ascending_neuron,AN09B036,AN09B036,left,isomorphic,3,0.14845964395382263,0.434769697057315
720575941516800147,descending_neuron,DNge002,DNge002,left,isomorphic,3,0.31863028594577464,0.6369400915442777
720575941516816739,ascending_neuron,AN09B018_a,AN09B018,left,isomorphic,3,0.17719802986336483,0.47499004081264523
720575941516887918,sensory_ascending,SApp17,auto:SApp09,right,isomorphic,3,0.2065803022608694,0.512860809578858
720575941516943875,ascending_neuron,AN05B054,auto:AN05B054_b,right,isomorphic,3,0.042334579737970224,0.232168174029361
720575941517000185,descending_neuron,DNp54,DNp54,right,isomorphic,3,0.23353318907240073,0.5452922989875193
720575941517006296,descending_neuron,DNg03,DNg03,left,isomorphic,3,0.08241843624007918,0.32394198899818843
720575941517100947,ascending_neuron,AN19B104,AN19B104,right,dimorphic,3,0.031619076388890395,0.20064560405435536
720575941517281708,ascending_neuron,AN04B023,AN04B023,right,isomorphic,3,0.14919843194706411,0.4358501388866133
720575941517349881,descending_neuron,DNpe054,DNpe054,right,isomorphic,3,0.07723504960317641,0.31359004989690925
720575941517385306,ascending_neuron,AN05B009,AN05B009,right,isomorphic,3,0.05925843272435226,0.2746819613729186
720575941517389305,ascending_neuron,ANXXX099,ANXXX099,right,isomorphic,3,0.12076209325397164,0.3921212473661076
720575941517447571,ascending_neuron,AN27X017,auto:AN27X018,right,isomorphic,27,0.07872976194444686,0.316609927600597
720575941517695660,descending_neuron,DNge091,auto:DNg09_a,left,isomorphic,3,0.04798631608493005,0.24718024849387532
720575941517783212,ascending_neuron,AN10B047,AN10B047,right,dimorphic,3,0.031611302293341643,0.20062093644597495
720575941517955288,sensory_ascending,SApp09,SApp09,left,isomorphic,3,0.1293798770007743,0.4058713782596122
720575941518222739,ascending_neuron,AN05B056,AN05B056,left,isomorphic,3,0.038596128877439975,0.22168021463462034
720575941518225299,ascending_neuron,AN13B002,AN13B002,right,isomorphic,3,0.06800480437500128,0.29425568161418814
720575941518246327,ascending_neuron,AN16B078,auto:AN16B078_a,right,isomorphic,3,0.1047039534752298,0.36512082117399614
720575941518261932,descending_neuron,DNg12_e,auto:DNge019,right,isomorphic,3,0.07693356954064434,0.3129774162088712
720575941518277815,ascending_neuron,AN10B056,auto:AN10B045,left,isomorphic,3,0.05091106086309269,0.2546016024209359
720575941518341815,sensory_ascending,SApp09,SApp09,right,dimorphic,3,0.11886853072073307,0.38903484925929693
720575941518431927,ascending_neuron,AN16B078_b,AN16B078_b,right,dimorphic,3,0.09923583403339263,0.35545884170476194
720575941518509495,descending_neuron,DNge054,DNge054,left,isomorphic,3,0.39500059575196855,0.7091758446995742
720575941518593134,ascending_neuron,AN12B060,AN12B060,right,dimorphic,3,0.025821587731482548,0.18132034250897472
720575941518794668,descending_neuron,DNge106,DNge106,right,isomorphic,3,0.41498031798319474,0.7268901919430306
720575941518795692,ascending_neuron,ANXXX116,ANXXX116,right,dimorphic,3,0.11112086648419794,0.3761429003090674
720575941518824620,ascending_neuron,AN10B024,AN10B024,left,isomorphic,3,0.10932741900435604,0.3730951530108327
720575941518866030,ascending_neuron,AN19B065,auto:AN19B061,left,isomorphic,3,0.0749517596989961,0.3089199643860026
720575941518881964,sensory_ascending,SApp07,auto:SApp01,left,isomorphic,3,0.07147561376984078,0.30167130777715406
720575941518945459,descending_neuron,DNge071,DNge071,left,isomorphic,3,0.06484406428571476,0.28733608699556185
720575941518951091,descending_neuron,DNg36_a,DNg36_a,left,isomorphic,3,0.0787435009569389,0.31663755195691135
720575941519028396,ascending_neuron,AN05B097,AN05B097,left,isomorphic,3,0.23068019808221596,0.5419512435502088
720575941519241176,descending_neuron,DNge040,DNge040,left,isomorphic,3,0.5036666007114581,0.8008047411124412
720575941519274968,descending_neuron,DNp17,auto:DNpe011,right,isomorphic,3,0.0659166567687096,0.28970276846218745
720575941519389806,ascending_neuron,AN06B014,AN06B014,right,isomorphic,3,0.511474246867285,0.8069877553129677
720575941519453550,descending_neuron,DNpe056,DNpe056,right,isomorphic,3,0.40596119039029227,0.7189477319198389
720575941519459950,ascending_neuron,AN19B044,AN19B044,left,isomorphic,3,0.1374647492190631,0.4183605558759253
720575941519463278,descending_neuron,DNg108,DNg108,right,isomorphic,3,2.433129783883133,1.7601014340977412
720575941519464046,descending_neuron,DNg97,DNg97,left,isomorphic,3,0.9810399088258349,1.1176308902676373
720575941519514478,ascending_neuron,AN07B057,AN07B057,right,isomorphic,12,0.033998482785334426,0.20805819556865687
720575941519592620,ascending_neuron,AN10B037,AN10B037,right,dimorphic,3,0.024523272388851887,0.17670314137501394
720575941519611608,descending_neuron,DNge055,DNge055,right,isomorphic,3,0.21764654696554042,0.5251803326503655
720575941519866840,descending_neuron,DNg76,DNg76,left,isomorphic,3,0.28257582991716057,0.5998222411989125
720575941519971507,ascending_neuron,AN07B035,AN07B035,left,isomorphic,3,0.08757678258067561,0.3339254748928116
720575941519974104,sensory_ascending,SApp09,SApp09,right,isomorphic,3,0.14891531032414382,0.4354364039916832
720575941520078071,sensory_ascending,SApp09,SApp09,left,isomorphic,3,0.2844204170297796,0.6017768043821411
720575941520087223,ascending_neuron,AN10B046,auto:AN10B061,left,dimorphic,3,0.022714993055555514,0.1700635981529201
720575941520092151,ascending_neuron,AN19B065,auto:AN19B061,right,isomorphic,3,0.08766436148903847,0.3340923999611516
720575941520133367,ascending_neuron,AN18B019,AN18B019,right,isomorphic,3,0.11441790253452962,0.3816823261989173
720575941520167790,ascending_neuron,AN12B019,AN12B019,right,isomorphic,3,0.08185888090229093,0.3228404625392592
720575941520203436,descending_neuron,DNp17,DNp17,left,isomorphic,3,0.08877100221079616,0.3361945128055457
720575941520250584,ascending_neuron,AN17A009,AN17A009,right,isomorphic,3,0.15091976752790415,0.43835717867826146
720575941520258414,ascending_neuron,AN04B003,AN04B003,left,isomorphic,3,0.46601751015218706,0.7702934002474543
720575941520584631,ascending_neuron,AN05B071,auto:AN05B071,right,isomorphic,3,0.04545250980392101,0.24056585977610145
720575941520735411,descending_neuron,DNge098,DNge098,left,dimorphic,3,0.09210151195105726,0.3424431151972314
720575941521067191,ascending_neuron,AN08B071,auto:AN08B079_b,right,isomorphic,3,0.06762067116522416,0.29342343561668033
720575941521081271,ascending_neuron,AN05B104,AN05B104,right,isomorphic,3,0.033033647773652766,0.2050847304220072
720575941521111223,sensory_descending,DNx02,DNx02,right,isomorphic,3,0.4522913321723358,0.7588644212655941
720575941521188791,descending_neuron,DNpe052,DNpe052,left,dimorphic,3,0.10894619770833326,0.37244409939047934
720575941521256115,descending_neuron,DNg102,DNg102,left,isomorphic,3,0.3482666888482775,0.6659030863088138
720575941521274551,descending_neuron,DNg35,DNg35,right,isomorphic,3,2.03632781800482,1.610196604122616
720575941521282739,descending_neuron,DNg49,auto:DNg53,right,isomorphic,3,0.057724690051022,0.27110396175737017
720575941521285047,ascending_neuron,AN02A009,AN02A009,left,isomorphic,3,0.2652125946035974,0.5811016806128817
720575941521314227,sensory_ascending,SApp09,SApp09,left,isomorphic,3,0.6529726614285801,0.911806237180813
720575941521340087,descending_neuron,DNp51,auto:DNp51,left,isomorphic,3,0.2712120211135547,0.5876375330842353
720575941521454003,descending_neuron,oviDNa_a,auto:DNpe034,left,female-specific,3,0.24137286452861356,0.5543694401243939
720575941521978807,ascending_neuron,ANXXX127,ANXXX127,right,isomorphic,3,0.3554036412642911,0.6726915863904982
720575941521999031,ascending_neuron,AN08B027,AN08B027,right,isomorphic,3,0.2512635730153741,0.56561357596386
720575941522001591,descending_neuron,DNge094,DNge094,right,isomorphic,3,0.05951789686868768,0.27528265458012835
720575941522020791,ascending_neuron,AN05B025,AN05B025,right,dimorphic,12,0.13407230860170039,0.4126835405551303
720575941522076087,ascending_neuron,AN08B028,AN08B028,left,isomorphic,3,0.11090118439393996,0.37577090564375853
720575941522091255,ascending_neuron,AN06B048,AN06B048,right,isomorphic,3,0.05752985896447258,0.2706460630354766
720575941522552823,ascending_neuron,ANXXX470,auto:ANXXX462a,left,isomorphic,3,0.13040452855993406,0.4074754011901258
720575941522568627,descending_neuron,DNp64,DNp64,right,isomorphic,3,0.09855925363414277,0.3542450271021082
720575941522604979,descending_neuron,DNge059,DNge059,left,isomorphic,3,0.6719892563340368,0.9249882673859543
720575941522981043,ascending_neuron,AN17A008,AN17A008,left,isomorphic,3,0.9290083938335627,1.087589179984699
720575941523074295,descending_neuron,DNp16,auto:DNp16_a,right,dimorphic,3,0.10987718611925539,0.3740320553525613
720575941523079671,descending_neuron,DNg106,DNg106,right,isomorphic,3,0.09304049427808214,0.3441843061160108
720575941523099127,descending_neuron,DNg05_a,DNg05_a,right,isomorphic,3,0.213157430820705,0.5209611023628073
720575941523111091,descending_neuron,DNpe042,DNpe042,left,isomorphic,3,0.21255514617532495,0.5202245837591556
720575941523114743,ascending_neuron,AN07B046,auto:AN07B046_a,right,isomorphic,3,0.0532882587018161,0.2604778651809591
720575941523203403,ascending_neuron,AN03B039,AN03B039,left,isomorphic,3,0.21426295175154328,0.5223103130723604
720575941523236171,descending_neuron,DNg36_b,DNg36_b,right,isomorphic,3,0.07152229163762215,0.30176979643944085
720575941523327735,ascending_neuron,AN06B044,AN06B044,right,isomorphic,3,0.09617881250000014,0.34994094850512814
720575941523447883,descending_neuron,DNg07,DNg07,right,isomorphic,3,0.05308365053416727,0.2599773125466982
720575941523526146,sensory_ascending,SApp04,SApp04,,isomorphic,3,0.0748152809124333,0.3086385818529172
720575941523966820,ascending_neuron,AN07B089,AN07B089,right,isomorphic,3,0.04782873044217764,0.24677404841972156
720575941523985410,ascending_neuron,AN05B052,auto:AN05B063,right,isomorphic,3,0.05351160878480437,0.26102317216525134
720575941524041986,sensory_ascending,SApp22,auto:SApp09,left,isomorphic,3,0.3248191712367435,0.643096115449879
720575941524046071,ascending_neuron,AN17B007,AN17B007,left,isomorphic,3,0.11885086723767424,0.3890059435189591
720575941524069111,descending_neuron,DNp32,DNp32,left,isomorphic,3,0.5576501146007554,0.8426281374579044
720575941524165453,ascending_neuron,AN05B103,AN05B103,left,dimorphic,3,0.20215391058922735,0.5073365284355746
720575941524167755,descending_neuron,DNpe047,auto:DNpe034,left,female-specific,3,0.1270420408008648,0.40218770517199937
720575941524168011,ascending_neuron,AN05B081,auto:ANXXX102,right,isomorphic,3,0.05962285193420196,0.2755252671761981
720575941524210763,descending_neuron,DNg47,DNg47,left,isomorphic,3,0.11172039166666978,0.37715622840317076
720575941524375883,sensory_ascending,SApp07,auto:SApp08,right,isomorphic,3,0.28881120006613614,0.6064040244644021
720575941524958118,descending_neuron,DNge109,auto:DNg36_b,right,isomorphic,3,0.06965513487554063,0.29780475519608435
720575941525186818,descending_neuron,DNge143,DNge143,right,isomorphic,3,0.25728398874529723,0.5723496734494647
720575941525217892,ascending_neuron,AN09B037,auto:AN09B037,left,isomorphic,3,0.11119438825757763,0.37626731492674603
720575941525263014,sensory_ascending,SApp06,auto:SApp08,left,isomorphic,3,0.11013986354510255,0.37447887753164305
720575941525364994,ascending_neuron,AN05B096,AN05B096,right,isomorphic,3,0.15892737922451708,0.4498362190506415
720575941525796098,sensory_ascending,SAch01,auto:LgAG1,right,dimorphic,3,0.059648982142856216,0.2755856361777335
720575941525803853,sensory_ascending,SApp21,auto:SApp19,left,isomorphic,3,0.3933590815542843,0.7077007403667306
720575941525827586,ascending_neuron,AN27X003,auto:ANXXX139,left,isomorphic,3,0.14006833328448132,0.4181235784032583
720575941525881188,sensory_ascending,SApp05,auto:SApp09,left,isomorphic,3,0.08736500838744336,0.33352148882045374
720575941525888100,ascending_neuron,ANXXX410,ANXXX410,left,isomorphic,3,0.13182520915801738,0.4096889909345523
720575941525922148,ascending_neuron,AN17A012,AN17A012,left,isomorphic,3,0.39834323454280807,0.7121701753075714
720575941525946724,sensory_ascending,LgAG7,auto:LgAG7,,dimorphic,3,0.03497223920454464,0.21101667688399328
720575941526450713,ascending_neuron,AN10B029,AN10B029,left,isomorphic,3,0.07055439457521814,0.2997209455944242
720575941526609689,sensory_ascending,SAch02,auto:LgAG1,left,dimorphic,3,0.022110440483406518,0.16778524123112384
720575941526632194,ascending_neuron,AN09B044,auto:AN09B040,right,isomorphic,3,0.036379236419752894,0.21521961438702333
720575941526636290,ascending_neuron,AN19B079,auto:AN19B063,left,isomorphic,3,0.04696671388709373,0.24454013455322599
720575941526676301,descending_neuron,DNge017,DNge017,right,isomorphic,3,0.06619819771062216,0.2903207934602013
720575941526686797,ascending_neuron,AN09B040,auto:AN09B035,left,isomorphic,3,0.05737249799465242,0.27027566155136923
720575941526696804,descending_neuron,DNge095,auto:DNge108,right,isomorphic,3,0.11756502359360081,0.3868958995868203
720575941526712932,ascending_neuron,AN19B104,AN19B104,left,dimorphic,3,0.01589695435033236,0.14226957130635082
720575941526721869,ascending_neuron,AN10B053,AN10B053,left,isomorphic,3,0.0483609440017046,0.24814323751352377
720575941526723940,descending_neuron,DNp65,DNp65,left,isomorphic,3,0.20179250196058263,0.5068828201145327
720575941526772836,descending_neuron,DNg37,DNg37,right,dimorphic,3,0.35004530581416293,0.6676013225058093
720575941526849357,descending_neuron,DNg107,DNg107,left,isomorphic,3,0.10540127956733845,0.3663346519383904
720575941526853378,ascending_neuron,ANXXX983,auto:ANXXX150,right,female-specific,3,0.14741801277222827,0.4332417840742907
720575941526870628,ascending_neuron,AN08B009,AN08B009,right,isomorphic,3,0.12176510489413507,0.3937462974048618
720575941526892198,ascending_neuron,AN07B056,AN07B056,left,isomorphic,3,0.027861273584784657,0.18834562722514434
720575941526946562,descending_neuron,DNa11,DNa11,right,isomorphic,3,0.17029885971971953,0.4656514174985974
720575941526955266,descending_neuron,DNge006,DNge006,right,isomorphic,3,0.5862327740260155,0.8639529792238206
720575941526991693,sensory_ascending,SApp07,auto:SApp08,,isomorphic,3,0.028474636814574735,0.19040754610647193
720575941527011865,ascending_neuron,AN05B023,auto:AN05B023d,right,dimorphic,3,0.28025414246031777,0.5973530419746085
720575941527078681,ascending_neuron,AN09B033,AN09B033,left,isomorphic,3,0.060867774571825004,0.2783868847213765
720575941527175524,descending_neuron,DNg03,DNg03,left,isomorphic,3,0.10137013548881968,0.3592609986618733
720575941527196185,sensory_ascending,SApp05,auto:SApp09,right,dimorphic,3,0.09369867503698194,0.34539956332684446
720575941527231746,ascending_neuron,AN09B016,AN09B016,right,isomorphic,12,0.16661133668622552,0.4605823941879964
720575941527232514,ascending_neuron,ANXXX151,ANXXX151,right,dimorphic,3,0.22198237715455565,0.5316359100244222
720575941527245337,ascending_neuron,AN17A002,AN17A002,right,isomorphic,3,0.3219952892435407,0.6402945693064348
720575941527273316,ascending_neuron,AN05B049,auto:AN05B049_c,left,isomorphic,3,0.04680619889455869,0.24412190268652953
720575941527283366,ascending_neuron,AN10B039,AN10B039,right,dimorphic,3,0.03404337910839377,0.2081955247290821
720575941527343106,ascending_neuron,AN05B069,AN05B069,left,isomorphic,3,0.048427119951299176,0.2483129560849117
720575941527363330,ascending_neuron,AN06B031,AN06B031,left,isomorphic,3,0.08392858157057839,0.3268962969952263
720575941527484441,ascending_neuron,ANXXX109,ANXXX109,right,isomorphic,3,0.39340566800358534,0.7077426464648838
720575941527529497,sensory_ascending,SApp03,auto:SApp06,right,isomorphic,3,0.07895603492979832,0.31706457696833623
720575941527544708,ascending_neuron,ANXXX027,ANXXX027,left,isomorphic,3,0.3514740847860488,0.6689624082855454
720575941527644600,descending_neuron,DNg57,DNg57,left,isomorphic,3,0.11707313117739414,0.38608566438165676
720575941527740418,ascending_neuron,AN09A005,AN09A005,right,dimorphic,12,0.13539558723545178,0.41518456301544915
720575941527759641,descending_neuron,DNpe043,DNpe043,left,isomorphic,3,0.2182155344229211,0.5271059169680988
720575941527842148,ascending_neuron,AN09B021,AN09B021,right,isomorphic,3,0.05127483855725779,0.2555095929725768
720575941527933540,ascending_neuron,AN05B027,AN05B027,left,isomorphic,3,0.06860963562925244,0.2955613324388608
720575941527973508,ascending_neuron,AN12B055,auto:AN12B076,right,isomorphic,3,0.06282012260645156,0.2828163084188136
720575941528001958,ascending_neuron,AN07B072,auto:AN07B049,left,isomorphic,3,0.09798057560822258,0.3532035439803832
720575941528092344,descending_neuron,DNg36_b,auto:DNge114,right,isomorphic,3,0.10931926805095098,0.3730812446156655
720575941528139778,ascending_neuron,AN05B105,AN05B105,left,isomorphic,3,0.1762564152810141,0.47372633233656136
720575941528229252,ascending_neuron,AN10B046,AN10B046,left,dimorphic,3,0.02007761666666399,0.159886258021227
720575941528247140,descending_neuron,DNpe005,DNpe005,left,isomorphic,3,0.32684724756011274,0.6451006438389122
720575941528293378,ascending_neuron,AN17B012,,left,isomorphic,3,0.38388850995719476,0.6991294813172726
720575941528320952,descending_neuron,DNg88,DNg88,left,isomorphic,3,0.5850393312126763,0.8630731207292879
720575941528327590,sensory_descending,LN-DN2,LN-DN2,left,isomorphic,3,0.07734718880291354,0.31381762133119023
720575941528334539,ascending_neuron,AN19B079,AN19B079,right,isomorphic,3,0.046089124999998496,0.24224470382701888
720575941528372301,ascending_neuron,AN05B101_b,auto:AN05B101,left,isomorphic,3,0.9823458215016131,1.118374510859937
720575941528463526,ascending_neuron,AN09A007,AN09A007,left,isomorphic,3,0.11480885500030247,0.38233385185221364
720575941528580811,sensory_ascending,SApp15,auto:SApp06,left,isomorphic,3,0.2774880324123646,0.5943977927770048
720575941528667814,descending_neuron,DNp05,DNp05,right,isomorphic,3,0.8221290284103164,1.0231164107014963
720575941528849848,descending_neuron,DNg08_a,auto:DNg08,right,isomorphic,3,0.06408648936611368,0.2856526781673601
720575941528933030,ascending_neuron,AN10B022,AN10B022,left,isomorphic,3,0.16043791385281161,0.451968910869114
720575941529139844,descending_neuron,DNpe024,DNpe024,left,isomorphic,3,0.2020712198020357,0.5072327551576524
720575941529711288,descending_neuron,DNge004,DNge004,right,isomorphic,3,0.19280492714646702,0.49546630325650187
720575941529735883,ascending_neuron,AN06B007_a,auto:AN06B007,left,isomorphic,3,0.29486218153912275,0.6127235835044131
720575941529738955,ascending_neuron,AN06B005,AN06B005,left,isomorphic,3,0.10925423456375324,0.3729702560209619
720575941529744869,descending_neuron,DNg106,DNg106,left,isomorphic,3,0.12403861355744986,0.3974051683804178
720575941529763972,sensory_ascending,SApp09,auto:SApp08,left,isomorphic,3,0.06297193959306023,0.2831578423751639
720575941529767812,ascending_neuron,AN05B106,AN05B106,left,isomorphic,3,0.17407441626178977,0.47078490896714226
720575941529819832,ascending_neuron,AN10B029,AN10B029,right,isomorphic,3,0.08897001544312091,0.3365711543758313
720575941529822648,ascending_neuron,AN19B102,AN19B102,left,isomorphic,3,0.004289937074829073,0.07390613998916372
720575941529824440,descending_neuron,DNpe034,DNpe034,right,dimorphic,3,0.14193700901709436,0.4251115297683608
720575941529830840,descending_neuron,DNge025,DNge025,left,isomorphic,3,0.09430084071848041,0.34650766153801144
720575941529904312,ascending_neuron,ANXXX030,ANXXX030,left,isomorphic,3,0.1505594958650399,0.4378336487420297
720575941529978756,ascending_neuron,AN08B032,AN08B032,left,isomorphic,3,0.25864844762789674,0.5738653428324452
720575941530045624,ascending_neuron,AN05B025,AN05B025,left,dimorphic,3,0.13890715804611703,0.4205497433967751
720575941530080997,descending_neuron,DNg08_a,auto:DNg08,left,isomorphic,3,0.06391254944755237,0.285264763617004
720575941530093496,descending_neuron,DNpe014,DNpe014,right,isomorphic,3,0.17446059671296146,0.47130683289449127
720575941530093752,ascending_neuron,AN09B023,AN09B023,left,isomorphic,3,0.3059806197044344,0.6241687471591774
720575941530152907,sensory_descending,DNx01,DNx01,,isomorphic,3,2.074838955812387,1.6253513489388516
720575941530158980,ascending_neuron,AN23B002,AN23B002,left,isomorphic,3,0.3167890272576722,0.6350970924533142
720575941530242180,ascending_neuron,ANXXX043,auto:ANXXX027,left,isomorphic,3,0.24469984551603008,0.5581769610988927
720575941530295013,descending_neuron,DNge086,DNge086,left,isomorphic,3,0.2339116529244704,0.5457339704268024
720575941530326660,descending_neuron,DNge013,DNge013,left,isomorphic,3,0.3842275862037833,0.6994381723446295
720575941530464184,ascending_neuron,AN07B049,AN07B049,left,isomorphic,3,0.09574698344978025,0.34915447242927217
720575941530466488,descending_neuron,DNg08_b,auto:DNg08,left,isomorphic,3,0.11589910614890402,0.3841449272712616
720575941530471096,ascending_neuron,AN07B049,AN07B049,right,isomorphic,3,0.20337671403679786,0.50886862232795
720575941530577355,descending_neuron,DNpe054,DNpe054,left,isomorphic,3,0.06740677161292793,0.29295898552615085
720575941530649803,ascending_neuron,AN03B039,auto:AN03B039,right,isomorphic,3,0.050074636190476175,0.2525014989776116
720575941530837451,ascending_neuron,AN06A092,auto:AN06A080,left,isomorphic,3,0.05390384047619252,0.26197805501107185
720575941530903171,sensory_ascending,SApp09,SApp09,,isomorphic,3,0.05467561369047564,0.2638468371676584
720575941530964355,ascending_neuron,AN10B060,auto:AN10B045,left,isomorphic,3,0.034524834372294325,0.2096625488689788
720575941531178469,ascending_neuron,AN04A001,AN04A001,left,isomorphic,3,0.12312964603254935,0.39594637826085094
720575941531252939,ascending_neuron,AN07B017,AN07B017,left,isomorphic,3,0.22320783715525583,0.5331013458629403
720575941531270347,ascending_neuron,ANXXX988,,left,female-specific,3,0.018054128787878043,0.1516154039616946
720575941531283403,ascending_neuron,AN09B042,auto:ANXXX196,right,isomorphic,3,0.10266515974025843,0.3615485323547164
720575941531334373,descending_neuron,DNg12_e,auto:DNg12_f,left,isomorphic,3,0.1273903386559128,0.4027386457665971
720575941531432907,ascending_neuron,AN17A013,AN17A013,left,dimorphic,3,0.060573566825396795,0.2777132705647196
720575941531484619,ascending_neuron,ANXXX136,ANXXX136,right,isomorphic,12,0.1851793656572319,0.48556945046384475
720575941531514808,descending_neuron,DNg37,,left,dimorphic,3,0.3673554468091658,0.6839089719043643
720575941531528421,ascending_neuron,AN05B062,AN05B062,left,isomorphic,3,0.06040729262689764,0.2773318477257073
720575941531735269,descending_neuron,DNg72,DNg72,right,isomorphic,3,0.14025674167056007,0.42258777775825607
720575941531918565,descending_neuron,DNge092,DNge092,right,isomorphic,3,0.07441980758033878,0.30782176973513253
720575941531974629,descending_neuron,DNg36_b,DNg36_b,left,isomorphic,3,0.07384129629629675,0.3066229907866518
720575941532002533,ascending_neuron,AN08B031,AN08B031,left,dimorphic,3,0.07145572311101647,0.30162932941375653
720575941532088920,sensory_ascending,SApp05,auto:SApp09,left,isomorphic,3,0.38733630384920437,0.7022619875604557
720575941532181682,sensory_ascending,SApp16,auto:SApp08,left,isomorphic,3,0.3185619767072884,0.6368718129990693
720575941532187626,ascending_neuron,AN08B071,auto:AN08B079_b,right,isomorphic,3,0.05383343411375684,0.26180690812606555
720575941532194282,sensory_ascending,SApp08,auto:SApp06,right,isomorphic,3,0.05785276076988118,0.2714045371476236
720575941532422322,sensory_ascending,SApp08,auto:SApp08,right,isomorphic,3,0.07279402893819206,0.30444085840225504
720575941532500146,sensory_ascending,SApp08,auto:SApp06,right,isomorphic,3,0.08380427090777517,0.3266541163638963
720575941532674435,ascending_neuron,AN17B002,AN17B002,left,isomorphic,12,0.6248974241323456,0.891988851840898
720575941532746981,descending_neuron,DNp43,DNp43,right,isomorphic,3,0.31137137741568127,0.6296430344443609
720575941532753893,ascending_neuron,AN06B075,AN06B075,right,isomorphic,3,0.22753504505027658,0.5382440126662896
720575941532803160,descending_neuron,DNge144,DNge144,right,isomorphic,3,0.1992444567723933,0.5036724346555873
720575941532854501,ascending_neuron,AN09B021,AN09B021,left,isomorphic,3,0.06835689339760079,0.29501643993016946
720575941532995521,ascending_neuron,AN05B104,AN05B104,right,isomorphic,3,0.05540118729163654,0.26559175906829413
720575941532999361,ascending_neuron,ANXXX380,ANXXX380,left,isomorphic,3,0.06393290997359659,0.2853101981850215
720575941533250738,ascending_neuron,AN14A003,AN14A003,right,isomorphic,3,0.06888971845238,0.2961639980808637
720575941533291457,ascending_neuron,AN16B078,auto:AN16B078_a,left,isomorphic,3,0.137727856006492,0.41876073440457134
720575941533316995,ascending_neuron,AN18B999,,right,isomorphic,3,0.7710686375421499,0.9908355469116604
720575941533339779,ascending_neuron,AN19B063,AN19B063,left,isomorphic,3,0.04532427204266268,0.24022625897485164
720575941533345034,sensory_ascending,SApp09,SApp09,right,isomorphic,3,0.09942876122835531,0.35580420272949603
720575941533354469,ascending_neuron,ANXXX202_c,auto:ANXXX202,right,isomorphic,3,0.10195271649659875,0.3602918682632769
720575941533380362,ascending_neuron,AN10B047,AN10B047,left,isomorphic,3,0.03571253809523738,0.21323840119855805
720575941533398659,descending_neuron,DNge094,DNge094,left,isomorphic,3,0.05131425423280321,0.255607780980546
720575941533506586,descending_neuron,DNg106,DNg106,left,isomorphic,3,0.20261679874292196,0.5079170410481756
720575941533541720,ascending_neuron,AN06B026,AN06B026,left,isomorphic,3,0.28132823266363244,0.5984966423279175
720575941533543402,ascending_neuron,AN10B022,AN10B022,right,isomorphic,3,0.13900227312410243,0.4206937020561217
720575941533567754,descending_neuron,DNge071,auto:DNge179,right,isomorphic,3,0.04315175917970741,0.23439822143628145
720575941533578177,descending_neuron,DNge085,auto:DNge117,right,isomorphic,3,0.06003610071778539,0.2764784576519253
720575941533704067,descending_neuron,DNp31,DNp31,left,isomorphic,3,2.0900805489511813,1.6313102729420976
720575941533782360,ascending_neuron,AN08B109,auto:AN08B098,left,isomorphic,3,0.036711608498054396,0.21620053582393894
720575941533807082,descending_neuron,DNg11,DNg11,left,isomorphic,3,0.20042608346986904,0.5051637509463914
720575941533814757,ascending_neuron,AN05B060,AN05B060,left,isomorphic,3,0.06990129816181599,0.2983305164543974
720575941533857546,ascending_neuron,AN07B041,AN07B041,left,isomorphic,3,0.04730067932900172,0.2454080182360024
720575941533863194,ascending_neuron,AN07B091,AN07B091,left,isomorphic,3,0.05199931452380761,0.25730834333700364
720575941533946456,ascending_neuron,AN08B103,auto:AN08B097,right,dimorphic,3,0.06441204761904874,0.28637731437028535
720575941533990488,sensory_ascending,SApp10,SApp10,right,isomorphic,3,0.08879445246567765,0.3362389154045193
720575941534003075,ascending_neuron,AN08B018,AN08B018,left,isomorphic,3,0.24453153536856193,0.5579849646415737
720575941534028010,ascending_neuron,AN08B069,AN08B069,right,dimorphic,3,0.16394688276295197,0.4568847276609824
720575941534067685,descending_neuron,DNge153,DNge153,left,isomorphic,3,0.1541992008598408,0.44309425667831626
720575941534075370,descending_neuron,DNge071,DNge071,right,isomorphic,3,0.05541098666666512,0.2656152469960843
720575941534129330,sensory_descending,DNx01,DNx01,,isomorphic,3,3.3888936845304083,2.0772273472221006
720575941534146994,sensory_ascending,SAabg01,SAxx01,right,isomorphic,3,0.0964838618050261,0.350495461138831
720575941534222770,descending_neuron,DNp15,DNp15,left,isomorphic,3,1.344123072096194,1.3082013026991628
720575941534288984,ascending_neuron,AN06B057,AN06B057,right,isomorphic,3,0.17250962348678217,0.33270750507810815
720575941534372530,sensory_ascending,SApp22,auto:SApp09,right,isomorphic,3,0.04536505625000028,0.2403343162485029
720575941534383235,descending_neuron,DNge019,DNge019,left,isomorphic,3,0.0916494074404751,0.3416015951437551
720575941534435338,descending_neuron,DNp22,DNp22,left,isomorphic,3,1.6706026974129538,1.4584503481049342
720575941534463107,ascending_neuron,AN27X017,auto:AN27X018,left,isomorphic,3,0.28500728613633636,0.6023973333659713
720575941534495720,sensory_ascending,SApp09,SApp09,left,isomorphic,3,0.13175138601190578,0.4095742603533889
720575941534721729,sensory_ascending,SApp23,SApp23,left,isomorphic,3,0.04280774359788431,0.23346201397595667
720575941534800618,descending_neuron,DNge071,auto:DNge179,left,isomorphic,3,0.04430140094405951,0.23750009593502114
720575941534802408,sensory_ascending,SApp22,auto:SApp09,left,isomorphic,3,0.34243512455375036,0.6603044313709744
720575941534881368,descending_neuron,DNb08,DNb08,left,isomorphic,3,0.4660782484419881,0.7703435966224675
720575941534887512,ascending_neuron,AN07B052,AN07B052,left,isomorphic,3,0.08871664169188632,0.3360915596652345
720575941534911832,descending_neuron,DNge139,DNge139,left,isomorphic,3,0.2552909051084858,0.5701284730614286
720575941534916739,ascending_neuron,AN09A007,AN09A007,right,isomorphic,3,0.10987974859049443,0.37403641677111504
720575941534995994,sensory_ascending,SAch02,auto:LgAG5,right,isomorphic,3,0.07391961402448083,0.3067855532901263
720575941534998282,ascending_neuron,AN06A010,AN06A010,left,isomorphic,3,0.023499815949676078,0.17297657344601808
720575941535068650,ascending_neuron,AN19B010,AN19B010,left,isomorphic,3,0.07441937935606052,0.3078208841043503
720575941535086424,descending_neuron,DNg13,DNg13,right,dimorphic,3,0.4982450020572277,0.7964830441295753
720575941535097578,descending_neuron,DNge012,DNge012,right,isomorphic,3,0.3983086398750173,0.7121392499353963
720575941535118314,ascending_neuron,ANXXX202_b,auto:ANXXX202,left,isomorphic,3,0.10190999460798306,0.36021637266874923
720575941535140362,descending_neuron,DNg15,DNg15,left,isomorphic,3,3.3954559646711697,2.079237554159268
720575941535148778,ascending_neuron,AN19B028,AN19B028,right,isomorphic,3,0.22506224893749907,0.5353112696125994
720575941535151898,sensory_ascending,SApp23,SApp23,right,isomorphic,3,0.04421484423902871,0.23726796696865138
720575941535166913,sensory_ascending,SAch02,auto:LgAG1,right,isomorphic,3,0.07292639358465434,0.3047175219230141
720575941535167320,descending_neuron,DNge134,DNge134,left,isomorphic,3,0.12753846978415292,0.4029727325814914
720575941535207651,sensory_ascending,SApp02,auto:SApp09,left,dimorphic,3,0.32104436828797733,0.6393484068321217
720575941535228353,sensory_ascending,SAch02,auto:LgAG1,left,dimorphic,3,0.030650289285713374,0.1975478685689692
720575941535231154,ascending_neuron,ANXXX165,ANXXX165,right,isomorphic,3,0.20303907955611403,0.5084460494658928
720575941535231832,descending_neuron,DNge103,DNge103,right,dimorphic,3,0.47791208347133274,0.7800618972764103
720575941535332952,descending_neuron,DNpe008,DNpe008,right,isomorphic,3,0.04504487279677459,0.23948468287641822
720575941535482650,ascending_neuron,AN10B047,AN10B047,right,isomorphic,3,0.012209174405593562,0.12468040608600113
720575941535724522,descending_neuron,DNge056,DNge056,left,isomorphic,3,0.2778565638928138,0.5947923712629164
720575941535778538,sensory_ascending,SApp07,,,isomorphic,3,0.013577036904763034,0.13147935308432646
720575941535791338,ascending_neuron,AN10B046,AN10B046,right,isomorphic,3,0.03262771686274532,0.20382075302596064
720575941535811562,descending_neuron,DNg12_a,auto:DNg12_g,left,isomorphic,3,0.11476194951450548,0.38225574207952545
720575941535852522,ascending_neuron,AN06B039,AN06B039,left,isomorphic,3,0.06761951907282608,0.29342093599383073
720575941535861482,ascending_neuron,AN09B018_d,AN09B018,right,isomorphic,3,0.1732728010569964,0.4696996724852983
720575941535862506,descending_neuron,DNa01,DNa01,left,isomorphic,3,0.6459146664031512,0.9068649821163637
720575941535925018,ascending_neuron,AN19B025,AN19B025,right,isomorphic,3,0.374102637329933,0.6901610476100397
720575941535942744,descending_neuron,DNg58,DNg58,left,isomorphic,3,0.17646384099206236,0.4740050005716729
720575941535975617,ascending_neuron,ANXXX049,ANXXX049,right,isomorphic,3,0.23710365130952618,0.5494449426906993
720575941535975873,descending_neuron,DNg105,DNg105,right,isomorphic,3,1.6266812232718404,1.4391507426770398
720575941536003314,descending_neuron,DNge087,DNge087,right,isomorphic,3,0.06768561538506378,0.29356430661440763
720575941536037362,sensory_ascending,SAxx02,auto:LgAG1,right,isomorphic,3,0.06580574240574436,0.28945893232313513
720575941536048321,descending_neuron,DNge078,DNge078,right,isomorphic,3,0.17468091239609587,0.4716043313765555
720575941536070170,ascending_neuron,AN02A025,AN02A025,left,isomorphic,3,0.2509960193613641,0.5653123538558142
720575941536219107,ascending_neuron,AN10B018,AN10B018,right,isomorphic,3,0.3410427271769429,0.6589606108759529
720575941536231105,descending_neuron,DNg08,DNg08,left,dimorphic,3,0.033586580422268045,0.20679400950235355
720575941536279745,ascending_neuron,AN17A004,AN17A004,left,isomorphic,3,0.14604948749145488,0.4312261390064659
720575941536301288,descending_neuron,DNb02,DNb02,right,isomorphic,3,0.13016040165397544,0.407093810496369
720575941536326805,descending_neuron,DNg12_a,auto:DNg12_g,left,isomorphic,3,0.07815160417584933,0.3154452613706236
720575941536353880,descending_neuron,DNp42,DNp42,left,isomorphic,3,0.5066825689199203,0.8031987819816724
720575941536504602,sensory_ascending,SApp11,SApp11,left,isomorphic,3,0.13962841783910343,0.4216401583833674
720575941536507162,ascending_neuron,AN05B104,AN05B104,left,isomorphic,3,0.035292133217892055,0.21197957361755776
720575941536530458,sensory_ascending,SApp12,auto:SApp09,left,isomorphic,3,0.21032548039226373,0.5174888587214707
720575941536555546,sensory_ascending,SApp15,auto:SApp06,left,isomorphic,3,0.09037241646825216,0.3392134053964464
720575941536580634,descending_neuron,DNge129,DNge129,right,isomorphic,3,0.7816819791671461,0.9976313985047073
720575941536685400,ascending_neuron,AN10B019,AN10B019,right,isomorphic,3,0.7859027679043367,1.0003211896249233
720575941536695066,ascending_neuron,AN03B011,AN03B011,left,isomorphic,3,0.08972101794217596,0.3379886803398473
720575941536706753,descending_neuron,DNg80,DNg80,left,isomorphic,3,0.21158101911765764,0.5190311363068387
720575941536778389,descending_neuron,DNg01,auto:DNg01_b,left,isomorphic,3,0.14373298522276395,0.42779261408824937
720575941536807768,descending_neuron,DNbe006,auto:DNbe006,right,isomorphic,3,0.19942945315914337,0.5039062076886235
720575941536972018,descending_neuron,DNge045,DNge045,right,isomorphic,3,0.24330952969179923,0.5565889999043396
720575941536984842,descending_neuron,DNge116,auto:DNge092,left,dimorphic,3,0.08201167909065453,0.3231416298596503
720575941537110554,ascending_neuron,AN10B037,AN10B037,right,dimorphic,3,0.014134218750000836,0.13415008850700869
720575941537141786,sensory_ascending,SApp09,SApp09,right,isomorphic,3,0.07233287671754443,0.30347500559556945
720575941537162010,ascending_neuron,AN17A026,AN17A026,right,isomorphic,3,0.44206337621867936,0.7502350111003621
720575941537193699,sensory_ascending,SApp02,auto:SApp09,left,isomorphic,3,0.0428157601190469,0.23348387293658038
720575941537411560,ascending_neuron,AN07B069,auto:AN07B069_b,right,isomorphic,3,0.09043008085200319,0.339321609943087
720575941537417341,ascending_neuron,AN26X004,AN26X004,left,isomorphic,3,0.21149908685696223,0.5189306322252148
720575941537448061,sensory_ascending,SApp16,auto:SApp08,left,isomorphic,3,0.11777486115865565,0.3872410239152016
720575941537490813,ascending_neuron,AN08B089,AN08B089,left,dimorphic,3,0.08416502716049142,0.32735644313873935
720575941537492712,ascending_neuron,AN17A015,AN17A015,left,dimorphic,3,0.05724756620078341,0.26998123106371963
720575941537495322,descending_neuron,DNge075,DNge075,left,isomorphic,3,0.28965365682637656,0.6072878149185037
720575941537510386,ascending_neuron,AN06A041,AN06A041,left,dimorphic,3,0.08278503014105625,0.3246616301438856
720575941537518229,sensory_ascending,SApp04,auto:SApp10,left,isomorphic,3,0.15534023257359694,0.44473062296300314
720575941537542376,ascending_neuron,AN08B099,auto:AN08B094,left,dimorphic,3,0.09492328898314968,0.3476493711337183
720575941537583331,ascending_neuron,ANXXX169,ANXXX169,left,dimorphic,3,0.09376446404671641,0.3455208004088578
720575941537629706,ascending_neuron,AN09B014,AN09B014,left,isomorphic,3,0.11024038720397403,0.3746497303015391
720575941537644003,sensory_ascending,SApp08,SApp08,left,isomorphic,3,0.15645340673641345,0.44632125690508656
720575941537701347,ascending_neuron,AN09B030,AN09B030,right,isomorphic,3,0.08307018841269694,0.32522030821528725
720575941537703144,descending_neuron,DNg04,DNg04,left,isomorphic,3,0.2788186134553265,0.5958211849704148
720575941537710824,descending_neuron,DNg98,DNg98,right,isomorphic,3,0.8489796635801765,1.0396896076936788
720575941537718653,descending_neuron,DNg12_e,auto:DNg12_f,right,isomorphic,3,0.1471015032467544,0.4327764446267329
720575941537732840,ascending_neuron,ANXXX434,,left,isomorphic,3,0.28508282321428347,0.6024771564475861
720575941537766632,descending_neuron,DNd05,DNd05,left,isomorphic,3,0.41837823838341615,0.7298600672501545
720575941537784189,ascending_neuron,AN09B040,AN09B040,left,isomorphic,3,0.06310406649350538,0.28345474575869817
720575941537872253,ascending_neuron,AN12B089,auto:AN12B080,left,dimorphic,3,0.035755114583332914,0.2133654747470555
720575941537912291,descending_neuron,DNpe012,auto:DNpe012_b,right,isomorphic,3,0.07035864778095834,0.29930488246737486
720575941537991907,ascending_neuron,AN27X009,AN27X009,right,isomorphic,3,0.5626146283185459,0.8463706004001132
720575941538066837,ascending_neuron,AN09B006,AN09B006,left,isomorphic,3,0.11452781337071741,0.38186560588202484
720575941538080754,ascending_neuron,AN05B100,AN05B100,right,isomorphic,3,0.11386000773809482,0.3807506591143264
720575941538209229,descending_neuron,DNg10,DNg10,left,isomorphic,3,0.0471885032196973,0.24511684633288908
720575941538218216,descending_neuron,DNg08_a,auto:DNg08,left,isomorphic,3,0.14783675742694824,0.4338566649498544
720575941538221288,descending_neuron,DNg26,DNg26,left,isomorphic,3,0.34511859537422046,0.6628865990906071
720575941538255587,descending_neuron,DNg110,DNg110,right,isomorphic,3,0.12343859066386474,0.3964428016493795
720575941538256355,sensory_ascending,SAabg01,SAxx01,right,isomorphic,3,0.19993542458396113,0.5045450316609154
720575941538257635,ascending_neuron,AN07B049,AN07B049,left,isomorphic,3,0.11636574944319199,0.3849174896569598
720575941538336381,descending_neuron,DNg60,DNg60,right,isomorphic,3,0.20231922299182226,0.5075439245752821
720575941538543253,ascending_neuron,AN07B071,auto:AN07B071_a,left,isomorphic,3,0.047688300396826366,0.2464115051827915
720575941538630627,descending_neuron,DNge132,DNge132,right,isomorphic,3,0.3650579924506984,0.6817670218702718
720575941538642147,ascending_neuron,AN09B004,AN09B004,right,isomorphic,3,0.24612963539682747,0.5598053098341318
720575941538701795,descending_neuron,DNg111,DNg111,right,dimorphic,3,0.24715744182319369,0.5609729304564264
720575941538877133,ascending_neuron,AN06B046,AN06B046,right,isomorphic,3,0.09191348235826524,0.3420933796975046
720575941538881778,sensory_ascending,SApp12,auto:SApp09,right,isomorphic,3,0.39659650698593246,0.7106070334568357
720575941539005426,sensory_ascending,SApp05,auto:SApp09,left,isomorphic,3,0.2836536129874728,0.60096505477661
720575941539028722,descending_neuron,DNge038,DNge038,left,isomorphic,3,0.3091578909804345,0.6274010299347711
720575941539051669,ascending_neuron,AN11B008,AN11B008,right,isomorphic,3,0.23225019179035172,0.543792357853438
720575941539075314,ascending_neuron,AN07B021,AN07B021,right,isomorphic,3,0.06929325140415131,0.2970301464010695
720575941539118834,ascending_neuron,AN09B023,AN09B023,left,isomorphic,3,0.12988277269520263,0.4066594181564967
720575941539172501,ascending_neuron,AN07B070,AN07B070,right,isomorphic,3,0.035668953035062276,0.21310823898559764
720575941539226866,descending_neuron,DNp63,DNp63,right,isomorphic,3,0.1935850309523806,0.49646763910385083
720575941539243669,descending_neuron,DNge143,DNge143,left,isomorphic,3,0.14701915572369975,0.4326552933930099
720575941539298509,ascending_neuron,AN07B060,auto:AN07B063,right,isomorphic,3,0.051522395833332776,0.25612565629881257
720575941539325333,descending_neuron,DNge022,DNge022,left,isomorphic,3,0.22043074193386472,0.5297746100989629
720575941539327474,ascending_neuron,AN06B009,AN06B009,left,isomorphic,3,1.2352500916419271,1.2541009785165769
720575941539407090,descending_neuron,DNpe011,auto:DNpe018,left,dimorphic,3,0.0586481517857145,0.2732638762793243
720575941539448781,ascending_neuron,AN17B013,AN17B013,left,isomorphic,3,0.09488147912157172,0.3475727999722487
720575941539529597,ascending_neuron,AN08B113,AN08B113,left,isomorphic,3,0.037828098214285344,0.2194635061885089
720575941539582669,ascending_neuron,AN10B048,auto:AN10B033,left,isomorphic,3,0.04267134680555682,0.2330897813717783
720575941539767900,ascending_neuron,AN07B101,auto:AN07B101_a,left,isomorphic,3,0.07019061505553353,0.2989472641754538
720575941539809997,descending_neuron,DNp03,DNp03,left,isomorphic,3,1.1633496084508927,1.2170549395289616
720575941539816061,descending_neuron,DNpe024,DNpe024,right,isomorphic,3,0.16888713798701385,0.4637173521469842
720575941540023189,descending_neuron,DNge057,DNge057,right,isomorphic,3,0.04657909187271114,0.24352893407188406
720575941540246364,descending_neuron,DNge107,DNge107,left,isomorphic,3,1.8847424365208252,1.549105742620179
720575941540257741,descending_neuron,DNpe027,DNpe027,left,isomorphic,3,0.07142061300394247,0.30155521681086195
720575941540261581,ascending_neuron,AN17A073,AN17A073,right,isomorphic,3,0.11898047505280789,0.38921799276062574
720575941540291789,descending_neuron,DNge074,DNge074,right,isomorphic,3,0.13729822817460685,0.4181070838122465
720575941540410005,ascending_neuron,AN09B013,AN09B013,left,isomorphic,3,0.2099621249386136,0.5170416621206338
720575941540462285,descending_neuron,DNde003,DNde003,right,isomorphic,3,0.05267972112029514,0.25898630105853077
720575941540466381,descending_neuron,DNp08,DNp08,left,isomorphic,3,0.43237272950165395,0.7419663451037287
720575941540535069,descending_neuron,DNge020,auto:DNge024,left,isomorphic,3,0.038008934765456005,0.21998745145266288
720575941540545884,sensory_ascending,SApp08,auto:SApp09,left,isomorphic,3,0.1610273301020415,0.4527983706563464
720575941540590973,ascending_neuron,ANXXX250,ANXXX250,right,isomorphic,3,0.23979344246869336,0.5525527065532451
720575941540592509,ascending_neuron,AN09B019,AN09B019,left,isomorphic,3,0.1867771732845912,0.487659802608123
720575941540625101,ascending_neuron,AN05B062,AN05B062,right,isomorphic,3,0.04723964633264589,0.2452496397347571
720575941540800405,descending_neuron,DNp12,,left,isomorphic,3,0.8424830115836144,1.0357039567925914
720575941540944333,sensory_ascending,SApp09,SApp09,right,isomorphic,3,0.06292436439393984,0.2830508595176659
720575941540968397,ascending_neuron,AN09B018_a,AN09B018,right,isomorphic,3,0.17224506708118778,0.46830463460586114
720575941541075069,ascending_neuron,AN05B098,AN05B098,right,isomorphic,3,0.18933020726414918,0.4909813712368518
720575941541271325,descending_neuron,DNg78,DNg78,right,isomorphic,3,0.41913510997374576,0.7305199494917948
720575941541333117,ascending_neuron,AN27X016,AN27X016,right,isomorphic,3,0.4887302365087478,0.7888413426226509
720575941541431644,ascending_neuron,AN19B015,AN19B015,right,isomorphic,3,0.2157443671721176,0.5241128312085126
720575941541469213,ascending_neuron,ANXXX170,ANXXX170,right,isomorphic,3,0.15616473740770503,0.445909317194284
720575941541480573,ascending_neuron,AN01A014,AN01A014,right,isomorphic,3,0.10081162992810266,0.35826994542337365
720575941541590301,ascending_neuron,AN08B113,AN08B113,left,isomorphic,3,0.03576015388888759,0.21338051002176042
720575941541703453,ascending_neuron,AN07B072,auto:AN07B072_a,right,isomorphic,3,0.04802619437590252,0.24728293483889371
720575941541726493,descending_neuron,DNge091,DNge091,left,isomorphic,3,0.1863310661422241,0.4870770799626512
720575941541750141,descending_neuron,aSP22,aSP22,right,dimorphic,3,0.2325737529637028,0.5441710203059817
720575941541832733,sensory_ascending,SApp20,SApp20,,isomorphic,3,0.14316701840451695,0.42694953956463966
720575941541839389,ascending_neuron,ANXXX169,ANXXX169,right,dimorphic,3,0.06299265512345519,0.28320441297947174
720575941542372613,sensory_ascending,SApp22,auto:SApp08,,isomorphic,3,0.12948998158511518,0.4060440434253367
720575941542421340,ascending_neuron,AN07B013,AN07B013,left,isomorphic,3,0.1400444314560419,0.42226781566890165
720575941542461276,ascending_neuron,AN17A018,AN17A018,right,isomorphic,3,0.13569605839904064,0.41566042344484827
720575941542462300,ascending_neuron,AN18B053,AN18B053,left,dimorphic,3,0.17100580767107976,0.4666169271535211
720575941542469724,ascending_neuron,AN01B002,AN01B002,left,isomorphic,3,0.08464003395061934,0.32827890321136277
720575941542484060,ascending_neuron,AN05B071,AN05B071,left,isomorphic,3,0.03871476830839568,0.22202066114555424
720575941542514268,descending_neuron,DNg43,DNg43,right,isomorphic,3,0.3318936308862769,0.6500616089957499
720575941542529884,ascending_neuron,AN01A055,auto:AN09B059,left,isomorphic,12,0.15903847238764177,0.4495357190320981
720575941542580316,ascending_neuron,AN06A026,AN06A026,right,isomorphic,3,0.0601963437306733,0.2768471876078279
720575941542584837,descending_neuron,DNge020,auto:DNg12_b,right,isomorphic,3,0.045572200994318274,0.24088239546838022
720575941542617117,descending_neuron,DNp17,DNp17,right,isomorphic,3,0.07181974861111365,0.3023966666889835
720575941542664284,descending_neuron,DNp102,DNp102,right,isomorphic,3,1.0040421210941854,1.1306573898210226
720575941542676572,descending_neuron,DNg85,DNg85,right,isomorphic,3,0.20630839014672953,0.5125231709351942
720575941542733573,descending_neuron,DNde003,DNde003,left,isomorphic,3,0.06245624935897572,0.2819960398652578
720575941542876957,ascending_neuron,AN07B021,auto:AN07B046_c,right,isomorphic,3,0.10966750062968897,0.37367499056531517
720575941542885661,descending_neuron,DNg84,DNg84,right,isomorphic,3,0.24076856076109862,0.5536750425023703
720575941542898205,descending_neuron,DNd04,DNd04,right,isomorphic,3,0.27976848577921387,0.5968352364470215
720575941542918941,ascending_neuron,AN10B008,AN10B008,right,isomorphic,3,0.13698211310772196,0.41762548213696976
720575941543038237,ascending_neuron,AN17A068,AN17A068,right,isomorphic,3,0.08521085748860971,0.32938402115963406
720575941543045149,descending_neuron,DNa09,DNa09,left,dimorphic,3,0.855543693955969,1.043701137008836
720575941543092060,descending_neuron,DNp14,DNp14,right,isomorphic,3,0.3078911982762691,0.6261144057768042
720575941543093021,descending_neuron,DNge042,DNge042,right,isomorphic,3,0.17814131829563343,0.47625263359403486
720575941543106652,ascending_neuron,AN07B049,AN07B049,right,isomorphic,3,0.12548941172979927,0.3997225055709686
720575941543173405,ascending_neuron,ANXXX433,auto:AN27X022,right,isomorphic,3,0.26952371350185267,0.5858056420643534
720575941543300381,ascending_neuron,AN10B037,AN10B037,right,dimorphic,3,0.024759937830687088,0.17755374389523573
720575941543379644,sensory_ascending,SAch02,auto:LgAG5,right,isomorphic,3,0.0525273445669919,0.2586114697429791
720575941543603997,sensory_ascending,SApp23,SApp23,right,isomorphic,3,0.033114688434945985,0.20533614106376252
720575941543684357,descending_neuron,DNg94,DNg94,left,isomorphic,3,0.17982385537036796,0.47849644068089897
720575941543804189,sensory_ascending,SApp02,auto:SApp09,right,isomorphic,3,0.13373082767325128,0.41263952566828466
720575941543812893,ascending_neuron,AN07B037,auto:AN07B037_a,left,isomorphic,3,0.25764704251859494,0.5727533527782591
720575941543962629,descending_neuron,DNg05_b,DNg05_b,right,isomorphic,3,0.17162403487734398,0.46745963251690636
720575941544157628,ascending_neuron,AN08B110,AN08B110,left,isomorphic,3,0.040924777494328705,0.22826967618426
720575941544217436,ascending_neuron,AN05B063,AN05B063,left,isomorphic,3,0.035211562500001,0.2117374643442086
720575941544353460,sensory_ascending,SApp07,auto:SApp01,left,isomorphic,3,0.2467619606586971,0.56052393922743
720575941544501533,ascending_neuron,AN05B054,auto:AN05B054_b,right,isomorphic,3,0.036390353256588445,0.21525249548651096
720575941544522525,ascending_neuron,ANXXX178,ANXXX178,right,isomorphic,3,0.1956153342147682,0.49906430355098347
720575941544541364,ascending_neuron,AN08B112,AN08B112,right,dimorphic,3,0.14847426596226018,0.4347911070832471
720575941544546077,ascending_neuron,AN08B023,AN08B023,left,isomorphic,3,0.0671433166572187,0.292385919518444
720575941544710405,ascending_neuron,AN08B079,auto:AN08B079_a,left,isomorphic,3,0.03938650027777847,0.22393849531152527
720575941544725509,ascending_neuron,AN09B040,auto:AN09B035,right,isomorphic,3,0.06377235416666642,0.284951720798201
720575941545033916,descending_neuron,DNge071,auto:DNge179,right,isomorphic,3,0.04678816071428648,0.24407485828502234
720575941545068988,sensory_ascending,SApp10,auto:SApp19,left,isomorphic,3,0.09602349257865692,0.34965827313926007
720575941545086088,ascending_neuron,AN08B106,auto:AN08B111,left,dimorphic,3,0.031291329629630514,0.19960300171036674
720575941545087493,ascending_neuron,AN01A055,auto:AN01A086,right,isomorphic,12,0.1886629798772329,0.489806080767063
720575941545094536,ascending_neuron,AN07B078,auto:AN07B078_b,right,isomorphic,3,0.06882560024903524,0.2960261406146523
720575941545120361,descending_neuron,DNg12_e,DNg12_e,left,isomorphic,3,0.12965717085564027,0.40630608805663326
720575941545219464,ascending_neuron,AN10B051,auto:AN10B045,right,isomorphic,3,0.0496478650392496,0.2514231991675529
720575941545249468,ascending_neuron,AN07B076,auto:AN07B050,right,isomorphic,3,0.02420028765431984,0.17553564662326046
720575941545273861,descending_neuron,DNpe054,auto:DNpe015,left,isomorphic,3,0.0395031538041822,0.22426987663357748
720575941545312005,descending_neuron,DNp22,DNp22,right,isomorphic,3,1.1782837022197894,1.2248417875722508
720575941545418501,descending_neuron,DNg67,DNg67,right,isomorphic,3,0.03842325059385158,0.22118318673298984
720575941545432425,descending_neuron,DNb08,DNb08,right,isomorphic,3,0.34802356491945446,0.6656706132579044
720575941545487365,ascending_neuron,ANXXX082,ANXXX082,left,isomorphic,3,0.2102311081790172,0.5173727480907944
720575941545505672,sensory_ascending,SApp06,SApp06,left,dimorphic,3,0.19147806371916556,0.4937584861818183
720575941545785524,ascending_neuron,AN07B076,AN07B076,right,isomorphic,3,0.054827701190477654,0.26421354488867393
720575941545863785,ascending_neuron,AN19B063,auto:AN19B065,left,isomorphic,3,0.04337629636668579,0.23500726762850654
720575941545915836,ascending_neuron,ANXXX255,ANXXX255,left,isomorphic,3,0.18784813561022243,0.4890559013688606
720575941545989556,ascending_neuron,AN10B034,auto:AN10B039,right,isomorphic,3,0.024628188098507545,0.17708072453600276
720575941545991429,descending_neuron,DNp07,DNp07,right,isomorphic,3,0.5966958747568034,0.8716288108597042
720575941546194364,descending_neuron,DNge145,auto:DNge113,right,isomorphic,3,0.18678756625503684,0.4876733700139389
720575941546216628,ascending_neuron,AN08B099,auto:AN08B099_d,right,dimorphic,3,0.042766276288327874,0.2333489107567652
720575941546363169,sensory_ascending,SApp13,SApp13,right,isomorphic,3,0.05673803235615048,0.2687770572171553
720575941546424425,ascending_neuron,AN08B071,auto:AN08B079_b,right,isomorphic,3,0.0575024767315991,0.2705816462639059
720575941546427836,ascending_neuron,AN07B043,AN07B043,left,isomorphic,3,0.0710578020228327,0.3007883034584836
720575941546494313,sensory_ascending,SApp12,auto:SApp09,right,dimorphic,3,0.04479860683847347,0.23882913929373759
720575941546593468,ascending_neuron,AN17A008,AN17A008,right,isomorphic,3,0.8785451461997625,1.0576381337568501
720575941546602345,descending_neuron,DNpe031,DNpe031,left,isomorphic,3,0.34138613559403147,0.6592922931922086
720575941546634428,descending_neuron,DNp23,DNp23,left,isomorphic,3,0.10240584665385208,0.36109164151468465
720575941546829601,ascending_neuron,AN07B052,AN07B052,left,isomorphic,3,0.16968874157594668,0.4648165402294125
720575941546970292,descending_neuron,DNp16,auto:DNpe009,right,dimorphic,3,0.07505668417356517,0.3091361162764406
720575941547044980,ascending_neuron,AN07B052,AN07B052,right,isomorphic,3,0.12455569066137152,0.3982326341120959
720575941547048052,ascending_neuron,AN07B071,auto:AN07B082_a,right,isomorphic,12,0.05978040423430726,0.27588906225396714
720575941547175092,ascending_neuron,AN19B051,AN19B051,right,isomorphic,3,0.02630188169752928,0.1829988958388555
720575941547229620,ascending_neuron,ANXXX170,ANXXX170,right,isomorphic,3,0.13656828659396272,0.4169941762760702
720575941547317940,descending_neuron,DNge032,DNge032,right,isomorphic,3,0.2628012385965407,0.5784539129321336
720575941547426484,ascending_neuron,ANXXX985,auto:AN09B033,left,female-specific,3,0.12432569208149076,0.39786478555499394
720575941547473268,descending_neuron,DNg12_a,auto:DNg12_g,left,isomorphic,3,0.07252154414682487,0.3038705281085915
720575941547659964,descending_neuron,DNge096,auto:DNge098,right,isomorphic,3,0.07561256096173478,0.31027874998971317
720575941547675497,ascending_neuron,ANXXX170,ANXXX170,right,isomorphic,3,0.12531319820367182,0.39944175974746343
720575941547718461,descending_neuron,DNg18_b,DNg18_b,left,isomorphic,3,0.08700253196803351,0.33282888124948745
720575941547763060,descending_neuron,DNge061,DNge061,left,isomorphic,3,0.07910834881101537,0.3173702538438152
720575941547837501,sensory_ascending,SApp22,auto:SApp09,left,isomorphic,3,0.44463736081312283,0.752416022459613
720575941547987124,ascending_neuron,AN06B025,AN06B025,right,isomorphic,3,0.6055936437365452,0.8781035105530709
720575941548066184,descending_neuron,DNge073,DNge073,left,isomorphic,3,0.37459829071601186,0.6906180978875555
720575941548144673,sensory_ascending,SApp07,auto:SApp06,left,isomorphic,3,0.2631569207911608,0.5788452280377242
720575941548170120,descending_neuron,DNde007,DNde007,right,dimorphic,3,0.17586820462962857,0.47320434570703035
720575941548184200,sensory_ascending,SApp01,auto:SApp06,right,isomorphic,3,0.15391373573806091,0.4426839220252039
720575941548187681,ascending_neuron,AN08B112,auto:AN08B111,left,dimorphic,3,0.047495870213614864,0.2459138470431939
720575941548225928,ascending_neuron,AN09B026,AN09B026,left,dimorphic,12,0.1281787951683656,0.40378626878305324
720575941548238004,descending_neuron,DNge036,DNge036,left,isomorphic,3,0.47972520422439974,0.7815402104976158
720575941548246920,ascending_neuron,AN27X015,AN27X015,right,isomorphic,3,0.6602955060110552,0.9169047657549774
720575941548276404,ascending_neuron,AN07B011,AN07B011,right,isomorphic,3,0.06588287274257823,0.2896285187901995
720575941548340104,ascending_neuron,AN01A033,AN01A033,right,isomorphic,12,0.06861962085997866,0.29548237332266003
720575941548351549,ascending_neuron,AN04B003,AN04B003,left,isomorphic,3,0.2814825056009731,0.5986607196754233
720575941548378804,descending_neuron,DNpe005,DNpe005,right,isomorphic,3,0.24383367695810323,0.5571881906871646
720575941548409377,descending_neuron,DNpe018,DNpe018,right,isomorphic,3,0.05850292498599716,0.27292533333284835
720575941548506657,sensory_ascending,SApp21,auto:SApp10,right,isomorphic,3,0.04371930779936834,0.23593463408029816
720575941548667060,ascending_neuron,ANXXX404,ANXXX404,left,isomorphic,3,0.10440800672799527,0.36460444724805335
720575941548791732,ascending_neuron,AN05B024,,right,isomorphic,3,0.14723422679195733,0.4329716386670442
720575941548829473,ascending_neuron,AN19B063,auto:AN19B065,left,isomorphic,3,0.06341244998356489,0.2841465096523542
720575941548843581,sensory_ascending,SApp05,auto:SApp09,right,isomorphic,3,0.14502008577892667,0.4297037444503071
720575941548867252,ascending_neuron,AN27X017,AN27X017,left,isomorphic,3,0.5257774503780431,0.8181935232885642
720575941548952609,ascending_neuron,AN07B069,auto:AN07B078_b,left,isomorphic,3,0.05175566949484286,0.256704820883982
720575941549011060,sensory_ascending,SAch02,auto:LgAG1,right,isomorphic,3,0.045450454126983994,0.2405604196883758
720575941549022497,descending_neuron,DNpe054,auto:DNp17,left,isomorphic,3,0.08971461323335075,0.3379766165126261
720575941549063167,ascending_neuron,AN12B089,auto:AN12B080,right,dimorphic,3,0.03383764723124091,0.20756548498152147
720575941549144968,descending_neuron,DNp69,DNp69,left,isomorphic,3,0.47086875206022644,0.7742923966455934
720575941549156980,descending_neuron,DNg02_b,DNg02_b,right,isomorphic,3,0.08588919589646382,0.330692486580634
720575941549247368,descending_neuron,DNge092,auto:DNge116,right,isomorphic,3,0.0722522684523807,0.30330586112106694
720575941549273992,descending_neuron,DNp47,DNp47,right,dimorphic,3,0.38450167288359227,0.6996875980980465
720575941549490209,descending_neuron,DNg02_a,DNg02_a,right,dimorphic,3,0.10167656645408196,0.3598035925087878
720575941549506932,descending_neuron,DNb03,DNb03,right,isomorphic,3,0.14100676045635005,0.42371615910656896
720575941549510974,ascending_neuron,AN16B078,auto:AN16B078_a,left,isomorphic,3,0.08175198417277042,0.3226296004853467
720575941549579553,sensory_ascending,SApp08,SApp08,right,isomorphic,3,0.03446413680555765,0.20947816558295182
720575941549927229,ascending_neuron,ANXXX043,auto:ANXXX027,left,isomorphic,3,0.26389138187882616,0.5796524328620812
720575941549936957,ascending_neuron,AN06A017,AN06A017,right,isomorphic,3,0.15849563472017533,0.4492247875992894
720575941549950207,ascending_neuron,AN08B101,AN08B101,left,dimorphic,3,0.06889006474075596,0.2961647424446333
720575941550148724,descending_neuron,DNg31,DNg31,left,isomorphic,3,0.37929433705224536,0.6949334853272119
720575941550165054,descending_neuron,DNg10,DNg10,right,isomorphic,3,0.08781656595237979,0.33438230284124404
720575941550196797,descending_neuron,DNbe007,DNbe007,right,isomorphic,3,0.30246546233287974,0.6205731121784333
720575941550391668,sensory_ascending,SApp07,auto:SApp01,left,isomorphic,3,0.1048403453492388,0.3653585548229876
720575941550401086,descending_neuron,DNge001,DNge001,right,isomorphic,3,0.15640012924884109,0.4462452569622618
720575941550561341,descending_neuron,DNpe052,DNpe052,right,dimorphic,3,0.13198887282273125,0.4099432306343424
720575941550597236,sensory_ascending,SApp09,SApp09,right,isomorphic,3,0.2212190765848977,0.5307210909297728
720575941550649599,ascending_neuron,AN06B037,AN06B037,right,isomorphic,3,0.3738344601117972,0.6899136306807252
720575941550675079,sensory_ascending,SApp08,SApp08,right,dimorphic,3,0.09003449821142336,0.338578622351104
720575941550685063,ascending_neuron,AN07B082,auto:AN07B082_c,left,isomorphic,3,0.04910371210718238,0.250041572639742
720575941550687037,ascending_neuron,AN06B007,AN06B007,left,isomorphic,3,0.7198522337971661,0.9573632176120481
720575941550687805,descending_neuron,DNge050,DNge050,right,isomorphic,3,1.6191365116006133,1.4358094006150135
720575941550700605,ascending_neuron,AN05B999,auto:AN08B016,left,female-specific,12,0.06487797048660454,0.28733316668359304
720575941550794751,descending_neuron,DNg36_a,DNg36_a,right,isomorphic,3,0.07763861965812141,0.31440827079988365
720575941550801441,ascending_neuron,AN12B011,AN12B011,right,isomorphic,3,0.09701216213985439,0.351453725484198
720575941550909951,ascending_neuron,ANXXX072,ANXXX072,right,isomorphic,3,0.15547933868386124,0.44492970501143625
720575941550933821,descending_neuron,DNge018,DNge018,right,isomorphic,3,0.22058353528339536,0.5299581870679073
720575941550999175,ascending_neuron,AN19B076,auto:AN19B061,right,isomorphic,3,0.08525173578794037,0.32684170047890315
720575941550999357,descending_neuron,DNbe001,DNbe001,left,isomorphic,3,2.5107342624613183,1.7879502647689123
720575941551055495,sensory_ascending,SApp22,auto:SApp09,right,isomorphic,3,0.23465185537818853,0.5465967631746332
720575941551093639,descending_neuron,DNg12_c,auto:DNge177,left,isomorphic,3,0.06247346183561802,0.2820348951913785
720575941551104372,ascending_neuron,AN_multi_124,,right,isomorphic,12,0.10921326535593967,0.36171467171038657
720575941551115775,sensory_ascending,SAch01,auto:LgAG1,,dimorphic,3,0.04846666974426869,0.2484143323562917
720575941551193115,descending_neuron,DNg10,DNg10,right,isomorphic,3,0.04945169319631229,0.25092598775666025
720575941551408538,ascending_neuron,AN08B107,auto:AN08B110,left,dimorphic,3,0.043749528035713026,0.23601616291807112
720575941551414170,descending_neuron,DNg07,auto:DNge091,right,isomorphic,3,0.20409626788745844,0.5097680248967891
720575941551486463,ascending_neuron,AN05B078,AN05B078,left,isomorphic,3,0.058805344246030365,0.2736298407261354
720575941551513716,ascending_neuron,AN19B009,AN19B009,left,isomorphic,3,0.05310722290479756,0.2600350290123491
720575941551514174,ascending_neuron,AN08B098,AN08B098,left,isomorphic,3,0.0781878000354301,0.3155183020380196
720575941551514686,ascending_neuron,AN08B102,auto:AN08B099_e,right,isomorphic,3,0.05164453048295299,0.25642905155262014
720575941551589181,descending_neuron,DNp11,auto:DNp11,left,isomorphic,3,4.784062874177936,2.4680474136253356
720575941551640711,ascending_neuron,ANXXX049,ANXXX049,right,isomorphic,3,0.20880110297434587,0.5156101446744972
720575941551774526,descending_neuron,DNpe023,DNpe023,left,isomorphic,3,0.027193462554114835,0.18607469436270443
720575941551911935,sensory_ascending,SApp08,auto:SApp06,right,isomorphic,3,0.049742659163751715,0.2516631095484032
720575941551948543,descending_neuron,DNp63,DNp63,left,isomorphic,3,0.21691502078962646,0.5255328556012482
720575941551991295,descending_neuron,DNg16,DNg16,left,isomorphic,3,1.6963730423068353,1.4696561638994876
720575941552002815,descending_neuron,DNg57,DNg57,right,isomorphic,12,0.11079736325137088,0.37501409375086703
720575941552009727,descending_neuron,DNg49,DNg49,left,isomorphic,3,0.49924820568629935,0.7972844900773316
720575941552013055,ascending_neuron,AN09B009,AN09B009,right,isomorphic,3,0.24077362089359722,0.5536808606506102
720575941552017663,descending_neuron,DNge064,DNge064,left,isomorphic,3,0.3278828768419068,0.6461218498368901
720575941552024575,ascending_neuron,AN07B005,AN07B005,right,isomorphic,3,0.16468073192189672,0.4579061259023395
720575941552163583,descending_neuron,DNpe022,DNpe022,left,isomorphic,3,0.3621361398042227,0.6790331757554102
720575941552165255,sensory_ascending,SAabg01,SAxx01,left,isomorphic,3,0.23930508821377133,0.5519897658200831
720575941552168959,ascending_neuron,AN10B048,AN10B048,right,isomorphic,3,0.031650016020409094,0.20074374707244627
720575941552203930,ascending_neuron,AN07B089,AN07B089,right,isomorphic,3,0.025408280714287097,0.17986335860636574
720575941552229887,ascending_neuron,AN06A027,AN06A027,right,isomorphic,3,0.38057152779434583,0.6961025203143846
720575941552267777,sensory_ascending,SAch02,auto:LgAG2,right,isomorphic,3,0.04185734920634791,0.23085586899039656
720575941552359303,sensory_ascending,SAch01,auto:LgAG1,right,isomorphic,3,0.04572043282785757,0.24127383421920406
720575941552559131,sensory_ascending,SApp12,auto:SApp09,left,isomorphic,3,0.06863702263544458,0.29562031637275965
720575941552584510,descending_neuron,DNge094,DNge094,left,isomorphic,3,0.05353736356013694,0.261085978952585
720575941552589055,ascending_neuron,AN09B029_a,auto:AN09B029,left,isomorphic,3,0.0811821747550365,0.3215032740513121
720575941552590910,ascending_neuron,AN01B005,AN01B005,left,isomorphic,3,0.193799677775201,0.4967428041756802
720575941552602686,ascending_neuron,ANXXX254,ANXXX254,left,dimorphic,3,0.11945552475694173,0.3899942281080945
720575941552603966,descending_neuron,DNp19,DNp19,right,isomorphic,3,0.46177695584663203,0.7667807255215503
720575941552643841,ascending_neuron,AN05B050,auto:AN05B050_b,right,isomorphic,3,0.04884910902777828,0.2493924965576285
720575941552726407,descending_neuron,DNg99,DNg99,right,isomorphic,3,1.4760521042870671,1.3709004009292012
720575941552768062,descending_neuron,DNge135,DNge135,right,isomorphic,3,0.17223988095237713,0.4682975844578352
720575941552842579,sensory_ascending,SAxx02,,left,isomorphic,3,0.06830010244380247,0.29489386453589034
720575941552863489,descending_neuron,DNg92_b,auto:DNge176,left,isomorphic,3,0.07816605848206777,0.31547443115956336
720575941552880190,sensory_ascending,SApp22,auto:SApp06,left,isomorphic,3,0.05600689218975504,0.26703967853806865
720575941552896830,ascending_neuron,AN09B012,AN09B012,left,dimorphic,3,0.31523177448759726,0.6335341830040789
720575941552964095,ascending_neuron,AN10B021,AN10B021,left,isomorphic,3,0.14471308482686768,0.4292486718001373
720575941552999707,ascending_neuron,ANXXX989,,right,female-specific,3,0.10552854130131153,0.36655574184978706
720575941553019475,sensory_ascending,SApp10,auto:SApp19,left,isomorphic,3,0.21701471671176095,0.5256536113325132
720575941553032839,ascending_neuron,AN19B076,AN19B076,left,isomorphic,3,0.09804177479866222,0.3533138331705625
720575941553078938,sensory_ascending,SAch02,auto:LgAG1,,dimorphic,3,0.030068536111112692,0.19566412351007512
720575941553134363,sensory_ascending,SApp06,SApp06,right,isomorphic,3,0.15973846432630223,0.45098262671140127
720575941553301220,sensory_ascending,SApp22,auto:SApp09,left,isomorphic,3,0.45840122663497135,0.7639728850599026
720575941553314714,ascending_neuron,AN06B023,AN06B023,left,isomorphic,3,0.30640032918585947,0.6245966823793636
720575941553332708,sensory_ascending,SAch01,auto:LgAG5,left,dimorphic,3,0.0641216168611666,0.2857309543259083
720575941553530503,sensory_ascending,SApp10,SApp10,right,isomorphic,3,0.18056614996091497,0.4794830159357227
720575941553545278,ascending_neuron,AN09B023,AN09B023,left,isomorphic,3,0.17189349313533456,0.46782645600967265
720575941553550471,descending_neuron,DNge111,DNge111,left,isomorphic,3,0.06644514742400238,0.29086180439514153
720575941553551495,descending_neuron,DNg07,DNg07,left,isomorphic,3,0.07170193486111064,0.3021485378074678
720575941553577217,ascending_neuron,AN06B068,AN06B068,left,isomorphic,3,0.08155529141188797,0.3222412483032173
720575941553583844,sensory_ascending,SApp06,auto:SApp08,left,dimorphic,3,0.35750260833332864,0.6746750760743727
720575941553593150,sensory_ascending,SApp23,SApp23,left,isomorphic,3,0.04143163480790116,0.22967889724666823
720575941553617124,sensory_ascending,SApp16,auto:SApp06,right,isomorphic,3,0.18565635125439695,0.48619441394193313
720575941553669092,sensory_ascending,SApp06,auto:SApp09,left,isomorphic,3,0.284839474785761,0.6022199624712097
720575941553670791,descending_neuron,DNa13,DNa13,right,isomorphic,3,0.9257461391876788,1.0856779415644653
720575941553768705,ascending_neuron,ANXXX982,auto:ANXXX150,left,female-specific,3,0.15372421309163312,0.44241128725605783
720575941553773959,ascending_neuron,ANXXX132,ANXXX132,right,isomorphic,3,0.1267543789627017,0.40173210945063703
720575941553784455,ascending_neuron,AN_multi_18,auto:AN09B059,right,isomorphic,12,0.15330883595187278,0.4416411961784952
720575941553919806,ascending_neuron,AN_IN08B003,auto:AN07B024,left,female-specific,3,0.2103217348947767,0.5174842509539156
720575941553984574,ascending_neuron,AN05B069,auto:AN05B056,right,isomorphic,3,0.07175903784625076,0.3022688284921117
720575941553985875,descending_neuron,DNg02_h,auto:DNg02_g,left,isomorphic,3,0.22055600598639466,0.5299251160784163
720575941553999387,ascending_neuron,ANXXX027,ANXXX027,left,isomorphic,3,0.40226963619047945,0.7156714388907424
720575941553999422,ascending_neuron,AN05B053,AN05B053,right,isomorphic,3,0.04457175038510143,0.23822366626423971
720575941554032155,sensory_ascending,SApp15,auto:SApp06,right,isomorphic,3,0.03802925124917932,0.22004623729372016
720575941554109668,descending_neuron,DNg51,DNg51,left,isomorphic,3,0.11911344409451749,0.38943542125844266
720575941554172807,descending_neuron,DNp44,DNp44,right,isomorphic,3,0.15643002711230022,0.44628790763740656
720575941554198555,ascending_neuron,AN01A049,AN01A049,right,isomorphic,3,0.11121589531893357,0.37630370171338007
720575941554220571,ascending_neuron,AN07B057,AN07B057,left,isomorphic,3,0.046656806412337305,0.24373200642353265
720575941554228481,descending_neuron,DNg12_e,auto:DNg12_f,left,isomorphic,3,0.14908404157647864,0.4356830237961008
720575941554350931,sensory_ascending,SApp17,auto:SApp08,left,isomorphic,3,0.6012297687850734,0.8749340072766254
720575941554354259,descending_neuron,DNg12_e,auto:DNge019,left,isomorphic,3,0.12304176837301414,0.3958050595263606
720575941554615553,ascending_neuron,ANXXX057,ANXXX057,left,isomorphic,3,0.26830210197087373,0.5844765574125984
720575941554623130,ascending_neuron,AN01B004,AN01B004,right,isomorphic,3,0.07356725490842617,0.30605348902932017
720575941554637732,ascending_neuron,AN19B076,auto:AN19B093,left,isomorphic,3,0.08679504810065179,0.33243177875910185
720575941554692580,ascending_neuron,AN08B018,AN08B018,left,isomorphic,3,0.5593527206889118,0.8439135047126126
720575941554694372,descending_neuron,DNg36_a,DNg36_a,right,isomorphic,3,0.08726637191209688,0.3333331601326931
720575941554701722,descending_neuron,DNge022,DNge022,right,isomorphic,3,0.26598853576354115,0.5819511338423043
720575941554856019,descending_neuron,DNpe054,auto:DNpe015,left,isomorphic,3,0.06615865879870376,0.29023407899340586
720575941554888676,descending_neuron,DNge111,DNge111,left,isomorphic,3,0.0386299637038296,0.2217773599793267
720575941554952858,descending_neuron,DNge053,DNge053,left,isomorphic,3,0.4686811876814065,0.7724916970617932
720575941555052571,ascending_neuron,ANXXX200,ANXXX200,,isomorphic,3,0.0649617915945175,0.28759680449369385
720575941555066451,ascending_neuron,AN01B004,AN01B004,left,isomorphic,3,0.0811410998788983,0.3214219299754123
720575941555155354,sensory_ascending,SApp09,SApp09,left,isomorphic,3,0.21887909970624916,0.5279067391708757
720575941555196929,descending_neuron,DNge123,DNge123,right,isomorphic,3,0.19160940258778134,0.49392779686695426
720575941555214593,ascending_neuron,AN19B100,auto:AN19B059,left,isomorphic,3,0.05102225349562817,0.254879482917193
720575941555244772,ascending_neuron,AN09B030,AN09B030,right,isomorphic,3,0.05828482026260506,0.27241611188791687
720575941555321601,ascending_neuron,ANXXX102,ANXXX102,right,isomorphic,3,0.4804960512139249,0.7821678678484952
720575941555384868,ascending_neuron,AN01B018,AN01B018,right,isomorphic,3,0.11183187067761231,0.3773443521618479
720575941555393537,descending_neuron,DNa13,DNa13,left,isomorphic,3,0.6055065715833021,0.8780403814955624
720575941555461377,descending_neuron,DNge025,auto:DNge001,left,isomorphic,3,0.07848405172297253,0.3161154825134772
720575941555503187,ascending_neuron,AN08B005,AN08B005,left,isomorphic,3,0.0785603614653963,0.3162691241117776
720575941555505747,ascending_neuron,AN08B016,AN08B016,left,isomorphic,3,0.07248335913135318,0.3037905185835783
720575941555507283,ascending_neuron,AN10B045,auto:AN10B039,right,isomorphic,3,0.021601709675323374,0.16584375475883886
720575941555509331,ascending_neuron,AN05B081,AN05B081,left,isomorphic,3,0.059564215277776576,0.27538974988692566
720575941555637331,descending_neuron,DNpe039,DNpe039,right,isomorphic,3,0.23497876741650922,0.5469773842197005
720575941555674340,descending_neuron,DNg41,DNg41,left,isomorphic,3,0.16438906543847343,0.4575004468176187
720575941555710547,descending_neuron,DNp56,DNp56,left,isomorphic,3,0.1551019294733047,0.44438936763848863
720575941555742035,descending_neuron,DNpe037,DNpe037,left,isomorphic,3,0.08880365174964168,0.3362563324675592
720575941556195300,descending_neuron,DNde001,DNde001,left,isomorphic,3,0.16892244270111825,0.4637658181025456
720575941556199652,descending_neuron,DNge115,DNge115,right,isomorphic,3,0.03402214519584458,0.20813058559488742
720575941556235940,ascending_neuron,AN08B099,auto:AN08B099_g,right,dimorphic,3,0.08153359026507638,0.3221983726677234
720575941556296019,ascending_neuron,ANXXX202_b,auto:ANXXX202,right,isomorphic,3,0.059203410943220965,0.27455440990105295
720575941556338916,ascending_neuron,AN19B024,AN19B024,left,isomorphic,12,0.08597211407655794,0.3297152942147409
720575941556367140,sensory_ascending,SApp06,SApp06,,isomorphic,3,0.19468996395833188,0.49788247717188416
720575941556379108,descending_neuron,DNge073,DNge073,right,isomorphic,3,0.4156324532076798,0.7274611161425091
720575941556383908,ascending_neuron,ANXXX145,ANXXX145,right,isomorphic,3,0.11916561349724335,0.3895206945430711
720575941556419300,ascending_neuron,AN09B040,AN09B040,right,isomorphic,3,0.04405833345175018,0.23684765657674636
720575941556420516,ascending_neuron,AN10B024,AN10B024,right,isomorphic,3,0.07396167369047665,0.3068728201348454
720575941556437732,ascending_neuron,AN17A018,AN17A018,right,isomorphic,3,0.20296012506192046,0.508347181789406
720575941556446436,ascending_neuron,AN08B013,AN08B013,right,isomorphic,3,0.16521850530545373,0.4586531744978334
720575941556498660,ascending_neuron,AN05B103,AN05B103,left,dimorphic,3,0.21340186136772807,0.5212597133996473
720575941556531201,ascending_neuron,AN27X013,,left,isomorphic,12,0.08885133954695608,0.32247435435755556
720575941556616787,ascending_neuron,AN09B031,AN09B031,right,isomorphic,12,0.09637479061110804,0.34989718307235995
720575941556654419,descending_neuron,DNbe006,DNbe006,left,isomorphic,3,0.18188436744002442,0.4812300584894711
720575941556707620,ascending_neuron,AN08B034,AN08B034,right,isomorphic,3,0.17821027541047452,0.4763448015154155
720575941556727041,descending_neuron,DNp66,DNp66,right,isomorphic,3,0.31618192043311,0.6344882382091431
720575941556768257,descending_neuron,DNge080,DNge080,left,isomorphic,3,0.11011811132608952,0.3744418966033665
720575941556839204,ascending_neuron,AN08B079,auto:AN08B079_a,left,isomorphic,3,0.03288406746031723,0.20461987948929766
720575941556851027,descending_neuron,DNg93,DNg93,left,isomorphic,3,0.7342278214756697,0.9668753265791676
720575941556869860,sensory_ascending,SApp09,SApp09,left,isomorphic,3,0.20433724284391744,0.5100688757913266
720575941556870884,descending_neuron,DNg110,DNg110,right,isomorphic,3,0.06684421393162075,0.2917339481693494
720575941556877796,ascending_neuron,AN08B066,AN08B066,right,isomorphic,3,0.11334746643518606,0.37989271717265183
720575941556912211,ascending_neuron,AN08B009,AN08B009,right,isomorphic,3,0.19301505684058057,0.495736223307045
720575941556952147,ascending_neuron,AN05B053,AN05B053,right,dimorphic,3,0.02737441414141401,0.18669275989926812
720575941556990735,descending_neuron,DNge146,DNge146,left,isomorphic,3,0.15016766802193382,0.4355908686884037
720575941557126159,ascending_neuron,AN19B104,auto:AN19B102,right,dimorphic,3,0.0226519453125,0.16982741986220395
720575941557316004,descending_neuron,DNg14,DNg14,right,isomorphic,3,0.5766313213504807,0.8568487620790038
720575941557326675,ascending_neuron,AN17B013,AN17B013,left,isomorphic,3,0.09588635118385117,0.34940849177952527
720575941557352686,ascending_neuron,AN06B015_a,auto:AN06B015,left,isomorphic,3,0.11255736461538199,0.3785663583567334
720575941557372708,sensory_ascending,SApp22,auto:SApp09,left,isomorphic,3,0.12646758190434404,0.40127736842194817
720575941557413284,descending_neuron,DNge030,DNge030,left,isomorphic,3,0.13765510588473878,0.4186501216375739
720575941557473572,descending_neuron,DNde006,DNde006,left,isomorphic,3,0.22325800508838373,0.5331612521153561
720575941557512307,descending_neuron,DNg12_a,auto:DNg12_h,right,isomorphic,3,0.07977088172826724,0.31869647179537697
720575941557552356,descending_neuron,DNg98,DNg98,left,isomorphic,3,0.865152889226607,1.0495460308177036
720575941557588964,ascending_neuron,AN13B002,AN13B002,left,isomorphic,3,0.05763265020833352,0.2708877430101618
720575941557591972,ascending_neuron,ANXXX046,auto:AN05B102d,right,dimorphic,3,0.3404803633090616,0.6584170887597712
720575941557601508,ascending_neuron,AN05B010,AN05B010,left,isomorphic,3,0.21050147069730263,0.5177053184164866
720575941557603556,ascending_neuron,ANXXX013,ANXXX013,left,dimorphic,3,0.10330048015221321,0.3626654881842601
720575941557625971,sensory_ascending,SApp07,auto:SApp08,right,isomorphic,3,0.18807352247705858,0.48934920673832555
720575941557692531,sensory_ascending,SApp08,SApp08,right,isomorphic,3,0.1752237691764446,0.4723365665423286
720575941557838756,descending_neuron,DNg86,DNg86,right,isomorphic,3,0.04509106283162863,0.2396074379299763
720575941557948068,ascending_neuron,AN06B039,AN06B039,right,isomorphic,3,0.027541548588949614,0.18726181881711917
720575941558153261,ascending_neuron,AN07B060,AN07B060,right,isomorphic,3,0.0504156113053583,0.25335972447486466
720575941558189171,descending_neuron,DNg07,auto:DNge091,left,isomorphic,3,0.18000559831002422,0.4787381810990594
720575941558279972,ascending_neuron,AN06A080,AN06A080,right,isomorphic,3,0.05721957647907772,0.2699152228129413
720575941558298660,sensory_ascending,SNxx29,,left,isomorphic,3,0.07391687736489493,0.30677987431434234
720575941558335524,ascending_neuron,AN19B018,AN19B018,right,isomorphic,3,0.16743659864267418,0.4617216679210568
720575941558381860,descending_neuron,DNpe050,DNpe050,right,isomorphic,3,0.16104684407363748,0.4528258058341562
720575941558535716,ascending_neuron,AN09B034,AN09B034,left,isomorphic,3,0.12425989807639866,0.3977594952425794
720575941558552591,ascending_neuron,AN12B055,auto:AN12B080,left,isomorphic,3,0.04930523442460411,0.25055413433396667
720575941558607396,descending_neuron,DNp03,DNp03,right,isomorphic,3,1.015587940015083,1.1371397127808551
720575941558807411,descending_neuron,DNge039,DNge039,left,isomorphic,3,0.37545517637205494,0.6914075338267696
720575941558924270,sensory_ascending,SApp22,auto:SApp09,right,isomorphic,3,0.04731641181397434,0.24544882692024864
720575941558960143,ascending_neuron,AN08B071,auto:AN08B079_b,left,isomorphic,3,0.038567191558441065,0.22159709705134523
720575941558966766,ascending_neuron,AN10B049,auto:AN10B039,left,dimorphic,3,0.033539606486570846,0.2066493486405364
720575941558973455,ascending_neuron,AN05B071,,right,isomorphic,3,0.03771215277777841,0.21912691353131747
720575941558996462,ascending_neuron,AN08B112,auto:AN08B111,left,dimorphic,3,0.07210401595568715,0.3029945287443257
720575941559011620,ascending_neuron,AN06B039,AN06B039,right,isomorphic,3,0.15862601572991997,0.44940951931519657
720575941559017252,ascending_neuron,AN17A012,AN17A012,right,isomorphic,3,0.2912359371906525,0.6089442602399212
720575941559022381,descending_neuron,DNge095,auto:DNge108,right,isomorphic,3,0.06835295388723966,0.295007938687576
720575941559104813,descending_neuron,DNg02_a,auto:DNg02_c,left,dimorphic,3,0.10274401927100742,0.3616873626778772
720575941559176942,descending_neuron,DNb04,DNb04,right,isomorphic,3,0.04068171269841221,0.22759078486435486
720575941559205933,descending_neuron,DNg05_b,DNg05_b,left,isomorphic,3,0.11651398692859707,0.3851625834271102
720575941559394931,descending_neuron,DNg08_a,auto:DNg08,right,isomorphic,3,0.03526843000000021,0.21190837585316025
720575941559458675,ascending_neuron,AN08B109,AN08B109,right,dimorphic,3,0.12555334477895125,0.3998243158517611
720575941559494415,ascending_neuron,AN01B011,AN01B011,left,isomorphic,3,0.07779785841049483,0.3147305352582572
720575941559874831,descending_neuron,DNp04,DNp04,right,isomorphic,3,1.6425022141862553,1.446026186398902
720575941559946478,descending_neuron,DNpe008,DNpe008,left,isomorphic,3,0.05463521267125502,0.26374933802392286
720575941559950863,descending_neuron,DNg10,DNg10,left,isomorphic,3,0.0636242684523781,0.2846206854717585
720575941560024847,ascending_neuron,AN05B006,AN05B006,left,isomorphic,3,0.3384835125541095,0.6564835058284048
720575941560068334,ascending_neuron,AN08B099,auto:AN08B099_h,right,dimorphic,3,0.07404824967779174,0.30705237290759896
720575941560162798,descending_neuron,DNp35,DNp35,left,isomorphic,3,0.528676066716182,0.8204457779147188
720575941560266152,ascending_neuron,AN19B044,AN19B044,right,isomorphic,3,0.16847635228515057,0.463153056863696
720575941560343155,ascending_neuron,ANXXX433,auto:AN27X021,right,isomorphic,3,0.15369427495289958,0.44236820485815975
720575941560405875,ascending_neuron,AN05B071,AN05B071,left,isomorphic,3,0.03147662542087783,0.20019311731595005
720575941560414579,ascending_neuron,AN12B060,AN12B060,right,dimorphic,3,0.03517707530740233,0.21163374813462874
720575941560433267,ascending_neuron,AN18B022,AN18B022,left,isomorphic,3,0.2354311968888652,0.5475037076981609
720575941560435059,descending_neuron,DNge133,DNge133,right,isomorphic,3,0.21990830051721055,0.5291464300493924
720575941560435571,ascending_neuron,AN10B034,auto:AN10B039,left,dimorphic,3,0.02051430213068118,0.16161565736471228
720575941560503155,descending_neuron,DNp73,DNp73,right,isomorphic,3,1.8421318897673922,1.531494423323036
720575941560549491,descending_neuron,DNg07,DNg07,right,isomorphic,3,0.05257506280545407,0.2587289103112347
720575941560566543,sensory_ascending,SApp09,SApp09,right,isomorphic,3,0.23442958487854462,0.5463378239909913
720575941560566799,ascending_neuron,AN17A015,AN17A015,right,isomorphic,3,0.06660131127395155,0.29120340527749833
720575941560597775,descending_neuron,DNg110,DNg110,left,isomorphic,3,0.13709805944049852,0.4178021909780926
720575941560655731,descending_neuron,DNge051,DNge051,right,isomorphic,3,0.18385278081007783,0.4838270671809476
720575941560655784,ascending_neuron,AN16B078,auto:AN16B078_a,right,isomorphic,3,0.08061458838338735,0.32037740527739567
720575941560722344,sensory_ascending,SApp22,auto:SApp09,left,isomorphic,3,0.14927543417885614,0.4359625968521044
720575941560766223,sensory_ascending,SApp12,auto:SApp09,left,isomorphic,3,0.10188756846591017,0.36017673618337454
720575941560931087,ascending_neuron,AN05B006,AN05B006,left,isomorphic,3,0.2604731636312708,0.5758860410511847
720575941560978670,ascending_neuron,AN08B099,auto:AN08B101,left,dimorphic,3,0.07940679754464323,0.3179683549578775
720575941561146350,sensory_ascending,SApp10,auto:SApp19,left,isomorphic,3,0.03729124685374122,0.2179006428780421
720575941561224463,descending_neuron,DNg02_c,DNg02_c,left,isomorphic,3,0.11708490497980076,0.3861050778115218
720575941561334061,ascending_neuron,ANXXX200,ANXXX200,left,isomorphic,3,0.12039662845265206,0.39152745548518464
720575941561376750,ascending_neuron,AN02A001,AN02A001,left,isomorphic,3,0.6931181052457221,0.9394175752937358
720575941561392173,descending_neuron,DNg39,DNg39,right,isomorphic,3,0.5729476433975327,0.8529988313659536
720575941561409581,ascending_neuron,ANXXX084,ANXXX084,left,dimorphic,3,0.04111826594516895,0.22880865851695006
720575941561414034,ascending_neuron,ANXXX308,ANXXX308,left,isomorphic,3,0.30062464925264537,0.618681817698408
720575941561430829,descending_neuron,oviDNa_b,auto:DNpe034,right,female-specific,3,0.22444483485734468,0.5345765046762945
720575941561453171,sensory_ascending,SApp14,auto:SApp04,right,isomorphic,3,0.09844167699903505,0.3540336650732771
720575941561466258,sensory_ascending,SApp07,auto:SApp01,right,isomorphic,3,0.0835004706590308,0.3260614991793361
720575941561535859,descending_neuron,DNpe029,DNpe029,right,isomorphic,3,0.14735728063543344,0.4331525330754408
720575941561589486,ascending_neuron,AN17A068,auto:AN05B081,right,isomorphic,3,0.057559741707773976,0.2707163447726784
720575941561632045,ascending_neuron,AN03B011,AN03B011,left,isomorphic,3,0.19729537172789477,0.5012028224952244
720575941561655341,descending_neuron,DNae001,DNae001,right,isomorphic,3,0.23677390891617836,0.5490627505063513
720575941561659181,sensory_descending,DNx02,DNx02,right,isomorphic,3,0.4157938285359043,0.7276023261017965
720575941561762605,ascending_neuron,ANXXX043,auto:ANXXX027,right,isomorphic,3,0.2570218184742725,0.5720579893168055
720575941561776173,descending_neuron,DNge129,DNge129,left,isomorphic,3,0.5814156380082406,0.8603960612645297
720575941561826216,ascending_neuron,AN10B053,auto:AN10B048,left,dimorphic,3,0.0312623255952381,0.19951047393117832
720575941561868544,ascending_neuron,AN10B027,AN10B027,left,isomorphic,3,0.1315685240197261,0.4092899310077801
720575941561890931,sensory_ascending,SApp10,,left,isomorphic,3,0.22901421783823417,0.5399907021960958
720575941561955699,descending_neuron,DNde006,DNde006,right,isomorphic,3,0.2722723646303408,0.5887851404255218
720575941562036743,descending_neuron,DNpe004,DNpe004,right,isomorphic,3,0.16128898935786215,0.4531661057281302
720575941562059176,descending_neuron,DNg82,auto:DNg01_b,right,isomorphic,3,0.2479806100327237,0.5619063258419619
720575941562066088,ascending_neuron,AN07B071,auto:AN07B071_c,right,isomorphic,3,0.05480925262626239,0.26416908952626694
720575941562120960,sensory_ascending,SApp22,auto:SApp09,right,isomorphic,3,0.061325895592100554,0.27943255963499
720575941562127405,sensory_ascending,SApp07,auto:SApp06,left,isomorphic,3,0.06296108063729855,0.2831334272859139
720575941562217517,descending_neuron,DNp24,DNp24,right,isomorphic,3,0.1986536611446188,0.5029251406280538
720575941562287202,ascending_neuron,AN03A002,AN03A002,left,isomorphic,3,0.04456877480158836,0.23821571429647195
720575941562316039,sensory_ascending,SApp02,auto:SApp09,right,isomorphic,3,0.164708093890044,0.4579441652415238
720575941562404008,descending_neuron,DNge088,auto:DNg36_b,right,isomorphic,3,0.5639977654326204,0.8474103245129119
720575941562409479,ascending_neuron,AN07B082,auto:AN07B082_a,right,isomorphic,3,0.062378572547761905,0.281820626129355
720575941562443362,ascending_neuron,AN10B020,AN10B020,left,isomorphic,3,0.10904767156539662,0.3726175085773012
720575941562502445,ascending_neuron,AN09B018_b,AN09B018,right,isomorphic,3,0.13708526392290293,0.417782693546653
720575941562504546,ascending_neuron,AN10B029,AN10B029,left,isomorphic,3,0.08378860491101227,0.3266235833048368
720575941562512018,ascending_neuron,AN09B033,AN09B033,right,isomorphic,3,0.03375006286324761,0.20729668273946042
720575941562682624,ascending_neuron,AN19B060,auto:AN19B059,right,isomorphic,3,0.06824498289275625,0.29477484789043984
720575941562771624,descending_neuron,DNpe009,DNpe009,right,isomorphic,3,0.09050195735082389,0.33945643457593216
720575941562840365,ascending_neuron,AN27X008,AN27X008,right,isomorphic,12,0.20697653345597616,0.4632393862308119
720575941562921773,ascending_neuron,AN08B012,AN08B012,left,isomorphic,3,0.567690168139803,0.8501797287826561
720575941562932781,descending_neuron,DNd02,DNd02,right,isomorphic,3,0.580188054105659,0.8594872738268259
720575941562981522,descending_neuron,DNg08_a,auto:DNg08,left,isomorphic,3,0.11128650286754103,0.37642313457894205
720575941563064071,descending_neuron,DNg12_b,auto:DNg12_e,right,isomorphic,3,0.19436062396846007,0.497461186803598
720575941563084690,ascending_neuron,AN07B042,AN07B042,left,isomorphic,3,0.07412069132478688,0.3072025313662424
720575941563183016,descending_neuron,DNg74_b,DNg74_b,right,isomorphic,3,1.310955164973212,1.2919597352157313
720575941563218944,descending_neuron,DNae010,DNae010,right,isomorphic,3,0.6746020989664087,0.9267848020794123
720575941563334912,descending_neuron,DNp17,DNp17,right,isomorphic,3,0.05684798969387888,0.26903737382925735
720575941563338664,ascending_neuron,AN08B028,AN08B028,right,isomorphic,3,0.13274361982473631,0.41111364131118877
720575941563345576,ascending_neuron,AN05B102,auto:AN05B102b,right,dimorphic,3,0.18478145810393093,0.4850474817909568
720575941563391383,descending_neuron,DNg82,DNg82,left,isomorphic,3,0.3848620970442055,0.7000154578481708
720575941563424054,sensory_ascending,SAxxxx,auto:LgAG2,left,isomorphic,3,0.04287722120535295,0.23365139333419876
720575941563466152,ascending_neuron,AN27X009,AN27X009,left,isomorphic,3,0.5649264571710606,0.8481077202439143
720575941563483816,ascending_neuron,AN19B019,AN19B019,right,isomorphic,3,0.5718299241217897,0.8532739725637775
720575941563541351,ascending_neuron,AN10B019,AN10B019,right,isomorphic,3,0.533935281588089,0.8245165340047823
720575941563548160,ascending_neuron,AN10B034,auto:AN10B046,left,dimorphic,3,0.02665665791202645,0.18422896347770493
720575941563551656,ascending_neuron,ANXXX109,ANXXX109,left,isomorphic,3,0.28844168805830606,0.6060159763455081
720575941563563879,sensory_ascending,SApp10,auto:SApp19,right,isomorphic,3,0.09320161309523753,0.34448219028850097
720575941563568999,sensory_ascending,SApp05,auto:SApp09,left,isomorphic,3,0.20960956323373206,0.5166073798000308
720575941563622759,sensory_ascending,SAch01,auto:LgAG1,right,dimorphic,3,0.04037428761904606,0.22672922084963093
720575941563646050,ascending_neuron,AN07B005,AN07B005,right,isomorphic,3,0.16451913759379427,0.4576814086787273
720575941563760552,sensory_ascending,SAch01,auto:LgAG1,left,dimorphic,3,0.05992606825049971,0.27622498050870514
720575941563866536,descending_neuron,DNg08_b,auto:DNg08,right,isomorphic,3,0.09440847213833384,0.3467053505277276
720575941563893858,sensory_ascending,SApp23,SApp23,left,isomorphic,3,0.02663735416666635,0.18416224556655347
720575941563967847,ascending_neuron,AN27X008,AN27X008,left,isomorphic,3,0.39480123652919585,0.7089968594142803
720575941564030055,ascending_neuron,AN06B068,AN06B068,left,isomorphic,3,0.06052774121134568,0.2776082017228265
720575941564094720,ascending_neuron,AN19B093,auto:AN19B104,right,isomorphic,3,0.05764777395833505,0.27092328336580096
720575941564134242,ascending_neuron,AN07B070,AN07B070,right,isomorphic,3,0.03977029417530875,0.2250269122788508
720575941564152722,ascending_neuron,AN07B045,AN07B045,left,isomorphic,3,0.03177801951187975,0.20114927565340845
720575941564155904,descending_neuron,DNpe012,auto:DNp16_a,left,isomorphic,3,0.057228931818181734,0.2699372873351538
720575941564160402,ascending_neuron,AN05B069,auto:AN05B069,right,isomorphic,3,0.05920710068959012,0.2745629653232618
720575941564186007,descending_neuron,DNg52,DNg52,left,isomorphic,3,0.14518133848855508,0.42994257909773187
720575941564189026,ascending_neuron,AN05B083,AN05B083,left,isomorphic,3,0.045638880309794044,0.24105855551683858
720575941564202599,sensory_ascending,SApp10,SApp10,left,isomorphic,3,0.06567808098637354,0.28917802463909564
720575941564373346,ascending_neuron,AN10B056,auto:AN10B045,left,isomorphic,3,0.0615576524777566,0.2799600639658167
720575941564402023,descending_neuron,DNg09,auto:DNg09_a,left,isomorphic,3,0.05217830239898894,0.2577508059959121
720575941564410112,descending_neuron,DNg05_b,auto:DNge014,left,isomorphic,3,0.14486297827606773,0.42947092161076544
720575941564421015,ascending_neuron,ANXXX202_b,auto:ANXXX202,left,isomorphic,3,0.084493843191653,0.3279952780731218
720575941564422290,ascending_neuron,AN08B050,AN08B050,left,isomorphic,3,0.22402388163496884,0.5340749620256614
720575941564493831,sensory_ascending,SApp10,SApp10,right,isomorphic,3,0.0978706938638848,0.35300543579124555
720575941564504832,descending_neuron,DNge077,DNge077,right,isomorphic,3,0.0737206527976179,0.30637240477173855
720575941564632674,ascending_neuron,AN08B079,,,isomorphic,3,0.022709987122407328,0.17004485780133227
720575941564649216,descending_neuron,DNpe033,DNpe033,left,isomorphic,3,0.032509964471640763,0.20345262928561084
720575941564671744,sensory_ascending,SApp12,auto:SApp09,right,isomorphic,3,0.094573461137566,0.34700817080124086
720575941564682135,ascending_neuron,AN05B050,auto:AN05B050_b,left,isomorphic,3,0.034568093055554375,0.2097938585002354
720575941564705431,ascending_neuron,AN10B047,AN10B047,left,isomorphic,3,0.052179518831164166,0.25775381044921786
720575941564715264,ascending_neuron,ANXXX139,ANXXX139,right,isomorphic,3,0.19893177335530224,0.5032770614087867
720575941564723456,ascending_neuron,AN05B101,AN05B101,left,isomorphic,3,0.3200234450787237,0.638331031296938
720575941564740150,sensory_ascending,SApp15,auto:SApp06,right,isomorphic,3,0.07751008480489388,0.3141479032070196
720575941565008384,sensory_ascending,SAabg01,SAxx01,left,isomorphic,3,0.1528462829437238,0.4411461568570316
720575941565091847,descending_neuron,DNge147,DNge147,right,isomorphic,3,0.10226832251700746,0.36084909921237623
720575941565099623,ascending_neuron,AN19B004,AN19B004,right,isomorphic,3,0.1560475205763548,0.44574193661320327
720575941565100551,ascending_neuron,AN10B039,auto:AN10B061,right,dimorphic,3,0.02879932678571317,0.1914900564659184
720575941565122055,ascending_neuron,AN05B045,AN05B045,left,isomorphic,3,0.04624979910213391,0.2426665884560413
720575941565124918,ascending_neuron,AN06A030,AN06A030,left,isomorphic,3,0.11043004475378897,0.37497186548779615
720575941565245794,descending_neuron,DNge132,DNge132,left,isomorphic,3,0.36910566560024577,0.6855362350948534
720575941565250823,sensory_ascending,SApp01,auto:SApp06,right,isomorphic,3,0.10353887436791262,0.3630837221118461
720575941565255570,descending_neuron,DNa10,DNa10,right,isomorphic,3,1.15753899152952,1.2140117044692136
720575941565293063,descending_neuron,DNge019,DNge019,left,isomorphic,3,0.1185073234962614,0.3884433171212533
720575941565308423,ascending_neuron,AN07B043,AN07B043,right,isomorphic,3,0.08348669540990676,0.326034602542664
720575941565348103,ascending_neuron,AN02A017,AN02A017,right,isomorphic,3,0.30013860804923786,0.6181814819857168
720575941565351943,ascending_neuron,ANXXX169,ANXXX169,right,dimorphic,3,0.19702291716570644,0.5008566355300265
720575941565392482,descending_neuron,DNge174,auto:DNge173,left,isomorphic,3,0.06198016941044834,0.28091921024160577
720575941565393927,ascending_neuron,AN18B053,AN18B053,left,dimorphic,3,0.33478473228691824,0.6528867896666919
720575941565412654,sensory_ascending,SApp08,SApp08,,isomorphic,3,0.13760579092630928,0.4185751241915076
720575941565477174,descending_neuron,DNde003,DNde003,right,isomorphic,3,0.06387716574785406,0.28518578757674834
720575941565508759,descending_neuron,DNge102,auto:DNge182,left,isomorphic,3,0.11126211742725349,0.37638189082280044
720575941565517975,ascending_neuron,AN02A005,AN02A005,left,isomorphic,3,0.27847562967600115,0.5954546027603695
720575941565526119,ascending_neuron,AN16B078,auto:AN16B078_a,left,isomorphic,3,0.2740581016034496,0.5899427460170252
720575941565533591,ascending_neuron,AN05B054,AN05B054_b,left,isomorphic,3,0.0372654132214994,0.2178251541133613
720575941565716578,descending_neuron,DNfl030,auto:DNge044,,isomorphic,3,0.1852045612345686,0.48560248272550843
720575941565919847,ascending_neuron,AN19B060,auto:AN19B046,right,isomorphic,3,0.08609795606060419,0.3310941291796515
720575941566061575,ascending_neuron,AN17A076,AN17A076,right,isomorphic,3,0.15809679859166795,0.44865922019160825
720575941566084871,ascending_neuron,AN07B004,AN07B004,right,isomorphic,3,1.5455642188492957,1.4028091396788924
720575941566087687,ascending_neuron,AN04B051,AN04B051,right,isomorphic,3,0.12939565040792422,0.4058961185033625
720575941566132119,descending_neuron,DNg22,DNg22,right,isomorphic,3,0.49549315786800674,0.7942804811546417
720575941566170422,descending_neuron,DNp14,DNp14,left,isomorphic,3,0.35528866435620327,0.6725827660997985
720575941566180199,descending_neuron,DNge018,DNge018,left,isomorphic,3,0.2798870392282228,0.5969616791756528
720575941566204470,ascending_neuron,AN07B062,AN07B062,right,isomorphic,3,0.03017403011062883,0.19600706201788276
720575941566309174,descending_neuron,DNp26,DNp26,left,isomorphic,3,1.9626696872318392,1.5808063319194325
720575941566336822,ascending_neuron,ANXXX218,ANXXX218,right,isomorphic,3,0.2939742797270059,0.6118003580282217
720575941566364982,descending_neuron,DNge122,DNge122,left,isomorphic,3,0.31690422435247306,0.6352125552436702
720575941566447879,descending_neuron,DNpe029,DNpe029,right,isomorphic,3,0.07031180993347116,0.29920524204832727
720575941566475623,ascending_neuron,AN09B020,AN09B020,right,isomorphic,3,0.09208539903973759,0.34241315913689896
720575941566487655,descending_neuron,DNge074,DNge074,left,isomorphic,3,0.1747524591991339,0.4717009026831042
720575941566493282,descending_neuron,DNp09,DNp09,left,isomorphic,3,0.6489642183170987,0.9090032485527615
720575941566543714,descending_neuron,DNa16,DNa16,right,isomorphic,3,1.3308237823035218,1.3017132812961782
720575941566544647,ascending_neuron,AN05B049,auto:AN05B049_c,left,isomorphic,3,0.04580921149951669,0.24150797004306382
720575941566618722,ascending_neuron,AN06B039,AN06B039,right,isomorphic,3,0.05096278842963839,0.25473091202009074
720575941566646375,ascending_neuron,AN09B015,AN09B015,left,isomorphic,12,0.10584864374301281,0.36699199581127
720575941566655074,ascending_neuron,ANXXX084,ANXXX084,right,dimorphic,3,0.028826893181819278,0.19158168062460654
720575941566679598,ascending_neuron,AN10B024,AN10B024,right,isomorphic,3,0.17475041533549782,0.4716981442236654
720575941566725991,ascending_neuron,AN10B048,auto:AN10B033,right,isomorphic,3,0.0038411982142855287,0.06993400793315385
720575941566729460,ascending_neuron,AN04B003,AN04B003,right,isomorphic,3,0.3632603444954686,0.6800863442576603
720575941566734836,sensory_ascending,SApp19,auto:SApp10,right,isomorphic,3,0.22598716689901846,0.536410101972824
720575941566793879,descending_neuron,DNp55,DNp55,left,isomorphic,3,1.031741550265146,1.1461475218068333
720575941566797110,ascending_neuron,AN17A014,AN17A014,left,isomorphic,3,0.12528071742877184,0.39938998938769615
720575941566818967,descending_neuron,DNg103,DNg103,left,isomorphic,3,0.3839403208280311,0.6991766581462475
720575941566889006,ascending_neuron,AN08B113,AN08B113,right,isomorphic,3,0.023748768676346406,0.17389040059040634
720575941566913786,sensory_ascending,SApp07,auto:SApp01,right,isomorphic,3,0.20293050147257038,0.5083100818475016
720575941566927610,sensory_ascending,LgAG3,auto:LgAG1,right,isomorphic,3,0.050548490720901985,0.2536933923312368
720575941567010930,ascending_neuron,AN04B051,AN04B051,left,isomorphic,3,0.10533498647518243,0.3662194290645238
720575941567089908,ascending_neuron,AN03A002,AN03A002,right,isomorphic,3,0.2770907635819992,0.5939721522710162
720575941567187962,descending_neuron,DNg92_b,auto:DNge176,right,isomorphic,3,0.10132444651617642,0.35918002749707395
720575941567199790,descending_neuron,DNge101,DNge101,right,isomorphic,3,0.18394435244070292,0.4839475421553507
720575941567589686,ascending_neuron,AN17B005,AN17B005,right,isomorphic,3,0.4131206301991798,0.7252596246279722
720575941568077159,ascending_neuron,AN07B046,auto:AN08B079_b,left,isomorphic,3,0.04416950067640609,0.2371462732838253
720575941568118004,ascending_neuron,AN07B072,auto:AN07B072_a,right,isomorphic,3,0.06437604895640074,0.286297277781498
720575941568305658,ascending_neuron,AN07B101,auto:AN07B097,right,isomorphic,3,0.051363875172316234,0.25573133761866895
720575941568317230,ascending_neuron,AN12A017,AN12A017,right,isomorphic,3,0.12823448065476103,0.4040708004399946
720575941568339706,ascending_neuron,AN19B098,auto:AN19B099,left,isomorphic,3,0.04266771171874987,0.23307985293386524
720575941568408622,ascending_neuron,AN08B026,AN08B026,left,isomorphic,3,0.23050136828653714,0.5417411348771501
720575941568499502,descending_neuron,DNp55,DNp55,right,isomorphic,3,0.6444857382014783,0.9058613182468691
720575941568708398,ascending_neuron,AN19B017,AN19B017,right,isomorphic,3,1.2546780694707265,1.2639247342947684
720575941568733486,sensory_ascending,SApp07,auto:SApp01,left,isomorphic,3,0.03081957435064776,0.19809265714596855
720575941568738036,ascending_neuron,AN08B109,auto:AN08B081,left,dimorphic,3,0.06518573874458809,0.28809210388760154
720575941568835834,sensory_descending,DNx02,DNx02,left,isomorphic,3,0.33203065137836874,0.6501957823602932
720575941568889332,ascending_neuron,AN17B008,AN17B008,left,isomorphic,3,0.15899206378729913,0.44992775299268295
720575941568892148,ascending_neuron,AN12B060,AN12B060,right,dimorphic,3,0.01683120277777772,0.1463904128080897
720575941568894202,descending_neuron,DNp104,DNp104,left,isomorphic,3,0.08117767470237805,0.32149436321763863
720575941568946938,descending_neuron,DNg18_a,auto:DNg18_b,right,isomorphic,3,0.12078921774117748,0.39216528225442554
720575941569105658,descending_neuron,DNge039,DNge039,right,isomorphic,3,0.5236206810711104,0.816513660376173
720575941569153906,ascending_neuron,AN10B046,auto:AN10B037,left,dimorphic,3,0.01413924682539771,0.13417394751168155
720575941569197426,sensory_ascending,SAch02,auto:LgAG2,right,isomorphic,3,0.05617760635796102,0.26744634965450825
720575941569306874,descending_neuron,DNg12_e,auto:DNg12_b,left,isomorphic,3,0.1016085954117245,0.35968330759600653
720575941569320050,descending_neuron,DNpe054,auto:DNpe008,left,isomorphic,3,0.055853477380951554,0.2666736884516327
720575941569338106,sensory_ascending,SApp04,SApp04,right,isomorphic,3,0.09929403472222213,0.35556306271129956
720575941569348858,descending_neuron,DNge083,DNge083,left,isomorphic,3,0.3075290784603095,0.6257461017470494
720575941569349370,ascending_neuron,AN06B007,AN06B007,right,isomorphic,3,0.4561709642904116,0.7606858128531687
720575941569365242,ascending_neuron,AN08B012,AN08B012,right,isomorphic,3,0.6795221029278072,0.9301582730746858
720575941569367546,ascending_neuron,ANXXX023,ANXXX023,right,isomorphic,3,0.05643884616253298,0.2680674743294333
720575941569373178,ascending_neuron,ANXXX171,ANXXX171,right,isomorphic,3,0.10389023354918263,0.36369926266984787
720575941569405342,sensory_ascending,SAch01,auto:LgAG1,left,dimorphic,3,0.05849211283846647,0.2729001119843061
720575941569424372,descending_neuron,DNpe054,auto:DNpe008,left,isomorphic,3,0.059549221180557256,0.27535508578064477
720575941569479930,ascending_neuron,AN05B058,auto:AN05B056,left,isomorphic,3,0.07604785100340292,0.3111705821405041
720575941569505394,descending_neuron,DNpe054,auto:DNpe008,left,isomorphic,3,0.047356180681817746,0.24555195363041551
720575941569571186,descending_neuron,DNp71,DNp71,left,isomorphic,3,0.3097322673191371,0.6279835754470079
720575941569583474,ascending_neuron,ANXXX049,ANXXX049,left,isomorphic,3,0.12256541878887074,0.39503814754908967
720575941569592690,ascending_neuron,AN08B026,AN08B026,left,isomorphic,3,0.20929807983663012,0.5162233933919836
720575941569599602,ascending_neuron,dMS9,dMS9,left,dimorphic,3,0.08415426840438961,0.327335519598356
720575941569678450,sensory_descending,LN-DN2,LN-DN2,right,dimorphic,3,0.1180812606089724,0.3877444138856447
720575941569755550,sensory_ascending,SApp10,SApp10,left,isomorphic,3,0.19323960663342984,0.4960245042079576
720575941569801586,descending_neuron,DNpe042,DNpe042,right,isomorphic,3,0.18383050184298605,0.4837977516225143
720575941569808754,descending_neuron,DNge019,auto:DNge177,right,isomorphic,3,0.06567649732142823,0.28917453821063743
720575941569909106,descending_neuron,DNg84,DNg84,left,isomorphic,3,0.21020927684860866,0.5173458842533013
720575941570119162,sensory_ascending,SAabg01,SAxx01,left,isomorphic,3,0.12727255366161858,0.40255241681227155
720575941570313118,ascending_neuron,AN16B078,auto:AN16B078_a,right,isomorphic,3,0.17063447146087452,0.4661100264518765
720575941570733556,ascending_neuron,AN09B040,auto:AN09B044,right,dimorphic,3,0.04458617490530316,0.23826221067955894
720575941571021306,descending_neuron,DNg51,DNg51,right,isomorphic,3,0.1347453756710965,0.4142018116505955
720575941571171067,ascending_neuron,AN07B082,auto:AN07B082_c,left,isomorphic,3,0.05946727208228737,0.2751655545897662
720575941571394811,ascending_neuron,AN03B039,AN03B039,right,isomorphic,3,0.21711236571999667,0.525771860872853
720575941571453342,descending_neuron,DNge094,DNge094,left,isomorphic,3,0.04363139530066927,0.23569730140327033
720575941571547912,ascending_neuron,AN06B034,AN06B034,left,isomorphic,3,0.1503587514678704,0.4375416646056679
720575941571671709,ascending_neuron,AN08B112,AN08B112,right,dimorphic,3,0.03999928379629441,0.22567381303670675
720575941571691165,sensory_ascending,SAch01,auto:LgAG1,right,dimorphic,3,0.06295068623737485,0.2831100547236732
720575941571698184,sensory_ascending,SA_DMT_DMetaN,auto:SApp06,right,isomorphic,3,0.07347654645188051,0.3058647487912008
720575941571863709,ascending_neuron,AN27X003,AN27X003,right,isomorphic,3,0.15055685473289873,0.4378298084608608
720575941571871241,descending_neuron,DNge091,auto:DNge180,left,isomorphic,3,0.061430375169877226,0.27967048988801935
720575941571900232,ascending_neuron,AN18B004,AN18B004,left,isomorphic,3,0.6212545142348262,0.8893850768193803
720575941571900488,ascending_neuron,AN09B023,AN09B023,right,isomorphic,3,0.2811843634309424,0.5983435893209349
720575941571901000,ascending_neuron,AN19A038,AN19A038,left,isomorphic,3,0.8110347174834966,1.0161896842878786
720575941571901512,ascending_neuron,AN08B024,AN08B024,left,isomorphic,3,0.2753614466384113,0.5921157682037412
720575941571988637,sensory_ascending,SApp22,auto:SApp09,left,isomorphic,3,0.15267720987947037,0.44090209933540997
720575941572111261,sensory_ascending,SApp09,SApp09,right,dimorphic,3,0.09629871407828298,0.3501590079829657
720575941572120136,ascending_neuron,AN05B078,auto:ANXXX102,right,isomorphic,3,0.055860203034169824,0.2666897438598645
720575941572392201,descending_neuron,DNg12_a,auto:DNge177,left,isomorphic,3,0.10972045860744646,0.373765202721546
720575941572407710,descending_neuron,DNge005,auto:DNge172,right,isomorphic,3,0.4443305263879032,0.7521563648139057
720575941572464798,descending_neuron,DNge172,DNge172,left,isomorphic,3,0.4764043366509935,0.7788304312925685
720575941572468126,ascending_neuron,AN19B010,AN19B010,right,isomorphic,3,0.08991806418226196,0.3383596239253294
720575941572471454,descending_neuron,DNg74_b,DNg74_b,left,isomorphic,3,1.0340288052946076,1.1474172585839688
720575941572620446,descending_neuron,DNb03,DNb03,left,isomorphic,3,0.15746277414192347,0.4477586748028433
720575941572669342,descending_neuron,DNb06,DNb06,right,isomorphic,3,1.1934317515398993,1.2326899447968047
720575941572671995,descending_neuron,DNp59,DNp59,right,isomorphic,3,0.37606907768560716,0.6919725581707666
720575941572713359,ascending_neuron,AN16B078,auto:AN16B078_a,left,dimorphic,3,0.2520505472751334,0.5664986531871364
720575941572713886,descending_neuron,DNg97,DNg97,right,isomorphic,3,0.9602548068392835,1.105727992360599
720575941572719006,descending_neuron,DNp67,DNp67,left,dimorphic,3,0.12122129464286133,0.3928660662404985
720575941572840591,sensory_ascending,SApp03,auto:SApp08,right,isomorphic,3,0.22756219987956985,0.5382761296710041
720575941572855439,ascending_neuron,AN06A016,AN06A016,right,isomorphic,3,0.17255694478577022,0.46872841371088725
720575941572925583,ascending_neuron,AN16B078,auto:AN16B078_a,right,isomorphic,3,0.0842860565264689,0.32759172797749864
720575941572941051,descending_neuron,DNge094,DNge094,left,isomorphic,3,0.042427164484126874,0.23242190858904324
720575941572956232,ascending_neuron,AN07B070,auto:AN07B062,right,isomorphic,3,0.03200102796231574,0.20185384384201382
720575941573054646,ascending_neuron,AN26X004,AN26X004,right,isomorphic,3,0.15059459527019944,0.43788468107642775
720575941573117341,sensory_ascending,LgAG7,auto:LgAG7,left,isomorphic,3,0.040364810416666175,0.22670260880333334
720575941573266171,descending_neuron,DNge054,DNge054,right,isomorphic,3,0.45486456718349344,0.7610200749236962
720575941573267784,ascending_neuron,ANXXX191,ANXXX191,right,isomorphic,3,0.18491909545454466,0.48522809575433956
720575941573346230,sensory_ascending,SApp12,auto:SApp09,left,isomorphic,3,0.4544979607530708,0.7607133340702658
720575941573385224,descending_neuron,DNge114,auto:DNge109,left,isomorphic,3,0.05196936089826646,0.25723422285980174
720575941573417117,descending_neuron,DNg10,auto:DNge179,right,isomorphic,3,0.044250370430837696,0.2373632690660501
720575941573479326,ascending_neuron,AN19B039,AN19B039,right,isomorphic,3,0.08308852144725809,0.32525619320809973
720575941573499464,ascending_neuron,AN08B049,AN08B049,left,isomorphic,3,0.12274400294091224,0.39532583829476486
720575941573616891,descending_neuron,DNp59,DNp59,left,isomorphic,3,0.029231235416667018,0.192920618063398
720575941573620744,sensory_descending,DNx02,DNx02,left,isomorphic,3,0.5329973041324696,0.8232609394339342
720575941573655561,ascending_neuron,AN10B033,auto:AN10B053,right,isomorphic,3,0.05189980635851337,0.2570620271836287
720575941573658184,descending_neuron,DNg30,DNg30,left,isomorphic,3,0.2845033174984333,0.6018644984108538
720575941573846941,descending_neuron,DNge094,DNge094,left,isomorphic,3,0.03575141153127998,0.21335442564363732
720575941573970831,ascending_neuron,AN07B062,auto:AN07B070,left,isomorphic,3,0.06588420928030252,0.2896314565603822
720575941573992776,ascending_neuron,AN12B008,AN12B008,right,isomorphic,3,0.20634802450534523,0.5125723995477965
720575941574140169,descending_neuron,DNg101,DNg101,left,dimorphic,3,0.5420162930109448,0.8307325551296855
720575941574158075,descending_neuron,DNg66,DNg66,left,dimorphic,12,0.20717635707542575,0.5135430868186236
720575941574213627,ascending_neuron,AN10B018,AN10B018,left,isomorphic,3,0.2962526329343207,0.614166563306639
720575941574226024,descending_neuron,DNge020,auto:DNg12_f,right,isomorphic,3,0.08390616676532202,0.32685264198527025
720575941574252795,ascending_neuron,AN07B013,AN07B013,left,isomorphic,3,0.11237825856615649,0.3782650430252622
720575941574320905,ascending_neuron,AN07B036,AN07B036,left,isomorphic,3,0.12226169991063135,0.3945483888355893
720575941574322427,ascending_neuron,AN10B021,AN10B021,right,isomorphic,3,0.1459871707754641,0.43113413093296893
720575941574375272,descending_neuron,DNge091,auto:DNge181,left,isomorphic,3,0.0896012683421534,0.3377630502462585
720575941574442235,ascending_neuron,AN08B998,auto:AN06B026,left,female-specific,3,0.1187995500132286,0.38892195229066895
720575941574467997,descending_neuron,DNp17,DNp17,right,isomorphic,3,0.056410916967596154,0.26800113850115487
720575941574549768,ascending_neuron,AN03B011,AN03B011,right,isomorphic,3,0.07968108329409677,0.31851704227149347
720575941574556744,descending_neuron,aSP22,aSP22,left,dimorphic,3,0.22715192335969833,0.5377906762711854
720575941574640136,ascending_neuron,AN07B069,auto:AN07B069_b,right,isomorphic,3,0.04897489861110991,0.24971339093260564
720575941574657032,ascending_neuron,AN06B040,AN06B040,right,isomorphic,3,0.18476673164126758,0.48502815307684105
720575941574669725,ascending_neuron,AN08B100,AN08B100,left,isomorphic,3,0.04140189111111249,0.22959643940942911
720575941574671517,descending_neuron,DNpe011,auto:DNpe012_a,right,dimorphic,3,0.04731954844877252,0.24545696226424013
720575941574675869,descending_neuron,DNb07,DNb07,right,isomorphic,3,0.3291104718112268,0.6473302613786112
720575941574689437,ascending_neuron,ANXXX145,auto:AN08B022,right,isomorphic,3,0.1507654759120942,0.43813304590283414
720575941574706953,ascending_neuron,ANXXX986,,left,female-specific,3,0.10947845274457423,0.373352775978446
720575941574715208,descending_neuron,DNp68,DNp68,right,dimorphic,3,0.2188203040824936,0.5278358308686556
720575941574724361,descending_neuron,DNg23,DNg23,left,isomorphic,3,0.26950839424241835,0.5857889937405119
720575941574730235,ascending_neuron,AN01A055,auto:AN01A086,left,isomorphic,27,0.18271983844816936,0.48233403769569244
720575941574731272,descending_neuron,DNp46,DNp46,right,isomorphic,3,0.0606737169542397,0.27794275625064646
720575941574744329,descending_neuron,DNg02_a,DNg02_a,left,dimorphic,3,0.11800614701779678,0.38762106870614016
720575941574748681,ascending_neuron,AN08B009,AN08B009,left,isomorphic,3,0.2244659316694984,0.5346016279880059
720575941574768392,ascending_neuron,AN10B015_a,auto:AN10B015,right,dimorphic,3,0.44622692916666795,0.7537597575758062
720575941574790664,descending_neuron,DNge078,DNge078,left,isomorphic,3,0.11536897707230816,0.3832653700037444
720575941574813192,ascending_neuron,ANXXX986,,left,female-specific,3,0.16244598079364866,0.4547885735479314
720575941574838280,ascending_neuron,ANXXX057,ANXXX057,right,isomorphic,3,0.26749572612108125,0.583597580996535
720575941574844425,ascending_neuron,AN23B004,AN23B004,right,isomorphic,3,0.23427249167464753,0.5461547405669939
720575941574850205,ascending_neuron,AN08B012,AN08B012,right,isomorphic,3,0.199003534843566,0.5033678278405465
720575941574851510,ascending_neuron,AN19A018_d,auto:AN19A018,right,isomorphic,3,0.3736075609310018,0.689704227034606
720575941574878351,descending_neuron,DNge002,DNge002,right,isomorphic,3,0.298371084338999,0.6163585511582718
720575941574940061,sensory_ascending,SApp06,auto:SApp08,right,isomorphic,3,0.12235964920033539,0.3947064023318969
720575941574946299,sensory_ascending,SAabg01,SAxx01,right,isomorphic,3,0.07934214703102394,0.3177016635456173
720575941574949627,ascending_neuron,AN05B056,auto:AN17A047,right,isomorphic,3,0.06039232391088757,0.2772974846654707
720575941574984201,descending_neuron,DNge148,DNge148,left,isomorphic,3,0.2686313487588382,0.5848350675150181
720575941575292936,ascending_neuron,AN17A003,AN17A003,right,isomorphic,3,0.11832974285714344,0.38815217109280503
720575941575342493,descending_neuron,DNp29,DNp29,left,isomorphic,3,0.19268940943722818,0.4953178534508359
720575941575439798,ascending_neuron,AN05B062,AN05B062,right,isomorphic,3,0.05479749351851915,0.26414074979099184
720575941575484598,descending_neuron,DNge071,auto:DNge179,right,isomorphic,3,0.06872121660539471,0.29580157292397763
720575941575525992,descending_neuron,DNge068,DNge068,right,isomorphic,3,0.3233993863471023,0.6416890893884791
720575941575575560,ascending_neuron,AN05B101_b,auto:AN05B101,right,isomorphic,3,1.02110110270708,1.1402220411566053
720575941575633053,descending_neuron,DNp54,DNp54,left,isomorphic,3,0.2879084516608305,0.6054555523884817
720575941575644573,ascending_neuron,AN08B059,auto:AN08B043,left,dimorphic,3,0.043395574779458684,0.23505948582373504
720575941575652105,descending_neuron,DNp101,DNp101,left,isomorphic,3,0.05738356125541043,0.2703017192104429
720575941575688457,descending_neuron,DNge070,DNge070,right,isomorphic,3,0.16862327905656097,0.4633549687418125
720575941575697161,ascending_neuron,ANXXX170,ANXXX170,right,isomorphic,3,0.19910915595029996,0.5035013913334921
720575941575725928,descending_neuron,DNge130,DNge130,left,isomorphic,3,0.2055393171288601,0.5115669912790758
720575941575744655,descending_neuron,DNpe036,DNpe036,right,dimorphic,3,0.25228422207792633,0.5667611913869576
720575941575751784,sensory_ascending,LgAG7,auto:LgAG7,right,isomorphic,3,0.04311192779720509,0.23429001541074818
720575941576080822,sensory_ascending,SApp15,auto:SApp06,left,dimorphic,3,0.1300682700396832,0.40694970810877407
720575941576140470,ascending_neuron,ANXXX030,ANXXX030,right,isomorphic,3,0.17179136228884548,0.46768745536959083
720575941576173832,ascending_neuron,ANXXX250,ANXXX250,left,isomorphic,3,0.13402470900183325,0.4130926766147723
720575941576254134,descending_neuron,DNge080,DNge080,right,isomorphic,3,0.12842642832338302,0.4043731038662527
720575941576343222,ascending_neuron,AN09B011,AN09B011,left,isomorphic,3,0.14694642996632978,0.4325482696656955
720575941576562792,descending_neuron,DNge075,DNge075,right,isomorphic,3,0.2299015756143219,0.54103583750901
720575941576660840,ascending_neuron,AN02A005,AN02A005,right,isomorphic,3,0.22952417995643035,0.5405915855740236
720575941576680949,ascending_neuron,AN10B034,auto:AN10B046,left,dimorphic,3,0.02800162151199499,0.18881941591313867
720575941576782774,sensory_ascending,SAabg01,SAxx01,right,isomorphic,3,0.10783364459655982,0.3705375292102774
720575941576952463,ascending_neuron,AN08B007,AN08B007,right,isomorphic,3,0.6601857161415425,0.9168285339477142
720575941577341544,descending_neuron,DNge116,auto:DNge115,right,dimorphic,3,0.04964398799603118,0.2514133820521585
720575941577426265,ascending_neuron,AN11B012,AN11B012,right,isomorphic,3,0.26815915235460763,0.5843208340120586
720575941577436761,ascending_neuron,AN08B081,auto:AN08B099_f,left,dimorphic,3,0.0920182791786916,0.3422883461188686
720575941577482585,descending_neuron,DNg12_e,auto:DNg12_f,left,isomorphic,3,0.15675751530784043,0.4467548180203209
720575941577519961,descending_neuron,DNge089,DNge089,left,isomorphic,3,0.031401750196773076,0.1999548702193239
720575941577622105,sensory_ascending,LgAG3,auto:LgAG2,left,dimorphic,3,0.025992141346154688,0.18191817450235695
720575941577736296,ascending_neuron,AN08B023,AN08B023,right,dimorphic,3,0.054245888750954374,0.26280793499629995
720575941577885288,ascending_neuron,AN05B007,,left,isomorphic,3,0.4068590159299078,0.7197423068112587
720575941578353909,ascending_neuron,AN10B033,auto:AN10B053,right,isomorphic,3,0.02901009102182496,0.19218947704115863
720575941578384629,descending_neuron,DNpe025,DNpe025,right,dimorphic,3,0.2640346536616135,0.5798097638212202
720575941578442741,ascending_neuron,AN12B076,auto:AN12B055,left,isomorphic,3,0.08291426766875173,0.32491494951542454
720575941578492761,ascending_neuron,AN07B051,auto:AN07B042,right,isomorphic,3,0.08502833409090896,0.3290310583934262
720575941578497369,ascending_neuron,AN18B002,AN18B002,,isomorphic,3,0.11656012805250301,0.3852388406895665
720575941578499673,descending_neuron,DNge118,auto:DNge108,right,isomorphic,3,0.055725867451398965,0.26636887600429454
720575941578509401,ascending_neuron,AN01B002,AN01B002,right,isomorphic,3,0.080514200757575,0.32017786356537875
720575941578527065,ascending_neuron,AN01A021,AN01A021,left,isomorphic,3,0.053004915271553744,0.2597844379270609
720575941578601049,ascending_neuron,AN05B097,AN05B097,left,isomorphic,3,0.1335455170006189,0.41235352947112014
720575941578679897,descending_neuron,DNpe040,DNpe040,right,isomorphic,3,0.1590813116414182,0.4500540154361383
720575941578736629,ascending_neuron,AN07B085,AN07B085,left,isomorphic,3,0.04839411455436956,0.24822832308797238
720575941578746713,ascending_neuron,AN09B009,AN09B009,right,isomorphic,3,0.1627362676930679,0.45519474007222593
720575941578803025,descending_neuron,DNa13,DNa13,right,isomorphic,3,0.5565094254051487,0.8417658863625197
720575941578888949,sensory_ascending,SApp07,auto:SApp06,left,isomorphic,3,0.12923841500077238,0.40564943076242255
720575941579149401,descending_neuron,DNpe009,DNpe008,right,dimorphic,3,0.034998467812743704,0.21109579158364583
720575941579187321,ascending_neuron,ANXXX990,auto:ANXXX338,right,female-specific,12,0.11727283062770759,0.386414810117607
720575941579361873,ascending_neuron,AN10B060,auto:AN10B045,right,isomorphic,3,0.029774813663421357,0.19470611236781682
720575941579450745,descending_neuron,DNge020,auto:DNg12_g,right,isomorphic,3,0.05633752673160033,0.26782674789357364
720575941579616081,descending_neuron,DNp16,auto:DNp16_a,left,dimorphic,3,0.09400035816063028,0.3459551607208413
720575941579629137,ascending_neuron,AN10B053,AN10B053,right,isomorphic,3,0.040068271996752426,0.22586834305734332
720575941579645173,ascending_neuron,AN07B063,AN07B063,right,isomorphic,3,0.08627955351731746,0.33144311644736624
720575941579749365,ascending_neuron,AN06A015,AN06A015,left,isomorphic,3,0.18965628178097324,0.4914039864215288
720575941579780597,ascending_neuron,AN18B001,AN18B001,left,isomorphic,12,0.13823834231635376,0.39152945017995516
720575941579793909,descending_neuron,DNge010,DNge010,right,dimorphic,3,0.24464288217705835,0.5581119886956522
720575941579841013,descending_neuron,DNp16,auto:DNpe012_a,left,dimorphic,3,0.06947029043209649,0.2974093491509338
720575941579857397,ascending_neuron,AN07B050,auto:AN07B072_b,left,isomorphic,3,0.02979121833333363,0.1947597424208595
720575941579876341,sensory_ascending,SApp11,SApp11,,isomorphic,3,0.07505451004755236,0.3091316389554234
720575941580074485,ascending_neuron,AN07B037,auto:AN07B037_b,left,isomorphic,3,0.31968956454214226,0.6379979589420484
720575941580309081,descending_neuron,DNg12_d,auto:DNge106,right,isomorphic,3,0.057808642499137204,0.27130103143438145
720575941580369489,descending_neuron,DNg08_a,auto:DNg08,left,isomorphic,3,0.07183321535052883,0.30242501617718437
720575941580594677,ascending_neuron,AN12B017,AN12B017,left,isomorphic,3,0.07615972820037097,0.31139938609604556
720575941580602869,ascending_neuron,AN12B017,AN12B017,left,isomorphic,3,0.12731766265933406,0.40262374848127813
720575941580654201,ascending_neuron,AN08B005,AN08B005,right,isomorphic,3,0.07973466456916431,0.31862411712808825
720575941580685689,ascending_neuron,AN19B042,AN19B042,right,isomorphic,3,0.13394097108815728,0.4129636074155578
720575941580693881,ascending_neuron,AN05B083,auto:AN08B081,right,isomorphic,3,0.021149178174603003,0.16409744053626907
720575941580859893,ascending_neuron,AN05B101,AN05B101,right,isomorphic,3,0.37892236808923707,0.6945926456822804
720575941580936273,ascending_neuron,AN09B028,AN09B028,left,dimorphic,3,0.10372336011904958,0.3634070497615312
720575941580954193,ascending_neuron,AN05B029,AN05B029,left,isomorphic,3,0.15789608615334874,0.4483743311668876
720575941581081681,ascending_neuron,AN05B023,auto:AN05B023a,left,dimorphic,3,0.04871542378184029,0.24905100681902662
720575941581238773,ascending_neuron,AN08B109,auto:AN08B099_j,right,dimorphic,3,0.12256666461328376,0.39504015523985003
720575941581362271,ascending_neuron,AN06A092,auto:AN06A112,right,isomorphic,3,0.08474539366883045,0.3284831600756785
720575941581648761,descending_neuron,DNg54,DNg54,left,isomorphic,3,0.30599215474545965,0.6241805121922989
720575941581666655,ascending_neuron,vMS13,vMS13,right,isomorphic,3,0.11764826245369951,0.3870328411458533
720575941581684601,descending_neuron,DNa06,DNa06,right,isomorphic,3,0.27252083810361216,0.589053739346325
720575941581721977,descending_neuron,DNg21,DNg21,right,isomorphic,3,0.5602803385498056,0.8446129783393205
720575941581725305,ascending_neuron,ANXXX139,ANXXX139,left,isomorphic,3,0.25973365037919355,0.5750679566461744
720575941581772153,ascending_neuron,AN06B011,AN06B011,right,isomorphic,3,0.4105091838887429,0.7229637102954105
720575941581870457,descending_neuron,DNpe040,DNpe040,left,isomorphic,3,0.1872174381150796,0.48823421190257393
720575941582278777,sensory_ascending,SApp02,auto:SApp09,left,isomorphic,3,0.10420197012214685,0.3642445181452005
720575941582282873,descending_neuron,DNg08_a,auto:DNg08,right,isomorphic,3,0.1361438443498162,0.4163456813736091
720575941583263710,ascending_neuron,AN06A026,AN06A026,right,isomorphic,3,0.07215564777236597,0.30310299259452717
720575941583264121,descending_neuron,DNp04,,left,isomorphic,3,1.5184305709466357,1.390440882908744
720575941583368543,ascending_neuron,AN14A003,auto:AN19A018,right,isomorphic,3,0.11145100336363792,0.37670124075053885
720575941583462110,descending_neuron,DNge154,auto:DNge110,right,dimorphic,3,0.1753733325326004,0.4725381064766062
720575941583758726,descending_neuron,DNg01,auto:DNg01_c,left,isomorphic,3,0.08445090403896816,0.32791192508209993
720575941584448134,ascending_neuron,AN08B018,AN08B018,right,isomorphic,3,0.2644886839858392,0.5803080661043168
720575941584448390,ascending_neuron,AN08B007,AN08B007,left,isomorphic,3,0.48243309630978337,0.7837428761466629
720575941584451167,ascending_neuron,AN05B029,AN05B046,left,isomorphic,3,0.19218503841991935,0.4946691731073283
720575941584708486,descending_neuron,DNge113,auto:DNge184,left,isomorphic,3,0.09749134418093158,0.3523206418598666
720575941584770014,sensory_ascending,SAch01,auto:LgAG2,left,dimorphic,3,0.02946243210227258,0.19368204262834535
720575941584898182,sensory_ascending,SApp22,auto:SApp09,right,isomorphic,3,0.07868521695294234,0.31652034659805334
720575941584961246,sensory_ascending,LgAG7,auto:LgAG5,right,isomorphic,3,0.033974982472528,0.20798627650810686
720575941585004127,ascending_neuron,AN19A018_a,auto:AN19A018,right,isomorphic,12,0.1118251726054039,0.37727939359289764
720575941585137247,ascending_neuron,ANXXX055,ANXXX055,left,isomorphic,3,0.18208895529478783,0.4815006319215345
720575941585144415,ascending_neuron,ANXXX072,ANXXX072,left,isomorphic,3,0.09097018436716978,0.34033341905861825
720575941585234910,ascending_neuron,AN19B044,AN19B044,left,isomorphic,3,0.15913560712739838,0.45013081206471794
720575941585621855,descending_neuron,DNg80,DNg80,right,isomorphic,3,0.2389088018811175,0.5515325322592832
720575941585890694,ascending_neuron,ANXXX169,ANXXX169,right,dimorphic,3,0.20277120093934187,0.5081105308586015
720575941585920646,ascending_neuron,AN19A018_d,auto:AN19A018,left,isomorphic,3,0.2631121096999662,0.5787959422531339
720575941585929350,ascending_neuron,AN08B023,AN08B023,right,dimorphic,3,0.02960258809523856,0.19414217931548025
720575941585932422,ascending_neuron,AN17A018,AN17A018,left,isomorphic,3,0.1263044346022487,0.4010184544519108
720575941586006111,descending_neuron,DNp103,DNp103,left,isomorphic,3,0.9325951844343762,1.0896866834331005
720575941586099334,descending_neuron,DNge012,auto:DNge044,right,isomorphic,3,0.20126624509379262,0.5062214360077774
720575941586116703,ascending_neuron,AN09B018_c,AN09B018,right,isomorphic,3,0.1880030346925523,0.4892574969285338
720575941586273926,descending_neuron,DNpe009,auto:DNpe057,right,isomorphic,3,0.04496157519856479,0.23926315122976297
720575941586425412,descending_neuron,DNge019,DNge019,right,isomorphic,3,0.11278710164289946,0.37895250091245447
720575941586431812,ascending_neuron,AN18B023,AN18B023,left,isomorphic,3,0.20653658807354852,0.5128065438056721
720575941586445534,ascending_neuron,AN07B062,auto:AN07B070,left,isomorphic,3,0.030780703703705038,0.1979676972900714
720575941586455774,ascending_neuron,ANXXX033,ANXXX033,right,isomorphic,3,0.17546991110331633,0.472668202577565
720575941586609886,descending_neuron,DNg63,DNg63,left,isomorphic,3,0.2023125653174575,0.5075355736881924
720575941586648198,ascending_neuron,ANXXX433,auto:AN27X020,left,isomorphic,3,0.2541691705064384,0.568874537082942
720575941586653062,descending_neuron,DNp37,R7y,right,female-specific,3,0.10036756073863326,0.3574799957214896
720575941586697438,ascending_neuron,AN12B004,AN12B004,right,isomorphic,3,0.5588308914522586,0.8435197625524958
720575941586901316,descending_neuron,DNge089,DNge089,left,isomorphic,3,0.039286335555556884,0.22365356245110446
720575941586950790,descending_neuron,DNge084,DNge084,right,isomorphic,3,0.28171550251156013,0.5989084388808162
720575941586999518,sensory_ascending,SAabg01,SAxx01,right,isomorphic,3,0.11372755384095853,0.38052913012843803
720575941587152862,sensory_ascending,SAabg01,SAxx01,right,isomorphic,3,0.2196929958044464,0.5288873320089614
720575941587467486,descending_neuron,DNge145,DNge145,left,isomorphic,3,0.12912067968412866,0.4054646167261883
720575941587469022,ascending_neuron,ANXXX145,ANXXX145,left,isomorphic,3,0.06287680202380935,0.2829438650743253
720575941587471582,descending_neuron,DNde002,DNde002,left,dimorphic,3,0.2607039526904531,0.5761411129525907
720575941587856951,descending_neuron,DNg02_f,auto:DNg02_e,left,isomorphic,3,0.1083634517908663,0.37144667453637725
720575941588123902,descending_neuron,DNg12_e,auto:DNge178,right,isomorphic,3,0.19843734755314257,0.5026512489360954
720575941588160580,ascending_neuron,AN10B022,AN10B022,left,isomorphic,3,0.14744517750899627,0.4332816989961031
720575941588183620,ascending_neuron,AN19B100,auto:AN19B104,right,isomorphic,3,0.04332306583874485,0.23486302524036212
720575941588369662,descending_neuron,DNg01,auto:DNg01_c,left,isomorphic,3,0.004366853561122164,0.0745657470966952
720575941588409924,descending_neuron,DNp17,auto:DNpe054,right,isomorphic,3,0.050825222831086744,0.25438687776399965
720575941588503948,ascending_neuron,AN08B112,AN08B112,right,dimorphic,3,0.05801750231979603,0.27179068828848485
720575941588545335,sensory_ascending,SApp23,SApp23,right,isomorphic,3,0.043210048359279406,0.23455647998073573
720575941588619148,ascending_neuron,AN05B052,auto:AN05B050_c,left,isomorphic,3,0.058658324007934755,0.2732875733632807
720575941588689548,ascending_neuron,ANXXX313,auto:AN05B106,right,isomorphic,3,0.1399556263322081,0.4221339099792212
720575941588809612,sensory_ascending,SApp10,SApp10,left,isomorphic,3,0.11594676413073739,0.3842238997971565
720575941588874892,descending_neuron,DNpe054,auto:DNpe008,left,isomorphic,3,0.04055857277777598,0.22724607529874624
720575941588955703,descending_neuron,DNge117,DNge117,right,isomorphic,3,0.06237815257936258,0.2818196774385496
720575941588978500,ascending_neuron,AN09B001,auto:AN05B102a,left,dimorphic,3,0.5270512645205913,0.8191840526342596
720575941589017143,ascending_neuron,AN19B059,AN19B059,right,isomorphic,3,0.06454534722222356,0.28667348763357403
720575941589194494,ascending_neuron,AN08B034,AN08B034,left,isomorphic,3,0.14612264714285597,0.4313341311833168
720575941589246020,ascending_neuron,AN10B015_c,auto:AN10B015,right,isomorphic,3,0.24767473556766273,0.5615596740833273
720575941589256260,ascending_neuron,AN02A017,AN02A017,right,isomorphic,3,0.3804901819444079,0.69602812158353
720575941589304644,descending_neuron,DNge048,DNge048,left,isomorphic,3,0.5209480813342781,0.8144272207562273
720575941589330743,ascending_neuron,AN19B079,AN19B079,left,isomorphic,3,0.04581516482168989,0.24152366260790034
720575941589353284,descending_neuron,DNge085,auto:DNge179,left,isomorphic,3,0.03948103333333269,0.22420707595213468
720575941589590782,ascending_neuron,AN06A062,AN06A062,right,isomorphic,3,0.08932431626468541,0.33724064371695733
720575941589678078,descending_neuron,DNg12_e,auto:DNg12_b,left,isomorphic,3,0.09024292938252002,0.3389703030098171
720575941589746756,ascending_neuron,AN27X017,AN27X024,right,isomorphic,12,0.24297392664249673,0.5225659680119089
720575941589747012,ascending_neuron,AN27X017,auto:AN27X018,left,isomorphic,3,0.3823441507455082,0.6977217872672197
720575941589794046,ascending_neuron,AN10B019,AN10B019,left,isomorphic,3,0.6079290284869946,0.879795021276019
720575941589853950,descending_neuron,DNg26,DNg26,right,isomorphic,3,0.23227149484803428,0.5438172968518626
720575941589968780,sensory_ascending,SApp22,auto:SApp09,left,isomorphic,3,0.047538054473303885,0.2460230290748913
720575941589969292,sensory_ascending,SApp19,SApp19,right,isomorphic,3,0.060342230448078606,0.27718245619810766
720575941589986359,descending_neuron,DNge128,DNge128,right,dimorphic,3,0.15423512313311938,0.4431458653312526
720575941590014775,ascending_neuron,AN06A080,auto:AN06A041,right,isomorphic,3,0.06880989450325987,0.29599236265587187
720575941590112040,ascending_neuron,AN16B078,auto:AN16B078_d,left,isomorphic,3,0.14868567757394907,0.4351005451879992
720575941590130174,sensory_ascending,SAch01,auto:LgAG1,right,dimorphic,3,0.03855709852941017,0.22156809918825188
720575941590202878,ascending_neuron,AN08B024,AN08B024,right,isomorphic,3,0.2984862471986723,0.6164774882288442
720575941590381380,descending_neuron,DNa04,DNa04,left,isomorphic,3,2.3134143716296873,1.7162548357739784
720575941590387084,ascending_neuron,ANXXX976,,right,female-specific,3,0.07398778852182457,0.29962228547426595
720575941590435070,descending_neuron,DNpe010,DNpe010,right,isomorphic,3,0.057678058839789124,0.2709944379104136
720575941590477892,ascending_neuron,ANXXX120,auto:ANXXX007,right,isomorphic,3,0.2082604934630245,0.5149422257721556
720575941590551592,descending_neuron,DNg107,DNg107,right,isomorphic,3,0.160335485977815,0.45182461328626644
720575941590576424,descending_neuron,DNge091,DNge091,right,isomorphic,3,0.1939229761218954,0.49690079677047205
720575941590752396,ascending_neuron,AN09B033,AN09B033,left,isomorphic,3,0.09091512755101896,0.34023041547251276
720575941590774924,ascending_neuron,ANXXX127,ANXXX127,left,isomorphic,3,0.17834929600960903,0.4765305619318779
720575941591050494,descending_neuron,DNg32,DNg32,left,isomorphic,3,0.16649228649283357,0.46041781357377093
720575941591061246,ascending_neuron,ANXXX202_a,auto:ANXXX202,right,isomorphic,3,0.06702918419312284,0.29213731012320404
720575941591064716,descending_neuron,DNpe054,auto:DNpe015,right,isomorphic,3,0.07842676231747239,0.3160000872597211
720575941591151500,descending_neuron,DNg02_f,auto:DNg03,left,isomorphic,3,0.1356669068330593,0.41561577291021107
720575941591448972,descending_neuron,DNa08,auto:DNa08,right,dimorphic,3,0.12706713659257265,0.40222742714281423
720575941591683212,ascending_neuron,AN02A022,AN02A022,left,isomorphic,3,0.06591463657731118,0.28969832907194926
720575941591761704,descending_neuron,DNg02_a,auto:DNg92_b,left,dimorphic,3,0.04984156615384435,0.25191318544015967
720575941591804712,descending_neuron,DNge091,auto:DNge111,left,isomorphic,3,0.031927557780279774,0.2016219956568951
720575941591827752,sensory_ascending,SApp01,auto:SApp06,left,isomorphic,3,0.029424761496266293,0.19355818229009808
720575941591832360,ascending_neuron,ANXXX090,,right,isomorphic,3,0.0491375876893935,0.2501278068888534
720575941591871528,sensory_ascending,SApp03,auto:SApp09,left,isomorphic,3,0.2243014511795739,0.5344057237561336
720575941591932414,descending_neuron,DNg106,DNg106,right,isomorphic,3,0.10259395140494815,0.36142312596099546
720575941592159958,ascending_neuron,AN07B071,auto:AN07B071_c,left,isomorphic,3,0.038618666039885105,0.22174492726306638
720575941592328741,sensory_ascending,SApp11,auto:SApp14,left,isomorphic,3,0.07832072755997319,0.31578639537159764
720575941592445291,ascending_neuron,AN08B099,auto:AN08B099_d,left,dimorphic,3,0.05237360134310048,0.2582327251341901
720575941592508453,ascending_neuron,AN07B060,AN07B060,left,isomorphic,3,0.06537975316842054,0.2885205142776802
720575941592514341,sensory_ascending,SApp17,auto:SApp01,left,isomorphic,3,0.12922144764714352,0.40562280159313985
720575941592536939,ascending_neuron,ANXXX074,ANXXX074,left,isomorphic,3,0.07707736132062971,0.31326976304339715
720575941592542604,descending_neuron,DNp29,DNp29,right,isomorphic,3,0.22974264981357506,0.540848802212676
720575941592612903,sensory_ascending,LgAG7,auto:LgAG7,,isomorphic,3,0.0523677107051271,0.2582182025671675
720575941592628950,descending_neuron,DNge071,auto:DNg10,left,isomorphic,3,0.03823236546296888,0.22063308817178548
720575941592629132,descending_neuron,DNge011,DNge011,right,isomorphic,3,0.32632672903238824,0.6445867636774066
720575941592644054,descending_neuron,DNge091,DNge091,left,isomorphic,3,0.08960811001391912,0.33777594526357374
720575941592811404,descending_neuron,DNp27,,right,isomorphic,3,0.2656088710861313,0.5815356550542076
720575941592893992,descending_neuron,DNp49,DNp49,left,isomorphic,3,0.5106613730552516,0.8063462371355755
720575941592898341,sensory_ascending,SAch02,auto:LgAG1,right,isomorphic,3,0.028724699999999877,0.1912417944662044
720575941592925992,descending_neuron,DNg69,DNg69,right,isomorphic,3,0.31934291863917863,0.6376519680378521
720575941592983665,ascending_neuron,ANXXX098,ANXXX098,left,isomorphic,3,0.29387199938836917,0.6116939191390243
720575941592986481,sensory_ascending,SApp17,auto:SApp06,left,isomorphic,3,0.3000997152343225,0.6181414278303152
720575941592998769,ascending_neuron,AN06B015_a,auto:AN07B013,right,isomorphic,3,0.11327801231962488,0.37977630894296627
720575941593041192,ascending_neuron,AN09B015,STTMm,right,isomorphic,12,0.1297829215900529,0.4065023230991416
720575941593057064,ascending_neuron,AN07B082,auto:AN07B101_b,right,isomorphic,3,0.062432285056088783,0.2819419340956403
720575941593409064,descending_neuron,DNpe054,auto:DNpe008,right,isomorphic,3,0.057105012952397734,0.26964487885662963
720575941593486806,ascending_neuron,AN07B070,AN07B070,left,isomorphic,3,0.04170687035250631,0.2304405272949044
720575941593493099,ascending_neuron,AN06B044,AN06B044,left,isomorphic,3,0.07981740928571508,0.3187894004838994
720575941593505387,descending_neuron,DNge086,DNge086,right,isomorphic,3,0.15680366012590674,0.44682056894408595
720575941593520747,ascending_neuron,ANXXX988,,left,female-specific,3,0.054973762841575,0.2645652448315647
720575941593522283,ascending_neuron,AN18B001,AN18B001,right,isomorphic,3,0.4622189458786899,0.7671476000213714
720575941593533803,sensory_ascending,SApp06,auto:SApp08,left,isomorphic,3,0.29943760880144954,0.6174591522578181
720575941593604054,sensory_ascending,SApp10,SApp10,right,isomorphic,3,0.11567126022727185,0.38376714647128685
720575941593654917,sensory_ascending,SApp13,auto:SApp14,right,isomorphic,3,0.03649986729284762,0.21557614528244806
720575941593683051,descending_neuron,DNp10,DNp10,right,isomorphic,3,0.9071144085980912,1.0746971371629033
720575941593749541,ascending_neuron,AN19B036,AN19B036,left,isomorphic,3,0.9266425526339087,1.0862034532479756
720575941593759781,sensory_ascending,SApp15,auto:SApp06,left,isomorphic,3,0.1312218878479853,0.40875040885955993
720575941593765672,ascending_neuron,ANXXX027,ANXXX027,left,isomorphic,3,0.3492792920681619,0.6668704572990817
720575941594188325,ascending_neuron,AN08B101,AN08B101,right,dimorphic,3,0.060146822343811676,0.2767332880198938
720575941594293032,ascending_neuron,AN09B029_b,auto:AN09B029,left,isomorphic,3,0.3226112678876025,0.6409067200861953
720575941594463013,ascending_neuron,ANXXX041,ANXXX041,right,isomorphic,3,0.5490656286561358,0.836117259156791
720575941594469160,descending_neuron,DNp43,DNp43,left,isomorphic,3,0.3377405931532319,0.6557626697708591
720575941594517032,descending_neuron,DNae009,DNae009,left,isomorphic,3,0.7614442964441825,0.9846324133125911
720575941594630001,ascending_neuron,AN08B095,auto:AN08B081,right,isomorphic,3,0.0681927815786077,0.2946620881134369
720575941594716523,descending_neuron,DNb06,DNb06,left,isomorphic,3,1.0379417768878412,1.1495862366374612
720575941594807921,sensory_ascending,LgAG3,LgAG2,right,isomorphic,3,0.028085093396082048,0.1891006386278799
720575941595063147,descending_neuron,DNp72,DNp72,right,isomorphic,3,0.08234667363430145,0.32380092842453834
720575941595083734,ascending_neuron,AN01B014,AN01B014,right,isomorphic,3,0.06856707010926463,0.2954696348692097
720575941595101809,ascending_neuron,AN08B097,auto:AN08B061,right,dimorphic,3,0.023435299961148806,0.17266402030986389
720575941595170341,ascending_neuron,AN07B085,AN07B085,right,isomorphic,3,0.06746251666666561,0.29308009827921383
720575941595188261,ascending_neuron,AN06B045,AN06B045,left,isomorphic,3,0.04562877332479864,0.24103186215704045
720575941595189029,descending_neuron,DNp18,DNp18,left,isomorphic,3,3.3960039682820677,2.079405334823941
720575941595193558,descending_neuron,DNp35,DNp35,right,isomorphic,3,0.5765079119839708,0.856757066729356
720575941595204229,sensory_ascending,LgAG7,auto:LgAG7,left,isomorphic,3,0.07241502833724404,0.30364729162647985
720575941595237157,ascending_neuron,ANXXX987,auto:ANXXX074,right,female-specific,3,0.06832148587868571,0.29494002369262745
720575941595290149,ascending_neuron,AN10B049,auto:AN10B045,left,isomorphic,3,0.042662848106059886,0.23306656838694195
720575941595290151,ascending_neuron,AN14A003,AN14A003,right,isomorphic,3,0.103731173121644,0.3634207363927468
720575941595295783,ascending_neuron,AN01B005,AN01B005,right,isomorphic,3,0.07221158928571568,0.3032204661079908
720575941595303717,ascending_neuron,AN07B045,AN07B045,right,isomorphic,3,0.025510722928849854,0.18022516915754075
720575941595308071,ascending_neuron,AN07B021,AN07B021,left,isomorphic,3,0.09184528815665202,0.3419664499313426
720575941595312517,sensory_ascending,SApp23,SApp23,left,isomorphic,3,0.045551569602749926,0.24082786330276942
720575941595335301,sensory_ascending,SApp09,SApp09,left,isomorphic,3,0.22963706058576902,0.5407245014557279
720575941595376677,descending_neuron,DNae007,DNae007,right,isomorphic,3,0.10554639972527402,0.3665867563546771
720575941595515941,ascending_neuron,ANXXX296,ANXXX296,right,isomorphic,3,0.06351738973214455,0.28438152609711065
720575941595517735,descending_neuron,DNg75,DNg75,left,isomorphic,3,0.804106136867389,1.0118397756679585
720575941595520039,descending_neuron,DNpe041,DNpe041,left,dimorphic,3,0.055775031986533094,0.2664863529979022
720575941595534981,descending_neuron,DNge025,DNge025,left,isomorphic,3,0.11962001008088122,0.39026263871474653
720575941595590951,descending_neuron,DNae005,DNae005,right,dimorphic,3,0.3309595982383884,0.6491462456078584
720575941595605029,descending_neuron,DNge071,auto:DNg10,left,isomorphic,3,0.041736460843001554,0.23052226010214338
720575941595615783,descending_neuron,DNg106,DNg106,left,isomorphic,3,0.1137003062584137,0.380483542583265
720575941595697285,sensory_ascending,SApp05,auto:SApp09,right,isomorphic,3,0.06949107268010074,0.29745383127868696
720575941595808039,ascending_neuron,AN08B097,AN08B061,right,dimorphic,3,0.02681911193783218,0.18478948529049702
720575941595827158,descending_neuron,DNg75,DNg75,right,isomorphic,3,1.0460140948355827,1.1540478802437188
720575941595882609,ascending_neuron,ANXXX120,ANXXX120,left,isomorphic,3,0.2837378639278648,0.6010542976234694
720575941595910257,ascending_neuron,AN09B032,AN09B032,right,isomorphic,3,0.02815673654916531,0.18934167640825186
720575941595940032,ascending_neuron,AN07B056,AN07B056,left,isomorphic,3,0.040682356646824444,0.22759258611772987
720575941595947456,ascending_neuron,AN05B063,AN05B063,left,isomorphic,3,0.04349769200348148,0.23533589093791685
720575941595949937,ascending_neuron,AN06A026,AN06A026,left,isomorphic,3,0.06360475442613253,0.2845770345065125
720575941595969728,sensory_ascending,SApp23,SApp23,right,isomorphic,3,0.00648025,0.09083452295118877
720575941596069489,ascending_neuron,AN08B024,AN08B024,right,isomorphic,3,0.21672441475045326,0.5253019085914896
720575941596082801,ascending_neuron,AN09B009,AN09B009,right,isomorphic,3,0.23930919829660355,0.5519945060325369
720575941596085105,ascending_neuron,ANXXX005,ANXXX005,right,isomorphic,12,0.13585460885173045,0.41588039715309877
720575941596094757,descending_neuron,DNg67,DNg67,left,isomorphic,3,0.05378224847325159,0.2616824135491651
720575941596098853,ascending_neuron,ANXXX094,ANXXX094,right,isomorphic,3,0.3658532430173361,0.6825092062230926
720575941596161137,sensory_ascending,SApp15,auto:SApp06,right,isomorphic,3,0.035946509195663924,0.21393577775375833
720575941596171968,sensory_ascending,SApp19,auto:SApp10,left,isomorphic,3,0.08360367340754181,0.32626293547935503
720575941596205425,descending_neuron,DNg106,DNg106,left,isomorphic,3,0.15884665680527651,0.4495725097405691
720575941596218225,descending_neuron,DNg09,auto:DNg09_a,right,isomorphic,3,0.05819972518037573,0.2722171772544363
720575941596240241,ascending_neuron,AN18B019,AN18B019,right,isomorphic,3,0.1662085740233974,0.4600253570409256
720575941596301607,ascending_neuron,AN10B005,AN10B005,right,isomorphic,3,0.5824609068580218,0.8611691238507903
720575941596424581,descending_neuron,oviDNb,auto:DNpe034,right,female-specific,3,0.220278482371797,0.5295916111590321
720575941596431749,descending_neuron,DNpe004,DNpe004,left,isomorphic,3,0.21396515930485926,0.5219472214913167
720575941596590213,sensory_ascending,SApp01,auto:SApp08,right,isomorphic,3,0.03977995196834506,0.22505423331668814
720575941596596357,descending_neuron,DNpe035,DNpe035,right,isomorphic,3,0.0763853968785527,0.3118603981688973
720575941596600709,descending_neuron,DNge116,auto:DNge115,left,dimorphic,3,0.05230536576479145,0.25806444949579793
720575941596627569,ascending_neuron,AN07B018,AN07B018,left,isomorphic,3,0.4854517547396147,0.7861910526046153
720575941596695591,ascending_neuron,AN04B001,AN04B001,left,isomorphic,3,0.3328023215360779,0.6509509016503481
720575941596729477,ascending_neuron,AN17A014,AN17A014,left,isomorphic,3,0.10702658994709377,0.36914832609507336
720575941596748933,descending_neuron,DNbe002,DNbe002,right,isomorphic,3,0.3578500770788252,0.6750028660852384
720575941596881703,descending_neuron,DNg06,DNg06,right,isomorphic,3,0.13656161989796423,0.41698399819079424
720575941596979239,descending_neuron,DNpe054,auto:DNpe008,left,isomorphic,3,0.057707615595238335,0.2710638637078595
720575941597051761,descending_neuron,DNpe053,DNpe053,left,isomorphic,3,0.22867899310961698,0.539595345678022
720575941597089137,descending_neuron,DNg01,auto:DNg01_c,right,isomorphic,3,0.12269614822330639,0.3952487671133215
720575941597150364,sensory_ascending,SApp05,auto:SApp09,right,isomorphic,3,0.13574437635429626,0.41500485439629
720575941597293724,ascending_neuron,AN07B042,auto:AN07B049,right,isomorphic,3,0.05477236169217603,0.26408017128329775
720575941597339804,sensory_ascending,SApp23,SApp23,right,isomorphic,3,0.025770153071894838,0.18113966425113756
720575941597533993,ascending_neuron,ANXXX191,ANXXX191,left,isomorphic,3,0.2814858818057105,0.5986643099431255
720575941597582784,sensory_ascending,SNxx27,SNxx27,left,isomorphic,3,0.09180014989750002,0.341882408237266
720575941597632041,ascending_neuron,AN10B034,AN10B034,right,isomorphic,3,0.03980423042800444,0.22512290027601786
720575941597645097,sensory_ascending,SApp22,auto:SApp08,left,isomorphic,3,0.05129052179608441,0.25554866585618374
720575941598158469,descending_neuron,DNc02,,left,isomorphic,12,0.15497558029439407,0.41169470571610556
720575941598191808,ascending_neuron,AN19B074,auto:AN19B061,left,isomorphic,3,0.08309191461346425,0.3252628345409605
720575941598469276,descending_neuron,DNg68,DNg68,left,isomorphic,3,0.38073036963300205,0.6962477737834238
720575941598492457,descending_neuron,DNg05_b,DNg05_b,left,isomorphic,3,0.13413717083647062,0.41326595592655657
720575941598566812,ascending_neuron,AN09B006,AN09B006,right,isomorphic,3,0.10138702913815624,0.35929093339787566
720575941598660288,ascending_neuron,AN12B060,auto:AN12B055,right,dimorphic,3,0.043552795099208896,0.23548490610665593
720575941598693824,descending_neuron,DNp17,auto:DNpe009,left,isomorphic,3,0.062126790157310055,0.2812512862472818
720575941598907072,descending_neuron,DNa13,DNa13,left,isomorphic,3,0.8067654458887107,1.01351155347702
720575941598950556,descending_neuron,DNg27,DNg27,right,isomorphic,3,0.31568888217968355,0.6339933506152984
720575941598952604,ascending_neuron,ANXXX214,ANXXX214,right,dimorphic,3,0.19462399982173048,0.4977981246725991
720575941599034560,descending_neuron,DNde005,DNde005,left,isomorphic,3,0.36231828860211956,0.6792039258050457
720575941599049152,descending_neuron,DNpe004,DNpe004,right,isomorphic,3,0.16851696327731008,0.4632088747027138
720575941599063232,ascending_neuron,AN18B022,AN18B022,right,isomorphic,3,0.28440322149521363,0.6017586129485638
720575941599261852,ascending_neuron,AN09B003,auto:AN09B060,right,isomorphic,3,0.1547359034148145,0.4438646992249581
720575941599277212,descending_neuron,DNg87,DNg87,left,isomorphic,3,0.2936510705622659,0.6114639444756269
720575941599326505,ascending_neuron,AN06B051,auto:AN06B068,left,isomorphic,3,0.10538204452036129,0.36409101951598377
720575941599691200,descending_neuron,DNde005,DNde005,right,isomorphic,3,0.3771518889425204,0.6929680363286472
720575941600537385,ascending_neuron,AN17A024,AN17A024,left,dimorphic,3,0.054753168064572526,0.26403389702715097
720575941600640809,ascending_neuron,AN03B095,AN03B095,left,isomorphic,3,0.16360684943961334,0.4564106818382405
720575941600902841,sensory_ascending,SApp18,auto:SApp14,right,isomorphic,3,0.16550972307900258,0.4590572126242568
720575941600940473,ascending_neuron,AN06B023,AN06B023,right,isomorphic,3,0.20529821671075724,0.5112668657166679
720575941601022710,ascending_neuron,AN07B078,auto:AN07B078_b,right,isomorphic,3,0.03402900236127527,0.20815155890423184
720575941601087478,ascending_neuron,AN09B031,AN09B031,left,isomorphic,12,0.11011926061970012,0.374387622836575
720575941601114102,ascending_neuron,AN17A013,AN17A013,left,isomorphic,3,0.12692554439032985,0.4020032616220996
720575941601297705,descending_neuron,DNde001,DNde001,right,isomorphic,3,0.20691049529070327,0.5132705181723007
720575941601617705,ascending_neuron,AN07B035,AN07B035,right,isomorphic,3,0.06843515416026363,0.2951852715277216
720575941601937961,descending_neuron,DNpe010,DNpe010,left,isomorphic,3,0.08494748124999937,0.3288745845351203
720575941602005545,ascending_neuron,AN12B011,AN12B011,left,isomorphic,3,0.060948514583334834,0.27857146113765796
720575941602013993,ascending_neuron,AN09A005,,right,isomorphic,12,0.4373582610448726,0.6871656278831291
720575941602034473,ascending_neuron,AN01B002,AN01B002,left,isomorphic,3,0.07218374551281871,0.3031620016987949
720575941602242750,ascending_neuron,AN_IN08B003,auto:AN07B024,right,female-specific,3,0.2213461464228547,0.5308734940645635
720575941602323897,descending_neuron,DNa04,DNa04,right,isomorphic,3,1.6547474121914703,1.4515129492189713
720575941602373054,sensory_ascending,SApp08,auto:SApp08,right,isomorphic,3,0.06503064988038221,0.28774918774434377
720575941602413097,descending_neuron,DNge030,auto:DNge030,right,isomorphic,3,0.1721260146048121,0.4681427650541114
720575941602726078,descending_neuron,DNge109,auto:DNge114,right,isomorphic,3,0.05898094215247659,0.2740380775262267
720575941602753782,sensory_ascending,LgAG6,auto:LgAG4,right,isomorphic,3,0.0514342089285698,0.2559063671736705
720575941602854841,descending_neuron,DNge081,DNge081,right,isomorphic,3,0.2153951784868498,0.5236885133309167
720575941602974649,descending_neuron,DNpe054,auto:DNpe015,right,isomorphic,3,0.07608953482142458,0.31125585082876905
720575941603438777,descending_neuron,DNg07,DNg07,right,isomorphic,3,0.04974867551793481,0.2516783283630767
720575941603458750,ascending_neuron,AN12B004,AN12B004,left,isomorphic,3,0.23054147100629996,0.5417882589966638
720575941603506622,sensory_ascending,SApp23,SApp23,right,isomorphic,3,0.0794340660164846,0.31802294579368284
720575941603685817,ascending_neuron,ANXXX024,ANXXX024,right,isomorphic,3,0.15189396557900928,0.43976971653563895
720575941603691198,ascending_neuron,AN10B033,AN10B033,left,isomorphic,3,0.04229354999999934,0.2320556406279171
720575941603718073,ascending_neuron,AN12A017,AN12A017,left,isomorphic,3,0.10383936861189104,0.3636102177015807
720575941603727545,ascending_neuron,ANXXX013,ANXXX013,right,dimorphic,3,0.11042973962584851,0.3749713474472922
720575941603732921,ascending_neuron,AN07B041,AN07B041,left,isomorphic,3,0.05317171018060696,0.2601928593623315
720575941603744697,descending_neuron,DNge032,DNge032,left,isomorphic,3,0.255156595577683,0.5699784799354298
720575941603755193,ascending_neuron,ANXXX264,ANXXX264,right,isomorphic,3,0.16607057437809256,0.4598343424702743
720575941603785913,descending_neuron,DNge026,DNge026,left,isomorphic,3,0.23463824264542602,0.5465809082316367
720575941603791350,descending_neuron,DNg76,DNg76,right,isomorphic,3,0.2600192203829427,0.5753840054978674
720575941603871990,ascending_neuron,AN08B022,AN08B022,left,isomorphic,3,0.09993897607323318,0.3567159323562402
720575941603880182,ascending_neuron,AN09B035,AN09B035,right,isomorphic,3,0.043155934061771734,0.234409560038474
720575941604048830,ascending_neuron,AN10B047,AN10B047,left,isomorphic,3,0.027458406250000268,0.18697895248637877
720575941604056505,ascending_neuron,AN09B007,AN09B007,,isomorphic,3,0.20483646210317172,0.5106915739988314
720575941604241337,ascending_neuron,ANXXX380,ANXXX380,right,isomorphic,3,0.07178049749579332,0.3023140220902884
720575941604343225,descending_neuron,DNg08_a,auto:DNg08,right,isomorphic,3,0.06148292511447297,0.2797900848524437
720575941604343737,descending_neuron,DNg110,auto:DNg02_a,right,isomorphic,3,0.11316593771521473,0.37958839157177576
720575941604501182,ascending_neuron,AN10B060,auto:AN10B045,left,isomorphic,3,0.03748153574697585,0.2184558845864635
720575941604585662,descending_neuron,DNg106,DNg106,right,isomorphic,3,0.11300586375430624,0.3793198314337608
720575941604710334,sensory_ascending,SApp05,auto:SApp09,right,isomorphic,3,0.16285811876158687,0.4553651249145326
720575941604774253,ascending_neuron,ANXXX098,ANXXX098,right,isomorphic,3,0.17684982171598143,0.47452311480912174
720575941604809718,ascending_neuron,AN03B050,AN03B050,,isomorphic,3,0.06423640709045426,0.2859865970972636
720575941604982462,descending_neuron,DNg08_b,auto:DNg08,right,isomorphic,3,0.043911359890108824,0.23645227821948353
720575941604998590,ascending_neuron,AN06B042,AN06B042,right,isomorphic,3,0.043415229223355944,0.2351127106111417
720575941605024365,ascending_neuron,AN07B063,auto:AN07B060,left,isomorphic,3,0.03610603326359256,0.21440995628638432
720575941605057901,ascending_neuron,AN07B085,AN07B085,left,isomorphic,3,0.05970662439754763,0.27571876117813765
720575941605091518,descending_neuron,DNge085,auto:DNge179,right,isomorphic,3,0.05958925632748011,0.2754476313158414
720575941605171390,ascending_neuron,AN12B019,AN12B019,left,isomorphic,3,0.5252109284101597,0.8177526052412697
720575941605174462,ascending_neuron,AN05B007,AN05B007,right,isomorphic,3,0.41979511874927655,0.7310948952621489
720575941605417918,sensory_ascending,SApp01,auto:SApp08,left,isomorphic,3,0.04591769092970485,0.24179375487102084
720575941605509054,ascending_neuron,AN27X017,AN27X017,right,isomorphic,3,0.7067362148264011,0.9486013369236937
720575941605515966,ascending_neuron,AN17A047,AN17A047,right,isomorphic,3,0.09325509119485345,0.3445810062339062
720575941605523902,descending_neuron,DNp44,DNp44,left,isomorphic,3,0.09056700416666973,0.33957840207115375
720575941606542701,descending_neuron,DNg07,DNg07,right,isomorphic,3,0.06086701293816195,0.27838514299936085
720575941606579309,ascending_neuron,AN05B076,AN05B076,right,isomorphic,3,0.08242589146270582,0.3239566398769525
720575941606629485,descending_neuron,DNut054,auto:DNp72,left,dimorphic,3,0.13822572483766146,0.4195169352517154
720575941606717293,sensory_ascending,SApp01,SApp01,left,isomorphic,3,0.04723485918788762,0.2452372129347737
720575941607634285,descending_neuron,DNpe038,,left,female-specific,3,0.19466579302850348,0.4978515699393959
720575941607672685,ascending_neuron,AN17A024,AN17A024,left,isomorphic,3,0.1267786262543345,0.4017705319883704
720575941607693421,descending_neuron,DNg111,DNg111,left,dimorphic,3,0.22503135296943566,0.5352745252727258
720575941607851117,ascending_neuron,AN05B100,AN05B100,right,isomorphic,3,0.13523186835422857,0.4149488673282811
720575941608483914,ascending_neuron,ANXXX116,ANXXX116,left,dimorphic,3,0.11544350185287293,0.3833891387895396
720575941608538954,sensory_ascending,SAch01,auto:LgAG2,left,dimorphic,3,0.039214369651357946,0.2234486208549325
720575941608608365,ascending_neuron,AN10B056,auto:AN10B045,right,isomorphic,3,0.03869782052626816,0.22197205992896654
720575941608733673,descending_neuron,DNge114,auto:DNge109,right,isomorphic,3,0.08829643306386445,0.33529466180655715
720575941608988013,ascending_neuron,ANXXX984,auto:AN09B033,left,female-specific,3,0.10991251071976035,0.3740921746168
720575941609057389,ascending_neuron,AN17A026,AN17A026,left,isomorphic,3,0.40970958171664323,0.7222592618295267
720575941609235302,descending_neuron,DNge090,DNge090,left,isomorphic,3,0.118145865616987,0.38785047138106493
720575941609482413,sensory_ascending,SApp16,auto:SApp06,right,isomorphic,3,0.07355850218509002,0.3060352820077197
720575941609599078,sensory_ascending,SApp01,SApp01,right,isomorphic,3,0.11700096943114921,0.3859666579538822
720575941609747430,descending_neuron,DNge014,DNge014,right,isomorphic,3,0.14929217920967705,0.4359870483047054
720575941610213478,descending_neuron,DNg01,auto:DNg01_d,right,isomorphic,3,0.07995552799873852,0.319065103181425
720575941610223974,sensory_ascending,SApp01,auto:SApp08,left,isomorphic,3,0.05262515214752509,0.2588521291431336
720575941610283850,ascending_neuron,AN10B046,AN10B046,right,dimorphic,3,0.025808905336255412,0.18127580886717
720575941610317020,ascending_neuron,AN19B065,AN19B065,right,isomorphic,3,0.06767355111742707,0.2935381430331748
720575941610332636,sensory_ascending,SApp06,SApp06,left,isomorphic,3,0.11209993455988627,0.3777963335500639
720575941610874598,sensory_ascending,SApp13,SApp13,right,isomorphic,3,0.051804976629074705,0.2568270718951155
720575941610908137,ascending_neuron,AN06A092,auto:AN06A080,left,isomorphic,3,0.08541718916666846,0.3297825693500586
720575941610917037,descending_neuron,DNpe002,DNpe002,right,dimorphic,3,0.40886303844012756,0.7215127087741028
720575941610928870,sensory_ascending,SApp23,SApp23,right,isomorphic,3,0.042248894548376645,0.23193310082939644
720575941610938797,ascending_neuron,AN09B012,AN09B012,right,dimorphic,3,0.3849818434077337,0.7001243511204039
720575941611010534,ascending_neuron,AN06B046,AN06B046,left,isomorphic,3,0.0674966214285682,0.29315417025666174
720575941611018314,ascending_neuron,ANXXX037,ANXXX037,left,isomorphic,3,0.048507292556980365,0.24851841600087715
720575941611059274,sensory_ascending,SApp22,auto:SApp09,right,isomorphic,3,0.08729737172392685,0.333392360185936
720575941611082826,descending_neuron,DNg03,DNg03,right,isomorphic,3,0.11721429739275105,0.3863183643690762
720575941611136614,sensory_ascending,LgAG1,auto:LgAG1,left,dimorphic,3,0.039778681845237966,0.22505064044075873
720575941611254858,ascending_neuron,AN06B037,AN06B037,left,isomorphic,3,0.36732933276869256,0.6838846630991816
720575941611266278,ascending_neuron,AN19B093,auto:AN19B099,left,isomorphic,3,0.05932650077561082,0.2748396747892651
720575941611278825,ascending_neuron,AN08B018,AN08B018,left,isomorphic,3,0.26910884962521775,0.5853546183135618
720575941611313738,ascending_neuron,AN05B021,AN05B021,right,isomorphic,3,0.09618822076118334,0.34995806378886946
720575941611341898,ascending_neuron,AN17A024,AN17A024,left,isomorphic,3,0.11292936879613696,0.37919142674013967
720575941611420134,ascending_neuron,AN07B052,AN07B052,left,isomorphic,3,0.06616279788810624,0.29024315782022664
720575941611688681,ascending_neuron,AN04B023,AN04B023,left,isomorphic,3,0.09969042301282162,0.3562720713321503
720575941611791590,descending_neuron,DNp06,DNp06,left,isomorphic,3,3.730832380263051,2.179505292796815
720575941611823078,ascending_neuron,ANXXX144,ANXXX144,left,isomorphic,3,0.1595296094362722,0.45068770483608445
720575941611824358,ascending_neuron,AN04A001,AN04A001,left,isomorphic,3,0.13323111724902334,0.4118678514653742
720575941611833577,descending_neuron,DNge051,DNge051,left,isomorphic,3,0.13967482302072154,0.42171021812835874
720575941611937709,ascending_neuron,ANXXX082,ANXXX082,right,isomorphic,3,0.19842622629564957,0.5026371634013836
720575941611944668,ascending_neuron,AN19B032,AN19B032,left,isomorphic,3,0.12139457219967392,0.3931467535677138
720575941611963309,ascending_neuron,AN05B063,auto:AN05B052,left,isomorphic,3,0.05470925882353307,0.26392800495073165
720575941612039142,descending_neuron,DNbe005,DNbe005,right,dimorphic,3,0.37815698800812253,0.6938907920198122
720575941612042972,ascending_neuron,AN08B100,AN08B100,right,isomorphic,3,0.053811102094954634,0.2617525990951712
720575941612058982,descending_neuron,DNge136,DNge136,left,isomorphic,3,0.3996849480891214,0.7133685452432634
720575941612075622,ascending_neuron,AN12B017,AN12B017,right,isomorphic,3,0.10373537353637256,0.36342809436583606
720575941612139241,ascending_neuron,AN07B069,auto:AN07B091,right,isomorphic,3,0.03328698653563055,0.20586963734905575
720575941612195501,descending_neuron,DNg17,DNg17,right,isomorphic,3,0.4140098533251634,0.72603974902453
720575941612233830,ascending_neuron,ANXXX150,ANXXX150,left,dimorphic,3,0.17497611876422617,0.47200266291080295
720575941612278630,ascending_neuron,AN06B012,AN06B012,left,isomorphic,3,0.10329527026137221,0.36265634267290175
720575941612286428,descending_neuron,DNge091,auto:DNge181,left,isomorphic,3,0.16065124553090798,0.44441717408863823
720575941612311981,ascending_neuron,AN19B042,AN19B042,left,isomorphic,3,0.1305951179403353,0.40777306006035685
720575941612321382,descending_neuron,DNa07,DNa07,left,isomorphic,3,0.21796035133928707,0.5267976257630154
720575941612340909,descending_neuron,DNge085,DNge085,left,isomorphic,3,0.09479430370595236,0.34741309142583204
720575941612374425,descending_neuron,DNge173,auto:DNge174,left,isomorphic,3,0.0899915959513498,0.33849794483731704
720575941612392169,descending_neuron,DNpe011,auto:DNp16_b,left,dimorphic,3,0.04740391041666665,0.2456756669220277
720575941612394058,ascending_neuron,AN23B001,AN23B001,right,isomorphic,3,0.9315757828621462,1.0890909629859673
720575941612425190,ascending_neuron,AN09B034,AN09B034,right,isomorphic,3,0.10181947537878767,0.3600563601388826
720575941612468710,ascending_neuron,AN12B019,AN12B019,right,isomorphic,3,0.20514636537420933,0.5110777483447422
720575941612488169,descending_neuron,DNpe011,auto:DNpe018,left,dimorphic,3,0.06391687449074127,0.285274415567688
720575941612504297,ascending_neuron,AN19B001_b,auto:AN19B001,left,isomorphic,3,0.4244697145743303,0.7351541512761013
720575941612593069,ascending_neuron,AN07B037,auto:AN07B037_a,right,isomorphic,3,0.31172861237373406,0.6300041241925779
720575941612646809,sensory_ascending,SApp17,auto:SApp01,right,isomorphic,3,0.1962725405760833,0.4999019505934199
720575941612667238,ascending_neuron,AN05B098,AN05B098,left,isomorphic,3,0.16656893523391117,0.4605237836032422
720575941612873692,sensory_ascending,SApp20,SApp20,right,isomorphic,3,0.22200710096637735,0.5316655153029991
720575941612937881,sensory_ascending,SApp14,SApp14,left,isomorphic,3,0.06256507045454764,0.2822416018624321
720575941612980070,descending_neuron,DNge004,DNge004,left,isomorphic,3,0.19511053470237402,0.49841995182525034
720575941612982169,descending_neuron,DNge094,DNge094,right,isomorphic,3,0.050287228049033066,0.2530369288209611
720575941613020390,descending_neuron,DNg109,DNg109,right,isomorphic,3,0.3102173269300109,0.6284751133571848
720575941613168915,sensory_ascending,SApp10,auto:SApp19,left,isomorphic,3,0.3957046424365051,0.7098075787038668
720575941613245593,ascending_neuron,AN08B103,auto:AN08B097,left,dimorphic,3,0.05235976052003047,0.2581986011715899
720575941613322003,ascending_neuron,AN16B078,auto:AN16B078_a,right,isomorphic,3,0.14474697586850743,0.42929893274571507
720575941613399910,ascending_neuron,AN05B049,auto:AN05B049_a,right,isomorphic,3,0.04728918717262088,0.24537820430218268
720575941613418716,descending_neuron,DNge125,DNge125,left,isomorphic,3,0.5125821518765701,0.8078612911228599
720575941613459164,ascending_neuron,AN07B005,AN07B005,right,isomorphic,3,0.17422612666514165,0.4709900149643257
720575941613469916,ascending_neuron,AN06B015_b,auto:AN06B088,left,isomorphic,3,0.07986168577839124,0.3188778080115665
720575941613532892,descending_neuron,DNpe030,DNpe030,left,isomorphic,3,0.29225092451298523,0.6100044541438561
720575941613540572,ascending_neuron,AN19B036,AN19B036,right,isomorphic,3,0.3071184778624253,0.6253282265605083
720575941613710556,ascending_neuron,ANXXX174,ANXXX174,right,isomorphic,3,0.16797631257455095,0.4624652243668843
720575941613770259,ascending_neuron,AN12B004,AN12B004,left,isomorphic,3,0.44283340247674624,0.7508881406461387
720575941614012892,descending_neuron,DNg64,DNg64,left,isomorphic,3,0.03617049889069484,0.21460128037929319
720575941614190099,descending_neuron,DNpe008,DNpe008,left,isomorphic,3,0.04928839726345117,0.2505113500271842
720575941614272531,ascending_neuron,AN05B099,AN05B099,left,isomorphic,3,0.18773755693256594,0.48891193636330044
720575941614309395,ascending_neuron,AN06B042,AN06B042,left,isomorphic,3,0.04445455548469544,0.23791027297436665
720575941614432409,descending_neuron,DNge047,DNge047,left,dimorphic,3,0.47583141873989365,0.7783619845335901
720575941614433945,ascending_neuron,AN12B060,AN12B060,left,dimorphic,3,0.04920200946969449,0.25029171807562667
720575941614483475,descending_neuron,DNg08_b,auto:DNg08,right,isomorphic,3,0.10932580958428655,0.37309240681485345
720575941614893013,descending_neuron,DNge020,auto:DNg12_g,right,isomorphic,3,0.115456270774466,0.38341034106776617
720575941614894037,ascending_neuron,AN07B024,AN07B024,left,isomorphic,3,0.08866757358161895,0.335998602705178
720575941614906387,descending_neuron,MDN,MDN,right,isomorphic,3,0.36935402142433893,0.6857668306971597
720575941614909203,sensory_ascending,SApp02,auto:SApp09,right,isomorphic,3,0.0749539480168746,0.3089244740209304
720575941615001813,ascending_neuron,AN08B113,auto:AN08B113,right,isomorphic,3,0.03450715949675612,0.20960887397186553
720575941615259289,descending_neuron,DNge025,DNge025,right,isomorphic,3,0.13991789377187455,0.4220770017027751
720575941615409817,ascending_neuron,AN17A015,AN17A015,left,dimorphic,12,0.08939363979414583,0.3372446180741795
720575941615507925,ascending_neuron,AN08B099,auto:AN08B099_a,right,dimorphic,3,0.06018767539269181,0.276827253744386
720575941615534489,descending_neuron,DNp68,DNp68,left,dimorphic,3,0.19199409091862718,0.49442337011216847
720575941616199637,sensory_ascending,LgAG1,auto:LgAG1,left,isomorphic,3,0.03784573383637892,0.21951465764271696
720575941616284629,descending_neuron,DNp17,DNp17,right,isomorphic,3,0.08788082378378272,0.33450461889997063
720575941616301977,descending_neuron,DNg33,DNg33,right,isomorphic,3,0.5224833658108404,0.8156264358250596
720575941616497561,descending_neuron,DNpe021,DNpe021,right,isomorphic,3,0.5239322781061645,0.8167565703732964
720575941616501205,ascending_neuron,AN12B005,AN12B005,right,isomorphic,3,0.1602234382853593,0.45166671077062265
720575941616608469,ascending_neuron,ANXXX169,ANXXX169,left,dimorphic,3,0.21359131702657258,0.5214910461842054
720575941617063551,ascending_neuron,AN07B041,AN07B041,right,isomorphic,3,0.08492134136002856,0.3288239802866301
720575941617642965,ascending_neuron,AN18B023,AN18B023,right,isomorphic,3,0.29338030477993854,0.6111819742861141
720575941617767893,ascending_neuron,AN19A018_b,auto:AN19A018,left,isomorphic,3,0.10627957724192842,0.36785779934936613
720575941617820373,ascending_neuron,AN10B048,auto:AN10B033,right,isomorphic,3,0.018900098604046837,0.15512689303298213
720575941618058197,ascending_neuron,AN05B006,AN05B006,right,isomorphic,3,0.23918305342701923,0.5518490029471685
720575941618366079,descending_neuron,DNp31,DNp31,right,isomorphic,3,2.3150252659644854,1.7168522696164106
720575941618370517,descending_neuron,DNg50,DNg50,right,isomorphic,3,0.36060414587894424,0.6775953501379117
720575941618597333,descending_neuron,DNp17,auto:DNpe008,right,isomorphic,3,0.04279709009740194,0.23343296149345702
720575941618637439,ascending_neuron,AN08B018,AN08B018,left,isomorphic,3,0.2801169319597911,0.5972067941015867
720575941618655615,descending_neuron,DNpe003,DNpe003,left,dimorphic,3,0.14811170335497453,0.43425991957540505
720575941618669269,ascending_neuron,AN09B030,AN09B030,left,isomorphic,3,0.09282754406565738,0.34379019756974
720575941618680533,ascending_neuron,AN05B009,AN05B009,left,isomorphic,3,0.06472239619408461,0.28706639347775476
720575941618693845,ascending_neuron,AN01B002,AN01B002,right,isomorphic,3,0.0391296489748678,0.22320711558193526
720575941618730879,ascending_neuron,AN19A018_b,auto:AN19A018,right,isomorphic,3,0.08084911007325925,0.32084308330073075
720575941618895231,descending_neuron,DNb01,DNb01,right,isomorphic,3,0.7854272676320299,1.000018528159548
720575941619021269,descending_neuron,DNc02,,left,isomorphic,12,0.1120242025811376,0.37766560606776944
720575941619633791,sensory_ascending,SAxxx,,,dimorphic,3,0.06325594812483606,0.2837956564013222
720575941619856767,ascending_neuron,AN06B045,AN06B045,right,isomorphic,3,0.050782709776787144,0.2542804638123314
720575941619873407,ascending_neuron,ANXXX002,ANXXX002,right,isomorphic,3,0.6557867607804405,0.9137689186766177
720575941619883135,descending_neuron,DNpe031,DNpe031,right,isomorphic,3,0.36253535456216784,0.6794073518833421
720575941620053375,ascending_neuron,AN17B008,AN17B008,left,isomorphic,3,0.13255070519295517,0.4108147995559593
720575941620230527,ascending_neuron,AN17B016,AN17B016,left,isomorphic,3,0.23047693867222063,0.5417124259853859
720575941620273535,descending_neuron,DNd03,DNd03,left,isomorphic,3,0.4600619655780308,0.7653555301966114
720575941620740991,ascending_neuron,AN12B001,AN12B001,left,isomorphic,3,1.571947608316833,1.4147317262155579
720575941621265535,ascending_neuron,AN05B049,auto:AN05B049_b,left,isomorphic,3,0.07007291203444946,0.2986965058667569
720575941621363327,descending_neuron,DNp34,DNp34,right,isomorphic,3,0.4583633922925684,0.7639413569940133
720575941621460476,sensory_ascending,LgAG7,auto:LgAG7,left,isomorphic,3,0.02962106111110988,0.19420274551015487
720575941621593727,descending_neuron,DNp70,auto:DNp70,left,isomorphic,3,0.1745009011031132,0.471361271082387
720575941621878268,sensory_ascending,SApp10,auto:SApp19,left,isomorphic,3,0.16465419362443373,0.45786922863314294
720575941623162108,ascending_neuron,AN08B022,AN08B022,right,dimorphic,3,0.08503222006590092,0.32903857701571687
720575941623193340,ascending_neuron,ANXXX130,ANXXX130,right,isomorphic,3,0.10570134951127327,0.3668557456680022
720575941623347594,ascending_neuron,AN07B085,AN07B085,right,isomorphic,3,0.05355757264030492,0.26113525117391223
720575941623395483,sensory_ascending,SApp07,auto:SApp08,right,isomorphic,3,0.18733256017281577,0.48838429912161224
720575941623407050,descending_neuron,DNg09,auto:DNg09_b,right,dimorphic,12,0.10129239825453863,0.3591232198546086
720575941623634122,descending_neuron,DNg02_a,auto:DNg02_a,right,dimorphic,3,0.09202629078483002,0.3423032465264428
720575941623818348,sensory_ascending,SApp10,SApp10,right,isomorphic,3,0.2215191759934621,0.5310809493777988
720575941623908298,ascending_neuron,AN07B089,AN07B089,right,isomorphic,3,0.036145314589946013,0.2145265575466406
720575941624212732,ascending_neuron,ANXXX075,ANXXX075,right,isomorphic,3,0.1840127811881619,0.4840375499333356
720575941624214780,ascending_neuron,AN05B068,AN05B068,right,isomorphic,3,0.05731355443630298,0.2701367874940997
720575941624257532,descending_neuron,DNp41,DNp41,right,isomorphic,3,0.21903328682193685,0.5280926456551058
720575941624437756,descending_neuron,DNpe016,DNpe016,left,isomorphic,3,0.2126884235205848,0.5203876550551415
720575941624461564,ascending_neuron,AN08B027,AN08B027,left,isomorphic,3,0.21199836854712548,0.5195427857775905
720575941624536828,descending_neuron,DNpe008,DNpe008,left,isomorphic,3,0.0442859067460355,0.23745856005523597
720575941624572042,descending_neuron,DNg61,DNg61,right,isomorphic,3,0.29638365417536755,0.6143023595178427
720575941624639434,ascending_neuron,AN10B033,auto:AN10B053,left,isomorphic,3,0.031543980062356224,0.20040719251995295
720575941624749706,sensory_ascending,SApp06,SApp06,right,isomorphic,3,0.18171726078005448,0.48100894210619144
720575941624812187,sensory_ascending,SApp10,auto:SApp19,left,isomorphic,3,0.20224124930922183,0.507446111618903
720575941624812540,sensory_ascending,SApp12,auto:SApp09,right,isomorphic,3,0.1464423321016054,0.43180570660310125
720575941624816124,descending_neuron,DNg08_a,auto:DNg08,left,isomorphic,3,0.08708052897512386,0.33297803691472483
720575941624831228,descending_neuron,DNg17,DNg17,left,isomorphic,3,0.40303277431908013,0.7163499606249555
720575941625038332,ascending_neuron,AN09B026,AN09B026,right,dimorphic,12,0.15275319872320114,0.44078969987937605
720575941625112940,ascending_neuron,AN10B047,AN10B047,right,isomorphic,3,0.03250742558922404,0.20344468476157296
720575941625157019,sensory_ascending,SAch01,auto:LgAG2,left,dimorphic,3,0.03363893512396985,0.20695512180813272
720575941625164955,ascending_neuron,AN06B005,AN06B005,right,isomorphic,3,0.1293956062268367,0.4058960492084001
720575941625193610,sensory_ascending,SApp10,auto:SApp10,left,isomorphic,3,0.15964627329059441,0.4508524684674376
720575941625300682,ascending_neuron,AN10B037,AN10B037,,dimorphic,3,0.018821388708515456,0.15480354127252305
720575941625301915,ascending_neuron,AN08B097,AN08B097,right,dimorphic,3,0.04578706902402968,0.24144959498601987
720575941625422076,ascending_neuron,AN05B004,AN05B004,right,isomorphic,3,0.2258149238191631,0.5362056422660215
720575941625457148,ascending_neuron,AN05B049,auto:AN05B049_c,right,isomorphic,3,0.044616677584489166,0.23834369774607117
720575941625561196,ascending_neuron,AN05B099,AN05B099,right,dimorphic,3,0.39357501432916703,0.7078949583544184
720575941625603995,sensory_ascending,SAch01,auto:LgAG8,right,isomorphic,3,0.04505045668831349,0.23949952602028138
720575941625621500,descending_neuron,DNd03,,right,isomorphic,3,0.5914993638278397,0.86782508647267
720575941625794186,descending_neuron,DNae008,DNae008,left,isomorphic,3,0.16678492007396267,0.460822260425495
720575941626007195,descending_neuron,DNge116,auto:DNge115,right,dimorphic,3,0.07689456200396776,0.31289806186446995
720575941626032074,descending_neuron,DNg95,DNg95,right,isomorphic,3,0.2821425040283983,0.5993621554449001
720575941626052810,ascending_neuron,AN10B031,auto:AN10B047,left,isomorphic,3,0.03440263333333465,0.20929116847833248
720575941626056556,descending_neuron,DNge122,DNge122,right,isomorphic,3,0.2853314433788425,0.6027398087618772
720575941626065516,ascending_neuron,AN05B104,AN05B104,right,isomorphic,3,0.02385532847222311,0.17428008366844766
720575941626118252,ascending_neuron,AN08B014,AN08B014,right,isomorphic,3,0.3162548029063513,0.6345613613140902
720575941626133147,sensory_ascending,SApp15,auto:SApp09,right,isomorphic,3,0.06151063763736446,0.2798531333785053
720575941626154604,sensory_ascending,SApp15,auto:SApp06,left,isomorphic,3,0.06486223531846132,0.2873763437852578
720575941626175643,descending_neuron,DNg16,DNg16,right,isomorphic,3,0.9543249292460281,1.1023085949236853
720575941626190282,ascending_neuron,AN01B004,AN01B004,right,isomorphic,3,0.03103820367063587,0.19879403489792563
720575941626193563,descending_neuron,DNg08_b,auto:DNg08,left,isomorphic,3,0.06602938736263979,0.2899503873160876
720575941626222218,descending_neuron,DNp16,auto:DNp16_b,right,dimorphic,3,0.042396597346233265,0.2323381679867474
720575941626256266,descending_neuron,DNge131,DNge131,right,isomorphic,3,0.40411142995227856,0.7173079206970426
720575941626272650,ascending_neuron,AN19B001,AN19B001,right,isomorphic,3,0.34326435505565334,0.6611034345356779
720575941626282634,descending_neuron,DNge034,DNge034,right,isomorphic,3,0.1295537853160943,0.40614406635402284
720575941626299530,descending_neuron,DNg10,DNg10,right,isomorphic,3,0.04141786244658286,0.22964072009421752
720575941626302858,descending_neuron,DNg12_e,auto:DNge019,left,isomorphic,3,0.09968746027777775,0.35626677720478284
720575941626337162,descending_neuron,DNg103,DNg103,right,isomorphic,3,0.37360327592161774,0.6897002718181325
720575941626447754,ascending_neuron,AN05B044,AN05B044,left,isomorphic,3,0.137027407136754,0.41769452172495686
720575941626500746,descending_neuron,DNg100,DNg100,left,isomorphic,3,1.3558418578024862,1.3138917268029793
720575941626522762,ascending_neuron,AN01B004,AN01B004,right,isomorphic,3,0.10262282465805955,0.36147398045649726
720575941626534090,ascending_neuron,AN06B002,,right,isomorphic,3,0.20976575683930965,0.5167998226964764
720575941626745452,descending_neuron,DNpe046,,left,female-specific,3,0.1690307521095573,0.4639144725724936
720575941626959771,descending_neuron,DNpe026,DNpe026,left,isomorphic,3,0.1652124574579071,0.4586447798877505
720575941626967865,descending_neuron,DNge091,DNge091,right,isomorphic,3,0.18323358400814896,0.483011640732113
720575941626978715,descending_neuron,DNg33,DNg33,left,isomorphic,12,0.026570634658626455,0.18335515912168585
720575941627074924,ascending_neuron,AN09B019,auto:AN09B060,right,isomorphic,3,0.2077626308917545,0.5143263531743217
720575941627117676,descending_neuron,DNge127,DNge127,left,isomorphic,3,0.16490693333333722,0.4582205022923026
720575941627244396,ascending_neuron,AN23B001,AN23B001,left,isomorphic,3,0.6598105670953619,0.9165680040564084
720575941627484454,descending_neuron,DNge145,DNge145,left,isomorphic,3,0.09955615880231118,0.35603207483179977
720575941627562634,ascending_neuron,AN19B010,AN19B110,right,isomorphic,3,0.24142534216213343,0.5544297004508738
720575941627576377,descending_neuron,DNge085,auto:DNge179,right,isomorphic,3,0.09202059583010082,0.34229265481598636
720575941628153913,descending_neuron,DNge140,DNge140,left,isomorphic,3,0.43641121599398847,0.7454233816895635
720575941628167225,descending_neuron,DNg02_b,auto:DNge015,left,isomorphic,3,0.1500388646390378,0.4370759839039308
720575941628221497,sensory_ascending,SApp12,auto:SApp09,left,isomorphic,3,0.4516335675450656,0.7583124144626651
720575941628231138,descending_neuron,DNg52,DNg52,right,isomorphic,3,0.13550431251402645,0.4153666442734783
720575941628237625,descending_neuron,DNge040,DNge040,right,isomorphic,3,0.6559957195093797,0.913914487934368
720575941628262969,descending_neuron,DNge096,DNge096,right,isomorphic,3,0.09606091437153387,0.34972640003473465
720575941628267321,ascending_neuron,AN17A003,AN17A003,right,isomorphic,3,0.1834869752295285,0.4833455004508441
720575941628271417,ascending_neuron,AN09B024,AN09B024,left,isomorphic,12,0.11258087332693367,0.3785897644380808
720575941628282150,ascending_neuron,AN06A018,AN06A018,left,dimorphic,3,0.06962400467147646,0.2977382004556176
720575941628494649,sensory_ascending,SAch01,,,isomorphic,3,0.014552594866072174,0.13208305911580556
720575941628544057,sensory_ascending,SApp07,auto:SApp01,left,isomorphic,3,0.015218646258501067,0.1392012292821417
720575941628636130,sensory_ascending,SApp17,auto:SApp08,right,isomorphic,3,0.2537136270542546,0.5683645159610741
720575941628636217,ascending_neuron,ANXXX027,ANXXX027,right,isomorphic,3,0.34004031029990195,0.657991466417195
720575941628661542,ascending_neuron,AN08B059,AN08B059,right,dimorphic,3,0.03699475793650891,0.21703269051612514
720575941628704994,ascending_neuron,AN10B047,auto:AN10B053,left,isomorphic,3,0.038202665109889455,0.22054737344204653
720575941628708646,sensory_ascending,SApp07,auto:SApp08,right,isomorphic,3,0.12184462164302128,0.39387484127472344
720575941628867042,descending_neuron,DNg04,DNg04,right,isomorphic,3,0.2636411421644996,0.5793775347931482
720575941629121004,ascending_neuron,AN07B062,AN07B062,left,isomorphic,3,0.07109790238567579,0.3008731640827458
720575941629386732,descending_neuron,DNg12_a,DNg12_a,left,isomorphic,3,0.05258648072531672,0.2587570033408307
720575941629393721,ascending_neuron,AN09B014,AN09B014,right,isomorphic,3,0.10486682102347675,0.36540468450439345
720575941629396793,descending_neuron,DNg59,DNg59,left,isomorphic,3,0.14376929999999885,0.4278466525273881
720575941629604153,descending_neuron,DNge044,auto:DNge012,left,isomorphic,3,0.3733223517962813,0.689440919325621
720575941629631289,ascending_neuron,ANXXX092,ANXXX092,right,isomorphic,3,0.08516874241016746,0.32930261282289874
720575941629872422,descending_neuron,DNae004,DNae004,right,isomorphic,3,0.9691002808269907,1.1108090746671437
720575941629944870,ascending_neuron,AN08B018,AN08B018,right,isomorphic,3,0.385967799712192,0.7010203032637384
720575941629968166,ascending_neuron,AN27X011,AN27X011,right,isomorphic,3,1.0916449832050765,1.178951042846333
720575941629973986,ascending_neuron,AN08B113,AN08B113,right,isomorphic,3,0.05319094102564331,0.26023990765354377
720575941630020134,ascending_neuron,AN00A006,AN00A006,left,dimorphic,12,0.09260338296327926,0.3427381584444791
720575941630049762,descending_neuron,DNge095,auto:DNge093,left,isomorphic,3,0.08911842186979774,0.33685174615699626
720575941630080038,ascending_neuron,AN05B046,auto:AN05B056,left,isomorphic,3,0.14014625895902508,0.42242130504192765
720575941630081574,descending_neuron,DNp17,DNp17,left,isomorphic,3,0.07039467001938789,0.29938149175803674
720575941630209221,ascending_neuron,AN07B046,auto:AN07B046_a,left,isomorphic,3,0.037272150372844495,0.2178448433450309
720575941630277061,sensory_ascending,SApp15,auto:SApp06,right,dimorphic,3,0.06597323776004269,0.28982707811780006
720575941630308549,sensory_ascending,SApp08,SApp08,right,isomorphic,3,0.09013790857744237,0.33877300612729233
720575941630349094,ascending_neuron,AN27X017,auto:AN27X018,left,isomorphic,27,0.055072538614162385,0.264802820967802
720575941630493600,ascending_neuron,AN07B072,auto:AN07B085,right,isomorphic,3,0.04521371732475124,0.23993310080593425
720575941630522850,descending_neuron,DNge069,DNge069,left,isomorphic,3,0.19035317006974636,0.4923059857431137
720575941630573794,ascending_neuron,AN07B062,AN07B062,right,isomorphic,3,0.05422115570055051,0.2627480154048424
720575941630921413,ascending_neuron,AN08B103,auto:AN08B097,right,dimorphic,3,0.05939757032627495,0.2750042461501297
720575941630971372,ascending_neuron,AN08B086,AN08B086,right,dimorphic,3,0.1583964403128253,0.44908419205263955
720575941630997986,ascending_neuron,ANXXX037,ANXXX037,right,isomorphic,3,0.04068489091058519,0.22759967482532406
720575941631013090,descending_neuron,DNge035,DNge035,left,isomorphic,3,1.0208479189347286,1.1400806723860781
720575941631020012,ascending_neuron,AN08B113,AN08B113,right,isomorphic,3,0.03689245999999801,0.216732413299344
720575941631020192,descending_neuron,DNge087,DNge087,left,isomorphic,3,0.056935921056997324,0.26924536431606105
720575941631028962,descending_neuron,DNge063,DNge063,left,dimorphic,3,0.4356024985100955,0.7447323860881125
720575941631060972,descending_neuron,DNg65,DNg65,right,isomorphic,3,0.13799981091893337,0.4191739691678877
720575941631270626,ascending_neuron,ANXXX098,ANXXX098,right,isomorphic,3,0.320251905411257,0.638558838515604
720575941631315616,descending_neuron,DNge128,DNge128,left,dimorphic,3,0.19020745741780132,0.49211752304492695
720575941631437804,ascending_neuron,AN09B023,AN09B023,right,isomorphic,3,0.17707465374278453,0.4748246534412462
720575941631615468,ascending_neuron,AN10B034,auto:AN10B039,left,dimorphic,3,0.023273595454545618,0.17214198233114436
720575941631629292,ascending_neuron,AN08B010,AN08B010,left,isomorphic,3,0.1847745994497225,0.48503847979514647
720575941631635426,ascending_neuron,AN06A030,AN06A030,right,isomorphic,3,0.09416229091953898,0.3462530179241962
720575941631642860,descending_neuron,DNae004,DNae004,left,isomorphic,3,1.19346550166974,1.2327073748473731
720575941631721954,ascending_neuron,AN07B004,AN07B004,left,isomorphic,3,1.7602541452735792,1.497072204853966
720575941631912096,sensory_ascending,SApp12,auto:SApp09,right,isomorphic,3,0.03114330801065927,0.19913033750043904
720575941631933893,sensory_ascending,SApp08,auto:SApp06,right,isomorphic,3,0.0630777699735155,0.28339567943775745
720575941631945452,ascending_neuron,dMS9,dMS9,right,dimorphic,3,0.08091682766714448,0.3209774210444228
720575941631952837,sensory_ascending,SApp02,auto:SApp09,right,isomorphic,3,0.09068549108173649,0.33980046112239876
720575941631976864,ascending_neuron,AN08B018,AN08B018,right,isomorphic,3,0.34443510724174276,0.6622298688033359
720575941632002720,descending_neuron,DNg02_a,DNg02_a,left,dimorphic,3,0.11739961750780072,0.38662363552648255
720575941632050336,ascending_neuron,AN06A112,AN06A112,left,isomorphic,3,0.05668986205933881,0.26866293782271444
720575941632059372,descending_neuron,DNge006,DNge006,left,isomorphic,3,0.5245894736278756,0.81726865997346
720575941632112354,descending_neuron,DNg91,DNg91,right,isomorphic,3,0.5156338598611142,0.8102625629878254
720575941632167611,descending_neuron,DNg73,DNg73,right,isomorphic,3,0.373920583173413,0.6899930964051908
720575941632198560,ascending_neuron,AN12B055,AN12B055,right,isomorphic,3,0.05592215115315117,0.2668375803271517
720575941632241900,ascending_neuron,AN09B004,AN09B004,right,isomorphic,3,0.2712823819203941,0.5877137538385444
720575941632262114,ascending_neuron,AN10B034,AN10B034,right,isomorphic,3,0.027412010022846336,0.1868209173560728
720575941632311227,sensory_ascending,SApp15,auto:SApp06,left,isomorphic,3,0.08691065429576936,0.33265309544355737
720575941632353506,ascending_neuron,AN02A025,AN02A025,right,isomorphic,3,0.22192896594655773,0.531571947684733
720575941632371948,ascending_neuron,AN09B004,AN09B004,left,isomorphic,3,0.2832178481912023,0.6005032590184993
720575941632459234,ascending_neuron,ANXXX027,,right,isomorphic,3,0.7890702605892569,1.002335003557554
720575941632652987,descending_neuron,DNge060,DNge060,right,isomorphic,3,0.47468207621161834,0.7774213726220953
720575941632799392,descending_neuron,DNge085,DNge085,left,isomorphic,3,0.08822525388128605,0.3351594875368334
720575941632875461,ascending_neuron,AN01A021,AN01A021,right,isomorphic,3,0.05124593013468045,0.25543755548902847
720575941632898757,ascending_neuron,AN19B039,AN19B039,right,isomorphic,3,0.07099522599536795,0.30065583184883055
720575941632978629,descending_neuron,DNg02_g,auto:DNg02_a,right,dimorphic,3,0.07095952687638285,0.30049449224390845
720575941633064389,ascending_neuron,AN08B018,AN08B018,right,isomorphic,3,0.5580506679769536,0.8429307079672266
720575941633099680,ascending_neuron,AN18B003,AN18B003,left,isomorphic,3,0.05893087244318253,0.273921735538463
720575941633109664,ascending_neuron,AN07B045,AN07B045,right,isomorphic,3,0.03248472096727904,0.2033736249743982
720575941633124539,ascending_neuron,AN10B048,AN10B048,left,isomorphic,3,0.03583311255411072,0.21359807095299288
720575941633124549,descending_neuron,DNge119,DNge119,left,isomorphic,3,0.31711762850704434,0.6354263961685913
720575941633163707,ascending_neuron,AN07B069,auto:AN07B110,left,isomorphic,3,0.03981717209933147,0.2251594947507087
720575941633187488,ascending_neuron,AN06A015,AN06A015,right,isomorphic,3,0.22247228335571823,0.5322222362660421
720575941633206944,descending_neuron,DNp103,DNp103,right,isomorphic,3,0.5543903832415759,0.840161745834727
720575941633402604,ascending_neuron,AN17A015,AN17A015,left,dimorphic,3,0.06862705322707631,0.29559884642426876
720575941633589179,ascending_neuron,AN06B002,AN06B002,left,isomorphic,3,0.19000674244564733,0.4918578028740698
720575941633591483,ascending_neuron,AN27X004,AN27X004,right,isomorphic,3,0.09517013076543196,0.34810109733835154
720575941633591739,ascending_neuron,AN19B046,auto:AN19B060,right,isomorphic,3,0.001152,0.03829845891853754
720575941633664443,ascending_neuron,AN19A019,AN19A019,right,dimorphic,3,0.0848744761384451,0.32873323433773666
720575941633740524,ascending_neuron,AN27X013,,right,isomorphic,3,0.5679839907406485,0.8503997164789534
720575941633749179,sensory_ascending,SApp05,auto:SApp09,right,isomorphic,3,0.2130670340202607,0.5208506248378973
720575941633833403,descending_neuron,DNge091,auto:DNg09_a,right,isomorphic,3,0.03642124598021011,0.21534384284332372
720575941633863355,ascending_neuron,AN08B018,AN08B018,left,isomorphic,3,0.363632703623179,0.6804348154026165
720575941633896891,ascending_neuron,AN10B053,auto:AN10B048,right,isomorphic,3,0.03736785309902015,0.21812434129992658
720575941633911227,descending_neuron,DNpe004,DNpe004,left,isomorphic,3,0.27739434594954804,0.5942974429937511
720575941633920443,ascending_neuron,ANXXX380,auto:ANXXX380,right,isomorphic,3,0.03144957480158701,0.2001070770924584
720575941634017723,descending_neuron,DNpe018,DNpe018,right,isomorphic,3,0.05468693839493911,0.26387416043434825
720575941634206651,ascending_neuron,AN07B101_b,AN07B101_b,right,isomorphic,3,0.049092890195742395,0.2500140179321159
720575941634207941,ascending_neuron,AN05B096,AN05B096,left,isomorphic,3,0.16139556637575309,0.45331580322611476
720575941634266053,descending_neuron,DNxl114,DNxl114,right,isomorphic,3,0.43499604673522085,0.7442137922040603
720575941634269371,descending_neuron,DNg59,DNg59,right,isomorphic,3,0.15502812682108277,0.4442836274440242
720575941634316731,ascending_neuron,AN10B029,auto:AN10B019,left,isomorphic,3,0.8584454979365098,1.0454696336922618
720575941634611872,ascending_neuron,ANXXX404,ANXXX404,right,isomorphic,3,0.11014801436376268,0.3744927337906563
720575941635100603,ascending_neuron,AN05B010,auto:AN09B014,right,isomorphic,3,0.16239311333683712,0.45471456287776857
720575941636180597,ascending_neuron,AN19B063,auto:AN19B065,right,isomorphic,3,0.06708074855323573,0.29224965654114254
720575941636531573,ascending_neuron,AN08B071,auto:AN08B079_b,right,isomorphic,3,0.04505752694597477,0.23951831891441047
720575941636577909,sensory_ascending,SAch01,auto:LgAG6,right,isomorphic,3,0.04071996763620015,0.2276977669076841
720575941637683829,ascending_neuron,ANXXX098,ANXXX098,right,isomorphic,3,0.28826892746973243,0.6058344641672804
720575941637734175,descending_neuron,DNg06,DNg06,right,isomorphic,3,0.1119890421409005,0.3776094239168391
720575941637800309,descending_neuron,DNpe054,DNpe054,right,isomorphic,3,0.08688431398809657,0.332602682470889
720575941637903733,sensory_ascending,SApp08,auto:SApp06,right,isomorphic,3,0.05373600366402135,0.2615698851952678
720575941638266399,ascending_neuron,AN06B011,AN06B011,left,isomorphic,3,0.4143132113693649,0.7263056963990392
720575941638305141,sensory_ascending,SApp10,SApp10,right,isomorphic,3,0.07743562604359953,0.31399697649823793
720575941638380661,sensory_ascending,SApp11,SApp11,right,isomorphic,3,0.10501572465905741,0.36566401717277497
720575941638407199,descending_neuron,DNa15,DNa15,left,isomorphic,3,2.7904295500345233,1.8849098784561298
720575941639069471,sensory_ascending,SAch01,auto:LgAG1,left,dimorphic,3,0.058451439269064376,0.2728052124209846
720575941639363871,sensory_ascending,SApp23,SApp23,right,isomorphic,3,0.05642850058869779,0.2680429040277721
720575941639508853,ascending_neuron,AN17A050,AN17A050,right,isomorphic,3,0.389224392580337,0.7039715110775496
720575941639520543,sensory_ascending,SApp15,auto:SApp06,right,isomorphic,3,0.06841136012104672,0.2951339509701227
720575941639531125,ascending_neuron,AN17A062,AN17A062,left,isomorphic,3,0.07660150839015292,0.3123012482663255
720575941639571317,ascending_neuron,AN08B100,AN08B100,,dimorphic,3,0.03420652827380902,0.2086938055772501
720575941639588127,descending_neuron,DNp33,DNp33,left,isomorphic,3,1.122160888753673,1.1953156985149707
720575941639763999,descending_neuron,DNg51,DNg51,left,isomorphic,3,0.0950702285921712,0.34791834468818095
720575941639802655,descending_neuron,DNg08_a,auto:DNg08,right,isomorphic,3,0.0697881166087473,0.2980888958328469
720575941639868277,ascending_neuron,AN12B008,AN12B008,left,isomorphic,3,0.060966769226035916,0.2786131753764199
720575941640035359,ascending_neuron,AN07B070,AN07B070,right,isomorphic,3,0.019596252546295018,0.15795798071183342
720575941640075551,descending_neuron,DNge062,DNge062,left,isomorphic,3,0.1467165238957734,0.43220976399218486
720575941640505375,descending_neuron,DNge035,DNge035,right,isomorphic,3,1.1527826187748247,1.2115149263246683
720575941641037925,sensory_ascending,SApp01,auto:SApp06,left,isomorphic,3,0.18940690713023386,0.49108081229487494
720575941641209119,ascending_neuron,AN09B037,AN09B037,right,isomorphic,3,0.0964119160052916,0.3503647585611633
720575941641370962,ascending_neuron,AN01B011,AN01B011,left,isomorphic,3,0.11820621777597669,0.3879495210796761
720575941641465682,ascending_neuron,AN17B008,AN17B008,right,isomorphic,3,0.12322471328107562,0.39609920201651216
720575941642285256,ascending_neuron,AN07B069,auto:AN07B069_b,right,isomorphic,3,0.0868074075491323,0.33245544674060756
720575941642369125,ascending_neuron,AN08B113,AN08B113,left,isomorphic,3,0.032635911281178695,0.2038463461082026
720575941642623176,ascending_neuron,AN07B069,auto:AN07B069_b,left,isomorphic,3,0.05790831076318927,0.2715348066685106
720575941642837842,ascending_neuron,AN08B099,auto:AN08B099_b,left,dimorphic,3,0.05088098333333477,0.25452638380924786
720575941642868385,descending_neuron,DNg12_e,auto:DNg12_c,right,isomorphic,3,0.05858045238095276,0.27310611219799563
720575941642906529,descending_neuron,DNge124,DNge124,right,isomorphic,3,0.28057519742063214,0.5976951033995712
720575941642936146,sensory_ascending,SApp23,SApp23,left,isomorphic,3,0.062433584336117176,0.2819448678311102
720575941642966629,descending_neuron,DNg07,auto:DNg08,right,isomorphic,3,0.13572042616505994,0.4156977431038845
720575941643030945,descending_neuron,DNg92_b,auto:DNge176,left,isomorphic,3,0.07000117837034989,0.2985435788610923
720575941643158354,sensory_ascending,SNxx29,auto:SNxx27,left,isomorphic,3,0.10296636406880605,0.3620785087657118
720575941643467877,ascending_neuron,AN05B071,auto:AN05B069,right,isomorphic,3,0.052421072240259596,0.2583497283794144
720575941643557458,ascending_neuron,AN19B101,AN19B101,left,isomorphic,12,0.051388685292833976,0.25549511523270485
720575941643574392,sensory_ascending,SAch01,auto:LgAG1,right,dimorphic,3,0.05085519066967668,0.2544618631851913
720575941644032357,sensory_ascending,SApp09,SApp09,right,isomorphic,3,0.12558428619851925,0.39987357925385997
720575941644047698,sensory_ascending,SApp19,auto:SApp10,left,isomorphic,3,0.41835360984507924,0.7298385847140864
720575941644058706,descending_neuron,DNpe044,auto:DNpe034,right,female-specific,3,0.11016589868437075,0.3745231350480612
720575941644062290,ascending_neuron,AN10B053,AN10B053,left,isomorphic,3,0.028610083333333362,0.19085986869472701
720575941644144978,ascending_neuron,AN17B009,AN17B009,left,isomorphic,3,0.2658695904297852,0.5818210002034507
720575941644253266,ascending_neuron,AN12B017,AN12B017,left,isomorphic,3,0.11461481943542708,0.3820106288022181
720575941644253857,ascending_neuron,AN12B060,AN12B060,right,dimorphic,3,0.03873466260221247,0.2220776985136309
720575941644291154,ascending_neuron,AN01B018,AN01B018,left,isomorphic,3,0.1895637763580609,0.49128412991711395
720575941644324690,ascending_neuron,AN12B017,AN12B017,right,isomorphic,3,0.3327134074458861,0.6508639392558823
720575941644357221,ascending_neuron,AN19B104,auto:AN19B106,left,dimorphic,3,0.024855232936506363,0.17789509680810145
720575941644554184,descending_neuron,DNge065,DNge065,right,isomorphic,3,0.21275887847432903,0.5204738394645965
720575941644582501,descending_neuron,DNpe019,DNp51,right,isomorphic,3,0.24601615039682576,0.5596762379525789
720575941644587109,descending_neuron,DNp101,DNp101,right,isomorphic,3,0.04595781835219621,0.24189938345471576
720575941644727713,ascending_neuron,ANXXX006,ANXXX006,right,isomorphic,3,0.1998710687666022,0.5044638228873494
720575941644756168,descending_neuron,DNg30,DNg30,right,isomorphic,3,0.14772780113511555,0.43369675841767735
720575941644799826,ascending_neuron,AN07B037,auto:AN07B037_a,left,isomorphic,3,0.2375605091343514,0.5499740307480664
720575941645076897,ascending_neuron,AN08B079,auto:AN08B079_a,left,isomorphic,3,0.027169128117913246,0.18599142000560984
720575941645080225,ascending_neuron,AN05B062,AN05B062,left,isomorphic,3,0.05129810333693745,0.25556755220195615
720575941645080481,descending_neuron,DNge137,DNge137,left,isomorphic,3,0.19508564285232896,0.4983881570519768
720575941645117304,descending_neuron,DNge052,DNge052,left,isomorphic,3,0.19277120990079458,0.4954229784054573
720575941645203576,sensory_ascending,SApp09,SApp09,right,isomorphic,3,0.21957344812245802,0.5287434133144056
720575941645213048,descending_neuron,DNpe033,DNpe033,right,isomorphic,3,0.05269310268707473,0.2590191924857581
720575941645239752,descending_neuron,DNge085,auto:DNge179,left,isomorphic,3,0.041259149882260586,0.22920030805443806
720575941645244360,ascending_neuron,AN07B015,AN07B015,left,isomorphic,3,0.06172065693706534,0.28033048556891604
720575941645271240,ascending_neuron,AN17A031,AN17A031,right,isomorphic,3,0.08684652827381255,0.3325303506767142
720575941645285576,sensory_ascending,SApp09,SApp09,left,isomorphic,3,0.2520589104437291,0.5665080514695399
720575941645365960,ascending_neuron,AN16B078,auto:AN16B078_a,left,isomorphic,3,0.06874662247474429,0.29585624600779264
720575941645370312,ascending_neuron,ANXXX982,auto:ANXXX150,right,female-specific,3,0.13167947865259197,0.4094624762424388
720575941645372792,descending_neuron,DNpe054,auto:DNpe015,left,isomorphic,3,0.0662880707695576,0.29051780160259333
720575941645444808,descending_neuron,DNp22,DNp22,right,isomorphic,3,0.7083883628581709,0.9497094695859492
720575941645731272,descending_neuron,DNge071,auto:DNg10,right,isomorphic,3,0.05336693115969249,0.260670073337312
720575941645970081,ascending_neuron,AN_multi_124,,right,isomorphic,3,0.6359751720632834,0.8998603994735638
720575941646264993,ascending_neuron,AN02A001,AN02A001,right,isomorphic,3,0.801002348708617,1.0098850755415467
720575941646451361,descending_neuron,DNp47,,left,dimorphic,3,0.4191234090498061,0.7305097525197213
720575941646502776,ascending_neuron,AN05B026,,right,isomorphic,3,0.20328021366826346,0.5087478812777959
720575941646678984,ascending_neuron,ANXXX002,ANXXX002,left,isomorphic,3,0.49759558288047057,0.7959638015694924
720575941646923208,ascending_neuron,AN01A014,AN01A014,left,isomorphic,3,0.12307994338564432,0.3958664561217171
720575941647038664,descending_neuron,DNp27,auto:DNp27,left,isomorphic,3,0.14264970497194637,0.4261774811215232
720575941649024021,ascending_neuron,AN07B069,auto:AN07B069_b,right,isomorphic,3,0.06301923548753272,0.28326415710729125
720575941649039637,ascending_neuron,AN07B052,AN07B052,right,isomorphic,3,0.2552342428496288,0.5700651990489205
720575941649412885,sensory_ascending,SAch01,auto:LgAG3,right,isomorphic,3,0.06805842539682365,0.29437166739963916
720575941649649649,sensory_ascending,SApp09,SApp09,left,isomorphic,3,0.25441488941214724,0.5691494513473321
720575941649765141,sensory_ascending,SAch01,auto:LgAG1,right,dimorphic,3,0.04877950612947805,0.249214759147011
720575941649828629,ascending_neuron,AN19B063,auto:AN19B079,right,isomorphic,3,0.05942705480442295,0.27507249263446
720575941649901297,ascending_neuron,AN12B019,AN12B019,left,isomorphic,3,0.1862644030557885,0.48698994214164115
720575941649909233,ascending_neuron,AN16B078,auto:AN16B078_a,right,isomorphic,3,0.11910301414141176,0.38941837078134456
720575941649932785,ascending_neuron,AN07B095,auto:AN07B101_b,left,isomorphic,3,0.0690243723729049,0.2964533023187763
720575941649976049,descending_neuron,DNge019,DNge019,right,isomorphic,3,0.11078840469135405,0.3755797890610657
720575941650178289,descending_neuron,DNg45,DNg45,right,isomorphic,3,0.40307672516830545,0.7163890186530175
720575941650394901,sensory_ascending,SApp22,auto:SApp09,right,isomorphic,3,0.35515890361508157,0.6724599324476559
720575941650514193,ascending_neuron,AN07B071,auto:AN07B071_d,right,isomorphic,3,0.04291493818462889,0.23375413655491648
720575941650789649,ascending_neuron,AN19B009,AN19B009,left,isomorphic,3,0.11027358087679623,0.3747061300698031
720575941650852369,sensory_ascending,SApp01,auto:SApp06,right,isomorphic,3,0.08772920277882025,0.334215933501208
720575941651139349,descending_neuron,DNg92_a,auto:DNg02_a,left,isomorphic,3,0.07965553899130458,0.3184659828002398
720575941651316245,ascending_neuron,AN07B091,AN07B091,left,isomorphic,3,0.03004449795046325,0.19558589645535374
720575941651755797,ascending_neuron,ANXXX202_b,auto:ANXXX202,right,isomorphic,3,0.07420645152203906,0.30738020195245647
720575941651827989,ascending_neuron,AN10B022,AN10B022,right,isomorphic,3,0.1850254110755878,0.485367561918097
720575941651866901,descending_neuron,DNge118,auto:DNge108,left,isomorphic,3,0.11320631488095283,0.37965610336220046
720575941651981077,ascending_neuron,ANXXX986,,right,female-specific,3,0.09466690391564861,0.3471795582159869
720575941652078869,descending_neuron,DNg44,DNg44,right,isomorphic,3,0.277249196847468,0.5941419368907229
720575941652085745,descending_neuron,DNae007,DNae007,left,isomorphic,3,0.16731696061590098,0.4615566820673934
720575941652156657,descending_neuron,DNp41,DNp41,left,isomorphic,3,0.1817127384202115,0.481002956683979
720575941652159449,ascending_neuron,AN08B097,AN08B097,left,dimorphic,3,0.05339078051567759,0.26072831276414216
720575941652159505,sensory_ascending,SApp03,auto:SApp09,left,isomorphic,3,0.34593564866567944,0.6636708128392818
720575941652278033,descending_neuron,DNge087,DNge087,left,isomorphic,3,0.054487476547618804,0.232207131933782
720575941652319705,descending_neuron,DNge019,DNge019,right,isomorphic,3,0.03916537853933464,0.22330899834266138
720575941652493524,descending_neuron,DNg12_e,DNg12_e,right,isomorphic,3,0.11884290452349187,0.38899291208259207
720575941652552433,ascending_neuron,ANXXX171,ANXXX171,left,isomorphic,3,0.06101268308275127,0.2787180669266939
720575941652614129,descending_neuron,DNae002,DNae002,left,isomorphic,3,2.0359309023070957,1.6100396688174288
720575941652633585,descending_neuron,DNae002,DNae002,right,isomorphic,3,2.1696857264354805,1.6620859383753575
720575941652643313,ascending_neuron,AN06B025,AN06B025,left,isomorphic,3,0.3823180801963994,0.6976979994046744
720575941652652305,ascending_neuron,AN07B032,AN07B032,left,isomorphic,3,0.053755154397030463,0.2616164909015551
720575941652716305,ascending_neuron,AN05B052,auto:AN05B063,right,isomorphic,3,0.07557389500237495,0.3101994062964771
720575941652728049,descending_neuron,DNg74_a,DNg74_a,left,isomorphic,3,1.8874303253151177,1.5502099625933128
720575941652815857,descending_neuron,DNb03,DNb03,right,isomorphic,3,0.18806374452741528,0.48933648593097595
720575941652845041,ascending_neuron,ANXXX033,ANXXX033,right,isomorphic,3,0.2557362747830749,0.5706255673180696
720575941652850709,ascending_neuron,AN09B024,AN09B024,right,isomorphic,12,0.1345896082412199,0.4137713140328688
720575941652863253,ascending_neuron,ANXXX977,auto:AN09B033,left,female-specific,3,0.23061116241496973,0.5418701426025269
720575941652883477,descending_neuron,DNp62,,left,isomorphic,3,0.23982910146834605,0.5525937892953557
720575941653100817,ascending_neuron,AN10B047,auto:AN10B039,left,dimorphic,3,0.02307273903995477,0.17139756051655236
720575941653259025,ascending_neuron,ANXXX296,ANXXX296,left,isomorphic,3,0.09477286117311912,0.34737379667054763
720575941653335829,ascending_neuron,AN05B053,AN05B053,left,isomorphic,3,0.03302118055555395,0.2050460262896385
720575941653370389,ascending_neuron,AN10B015_a,auto:AN10B015,left,dimorphic,3,0.307036658484226,0.6252449242220696
720575941653538065,ascending_neuron,AN05B078,auto:ANXXX102,right,isomorphic,3,0.04001955609668119,0.22573099340817526
720575941653553169,ascending_neuron,AN06B002,AN06B002,right,isomorphic,3,0.1557552859684205,0.4453243642520885
720575941653710297,ascending_neuron,AN07B060,AN07B060,left,isomorphic,3,0.026454728025302087,0.18352985007084863
720575941653788633,sensory_ascending,SAchxx,auto:LgAG1,,dimorphic,3,0.033143669312170894,0.20542597310437952
720575941653831185,descending_neuron,DNae005,DNae005,left,dimorphic,3,0.33434723389068965,0.6524600523115899
720575941653841681,descending_neuron,DNge001,auto:DNge028,right,isomorphic,3,0.12485437565767607,0.3987098298519519
720575941653882865,descending_neuron,DNxl114,auto:DNge153,left,isomorphic,3,0.28982011225842813,0.6074622850737441
720575941653906161,descending_neuron,DNge139,DNge139,right,isomorphic,3,0.19133412422116522,0.49357286515332005
720575941653952217,sensory_ascending,SApp11,SApp11,left,isomorphic,3,0.05744977059065978,0.27045761174718524
720575941654021081,ascending_neuron,AN05B046,AN05B046,right,isomorphic,3,0.054531409635899086,0.2634986663696399
720575941654240273,ascending_neuron,AN07B049,auto:AN07B042,left,isomorphic,3,0.055501394510582266,0.26583184587031783
720575941654376916,descending_neuron,DNg106,DNg106,right,isomorphic,3,0.08487937784791029,0.32874272677654354
720575941654405076,ascending_neuron,AN05B062,AN05B062,left,isomorphic,3,0.07584330384237238,0.31075182003565616
720575941654557969,ascending_neuron,AN05B081,AN05B081,left,isomorphic,3,0.06826354050925981,0.2948149237064167
720575941654687188,ascending_neuron,AN08B113,AN08B113,left,isomorphic,3,0.02341608852772301,0.17266814962961846
720575941654974169,ascending_neuron,AN01A049,AN01A049,left,isomorphic,3,0.15576566148684964,0.44533919647487563
720575941655117012,descending_neuron,DNg11,DNg11,right,isomorphic,3,0.20834908909675554,0.5150517443398662
720575941655157209,ascending_neuron,AN07B071,auto:AN07B071_d,left,isomorphic,3,0.07862769028950181,0.31640462162835525
720575941655202265,ascending_neuron,AN03B009,AN03B009,right,isomorphic,12,0.10009814405759512,0.3550311170233751
720575941655483092,ascending_neuron,AN09B032,AN09B032,left,isomorphic,3,0.02618464730982833,0.18259060331741234
720575941655504084,ascending_neuron,AN19B014,AN19B014,right,isomorphic,3,0.15557390354191378,0.44506499089276663
720575941655534804,ascending_neuron,AN07B024,AN07B024,right,isomorphic,3,0.2534625314304616,0.5680831964826479
720575941655594708,sensory_ascending,SApp15,auto:SApp06,left,isomorphic,3,0.05790357031926385,0.2715236923582176
720575941655664596,ascending_neuron,AN17B013,AN17B013,right,isomorphic,3,0.1050082712896835,0.3656510406525641
720575941655665108,ascending_neuron,AN01B005,AN01B005,left,isomorphic,3,0.11758390053689054,0.38692695949981976
720575941655669784,ascending_neuron,AN19B093,AN19B093,right,isomorphic,3,0.10509398858027649,0.3591856398700619
720575941655733972,sensory_ascending,SApp17,auto:SApp08,right,isomorphic,3,0.31860833032915564,0.6369181465911647
720575941655750356,ascending_neuron,AN19B049,AN19B049,left,isomorphic,3,0.26916201647529564,0.5854124386421967
720575941655820244,descending_neuron,DNg21,DNg21,left,isomorphic,3,0.2988326113478299,0.6168350654952511
720575941655952340,ascending_neuron,AN05B063,AN05B063,right,isomorphic,3,0.08142684702020118,0.3219873935874209
720575941656032980,sensory_ascending,SApp20,auto:SApp11,left,isomorphic,3,0.13000329277130973,0.40684804694408266
720575941656315353,ascending_neuron,AN09B030,AN09B030,left,isomorphic,3,0.0810385108692363,0.32121867424725165
720575941656557529,ascending_neuron,ANXXX433,,right,isomorphic,3,0.30702259135152543,0.6252306010072013
720575941656710736,descending_neuron,DNge091,DNge091,right,isomorphic,3,0.18235405994232326,0.4818510145901659
720575941656864724,ascending_neuron,AN05B053,AN05B053,left,dimorphic,3,0.06766231314935096,0.29351376933630835
720575941656903124,descending_neuron,DNge101,DNge101,left,isomorphic,3,0.1530274160345961,0.44140747334394725
720575941657558296,ascending_neuron,AN14B012,AN14B012,left,isomorphic,3,0.05864145340909042,0.27324827070120417
720575941657683024,sensory_ascending,LgAG7,auto:LgAG7,left,isomorphic,3,0.036706870837198514,0.21618658495245965
720575941657721624,ascending_neuron,AN09B033,AN09B033,right,isomorphic,3,0.07884142614309025,0.3168343755476971
720575941657879576,descending_neuron,DNp06,DNp06,right,isomorphic,3,2.290439916285245,1.7077115319205025
720575941657989712,descending_neuron,DNge003,DNge003,right,isomorphic,3,0.38145982247966687,0.6969144357155812
720575941658066456,descending_neuron,DNge138,DNge138,right,isomorphic,3,0.31956779949304115,0.6378764453548489
720575941658075728,sensory_ascending,SApp05,auto:SApp09,left,isomorphic,3,0.19637567774771592,0.5000332774251738
720575941658542928,ascending_neuron,AN05B078,auto:AN08B095,right,isomorphic,3,0.042007586296639074,0.23126979926431335
720575941658595352,ascending_neuron,AN06A112,AN06A112,left,isomorphic,3,0.045202210317458885,0.23990256706760024
720575941658613784,descending_neuron,DNge172,DNge172,right,isomorphic,3,0.45403609304302717,0.7603267116177335
720575941658621976,descending_neuron,DNpe054,auto:DNpe015,right,isomorphic,3,0.06380385120535756,0.2850220806552705
720575941658641176,ascending_neuron,AN07B070,AN07B070,left,isomorphic,3,0.02830122738956568,0.1898268734319167
720575941658893648,ascending_neuron,AN06A026,AN06A026,left,isomorphic,3,0.06762642922207172,0.2934359281934905
720575941658902040,ascending_neuron,AN07B091,auto:AN07B082_c,left,isomorphic,3,0.04428793571428844,0.23746399960019365
720575941658910488,descending_neuron,DNge026,DNge026,right,isomorphic,3,0.4822820112094198,0.7836201429176258
720575941658936144,descending_neuron,DNp69,DNp69,right,isomorphic,3,0.5055511599865841,0.8023015198674696
720575941658941264,descending_neuron,DNge079,,left,dimorphic,12,0.6988887464311637,0.9432702373713407
720575941659000400,ascending_neuron,AN01B004,AN01B004,left,isomorphic,3,0.2060295953703715,0.5121767548526012
720575941659040080,ascending_neuron,AN08B024,AN08B024,left,isomorphic,3,0.266411131930087,0.5824132453258969
720575941659115288,ascending_neuron,AN05B096,AN05B096,left,isomorphic,3,0.1399415383695126,0.4221126634005861
720575941659183952,sensory_ascending,SApp22,auto:SApp09,right,isomorphic,3,0.07674743325936333,0.3125985716262057
720575941659223888,ascending_neuron,AN06B999,auto:AN06B057,left,female-specific,3,0.08596442753387218,0.33083728413926733
720575941659328592,ascending_neuron,AN08B010,AN08B010,right,isomorphic,3,0.45149387594624474,0.7581951312561369
720575941659400984,descending_neuron,DNg08_b,auto:DNg08,left,isomorphic,3,0.12040178634377295,0.39153584207534026
720575941659595320,descending_neuron,DNg10,auto:DNge071,right,isomorphic,3,0.03385290227272663,0.20761226812905448
720575941659653712,ascending_neuron,AN07B049,AN07B049,left,isomorphic,3,0.09115792121212,0.34068441423570217
720575941659661624,ascending_neuron,AN07B052,AN07B052,right,isomorphic,3,0.08519928129275481,0.3293616464085492
720575941660289104,ascending_neuron,AN05B099,AN05B099,right,dimorphic,3,0.248090358700041,0.5620306534028402
720575941660533840,descending_neuron,DNa16,DNa16,left,isomorphic,3,1.4980038630380603,1.3810567535717333
720575941660948348,descending_neuron,DNg40,DNg40,right,isomorphic,3,0.28097562955357197,0.5981214614561708
720575941661233976,descending_neuron,DNpe011,auto:DNpe012_b,right,dimorphic,3,0.06369414931318645,0.2847769472303104
720575941661275704,ascending_neuron,AN10B047,auto:AN10B037,right,dimorphic,3,0.03393894906270125,0.2078759535236907
720575941661385784,sensory_ascending,SApp04,auto:SApp10,right,isomorphic,3,0.10562952447691681,0.36673108356884787
720575941661415224,descending_neuron,DNg02_h,auto:DNg02_a,left,isomorphic,3,0.08669098520923688,0.3322324345100151
720575941661428280,ascending_neuron,AN02A046,AN02A046,left,isomorphic,3,0.17337566040563884,0.469839064918014
720575941662302844,ascending_neuron,ANXXX108,ANXXX108,left,isomorphic,3,0.3063878629329536,0.6245839760297516
720575941662395704,descending_neuron,DNd02,DNd02,left,isomorphic,12,0.2677595820632572,0.5206961314829709
720575941662397752,ascending_neuron,AN05B026,auto:AN05B106,left,isomorphic,3,0.19992224327495586,0.504528399606838
720575941662407992,descending_neuron,DNg29,DNg29,left,isomorphic,3,1.1276050894624812,1.1982117470415077
720575941662445180,ascending_neuron,AN10B047,AN10B047,left,isomorphic,3,0.017747949999999867,0.15032428871603637
720575941662495356,descending_neuron,DNg07,DNg07,right,isomorphic,3,0.026370874356674363,0.18323875152423474
720575941662498940,ascending_neuron,AN06B068,AN06B068,right,isomorphic,3,0.0794164469300987,0.3179876738708013
720575941662506040,descending_neuron,DNg27,DNg27,right,isomorphic,3,0.5755121595590555,0.8560168456441276
720575941662508600,ascending_neuron,AN18B053,AN18B053,left,dimorphic,3,0.10978272731990073,0.3738712475606742
720575941662536316,sensory_ascending,SApp05,auto:SApp09,,isomorphic,3,0.22576578756389593,0.5361473011912214
720575941662695992,descending_neuron,DNg65,DNg65,left,isomorphic,12,0.07609405565420116,0.3102387823543735
720575941662983224,descending_neuron,DNpe054,auto:DNpe015,left,isomorphic,3,0.09721269841755348,0.35181678737041877
720575941663102520,descending_neuron,DNg34,DNg34,right,isomorphic,3,0.6521558695964398,0.9112357776675228
720575941663129656,sensory_ascending,SApp09,SApp09,right,isomorphic,3,0.10985640261382786,0.37399667919685187
720575941663471740,ascending_neuron,AN03B095,AN03B095,right,isomorphic,3,0.09122846801629914,0.34081621599325207
720575941663484028,ascending_neuron,AN01B005,AN01B005,right,isomorphic,3,0.1517586518279374,0.43957378989542256
720575941663497084,descending_neuron,DNa11,DNa11,left,isomorphic,3,0.2066329890803708,0.512926206138814
720575941663518844,descending_neuron,DNge033,DNge033,left,isomorphic,3,0.20530978168367317,0.5112812659980763
720575941663701884,descending_neuron,DNg61,DNg61,left,isomorphic,3,0.22822684625594342,0.5390616345310241
720575941665097203,descending_neuron,DNge134,DNge134,right,isomorphic,3,0.07296481405895937,0.304797779903521
720575941665230067,ascending_neuron,AN08B097,AN08B097,right,dimorphic,3,0.07329022947530882,0.30547670682177686
720575941666660595,descending_neuron,DNpe014,DNpe014,right,isomorphic,3,0.21831070310362838,0.5272208457852147
720575941666666483,ascending_neuron,AN05B106,AN05B106,right,isomorphic,3,0.17811762242408216,0.4762209576284395
720575941666925745,descending_neuron,DNg12_d,auto:DNg12_g,right,isomorphic,3,0.06135869396644794,0.27950727284166393
720575941667034355,ascending_neuron,AN05B069,AN05B069,left,isomorphic,3,0.05044077976190536,0.253422957642229
720575941667205553,ascending_neuron,AN08B015,AN08B015,left,isomorphic,3,0.0673313600342067,0.29279506518442666
720575941667252211,ascending_neuron,ANXXX151,ANXXX151,left,dimorphic,3,0.16079696560546236,0.4524743697518065
720575941667254515,sensory_ascending,SApp11,SApp11,right,isomorphic,3,0.16232359864272022,0.45461722892520295
720575941667326707,ascending_neuron,AN10B046,auto:AN10B061,left,dimorphic,3,0.029588742873178323,0.194096773556727
720575941668397735,ascending_neuron,AN10B060,auto:AN10B045,left,isomorphic,3,0.021379157142856885,0.16498723680149505
720575941668463347,ascending_neuron,AN05B102,auto:AN05B102c,left,dimorphic,3,0.21219276889621377,0.5197809389209158
720575941668465319,descending_neuron,DNge111,DNge111,right,isomorphic,3,0.07006536023553224,0.2986804100840801
720575941668481779,ascending_neuron,ANXXX074,ANXXX074,right,isomorphic,3,0.04598586820512811,0.24197319251881708
720575941668520881,sensory_ascending,SAch01,auto:LgAG1,right,isomorphic,3,0.03952366474359244,0.22432809209815172
720575941668521137,sensory_ascending,SAch01,auto:LgAG1,right,isomorphic,3,0.037159506172839564,0.21751540801076533
720575941668526067,ascending_neuron,AN08B009,AN08B009,left,isomorphic,3,0.06605505826118573,0.2900067452800482
720575941668649971,ascending_neuron,AN10B046,auto:AN10B035,right,isomorphic,3,0.016806809947184104,0.14628429528012601
720575941668758449,ascending_neuron,AN11B012,AN11B012,left,isomorphic,3,0.18949134119962815,0.49119025743623007
720575941668827825,sensory_ascending,SApp23,SApp23,left,isomorphic,3,0.03334581700943629,0.20605148111070862
720575941668844209,ascending_neuron,AN07B013,AN07B013,right,isomorphic,3,0.12622819584877784,0.40089740659580086
720575941668914609,descending_neuron,DNge145,DNge145,right,isomorphic,3,0.14032440539516094,0.4226896994729906
720575941668926129,sensory_ascending,SApp22,auto:SApp09,left,isomorphic,3,0.6175527517529766,0.8867314049315649
720575941669058035,sensory_ascending,SApp03,auto:SApp08,left,isomorphic,3,0.04454321443850353,0.23814739568746277
720575941669324019,descending_neuron,DNg42,DNg42,left,isomorphic,3,0.16598861261950154,0.45972085613214836
720575941669329139,ascending_neuron,ANXXX462a,ANXXX462a,right,isomorphic,3,0.14711867857142638,0.4328017090150196
720575941669490163,ascending_neuron,ANXXX988,,right,female-specific,3,0.045529322971213065,0.24076904795252962
720575941669591217,sensory_ascending,SAch01,auto:LgAG1,right,dimorphic,3,0.04617347870756887,0.24246628427157396
720575941669726129,descending_neuron,DNg85,DNg85,left,isomorphic,3,0.25217209764362325,0.5666352325779591
720575941669801905,descending_neuron,DNg54,auto:DNge055,right,isomorphic,3,0.30434511245258133,0.622498379452908
720575941669856945,ascending_neuron,AN03B009,AN03B009,left,isomorphic,12,0.15020595485140276,0.43684143659014013
720575941669864113,ascending_neuron,AN10B039,AN10B039,left,dimorphic,3,0.02601917913469338,0.18201276822201143
720575941670138033,ascending_neuron,ANXXX977,auto:AN09B033,right,female-specific,12,0.19081326756253286,0.49285512953610755
720575941670819495,ascending_neuron,AN07B032,AN07B032,right,isomorphic,3,0.033871509157643566,0.2076693162202134
720575941671012263,ascending_neuron,AN08B026,AN08B026,right,isomorphic,3,0.20507800503879384,0.5109925887630752
720575941671272881,ascending_neuron,AN08B016,AN08B016,right,isomorphic,3,0.07812270440996834,0.31538693155618824
720575941671438247,descending_neuron,DNpe036,DNpe036,left,dimorphic,3,0.20437643114095333,0.5101177845757828
720575941671479207,ascending_neuron,AN07B025,AN07B025,right,isomorphic,3,0.0755259625473173,0.31010101929763345
720575941671493041,ascending_neuron,AN_GNG_167,,left,isomorphic,3,0.03058336607744136,0.19733208330352736
720575941671947687,descending_neuron,DNge116,DNge116,left,dimorphic,3,0.03891256875901721,0.22258710953513636
720575941672002727,ascending_neuron,AN06B039,AN06B039,left,isomorphic,3,0.17373070541337715,0.4703198956742602
720575941672613799,descending_neuron,DNp45,DNp45,right,isomorphic,3,0.24329306774376408,0.5565701706086047
720575941678584253,sensory_ascending,SApp16,auto:SApp06,right,isomorphic,3,0.11631364361837766,0.38483130154283335
720575941679772605,sensory_ascending,LgAG7,auto:LgAG7,left,dimorphic,3,0.03481322311688468,0.21053639198985502
720575941679872189,ascending_neuron,AN08B018,AN08B018,right,isomorphic,3,0.46912066049762946,0.7728537870760941
720575941680063677,ascending_neuron,AN10B039,AN10B039,left,dimorphic,3,0.025747889262819963,0.18106140064321902
720575941680648893,descending_neuron,DNge019,DNge019,right,isomorphic,3,0.12071816198893305,0.3920499172453104
720575941681019325,ascending_neuron,AN09B040,AN09B040,left,isomorphic,3,0.03796821455337685,0.21986958000675882
720575941681023421,ascending_neuron,AN14A003,AN14A003,left,isomorphic,3,0.12580278684891116,0.400221292604382
720575941681032125,descending_neuron,DNg02_d,auto:DNg02_e,right,isomorphic,3,0.2043539421085156,0.5100897178096048
720575941681075389,ascending_neuron,ANXXX026,ANXXX026,right,isomorphic,3,0.1728623976422391,0.4691430916850777
720575941681678525,descending_neuron,DNge093,DNge090,right,isomorphic,3,0.1391872921261797,0.4209735911665447
720575941681685693,ascending_neuron,AN17A012,AN17A012,right,isomorphic,3,0.230675440112853,0.5419456544256741
720575941681953981,descending_neuron,DNp36,auto:pMP2,right,dimorphic,3,0.2602632022902645,0.5756538901070434
720575941682268861,descending_neuron,DNp13,auto:DNp13,left,dimorphic,3,0.5239631216501095,0.8167806109769012
720575941682439613,ascending_neuron,AN05B021,AN05B021,left,isomorphic,3,0.10858555960980204,0.37182714866238215
720575941682453949,ascending_neuron,AN12B004,AN12B004,left,isomorphic,3,0.6647897243679096,0.9200198726108103
720575941684845551,ascending_neuron,AN07B046,auto:AN07B046_b,right,isomorphic,3,0.04846922690287086,0.24842088558629
720575941685691375,ascending_neuron,AN19B004,AN19B004,left,isomorphic,3,0.10861541659301438,0.37187826445506283
720575941685783158,ascending_neuron,AN19B101,AN19B101,left,isomorphic,3,0.06539900801587045,0.288562996921397
720575941686310895,descending_neuron,DNge024,DNge024,left,isomorphic,3,0.10864514994709112,0.37192916161053813
720575941686486767,sensory_ascending,SApp19,auto:SApp10,left,isomorphic,3,0.20263087383400322,0.5079346823654538
720575941686614511,sensory_ascending,SAch01,auto:LgAG1,left,dimorphic,3,0.04414857533451288,0.23709009249570345
720575941687006988,descending_neuron,DNge071,DNge071,right,isomorphic,3,0.04559000469136954,0.2409294436504457
720575941687115247,sensory_ascending,SApp15,auto:SApp06,left,isomorphic,3,0.07560763630952337,0.31026864558514333
720575941687408623,ascending_neuron,AN06B040,AN06B040,left,isomorphic,3,0.4943974252891726,0.7934017599510494
720575941687421302,descending_neuron,DNg09,auto:DNg09_b,left,dimorphic,3,0.088598332485979,0.3358673853156071
720575941687585036,ascending_neuron,ANXXX027,ANXXX027,right,isomorphic,3,0.4855193185149136,0.7862457606029142
720575941687586060,ascending_neuron,ANXXX041,ANXXX041,left,isomorphic,3,0.5608261351763569,0.8450242677151499
720575941687586316,ascending_neuron,ANXXX041,ANXXX041,left,isomorphic,3,0.4596672782337029,0.7650271603465665
720575941687667574,ascending_neuron,AN08B998,auto:AN08B022,right,female-specific,3,0.10475850174517481,0.36521591842246437
720575941687774683,ascending_neuron,AN07B072,auto:AN07B056,right,isomorphic,3,0.07231565711193075,0.30343888072957764
720575941687786870,ascending_neuron,AN06B031,auto:AN06B090,right,isomorphic,3,0.3344799204231975,0.6525895046678927
720575941687936219,ascending_neuron,AN19B076,auto:AN19B061,right,isomorphic,3,0.09283207020756841,0.3437985788334604
720575941687950555,ascending_neuron,AN08B099,auto:AN08B102,right,dimorphic,3,0.027906445512819487,0.18849824927547446
720575941688127350,ascending_neuron,AN10B053,auto:AN10B047,right,isomorphic,3,0.026845473278390725,0.18488028065528833
720575941688133871,descending_neuron,DNge046,DNge046,right,isomorphic,3,0.1031226864538256,0.3623532563015487
720575941688189935,descending_neuron,DNb01,DNb01,left,isomorphic,3,0.6558180347534355,0.913790706890026
720575941688217356,ascending_neuron,AN19B100,auto:AN19B101,right,isomorphic,3,0.08529953813970968,0.3295553748721504
720575941688239478,sensory_ascending,SApp23,SApp23,left,isomorphic,3,0.07534422765151631,0.30972770317399617
720575941688242328,descending_neuron,DNge024,DNge024,right,isomorphic,3,0.05016194675925393,0.2527215350040078
720575941688250998,descending_neuron,DNg47,DNg47,right,isomorphic,3,0.16198255342120982,0.45413939773274503
720575941688267416,sensory_ascending,SApp05,auto:SApp09,left,isomorphic,3,0.13164520023148307,0.4094091777296924
720575941688550895,sensory_ascending,SApp09,auto:SApp08,left,isomorphic,3,0.05690547824175824,0.26917337388655843
720575941688560367,descending_neuron,DNpe034,auto:DNpe034,left,dimorphic,3,0.08748302999488702,0.3337466902948141
720575941688574360,descending_neuron,DNge109,auto:DNge108,right,isomorphic,3,0.08410655445346635,0.32724270977605396
720575941688644315,descending_neuron,DNge085,DNge085,right,isomorphic,3,0.10292375881544989,0.3620035908891169
720575941688674200,descending_neuron,DNge115,DNge115,left,isomorphic,3,0.052590546804839045,0.2587670069216061
720575941688806412,descending_neuron,DNg58,DNg58,right,isomorphic,3,0.1552251343792656,0.4445658325023535
720575941688979318,ascending_neuron,AN10B037,AN10B037,right,dimorphic,3,0.021730781635804143,0.16633848176748067
720575941689293430,ascending_neuron,AN09A007,AN09A007,right,isomorphic,3,0.10188397849590887,0.3601703907818327
720575941689415692,descending_neuron,DNa07,DNa07,right,isomorphic,3,0.12357275300504887,0.3966581850634361
720575941689416716,descending_neuron,DNde003,DNde003,left,isomorphic,3,0.049365753452381936,0.2507078567799962
720575941689426415,ascending_neuron,AN12B060,auto:AN12B055,left,dimorphic,3,0.031252655887446475,0.1994796163869809
720575941689631756,descending_neuron,DNpe037,DNpe037,right,isomorphic,3,0.08589016829383941,0.33069435854830453
720575941689646710,descending_neuron,DNp25,DNp25,left,isomorphic,3,0.09387456677910296,0.3457236044415187
720575941689667547,ascending_neuron,AN08B099,auto:AN08B099_d,right,dimorphic,3,0.049895252985540775,0.25204882303981446
720575941689707020,descending_neuron,DNc01,,left,isomorphic,3,0.30117382155005706,0.6192466547641124
720575941689709019,descending_neuron,DNg07,DNg07,left,isomorphic,3,0.050989788149350554,0.25479838039010666
720575941689710299,ascending_neuron,AN16B078,auto:AN16B078_a,right,isomorphic,3,0.1523565899954224,0.4404389120901711
720575941689715931,ascending_neuron,AN10B047,AN10B047,left,isomorphic,3,0.05209322909492565,0.25754059737565194
720575941689802870,ascending_neuron,AN06B034,AN06B034,right,isomorphic,3,0.2132179553009282,0.521035058644537
720575941689892760,sensory_ascending,SApp21,auto:SApp19,left,isomorphic,3,0.048513422077921683,0.24853411725563515
720575941689930648,sensory_ascending,SAch01,auto:LgAG1,left,dimorphic,3,0.050631133279220523,0.2539006913851557
720575941689960054,ascending_neuron,ANXXX470,ANXXX470,right,isomorphic,12,0.30133539170087076,0.6192046586632057
720575941690171355,ascending_neuron,AN10B056,auto:AN10B045,right,isomorphic,3,0.04258209449070775,0.2328458859486644
720575941690343576,sensory_ascending,LgAG7,auto:LgAG1,left,isomorphic,3,0.030672844841268823,0.19762054296410936
720575941690766555,descending_neuron,DNge120,DNge120,left,isomorphic,3,0.22406063803030873,0.5341187740182706
720575941690788827,descending_neuron,DNge058,auto:DNg107,left,isomorphic,3,0.1849674441896672,0.4852915251999343
720575941690864603,sensory_ascending,SApp07,auto:SApp01,left,isomorphic,3,0.32606229906657624,0.6443255490967498
720575941690874331,descending_neuron,DNp16,auto:DNp16_a,left,dimorphic,3,0.11031920263716719,0.37478363270198034
720575941690957787,ascending_neuron,ANXXX049,ANXXX049,left,isomorphic,3,0.18337562786571096,0.48319882133471975
720575941690964888,descending_neuron,DNpe014,DNpe014,left,isomorphic,3,0.18887825320411214,0.49039500519476803
720575941691002264,ascending_neuron,AN08B031,AN08B031,right,dimorphic,3,0.03157300795142365,0.20049938221847546
720575941691005080,ascending_neuron,AN07B003,AN07B003,left,isomorphic,3,0.044476975417438044,0.2379702585023932
720575941691031704,descending_neuron,DNg48,DNg48,right,isomorphic,3,0.5366769627401938,0.8266307106012784
720575941691165848,ascending_neuron,AN01A055,AN01A055,left,isomorphic,12,0.22676953982510897,0.5367312813735505
720575941691254680,ascending_neuron,ANXXX130,ANXXX130,left,dimorphic,3,0.11700293154253093,0.3859698942791931
720575941691308952,descending_neuron,DNg34,DNg34,right,isomorphic,3,0.46812774795915524,0.7720354659530946
720575941691311512,descending_neuron,DNg31,DNg31,right,isomorphic,3,0.4365944646624416,0.7455798665607188
720575941691706264,ascending_neuron,AN19B001,AN19B001,left,isomorphic,3,0.1858957937887374,0.4865078374001324
720575941691800539,descending_neuron,DNpe021,DNpe021,left,isomorphic,3,0.6960599939570701,0.9414091086314493
720575941691806683,descending_neuron,DNg32,DNg32,right,isomorphic,3,0.24268509896327312,0.5558743247515627
720575941692162456,descending_neuron,DNg02_h,auto:DNg02_g,left,isomorphic,3,0.2400750564502967,0.5528770709452909
720575941692178651,descending_neuron,DNp60,DNp60,right,isomorphic,3,0.1900948348190702,0.4919718090922882
720575941692477592,descending_neuron,DNge055,DNge055,left,isomorphic,3,0.37415723227667985,0.6902114053558723
720575941700293082,descending_neuron,DNg06,DNg06,right,isomorphic,3,0.13852120005912444,0.41996508152398576
720575941701235930,descending_neuron,DNpe017,DNpe017,left,dimorphic,3,1.2432223421922814,1.2581414264610649
720575941701672666,descending_neuron,DNge097,DNge097,right,isomorphic,3,0.0827301843456123,0.3245540667624787
720575941702043354,sensory_ascending,SApp23,SApp23,left,isomorphic,3,0.06589237721500978,0.28964940940170525
720575941702148570,ascending_neuron,AN09B028,auto:AN09B017,right,dimorphic,3,0.04733521985897517,0.24549760443470803
720575941702256090,sensory_ascending,SApp11,SApp11,left,isomorphic,3,0.12076151153236973,0.3921203029237386
720575941702564314,ascending_neuron,AN09B003,AN09B003,,isomorphic,3,0.24865765220625044,0.5626728675616062
720575941703138522,ascending_neuron,AN12B005,AN12B005,left,isomorphic,3,0.17460864750230265,0.47150677073893044
720575941703146458,ascending_neuron,AN05B078,AN05B078,left,isomorphic,3,0.0528001827380955,0.2592822412572564
720575941703160026,ascending_neuron,AN09B019,auto:AN09B060,left,isomorphic,3,0.17257222348484788,0.46874916454729015
720575941703161306,ascending_neuron,AN18B002,AN18B002,left,isomorphic,3,0.11054021822413901,0.375158869182948
720575941703180762,ascending_neuron,AN05B099,AN05B099,left,isomorphic,3,0.2436398098936811,0.5569666422941253
720575941703186394,ascending_neuron,AN05B047,auto:AN05B046,right,isomorphic,3,0.05887086592220825,0.2737822392430839
720575941703187674,descending_neuron,DNg87,DNg87,right,isomorphic,3,0.3966213704820674,0.7106293078566517
720575941703228634,ascending_neuron,AN05B100,AN05B100,left,isomorphic,3,0.14708800064357788,0.4327565816662231
720575941703350746,ascending_neuron,AN17B005,AN17B005,left,isomorphic,3,0.38807343690251606,0.7029299012885776
720575941703384026,descending_neuron,DNpe001,DNpe001,left,isomorphic,3,0.08691730301540435,0.33266581928557315
720575941704109786,descending_neuron,DNge090,auto:DNge093,left,isomorphic,3,0.12272464467856442,0.3952946631543613
720575941704434394,descending_neuron,DNg62,DNg62,left,isomorphic,3,0.16397292619047676,0.4569210149376532
720575941704467930,ascending_neuron,AN05B049,auto:AN05B049_b,right,isomorphic,3,0.027730269318181684,0.18790230302491
720575941704477914,ascending_neuron,AN09B003,auto:AN09B060,left,isomorphic,3,0.20466782948361126,0.5104813160475583
720575941704593626,ascending_neuron,AN07B017,auto:AN07B017,right,isomorphic,3,0.418397476321275,0.7298768473308639
720575941720197690,ascending_neuron,AN07B091,AN07B091,right,isomorphic,3,0.043020225299872754,0.2340407060218673
720575941720495162,ascending_neuron,AN07B078,auto:AN07B078_b,left,isomorphic,3,0.025522675125312193,0.1479315344287422
720575941721004602,sensory_ascending,SApp07,auto:SApp01,left,isomorphic,3,0.38234075749849905,0.6977186911722275
720575941721635130,sensory_ascending,SAch02,auto:LgAG1,left,dimorphic,3,0.04659574014931624,0.24357245118098506
720575941721638714,descending_neuron,DNb09,DNb09,left,isomorphic,3,0.509425656392397,0.8053700334762072
720575941721640506,descending_neuron,DNg46,DNg46,left,isomorphic,3,0.11226263073039049,0.37807039138490345
720575941721644602,ascending_neuron,AN05B096,AN05B096,right,isomorphic,3,0.14000705791125106,0.42221146677302696
720575941721763642,sensory_ascending,SApp10,SApp10,left,isomorphic,3,0.11868474834825972,0.38873398996479014
720575941722108218,descending_neuron,DNg07,DNg07,right,isomorphic,3,0.03926699255227992,0.2235984966863237
720575941722210362,descending_neuron,DNg06,DNg06,left,isomorphic,3,0.11500183134920768,0.3826550396777431
720575941722212666,ascending_neuron,AN08B096,auto:AN08B110,left,isomorphic,3,0.022995942797850732,0.17111207946457582
720575941722224186,ascending_neuron,AN08B041,AN08B041,right,isomorphic,3,0.1497039584317439,0.43658790624418964
720575941722633786,ascending_neuron,AN08B034,AN08B034,left,isomorphic,3,0.3225484384083682,0.6408443078268765
720575941722790714,ascending_neuron,AN10B053,auto:AN10B047,right,isomorphic,3,0.044178733891197,0.23717105857714507
720575941723220282,descending_neuron,DNpe029,DNpe029,left,isomorphic,3,0.13043752997052296,0.4075269577292376
720575941723377978,ascending_neuron,AN04B001,AN04B001,right,isomorphic,3,0.3548400875627503,0.6721580405992191
720575941723386170,ascending_neuron,ANXXX102,ANXXX102,left,isomorphic,3,0.5191392717685468,0.8130120848060799
720575941724184890,descending_neuron,DNb08,DNb08,left,isomorphic,3,0.43869339959066733,0.7473699113378476
720575941724581690,descending_neuron,DNge102,DNge102,left,isomorphic,3,0.1761602688489508,0.4735971077927546
720575941724607290,descending_neuron,DNge079,DNge079,right,isomorphic,3,0.9284505473912603,1.0872625958201454
720575941730244651,descending_neuron,DNg12_c,auto:DNge177,right,isomorphic,3,0.045808179321274255,0.24150524918553204
720575941730332715,descending_neuron,DNg02_a,auto:DNg06,right,dimorphic,3,0.0571294065259745,0.269702464868458
720575941731044139,ascending_neuron,AN12B019,AN12B019,right,isomorphic,3,0.6101448342820238,0.8813969202486217
720575941732541739,ascending_neuron,AN10B034,auto:AN10B039,left,dimorphic,3,0.059099572342724484,0.27431352971316114
720575941732586539,descending_neuron,DNg05_a,DNg05_a,left,isomorphic,3,0.274508918323713,0.5911984524609535
720575941732764971,ascending_neuron,AN09B004,AN09B004,left,isomorphic,3,0.27123327879148534,0.5876605622342683
720575941733034283,descending_neuron,DNp19,DNp19,left,isomorphic,3,1.3923893375864125,1.331482319177622
720575941733143339,descending_neuron,DNg94,DNg94,right,isomorphic,3,0.16832554922505386,0.4629457264762294
720575941733201451,sensory_ascending,SApp02,auto:SApp06,right,isomorphic,3,0.07059123996873708,0.29979919653008646
720575941733201963,sensory_ascending,SAabg01,SAxx01,right,isomorphic,3,0.09571301420634591,0.34909253018837
720575941733215019,descending_neuron,DNpe013,DNpe013,right,isomorphic,3,0.27779950554379224,0.5947312972815803
720575941734384939,descending_neuron,DNge060,DNge060,left,isomorphic,3,0.4597361509704778,0.7650844708657648
